source_id,true_sigma,noise_std,scenario,model,strength,region,score,coverage,retained_patches,available_patches,mse
0801,1.2,0.00784313725490196,blur_noise,ridge,0.05,all,operator_spread,0.5,512,1024,0.0012422024645888448
0801,1.2,0.00784313725490196,blur_noise,ridge,0.05,all,measurement_noise_spread,0.5,512,1024,0.0010082975538792496
0801,1.2,0.00784313725490196,blur_noise,ridge,0.05,all,measurement_residual,0.5,512,1024,0.0006070126771430677
0801,1.2,0.00784313725490196,blur_noise,ridge,0.05,all,image_gradient,0.5,512,1024,0.0012990453890166405
0801,1.2,0.00784313725490196,blur_noise,ridge,0.05,all,random_expected,0.5,512,1024,0.0010555427854123333
0801,1.2,0.00784313725490196,blur_noise,ridge,0.05,all,oracle_error,0.5,512,1024,0.0005365693252639924
0801,1.2,0.00784313725490196,blur_noise,ridge,0.05,all,operator_spread,0.75,768,1024,0.0010745724934183582
0801,1.2,0.00784313725490196,blur_noise,ridge,0.05,all,measurement_noise_spread,0.75,768,1024,0.0010525753436946117
0801,1.2,0.00784313725490196,blur_noise,ridge,0.05,all,measurement_residual,0.75,768,1024,0.0008118676440720075
0801,1.2,0.00784313725490196,blur_noise,ridge,0.05,all,image_gradient,0.75,768,1024,0.0010809045066622618
0801,1.2,0.00784313725490196,blur_noise,ridge,0.05,all,random_expected,0.75,768,1024,0.0010555427854123333
0801,1.2,0.00784313725490196,blur_noise,ridge,0.05,all,oracle_error,0.75,768,1024,0.0007842981444182879
0801,1.2,0.00784313725490196,blur_noise,ridge,0.05,all,operator_spread,0.9,922,1024,0.0010139358448959226
0801,1.2,0.00784313725490196,blur_noise,ridge,0.05,all,measurement_noise_spread,0.9,922,1024,0.00105736216107453
0801,1.2,0.00784313725490196,blur_noise,ridge,0.05,all,measurement_residual,0.9,922,1024,0.0009639500912740572
0801,1.2,0.00784313725490196,blur_noise,ridge,0.05,all,image_gradient,0.9,922,1024,0.0010183878248921296
0801,1.2,0.00784313725490196,blur_noise,ridge,0.05,all,random_expected,0.9,922,1024,0.0010555427854123333
0801,1.2,0.00784313725490196,blur_noise,ridge,0.05,all,oracle_error,0.9,922,1024,0.0009472646723163255
0801,1.2,0.00784313725490196,blur_noise,ridge,0.05,all,operator_spread,1.0,1024,1024,0.0010555427854123333
0801,1.2,0.00784313725490196,blur_noise,ridge,0.05,all,measurement_noise_spread,1.0,1024,1024,0.0010555427854123333
0801,1.2,0.00784313725490196,blur_noise,ridge,0.05,all,measurement_residual,1.0,1024,1024,0.0010555427854123335
0801,1.2,0.00784313725490196,blur_noise,ridge,0.05,all,image_gradient,1.0,1024,1024,0.0010555427854123333
0801,1.2,0.00784313725490196,blur_noise,ridge,0.05,all,random_expected,1.0,1024,1024,0.0010555427854123333
0801,1.2,0.00784313725490196,blur_noise,ridge,0.05,all,oracle_error,1.0,1024,1024,0.0010555427854123333
0801,1.2,0.00784313725490196,blur_noise,ridge,0.05,textured_quartile,operator_spread,0.5,128,256,0.000662900014967728
0801,1.2,0.00784313725490196,blur_noise,ridge,0.05,textured_quartile,measurement_noise_spread,0.5,128,256,0.0009953122110993072
0801,1.2,0.00784313725490196,blur_noise,ridge,0.05,textured_quartile,measurement_residual,0.5,128,256,0.0007241043130955557
0801,1.2,0.00784313725490196,blur_noise,ridge,0.05,textured_quartile,image_gradient,0.5,128,256,0.0006717445488331655
0801,1.2,0.00784313725490196,blur_noise,ridge,0.05,textured_quartile,random_expected,0.5,128,256,0.000984062315222079
0801,1.2,0.00784313725490196,blur_noise,ridge,0.05,textured_quartile,oracle_error,0.5,128,256,0.0005638108698375855
0801,1.2,0.00784313725490196,blur_noise,ridge,0.05,textured_quartile,operator_spread,0.75,192,256,0.0007749905406721691
0801,1.2,0.00784313725490196,blur_noise,ridge,0.05,textured_quartile,measurement_noise_spread,0.75,192,256,0.0009708819555938447
0801,1.2,0.00784313725490196,blur_noise,ridge,0.05,textured_quartile,measurement_residual,0.75,192,256,0.0008041102853800809
0801,1.2,0.00784313725490196,blur_noise,ridge,0.05,textured_quartile,image_gradient,0.75,192,256,0.0007699843247674135
0801,1.2,0.00784313725490196,blur_noise,ridge,0.05,textured_quartile,random_expected,0.75,192,256,0.000984062315222079
0801,1.2,0.00784313725490196,blur_noise,ridge,0.05,textured_quartile,oracle_error,0.75,192,256,0.0006919310637441582
0801,1.2,0.00784313725490196,blur_noise,ridge,0.05,textured_quartile,operator_spread,0.9,231,256,0.000867161623332487
0801,1.2,0.00784313725490196,blur_noise,ridge,0.05,textured_quartile,measurement_noise_spread,0.9,231,256,0.0009772053188919366
0801,1.2,0.00784313725490196,blur_noise,ridge,0.05,textured_quartile,measurement_residual,0.9,231,256,0.0008757840463549541
0801,1.2,0.00784313725490196,blur_noise,ridge,0.05,textured_quartile,image_gradient,0.9,231,256,0.0008771710648378799
0801,1.2,0.00784313725490196,blur_noise,ridge,0.05,textured_quartile,random_expected,0.9,231,256,0.000984062315222079
0801,1.2,0.00784313725490196,blur_noise,ridge,0.05,textured_quartile,oracle_error,0.9,231,256,0.0008346015448823268
0801,1.2,0.00784313725490196,blur_noise,ridge,0.05,textured_quartile,operator_spread,1.0,256,256,0.000984062315222079
0801,1.2,0.00784313725490196,blur_noise,ridge,0.05,textured_quartile,measurement_noise_spread,1.0,256,256,0.000984062315222079
0801,1.2,0.00784313725490196,blur_noise,ridge,0.05,textured_quartile,measurement_residual,1.0,256,256,0.0009840623152220793
0801,1.2,0.00784313725490196,blur_noise,ridge,0.05,textured_quartile,image_gradient,1.0,256,256,0.0009840623152220793
0801,1.2,0.00784313725490196,blur_noise,ridge,0.05,textured_quartile,random_expected,1.0,256,256,0.000984062315222079
0801,1.2,0.00784313725490196,blur_noise,ridge,0.05,textured_quartile,oracle_error,1.0,256,256,0.0009840623152220793
0801,1.2,0.00784313725490196,blur_noise,gradient,0.05,all,operator_spread,0.5,512,1024,8.188936445712088e-05
0801,1.2,0.00784313725490196,blur_noise,gradient,0.05,all,measurement_noise_spread,0.5,512,1024,0.0002334850291658688
0801,1.2,0.00784313725490196,blur_noise,gradient,0.05,all,measurement_residual,0.5,512,1024,9.996600640670738e-05
0801,1.2,0.00784313725490196,blur_noise,gradient,0.05,all,image_gradient,0.5,512,1024,9.442247718689713e-05
0801,1.2,0.00784313725490196,blur_noise,gradient,0.05,all,random_expected,0.5,512,1024,0.00021511488496913354
0801,1.2,0.00784313725490196,blur_noise,gradient,0.05,all,oracle_error,0.5,512,1024,6.366819598521944e-05
0801,1.2,0.00784313725490196,blur_noise,gradient,0.05,all,operator_spread,0.75,768,1024,0.00010818160732442492
0801,1.2,0.00784313725490196,blur_noise,gradient,0.05,all,measurement_noise_spread,0.75,768,1024,0.00021579122827819602
0801,1.2,0.00784313725490196,blur_noise,gradient,0.05,all,measurement_residual,0.75,768,1024,0.00011368481482360145
0801,1.2,0.00784313725490196,blur_noise,gradient,0.05,all,image_gradient,0.75,768,1024,0.00011454472354836854
0801,1.2,0.00784313725490196,blur_noise,gradient,0.05,all,random_expected,0.75,768,1024,0.00021511488496913354
0801,1.2,0.00784313725490196,blur_noise,gradient,0.05,all,oracle_error,0.75,768,1024,8.393350898712374e-05
0801,1.2,0.00784313725490196,blur_noise,gradient,0.05,all,operator_spread,0.9,922,1024,0.00013985857355291464
0801,1.2,0.00784313725490196,blur_noise,gradient,0.05,all,measurement_noise_spread,0.9,922,1024,0.00021755085925036994
0801,1.2,0.00784313725490196,blur_noise,gradient,0.05,all,measurement_residual,0.9,922,1024,0.000137396922205015
0801,1.2,0.00784313725490196,blur_noise,gradient,0.05,all,image_gradient,0.9,922,1024,0.00013983611322594978
0801,1.2,0.00784313725490196,blur_noise,gradient,0.05,all,random_expected,0.9,922,1024,0.00021511488496913354
0801,1.2,0.00784313725490196,blur_noise,gradient,0.05,all,oracle_error,0.9,922,1024,0.00012612130595009364
0801,1.2,0.00784313725490196,blur_noise,gradient,0.05,all,operator_spread,1.0,1024,1024,0.00021511488496913354
0801,1.2,0.00784313725490196,blur_noise,gradient,0.05,all,measurement_noise_spread,1.0,1024,1024,0.00021511488496913357
0801,1.2,0.00784313725490196,blur_noise,gradient,0.05,all,measurement_residual,1.0,1024,1024,0.00021511488496913354
0801,1.2,0.00784313725490196,blur_noise,gradient,0.05,all,image_gradient,1.0,1024,1024,0.0002151148849691336
0801,1.2,0.00784313725490196,blur_noise,gradient,0.05,all,random_expected,1.0,1024,1024,0.00021511488496913354
0801,1.2,0.00784313725490196,blur_noise,gradient,0.05,all,oracle_error,1.0,1024,1024,0.00021511488496913357
0801,1.2,0.00784313725490196,blur_noise,gradient,0.05,textured_quartile,operator_spread,0.5,128,256,0.0003123691345622576
0801,1.2,0.00784313725490196,blur_noise,gradient,0.05,textured_quartile,measurement_noise_spread,0.5,128,256,0.0005781225326721175
0801,1.2,0.00784313725490196,blur_noise,gradient,0.05,textured_quartile,measurement_residual,0.5,128,256,0.00028313239508426843
0801,1.2,0.00784313725490196,blur_noise,gradient,0.05,textured_quartile,image_gradient,0.5,128,256,0.0003282966974852431
0801,1.2,0.00784313725490196,blur_noise,gradient,0.05,textured_quartile,random_expected,0.5,128,256,0.0005641641176133583
0801,1.2,0.00784313725490196,blur_noise,gradient,0.05,textured_quartile,oracle_error,0.5,128,256,0.00021504530597281894
0801,1.2,0.00784313725490196,blur_noise,gradient,0.05,textured_quartile,operator_spread,0.75,192,256,0.0004085239062255848
0801,1.2,0.00784313725490196,blur_noise,gradient,0.05,textured_quartile,measurement_noise_spread,0.75,192,256,0.000566845421007807
0801,1.2,0.00784313725490196,blur_noise,gradient,0.05,textured_quartile,measurement_residual,0.75,192,256,0.0003725578679110316
0801,1.2,0.00784313725490196,blur_noise,gradient,0.05,textured_quartile,image_gradient,0.75,192,256,0.0004054493903433524
0801,1.2,0.00784313725490196,blur_noise,gradient,0.05,textured_quartile,random_expected,0.75,192,256,0.0005641641176133583
0801,1.2,0.00784313725490196,blur_noise,gradient,0.05,textured_quartile,oracle_error,0.75,192,256,0.0003402426191948902
0801,1.2,0.00784313725490196,blur_noise,gradient,0.05,textured_quartile,operator_spread,0.9,231,256,0.0004847660803019701
0801,1.2,0.00784313725490196,blur_noise,gradient,0.05,textured_quartile,measurement_noise_spread,0.9,231,256,0.0005725730932224891
0801,1.2,0.00784313725490196,blur_noise,gradient,0.05,textured_quartile,measurement_residual,0.9,231,256,0.0004608481344580317
0801,1.2,0.00784313725490196,blur_noise,gradient,0.05,textured_quartile,image_gradient,0.9,231,256,0.00048601729145961235
0801,1.2,0.00784313725490196,blur_noise,gradient,0.05,textured_quartile,random_expected,0.9,231,256,0.0005641641176133583
0801,1.2,0.00784313725490196,blur_noise,gradient,0.05,textured_quartile,oracle_error,0.9,231,256,0.00044599261562948037
0801,1.2,0.00784313725490196,blur_noise,gradient,0.05,textured_quartile,operator_spread,1.0,256,256,0.0005641641176133583
0801,1.2,0.00784313725490196,blur_noise,gradient,0.05,textured_quartile,measurement_noise_spread,1.0,256,256,0.0005641641176133583
0801,1.2,0.00784313725490196,blur_noise,gradient,0.05,textured_quartile,measurement_residual,1.0,256,256,0.0005641641176133583
0801,1.2,0.00784313725490196,blur_noise,gradient,0.05,textured_quartile,image_gradient,1.0,256,256,0.0005641641176133583
0801,1.2,0.00784313725490196,blur_noise,gradient,0.05,textured_quartile,random_expected,1.0,256,256,0.0005641641176133583
0801,1.2,0.00784313725490196,blur_noise,gradient,0.05,textured_quartile,oracle_error,1.0,256,256,0.0005641641176133584
0801,1.2,0.00784313725490196,blur_noise_jpeg,ridge,0.05,all,operator_spread,0.5,512,1024,0.001254600686442414
0801,1.2,0.00784313725490196,blur_noise_jpeg,ridge,0.05,all,measurement_noise_spread,0.5,512,1024,0.0010377158993823223
0801,1.2,0.00784313725490196,blur_noise_jpeg,ridge,0.05,all,measurement_residual,0.5,512,1024,0.0006701074436971959
0801,1.2,0.00784313725490196,blur_noise_jpeg,ridge,0.05,all,image_gradient,0.5,512,1024,0.0012611064573391903
0801,1.2,0.00784313725490196,blur_noise_jpeg,ridge,0.05,all,random_expected,0.5,512,1024,0.0010768522095918316
0801,1.2,0.00784313725490196,blur_noise_jpeg,ridge,0.05,all,oracle_error,0.5,512,1024,0.000577632861363751
0801,1.2,0.00784313725490196,blur_noise_jpeg,ridge,0.05,all,operator_spread,0.75,768,1024,0.0010641313223790673
0801,1.2,0.00784313725490196,blur_noise_jpeg,ridge,0.05,all,measurement_noise_spread,0.75,768,1024,0.0010754841553276314
0801,1.2,0.00784313725490196,blur_noise_jpeg,ridge,0.05,all,measurement_residual,0.75,768,1024,0.0008594467999297305
0801,1.2,0.00784313725490196,blur_noise_jpeg,ridge,0.05,all,image_gradient,0.75,768,1024,0.0010675105160797191
0801,1.2,0.00784313725490196,blur_noise_jpeg,ridge,0.05,all,random_expected,0.75,768,1024,0.0010768522095918316
0801,1.2,0.00784313725490196,blur_noise_jpeg,ridge,0.05,all,oracle_error,0.75,768,1024,0.0008145411442321337
0801,1.2,0.00784313725490196,blur_noise_jpeg,ridge,0.05,all,operator_spread,0.9,922,1024,0.0010217739432745309
0801,1.2,0.00784313725490196,blur_noise_jpeg,ridge,0.05,all,measurement_noise_spread,0.9,922,1024,0.0010781060633964802
0801,1.2,0.00784313725490196,blur_noise_jpeg,ridge,0.05,all,measurement_residual,0.9,922,1024,0.0009948430586750364
0801,1.2,0.00784313725490196,blur_noise_jpeg,ridge,0.05,all,image_gradient,0.9,922,1024,0.0010213537243669653
0801,1.2,0.00784313725490196,blur_noise_jpeg,ridge,0.05,all,random_expected,0.9,922,1024,0.0010768522095918316
0801,1.2,0.00784313725490196,blur_noise_jpeg,ridge,0.05,all,oracle_error,0.9,922,1024,0.0009658979941126011
0801,1.2,0.00784313725490196,blur_noise_jpeg,ridge,0.05,all,operator_spread,1.0,1024,1024,0.0010768522095918314
0801,1.2,0.00784313725490196,blur_noise_jpeg,ridge,0.05,all,measurement_noise_spread,1.0,1024,1024,0.0010768522095918314
0801,1.2,0.00784313725490196,blur_noise_jpeg,ridge,0.05,all,measurement_residual,1.0,1024,1024,0.0010768522095918316
0801,1.2,0.00784313725490196,blur_noise_jpeg,ridge,0.05,all,image_gradient,1.0,1024,1024,0.0010768522095918316
0801,1.2,0.00784313725490196,blur_noise_jpeg,ridge,0.05,all,random_expected,1.0,1024,1024,0.0010768522095918316
0801,1.2,0.00784313725490196,blur_noise_jpeg,ridge,0.05,all,oracle_error,1.0,1024,1024,0.0010768522095918316
0801,1.2,0.00784313725490196,blur_noise_jpeg,ridge,0.05,textured_quartile,operator_spread,0.5,128,256,0.0007867600304783267
0801,1.2,0.00784313725490196,blur_noise_jpeg,ridge,0.05,textured_quartile,measurement_noise_spread,0.5,128,256,0.001125355087298559
0801,1.2,0.00784313725490196,blur_noise_jpeg,ridge,0.05,textured_quartile,measurement_residual,0.5,128,256,0.0008558847217882801
0801,1.2,0.00784313725490196,blur_noise_jpeg,ridge,0.05,textured_quartile,image_gradient,0.5,128,256,0.0007638295086510784
0801,1.2,0.00784313725490196,blur_noise_jpeg,ridge,0.05,textured_quartile,random_expected,0.5,128,256,0.0011128349435824858
0801,1.2,0.00784313725490196,blur_noise_jpeg,ridge,0.05,textured_quartile,oracle_error,0.5,128,256,0.0006515253112517167
0801,1.2,0.00784313725490196,blur_noise_jpeg,ridge,0.05,textured_quartile,operator_spread,0.75,192,256,0.000877864167291886
0801,1.2,0.00784313725490196,blur_noise_jpeg,ridge,0.05,textured_quartile,measurement_noise_spread,0.75,192,256,0.001100344080902328
0801,1.2,0.00784313725490196,blur_noise_jpeg,ridge,0.05,textured_quartile,measurement_residual,0.75,192,256,0.0009420741157827968
0801,1.2,0.00784313725490196,blur_noise_jpeg,ridge,0.05,textured_quartile,image_gradient,0.75,192,256,0.000884275583482899
0801,1.2,0.00784313725490196,blur_noise_jpeg,ridge,0.05,textured_quartile,random_expected,0.75,192,256,0.0011128349435824858
0801,1.2,0.00784313725490196,blur_noise_jpeg,ridge,0.05,textured_quartile,oracle_error,0.75,192,256,0.0007952535544245078
0801,1.2,0.00784313725490196,blur_noise_jpeg,ridge,0.05,textured_quartile,operator_spread,0.9,231,256,0.0009875436352051016
0801,1.2,0.00784313725490196,blur_noise_jpeg,ridge,0.05,textured_quartile,measurement_noise_spread,0.9,231,256,0.0011058699505831647
0801,1.2,0.00784313725490196,blur_noise_jpeg,ridge,0.05,textured_quartile,measurement_residual,0.9,231,256,0.0010026273297939626
0801,1.2,0.00784313725490196,blur_noise_jpeg,ridge,0.05,textured_quartile,image_gradient,0.9,231,256,0.0009938479674739672
0801,1.2,0.00784313725490196,blur_noise_jpeg,ridge,0.05,textured_quartile,random_expected,0.9,231,256,0.0011128349435824858
0801,1.2,0.00784313725490196,blur_noise_jpeg,ridge,0.05,textured_quartile,oracle_error,0.9,231,256,0.0009514304214714091
0801,1.2,0.00784313725490196,blur_noise_jpeg,ridge,0.05,textured_quartile,operator_spread,1.0,256,256,0.001112834943582486
0801,1.2,0.00784313725490196,blur_noise_jpeg,ridge,0.05,textured_quartile,measurement_noise_spread,1.0,256,256,0.0011128349435824858
0801,1.2,0.00784313725490196,blur_noise_jpeg,ridge,0.05,textured_quartile,measurement_residual,1.0,256,256,0.0011128349435824858
0801,1.2,0.00784313725490196,blur_noise_jpeg,ridge,0.05,textured_quartile,image_gradient,1.0,256,256,0.001112834943582486
0801,1.2,0.00784313725490196,blur_noise_jpeg,ridge,0.05,textured_quartile,random_expected,1.0,256,256,0.0011128349435824858
0801,1.2,0.00784313725490196,blur_noise_jpeg,ridge,0.05,textured_quartile,oracle_error,1.0,256,256,0.0011128349435824858
0801,1.2,0.00784313725490196,blur_noise_jpeg,gradient,0.05,all,operator_spread,0.5,512,1024,9.770135447534524e-05
0801,1.2,0.00784313725490196,blur_noise_jpeg,gradient,0.05,all,measurement_noise_spread,0.5,512,1024,0.0002789102563326293
0801,1.2,0.00784313725490196,blur_noise_jpeg,gradient,0.05,all,measurement_residual,0.5,512,1024,0.00010421099548265526
0801,1.2,0.00784313725490196,blur_noise_jpeg,gradient,0.05,all,image_gradient,0.5,512,1024,0.00011145783368589316
0801,1.2,0.00784313725490196,blur_noise_jpeg,gradient,0.05,all,random_expected,0.5,512,1024,0.00026137638827790686
0801,1.2,0.00784313725490196,blur_noise_jpeg,gradient,0.05,all,oracle_error,0.5,512,1024,7.788564929053016e-05
0801,1.2,0.00784313725490196,blur_noise_jpeg,gradient,0.05,all,operator_spread,0.75,768,1024,0.00013955049043190828
0801,1.2,0.00784313725490196,blur_noise_jpeg,gradient,0.05,all,measurement_noise_spread,0.75,768,1024,0.0002621915532681817
0801,1.2,0.00784313725490196,blur_noise_jpeg,gradient,0.05,all,measurement_residual,0.75,768,1024,0.00013993963341758117
0801,1.2,0.00784313725490196,blur_noise_jpeg,gradient,0.05,all,image_gradient,0.75,768,1024,0.0001438044733120172
0801,1.2,0.00784313725490196,blur_noise_jpeg,gradient,0.05,all,random_expected,0.75,768,1024,0.00026137638827790686
0801,1.2,0.00784313725490196,blur_noise_jpeg,gradient,0.05,all,oracle_error,0.75,768,1024,0.00011093711896128398
0801,1.2,0.00784313725490196,blur_noise_jpeg,gradient,0.05,all,operator_spread,0.9,922,1024,0.00017933155520676231
0801,1.2,0.00784313725490196,blur_noise_jpeg,gradient,0.05,all,measurement_noise_spread,0.9,922,1024,0.0002638624356012906
0801,1.2,0.00784313725490196,blur_noise_jpeg,gradient,0.05,all,measurement_residual,0.9,922,1024,0.00017623952386348164
0801,1.2,0.00784313725490196,blur_noise_jpeg,gradient,0.05,all,image_gradient,0.9,922,1024,0.00017743543969366303
0801,1.2,0.00784313725490196,blur_noise_jpeg,gradient,0.05,all,random_expected,0.9,922,1024,0.00026137638827790686
0801,1.2,0.00784313725490196,blur_noise_jpeg,gradient,0.05,all,oracle_error,0.9,922,1024,0.00016226265951459662
0801,1.2,0.00784313725490196,blur_noise_jpeg,gradient,0.05,all,operator_spread,1.0,1024,1024,0.0002613763882779069
0801,1.2,0.00784313725490196,blur_noise_jpeg,gradient,0.05,all,measurement_noise_spread,1.0,1024,1024,0.00026137638827790686
0801,1.2,0.00784313725490196,blur_noise_jpeg,gradient,0.05,all,measurement_residual,1.0,1024,1024,0.00026137638827790686
0801,1.2,0.00784313725490196,blur_noise_jpeg,gradient,0.05,all,image_gradient,1.0,1024,1024,0.00026137638827790686
0801,1.2,0.00784313725490196,blur_noise_jpeg,gradient,0.05,all,random_expected,1.0,1024,1024,0.00026137638827790686
0801,1.2,0.00784313725490196,blur_noise_jpeg,gradient,0.05,all,oracle_error,1.0,1024,1024,0.00026137638827790686
0801,1.2,0.00784313725490196,blur_noise_jpeg,gradient,0.05,textured_quartile,operator_spread,0.5,128,256,0.00041927539591117167
0801,1.2,0.00784313725490196,blur_noise_jpeg,gradient,0.05,textured_quartile,measurement_noise_spread,0.5,128,256,0.0006826458542937788
0801,1.2,0.00784313725490196,blur_noise_jpeg,gradient,0.05,textured_quartile,measurement_residual,0.5,128,256,0.0004302963876648716
0801,1.2,0.00784313725490196,blur_noise_jpeg,gradient,0.05,textured_quartile,image_gradient,0.5,128,256,0.0004180075943477501
0801,1.2,0.00784313725490196,blur_noise_jpeg,gradient,0.05,textured_quartile,random_expected,0.5,128,256,0.0006683741814039154
0801,1.2,0.00784313725490196,blur_noise_jpeg,gradient,0.05,textured_quartile,oracle_error,0.5,128,256,0.00029408144326600357
0801,1.2,0.00784313725490196,blur_noise_jpeg,gradient,0.05,textured_quartile,operator_spread,0.75,192,256,0.000508523402705186
0801,1.2,0.00784313725490196,blur_noise_jpeg,gradient,0.05,textured_quartile,measurement_noise_spread,0.75,192,256,0.0006709108052440895
0801,1.2,0.00784313725490196,blur_noise_jpeg,gradient,0.05,textured_quartile,measurement_residual,0.75,192,256,0.0004871365889784812
0801,1.2,0.00784313725490196,blur_noise_jpeg,gradient,0.05,textured_quartile,image_gradient,0.75,192,256,0.000492802740206541
0801,1.2,0.00784313725490196,blur_noise_jpeg,gradient,0.05,textured_quartile,random_expected,0.75,192,256,0.0006683741814039154
0801,1.2,0.00784313725490196,blur_noise_jpeg,gradient,0.05,textured_quartile,oracle_error,0.75,192,256,0.00042849474005044456
0801,1.2,0.00784313725490196,blur_noise_jpeg,gradient,0.05,textured_quartile,operator_spread,0.9,231,256,0.0005813617022261476
0801,1.2,0.00784313725490196,blur_noise_jpeg,gradient,0.05,textured_quartile,measurement_noise_spread,0.9,231,256,0.0006768851869029052
0801,1.2,0.00784313725490196,blur_noise_jpeg,gradient,0.05,textured_quartile,measurement_residual,0.9,231,256,0.0005702779504743236
0801,1.2,0.00784313725490196,blur_noise_jpeg,gradient,0.05,textured_quartile,image_gradient,0.9,231,256,0.0005833268592640495
0801,1.2,0.00784313725490196,blur_noise_jpeg,gradient,0.05,textured_quartile,random_expected,0.9,231,256,0.0006683741814039154
0801,1.2,0.00784313725490196,blur_noise_jpeg,gradient,0.05,textured_quartile,oracle_error,0.9,231,256,0.0005433816198523657
0801,1.2,0.00784313725490196,blur_noise_jpeg,gradient,0.05,textured_quartile,operator_spread,1.0,256,256,0.0006683741814039154
0801,1.2,0.00784313725490196,blur_noise_jpeg,gradient,0.05,textured_quartile,measurement_noise_spread,1.0,256,256,0.0006683741814039156
0801,1.2,0.00784313725490196,blur_noise_jpeg,gradient,0.05,textured_quartile,measurement_residual,1.0,256,256,0.0006683741814039153
0801,1.2,0.00784313725490196,blur_noise_jpeg,gradient,0.05,textured_quartile,image_gradient,1.0,256,256,0.0006683741814039154
0801,1.2,0.00784313725490196,blur_noise_jpeg,gradient,0.05,textured_quartile,random_expected,1.0,256,256,0.0006683741814039154
0801,1.2,0.00784313725490196,blur_noise_jpeg,gradient,0.05,textured_quartile,oracle_error,1.0,256,256,0.0006683741814039154
0801,1.2,0.0196078431372549,blur_noise,ridge,0.05,all,operator_spread,0.5,512,1024,0.001527903483307412
0801,1.2,0.0196078431372549,blur_noise,ridge,0.05,all,measurement_noise_spread,0.5,512,1024,0.0015296748666025067
0801,1.2,0.0196078431372549,blur_noise,ridge,0.05,all,measurement_residual,0.5,512,1024,0.0010844451114768654
0801,1.2,0.0196078431372549,blur_noise,ridge,0.05,all,image_gradient,0.5,512,1024,0.0017748471128958324
0801,1.2,0.0196078431372549,blur_noise,ridge,0.05,all,random_expected,0.5,512,1024,0.001540811229490518
0801,1.2,0.0196078431372549,blur_noise,ridge,0.05,all,oracle_error,0.5,512,1024,0.0010188866069490586
0801,1.2,0.0196078431372549,blur_noise,ridge,0.05,all,operator_spread,0.75,768,1024,0.0015180487255097572
0801,1.2,0.0196078431372549,blur_noise,ridge,0.05,all,measurement_noise_spread,0.75,768,1024,0.001526298549483711
0801,1.2,0.0196078431372549,blur_noise,ridge,0.05,all,measurement_residual,0.75,768,1024,0.0012977021598356623
0801,1.2,0.0196078431372549,blur_noise,ridge,0.05,all,image_gradient,0.75,768,1024,0.0015633148172321213
0801,1.2,0.0196078431372549,blur_noise,ridge,0.05,all,random_expected,0.75,768,1024,0.001540811229490518
0801,1.2,0.0196078431372549,blur_noise,ridge,0.05,all,oracle_error,0.75,768,1024,0.0012675821389980856
0801,1.2,0.0196078431372549,blur_noise,ridge,0.05,all,operator_spread,0.9,922,1024,0.001503293396820272
0801,1.2,0.0196078431372549,blur_noise,ridge,0.05,all,measurement_noise_spread,0.9,922,1024,0.0015348460177718975
0801,1.2,0.0196078431372549,blur_noise,ridge,0.05,all,measurement_residual,0.9,922,1024,0.001449058324163491
0801,1.2,0.0196078431372549,blur_noise,ridge,0.05,all,image_gradient,0.9,922,1024,0.0015007723533591443
0801,1.2,0.0196078431372549,blur_noise,ridge,0.05,all,random_expected,0.9,922,1024,0.001540811229490518
0801,1.2,0.0196078431372549,blur_noise,ridge,0.05,all,oracle_error,0.9,922,1024,0.0014300709548257073
0801,1.2,0.0196078431372549,blur_noise,ridge,0.05,all,operator_spread,1.0,1024,1024,0.001540811229490518
0801,1.2,0.0196078431372549,blur_noise,ridge,0.05,all,measurement_noise_spread,1.0,1024,1024,0.001540811229490518
0801,1.2,0.0196078431372549,blur_noise,ridge,0.05,all,measurement_residual,1.0,1024,1024,0.0015408112294905177
0801,1.2,0.0196078431372549,blur_noise,ridge,0.05,all,image_gradient,1.0,1024,1024,0.001540811229490518
0801,1.2,0.0196078431372549,blur_noise,ridge,0.05,all,random_expected,1.0,1024,1024,0.001540811229490518
0801,1.2,0.0196078431372549,blur_noise,ridge,0.05,all,oracle_error,1.0,1024,1024,0.0015408112294905177
0801,1.2,0.0196078431372549,blur_noise,ridge,0.05,textured_quartile,operator_spread,0.5,128,256,0.00120005995496509
0801,1.2,0.0196078431372549,blur_noise,ridge,0.05,textured_quartile,measurement_noise_spread,0.5,128,256,0.001559061116579174
0801,1.2,0.0196078431372549,blur_noise,ridge,0.05,textured_quartile,measurement_residual,0.5,128,256,0.001187053989634364
0801,1.2,0.0196078431372549,blur_noise,ridge,0.05,textured_quartile,image_gradient,0.5,128,256,0.0011562359663683918
0801,1.2,0.0196078431372549,blur_noise,ridge,0.05,textured_quartile,random_expected,0.5,128,256,0.001471359731810424
0801,1.2,0.0196078431372549,blur_noise,ridge,0.05,textured_quartile,oracle_error,0.5,128,256,0.0010473318825771163
0801,1.2,0.0196078431372549,blur_noise,ridge,0.05,textured_quartile,operator_spread,0.75,192,256,0.0012742859842177132
0801,1.2,0.0196078431372549,blur_noise,ridge,0.05,textured_quartile,measurement_noise_spread,0.75,192,256,0.001490726205095622
0801,1.2,0.0196078431372549,blur_noise,ridge,0.05,textured_quartile,measurement_residual,0.75,192,256,0.0012886149123788996
0801,1.2,0.0196078431372549,blur_noise,ridge,0.05,textured_quartile,image_gradient,0.75,192,256,0.001249109783187198
0801,1.2,0.0196078431372549,blur_noise,ridge,0.05,textured_quartile,random_expected,0.75,192,256,0.001471359731810424
0801,1.2,0.0196078431372549,blur_noise,ridge,0.05,textured_quartile,oracle_error,0.75,192,256,0.0011790523640206633
0801,1.2,0.0196078431372549,blur_noise,ridge,0.05,textured_quartile,operator_spread,0.9,231,256,0.0013550035662929626
0801,1.2,0.0196078431372549,blur_noise,ridge,0.05,textured_quartile,measurement_noise_spread,0.9,231,256,0.0014707805674592652
0801,1.2,0.0196078431372549,blur_noise,ridge,0.05,textured_quartile,measurement_residual,0.9,231,256,0.0013619159069711165
0801,1.2,0.0196078431372549,blur_noise,ridge,0.05,textured_quartile,image_gradient,0.9,231,256,0.0013652657002305698
0801,1.2,0.0196078431372549,blur_noise,ridge,0.05,textured_quartile,random_expected,0.9,231,256,0.001471359731810424
0801,1.2,0.0196078431372549,blur_noise,ridge,0.05,textured_quartile,oracle_error,0.9,231,256,0.0013216133865486149
0801,1.2,0.0196078431372549,blur_noise,ridge,0.05,textured_quartile,operator_spread,1.0,256,256,0.001471359731810424
0801,1.2,0.0196078431372549,blur_noise,ridge,0.05,textured_quartile,measurement_noise_spread,1.0,256,256,0.001471359731810424
0801,1.2,0.0196078431372549,blur_noise,ridge,0.05,textured_quartile,measurement_residual,1.0,256,256,0.0014713597318104239
0801,1.2,0.0196078431372549,blur_noise,ridge,0.05,textured_quartile,image_gradient,1.0,256,256,0.001471359731810424
0801,1.2,0.0196078431372549,blur_noise,ridge,0.05,textured_quartile,random_expected,1.0,256,256,0.001471359731810424
0801,1.2,0.0196078431372549,blur_noise,ridge,0.05,textured_quartile,oracle_error,1.0,256,256,0.001471359731810424
0801,1.2,0.0196078431372549,blur_noise,gradient,0.05,all,operator_spread,0.5,512,1024,0.00028992378199646805
0801,1.2,0.0196078431372549,blur_noise,gradient,0.05,all,measurement_noise_spread,0.5,512,1024,0.00043442597889354424
0801,1.2,0.0196078431372549,blur_noise,gradient,0.05,all,measurement_residual,0.5,512,1024,0.0003584300549328321
0801,1.2,0.0196078431372549,blur_noise,gradient,0.05,all,image_gradient,0.5,512,1024,0.00030015330386732523
0801,1.2,0.0196078431372549,blur_noise,gradient,0.05,all,random_expected,0.5,512,1024,0.00041903878695610536
0801,1.2,0.0196078431372549,blur_noise,gradient,0.05,all,oracle_error,0.5,512,1024,0.0002637825701646494
0801,1.2,0.0196078431372549,blur_noise,gradient,0.05,all,operator_spread,0.75,768,1024,0.0003127517571574362
0801,1.2,0.0196078431372549,blur_noise,gradient,0.05,all,measurement_noise_spread,0.75,768,1024,0.00043341586938338623
0801,1.2,0.0196078431372549,blur_noise,gradient,0.05,all,measurement_residual,0.75,768,1024,0.0003718273759443828
0801,1.2,0.0196078431372549,blur_noise,gradient,0.05,all,image_gradient,0.75,768,1024,0.0003179546832330181
0801,1.2,0.0196078431372549,blur_noise,gradient,0.05,all,random_expected,0.75,768,1024,0.00041903878695610536
0801,1.2,0.0196078431372549,blur_noise,gradient,0.05,all,oracle_error,0.75,768,1024,0.00028772580429049544
0801,1.2,0.0196078431372549,blur_noise,gradient,0.05,all,operator_spread,0.9,922,1024,0.000343023140235493
0801,1.2,0.0196078431372549,blur_noise,gradient,0.05,all,measurement_noise_spread,0.9,922,1024,0.00042197050734827545
0801,1.2,0.0196078431372549,blur_noise,gradient,0.05,all,measurement_residual,0.9,922,1024,0.00039014965156879464
0801,1.2,0.0196078431372549,blur_noise,gradient,0.05,all,image_gradient,0.9,922,1024,0.000344001050434633
0801,1.2,0.0196078431372549,blur_noise,gradient,0.05,all,random_expected,0.9,922,1024,0.00041903878695610536
0801,1.2,0.0196078431372549,blur_noise,gradient,0.05,all,oracle_error,0.9,922,1024,0.0003303559188604665
0801,1.2,0.0196078431372549,blur_noise,gradient,0.05,all,operator_spread,1.0,1024,1024,0.00041903878695610536
0801,1.2,0.0196078431372549,blur_noise,gradient,0.05,all,measurement_noise_spread,1.0,1024,1024,0.0004190387869561053
0801,1.2,0.0196078431372549,blur_noise,gradient,0.05,all,measurement_residual,1.0,1024,1024,0.0004190387869561053
0801,1.2,0.0196078431372549,blur_noise,gradient,0.05,all,image_gradient,1.0,1024,1024,0.0004190387869561053
0801,1.2,0.0196078431372549,blur_noise,gradient,0.05,all,random_expected,1.0,1024,1024,0.00041903878695610536
0801,1.2,0.0196078431372549,blur_noise,gradient,0.05,all,oracle_error,1.0,1024,1024,0.0004190387869561053
0801,1.2,0.0196078431372549,blur_noise,gradient,0.05,textured_quartile,operator_spread,0.5,128,256,0.0005163811808267112
0801,1.2,0.0196078431372549,blur_noise,gradient,0.05,textured_quartile,measurement_noise_spread,0.5,128,256,0.0008225474000461352
0801,1.2,0.0196078431372549,blur_noise,gradient,0.05,textured_quartile,measurement_residual,0.5,128,256,0.0006257983998118636
0801,1.2,0.0196078431372549,blur_noise,gradient,0.05,textured_quartile,image_gradient,0.5,128,256,0.0005348342151132546
0801,1.2,0.0196078431372549,blur_noise,gradient,0.05,textured_quartile,random_expected,0.5,128,256,0.0007680102007096262
0801,1.2,0.0196078431372549,blur_noise,gradient,0.05,textured_quartile,oracle_error,0.5,128,256,0.00042004374499145377
0801,1.2,0.0196078431372549,blur_noise,gradient,0.05,textured_quartile,operator_spread,0.75,192,256,0.0006191132349628803
0801,1.2,0.0196078431372549,blur_noise,gradient,0.05,textured_quartile,measurement_noise_spread,0.75,192,256,0.0008047949574830244
0801,1.2,0.0196078431372549,blur_noise,gradient,0.05,textured_quartile,measurement_residual,0.75,192,256,0.0006628749714836362
0801,1.2,0.0196078431372549,blur_noise,gradient,0.05,textured_quartile,image_gradient,0.75,192,256,0.0006079168086850266
0801,1.2,0.0196078431372549,blur_noise,gradient,0.05,textured_quartile,random_expected,0.75,192,256,0.0007680102007096262
0801,1.2,0.0196078431372549,blur_noise,gradient,0.05,textured_quartile,oracle_error,0.75,192,256,0.0005460365287094702
0801,1.2,0.0196078431372549,blur_noise,gradient,0.05,textured_quartile,operator_spread,0.9,231,256,0.000688714898282949
0801,1.2,0.0196078431372549,blur_noise,gradient,0.05,textured_quartile,measurement_noise_spread,0.9,231,256,0.0007742593396159776
0801,1.2,0.0196078431372549,blur_noise,gradient,0.05,textured_quartile,measurement_residual,0.9,231,256,0.0007024011356884128
0801,1.2,0.0196078431372549,blur_noise,gradient,0.05,textured_quartile,image_gradient,0.9,231,256,0.0006892602640749489
0801,1.2,0.0196078431372549,blur_noise,gradient,0.05,textured_quartile,random_expected,0.9,231,256,0.0007680102007096262
0801,1.2,0.0196078431372549,blur_noise,gradient,0.05,textured_quartile,oracle_error,0.9,231,256,0.0006506172582771157
0801,1.2,0.0196078431372549,blur_noise,gradient,0.05,textured_quartile,operator_spread,1.0,256,256,0.0007680102007096263
0801,1.2,0.0196078431372549,blur_noise,gradient,0.05,textured_quartile,measurement_noise_spread,1.0,256,256,0.0007680102007096262
0801,1.2,0.0196078431372549,blur_noise,gradient,0.05,textured_quartile,measurement_residual,1.0,256,256,0.0007680102007096262
0801,1.2,0.0196078431372549,blur_noise,gradient,0.05,textured_quartile,image_gradient,1.0,256,256,0.0007680102007096262
0801,1.2,0.0196078431372549,blur_noise,gradient,0.05,textured_quartile,random_expected,1.0,256,256,0.0007680102007096262
0801,1.2,0.0196078431372549,blur_noise,gradient,0.05,textured_quartile,oracle_error,1.0,256,256,0.0007680102007096262
0801,1.2,0.0196078431372549,blur_noise_jpeg,ridge,0.05,all,operator_spread,0.5,512,1024,0.0013882787498951923
0801,1.2,0.0196078431372549,blur_noise_jpeg,ridge,0.05,all,measurement_noise_spread,0.5,512,1024,0.0012872294100579507
0801,1.2,0.0196078431372549,blur_noise_jpeg,ridge,0.05,all,measurement_residual,0.5,512,1024,0.000872392216182844
0801,1.2,0.0196078431372549,blur_noise_jpeg,ridge,0.05,all,image_gradient,0.5,512,1024,0.001470597764494393
0801,1.2,0.0196078431372549,blur_noise_jpeg,ridge,0.05,all,random_expected,0.5,512,1024,0.0012897479515589462
0801,1.2,0.0196078431372549,blur_noise_jpeg,ridge,0.05,all,oracle_error,0.5,512,1024,0.0007814791551726307
0801,1.2,0.0196078431372549,blur_noise_jpeg,ridge,0.05,all,operator_spread,0.75,768,1024,0.0012732876029184468
0801,1.2,0.0196078431372549,blur_noise_jpeg,ridge,0.05,all,measurement_noise_spread,0.75,768,1024,0.0012815207933161742
0801,1.2,0.0196078431372549,blur_noise_jpeg,ridge,0.05,all,measurement_residual,0.75,768,1024,0.001065175489650718
0801,1.2,0.0196078431372549,blur_noise_jpeg,ridge,0.05,all,image_gradient,0.75,768,1024,0.001284359833851887
0801,1.2,0.0196078431372549,blur_noise_jpeg,ridge,0.05,all,random_expected,0.75,768,1024,0.0012897479515589462
0801,1.2,0.0196078431372549,blur_noise_jpeg,ridge,0.05,all,oracle_error,0.75,768,1024,0.0010230104717745597
0801,1.2,0.0196078431372549,blur_noise_jpeg,ridge,0.05,all,operator_spread,0.9,922,1024,0.0012401807907412793
0801,1.2,0.0196078431372549,blur_noise_jpeg,ridge,0.05,all,measurement_noise_spread,0.9,922,1024,0.0012884637741164984
0801,1.2,0.0196078431372549,blur_noise_jpeg,ridge,0.05,all,measurement_residual,0.9,922,1024,0.0012049199476934763
0801,1.2,0.0196078431372549,blur_noise_jpeg,ridge,0.05,all,image_gradient,0.9,922,1024,0.0012347539937563377
0801,1.2,0.0196078431372549,blur_noise_jpeg,ridge,0.05,all,random_expected,0.9,922,1024,0.0012897479515589462
0801,1.2,0.0196078431372549,blur_noise_jpeg,ridge,0.05,all,oracle_error,0.9,922,1024,0.001176883315591046
0801,1.2,0.0196078431372549,blur_noise_jpeg,ridge,0.05,all,operator_spread,1.0,1024,1024,0.0012897479515589462
0801,1.2,0.0196078431372549,blur_noise_jpeg,ridge,0.05,all,measurement_noise_spread,1.0,1024,1024,0.0012897479515589462
0801,1.2,0.0196078431372549,blur_noise_jpeg,ridge,0.05,all,measurement_residual,1.0,1024,1024,0.0012897479515589462
0801,1.2,0.0196078431372549,blur_noise_jpeg,ridge,0.05,all,image_gradient,1.0,1024,1024,0.0012897479515589462
0801,1.2,0.0196078431372549,blur_noise_jpeg,ridge,0.05,all,random_expected,1.0,1024,1024,0.0012897479515589462
0801,1.2,0.0196078431372549,blur_noise_jpeg,ridge,0.05,all,oracle_error,1.0,1024,1024,0.0012897479515589462
0801,1.2,0.0196078431372549,blur_noise_jpeg,ridge,0.05,textured_quartile,operator_spread,0.5,128,256,0.0009728194905825628
0801,1.2,0.0196078431372549,blur_noise_jpeg,ridge,0.05,textured_quartile,measurement_noise_spread,0.5,128,256,0.001401486568467762
0801,1.2,0.0196078431372549,blur_noise_jpeg,ridge,0.05,textured_quartile,measurement_residual,0.5,128,256,0.0010350273387436254
0801,1.2,0.0196078431372549,blur_noise_jpeg,ridge,0.05,textured_quartile,image_gradient,0.5,128,256,0.000959334694626176
0801,1.2,0.0196078431372549,blur_noise_jpeg,ridge,0.05,textured_quartile,random_expected,0.5,128,256,0.0013031771203912308
0801,1.2,0.0196078431372549,blur_noise_jpeg,ridge,0.05,textured_quartile,oracle_error,0.5,128,256,0.0008499779641008623
0801,1.2,0.0196078431372549,blur_noise_jpeg,ridge,0.05,textured_quartile,operator_spread,0.75,192,256,0.0010751750129283086
0801,1.2,0.0196078431372549,blur_noise_jpeg,ridge,0.05,textured_quartile,measurement_noise_spread,0.75,192,256,0.0013338789856429426
0801,1.2,0.0196078431372549,blur_noise_jpeg,ridge,0.05,textured_quartile,measurement_residual,0.75,192,256,0.0011221618748511566
0801,1.2,0.0196078431372549,blur_noise_jpeg,ridge,0.05,textured_quartile,image_gradient,0.75,192,256,0.0010753215921847999
0801,1.2,0.0196078431372549,blur_noise_jpeg,ridge,0.05,textured_quartile,random_expected,0.75,192,256,0.0013031771203912308
0801,1.2,0.0196078431372549,blur_noise_jpeg,ridge,0.05,textured_quartile,oracle_error,0.75,192,256,0.0009922168891101837
0801,1.2,0.0196078431372549,blur_noise_jpeg,ridge,0.05,textured_quartile,operator_spread,0.9,231,256,0.0011894467825400072
0801,1.2,0.0196078431372549,blur_noise_jpeg,ridge,0.05,textured_quartile,measurement_noise_spread,0.9,231,256,0.001301191818252358
0801,1.2,0.0196078431372549,blur_noise_jpeg,ridge,0.05,textured_quartile,measurement_residual,0.9,231,256,0.001192226025202368
0801,1.2,0.0196078431372549,blur_noise_jpeg,ridge,0.05,textured_quartile,image_gradient,0.9,231,256,0.0011890640194752425
0801,1.2,0.0196078431372549,blur_noise_jpeg,ridge,0.05,textured_quartile,random_expected,0.9,231,256,0.0013031771203912308
0801,1.2,0.0196078431372549,blur_noise_jpeg,ridge,0.05,textured_quartile,oracle_error,0.9,231,256,0.001146891333513901
0801,1.2,0.0196078431372549,blur_noise_jpeg,ridge,0.05,textured_quartile,operator_spread,1.0,256,256,0.0013031771203912308
0801,1.2,0.0196078431372549,blur_noise_jpeg,ridge,0.05,textured_quartile,measurement_noise_spread,1.0,256,256,0.001303177120391231
0801,1.2,0.0196078431372549,blur_noise_jpeg,ridge,0.05,textured_quartile,measurement_residual,1.0,256,256,0.0013031771203912308
0801,1.2,0.0196078431372549,blur_noise_jpeg,ridge,0.05,textured_quartile,image_gradient,1.0,256,256,0.0013031771203912308
0801,1.2,0.0196078431372549,blur_noise_jpeg,ridge,0.05,textured_quartile,random_expected,1.0,256,256,0.0013031771203912308
0801,1.2,0.0196078431372549,blur_noise_jpeg,ridge,0.05,textured_quartile,oracle_error,1.0,256,256,0.0013031771203912308
0801,1.2,0.0196078431372549,blur_noise_jpeg,gradient,0.05,all,operator_spread,0.5,512,1024,0.00022860371930349247
0801,1.2,0.0196078431372549,blur_noise_jpeg,gradient,0.05,all,measurement_noise_spread,0.5,512,1024,0.00040261720173418835
0801,1.2,0.0196078431372549,blur_noise_jpeg,gradient,0.05,all,measurement_residual,0.5,512,1024,0.00024549704648782445
0801,1.2,0.0196078431372549,blur_noise_jpeg,gradient,0.05,all,image_gradient,0.5,512,1024,0.00024008382033674768
0801,1.2,0.0196078431372549,blur_noise_jpeg,gradient,0.05,all,random_expected,0.5,512,1024,0.0003856011251943897
0801,1.2,0.0196078431372549,blur_noise_jpeg,gradient,0.05,all,oracle_error,0.5,512,1024,0.00020715995452326094
0801,1.2,0.0196078431372549,blur_noise_jpeg,gradient,0.05,all,operator_spread,0.75,768,1024,0.0002645251308768098
0801,1.2,0.0196078431372549,blur_noise_jpeg,gradient,0.05,all,measurement_noise_spread,0.75,768,1024,0.00040167976626439525
0801,1.2,0.0196078431372549,blur_noise_jpeg,gradient,0.05,all,measurement_residual,0.75,768,1024,0.0002778247701543668
0801,1.2,0.0196078431372549,blur_noise_jpeg,gradient,0.05,all,image_gradient,0.75,768,1024,0.0002710023644527802
0801,1.2,0.0196078431372549,blur_noise_jpeg,gradient,0.05,all,random_expected,0.75,768,1024,0.0003856011251943897
0801,1.2,0.0196078431372549,blur_noise_jpeg,gradient,0.05,all,oracle_error,0.75,768,1024,0.00024172968380226513
0801,1.2,0.0196078431372549,blur_noise_jpeg,gradient,0.05,all,operator_spread,0.9,922,1024,0.00030520324337814385
0801,1.2,0.0196078431372549,blur_noise_jpeg,gradient,0.05,all,measurement_noise_spread,0.9,922,1024,0.00038922407980677916
0801,1.2,0.0196078431372549,blur_noise_jpeg,gradient,0.05,all,measurement_residual,0.9,922,1024,0.0003169951682324082
0801,1.2,0.0196078431372549,blur_noise_jpeg,gradient,0.05,all,image_gradient,0.9,922,1024,0.0003038458404025637
0801,1.2,0.0196078431372549,blur_noise_jpeg,gradient,0.05,all,random_expected,0.9,922,1024,0.0003856011251943897
0801,1.2,0.0196078431372549,blur_noise_jpeg,gradient,0.05,all,oracle_error,0.9,922,1024,0.00029053212036036174
0801,1.2,0.0196078431372549,blur_noise_jpeg,gradient,0.05,all,operator_spread,1.0,1024,1024,0.00038560112519438975
0801,1.2,0.0196078431372549,blur_noise_jpeg,gradient,0.05,all,measurement_noise_spread,1.0,1024,1024,0.0003856011251943897
0801,1.2,0.0196078431372549,blur_noise_jpeg,gradient,0.05,all,measurement_residual,1.0,1024,1024,0.0003856011251943897
0801,1.2,0.0196078431372549,blur_noise_jpeg,gradient,0.05,all,image_gradient,1.0,1024,1024,0.00038560112519438975
0801,1.2,0.0196078431372549,blur_noise_jpeg,gradient,0.05,all,random_expected,1.0,1024,1024,0.0003856011251943897
0801,1.2,0.0196078431372549,blur_noise_jpeg,gradient,0.05,all,oracle_error,1.0,1024,1024,0.0003856011251943897
0801,1.2,0.0196078431372549,blur_noise_jpeg,gradient,0.05,textured_quartile,operator_spread,0.5,128,256,0.0005185536762419721
0801,1.2,0.0196078431372549,blur_noise_jpeg,gradient,0.05,textured_quartile,measurement_noise_spread,0.5,128,256,0.0008271165692797691
0801,1.2,0.0196078431372549,blur_noise_jpeg,gradient,0.05,textured_quartile,measurement_residual,0.5,128,256,0.0005411234538605881
0801,1.2,0.0196078431372549,blur_noise_jpeg,gradient,0.05,textured_quartile,image_gradient,0.5,128,256,0.000528220547895369
0801,1.2,0.0196078431372549,blur_noise_jpeg,gradient,0.05,textured_quartile,random_expected,0.5,128,256,0.0007742933102471461
0801,1.2,0.0196078431372549,blur_noise_jpeg,gradient,0.05,textured_quartile,oracle_error,0.5,128,256,0.0004113099176392249
0801,1.2,0.0196078431372549,blur_noise_jpeg,gradient,0.05,textured_quartile,operator_spread,0.75,192,256,0.000607712925075737
0801,1.2,0.0196078431372549,blur_noise_jpeg,gradient,0.05,textured_quartile,measurement_noise_spread,0.75,192,256,0.0008100027674302106
0801,1.2,0.0196078431372549,blur_noise_jpeg,gradient,0.05,textured_quartile,measurement_residual,0.75,192,256,0.0006191635956289333
0801,1.2,0.0196078431372549,blur_noise_jpeg,gradient,0.05,textured_quartile,image_gradient,0.75,192,256,0.0006081827045693922
0801,1.2,0.0196078431372549,blur_noise_jpeg,gradient,0.05,textured_quartile,random_expected,0.75,192,256,0.0007742933102471461
0801,1.2,0.0196078431372549,blur_noise_jpeg,gradient,0.05,textured_quartile,oracle_error,0.75,192,256,0.0005425245853821732
0801,1.2,0.0196078431372549,blur_noise_jpeg,gradient,0.05,textured_quartile,operator_spread,0.9,231,256,0.0006924342080255514
0801,1.2,0.0196078431372549,blur_noise_jpeg,gradient,0.05,textured_quartile,measurement_noise_spread,0.9,231,256,0.0007799996050641601
0801,1.2,0.0196078431372549,blur_noise_jpeg,gradient,0.05,textured_quartile,measurement_residual,0.9,231,256,0.0006981777944895309
0801,1.2,0.0196078431372549,blur_noise_jpeg,gradient,0.05,textured_quartile,image_gradient,0.9,231,256,0.0006885318171146359
0801,1.2,0.0196078431372549,blur_noise_jpeg,gradient,0.05,textured_quartile,random_expected,0.9,231,256,0.0007742933102471461
0801,1.2,0.0196078431372549,blur_noise_jpeg,gradient,0.05,textured_quartile,oracle_error,0.9,231,256,0.0006529276653675244
0801,1.2,0.0196078431372549,blur_noise_jpeg,gradient,0.05,textured_quartile,operator_spread,1.0,256,256,0.0007742933102471461
0801,1.2,0.0196078431372549,blur_noise_jpeg,gradient,0.05,textured_quartile,measurement_noise_spread,1.0,256,256,0.000774293310247146
0801,1.2,0.0196078431372549,blur_noise_jpeg,gradient,0.05,textured_quartile,measurement_residual,1.0,256,256,0.000774293310247146
0801,1.2,0.0196078431372549,blur_noise_jpeg,gradient,0.05,textured_quartile,image_gradient,1.0,256,256,0.000774293310247146
0801,1.2,0.0196078431372549,blur_noise_jpeg,gradient,0.05,textured_quartile,random_expected,1.0,256,256,0.0007742933102471461
0801,1.2,0.0196078431372549,blur_noise_jpeg,gradient,0.05,textured_quartile,oracle_error,1.0,256,256,0.000774293310247146
0801,1.6,0.00784313725490196,blur_noise,ridge,0.05,all,operator_spread,0.5,512,1024,0.0012380755306126518
0801,1.6,0.00784313725490196,blur_noise,ridge,0.05,all,measurement_noise_spread,0.5,512,1024,0.0012786990958391718
0801,1.6,0.00784313725490196,blur_noise,ridge,0.05,all,measurement_residual,0.5,512,1024,0.0009142635858155155
0801,1.6,0.00784313725490196,blur_noise,ridge,0.05,all,image_gradient,0.5,512,1024,0.0013390711950761881
0801,1.6,0.00784313725490196,blur_noise,ridge,0.05,all,random_expected,0.5,512,1024,0.0012811150768180415
0801,1.6,0.00784313725490196,blur_noise,ridge,0.05,all,oracle_error,0.5,512,1024,0.0006919233527707292
0801,1.6,0.00784313725490196,blur_noise,ridge,0.05,all,operator_spread,0.75,768,1024,0.0011470323327291733
0801,1.6,0.00784313725490196,blur_noise,ridge,0.05,all,measurement_noise_spread,0.75,768,1024,0.0012875174029916942
0801,1.6,0.00784313725490196,blur_noise,ridge,0.05,all,measurement_residual,0.75,768,1024,0.001098992443160039
0801,1.6,0.00784313725490196,blur_noise,ridge,0.05,all,image_gradient,0.75,768,1024,0.0011614683838779625
0801,1.6,0.00784313725490196,blur_noise,ridge,0.05,all,random_expected,0.75,768,1024,0.0012811150768180415
0801,1.6,0.00784313725490196,blur_noise,ridge,0.05,all,oracle_error,0.75,768,1024,0.0009573795710102181
0801,1.6,0.00784313725490196,blur_noise,ridge,0.05,all,operator_spread,0.9,922,1024,0.001144144959205294
0801,1.6,0.00784313725490196,blur_noise,ridge,0.05,all,measurement_noise_spread,0.9,922,1024,0.0012738227528029645
0801,1.6,0.00784313725490196,blur_noise,ridge,0.05,all,measurement_residual,0.9,922,1024,0.0012118282168359464
0801,1.6,0.00784313725490196,blur_noise,ridge,0.05,all,image_gradient,0.9,922,1024,0.0011410466071947393
0801,1.6,0.00784313725490196,blur_noise,ridge,0.05,all,random_expected,0.9,922,1024,0.0012811150768180415
0801,1.6,0.00784313725490196,blur_noise,ridge,0.05,all,oracle_error,0.9,922,1024,0.0011048362225214354
0801,1.6,0.00784313725490196,blur_noise,ridge,0.05,all,operator_spread,1.0,1024,1024,0.0012811150768180415
0801,1.6,0.00784313725490196,blur_noise,ridge,0.05,all,measurement_noise_spread,1.0,1024,1024,0.0012811150768180417
0801,1.6,0.00784313725490196,blur_noise,ridge,0.05,all,measurement_residual,1.0,1024,1024,0.0012811150768180417
0801,1.6,0.00784313725490196,blur_noise,ridge,0.05,all,image_gradient,1.0,1024,1024,0.0012811150768180415
0801,1.6,0.00784313725490196,blur_noise,ridge,0.05,all,random_expected,1.0,1024,1024,0.0012811150768180415
0801,1.6,0.00784313725490196,blur_noise,ridge,0.05,all,oracle_error,1.0,1024,1024,0.0012811150768180415
0801,1.6,0.00784313725490196,blur_noise,ridge,0.05,textured_quartile,operator_spread,0.5,128,256,0.001010689745083464
0801,1.6,0.00784313725490196,blur_noise,ridge,0.05,textured_quartile,measurement_noise_spread,0.5,128,256,0.001743552527171633
0801,1.6,0.00784313725490196,blur_noise,ridge,0.05,textured_quartile,measurement_residual,0.5,128,256,0.0012838514349258552
0801,1.6,0.00784313725490196,blur_noise,ridge,0.05,textured_quartile,image_gradient,0.5,128,256,0.0010466400357573235
0801,1.6,0.00784313725490196,blur_noise,ridge,0.05,textured_quartile,random_expected,0.5,128,256,0.0016731244756546045
0801,1.6,0.00784313725490196,blur_noise,ridge,0.05,textured_quartile,oracle_error,0.5,128,256,0.000886396841709656
0801,1.6,0.00784313725490196,blur_noise,ridge,0.05,textured_quartile,operator_spread,0.75,192,256,0.0012462197070365522
0801,1.6,0.00784313725490196,blur_noise,ridge,0.05,textured_quartile,measurement_noise_spread,0.75,192,256,0.0016940922279183503
0801,1.6,0.00784313725490196,blur_noise,ridge,0.05,textured_quartile,measurement_residual,0.75,192,256,0.0014113734775760174
0801,1.6,0.00784313725490196,blur_noise,ridge,0.05,textured_quartile,image_gradient,0.75,192,256,0.0012190253241965321
0801,1.6,0.00784313725490196,blur_noise,ridge,0.05,textured_quartile,random_expected,0.75,192,256,0.0016731244756546045
0801,1.6,0.00784313725490196,blur_noise,ridge,0.05,textured_quartile,oracle_error,0.75,192,256,0.0011157004744070083
0801,1.6,0.00784313725490196,blur_noise,ridge,0.05,textured_quartile,operator_spread,0.9,231,256,0.001410352824082523
0801,1.6,0.00784313725490196,blur_noise,ridge,0.05,textured_quartile,measurement_noise_spread,0.9,231,256,0.0016571376225977478
0801,1.6,0.00784313725490196,blur_noise,ridge,0.05,textured_quartile,measurement_residual,0.9,231,256,0.0015126966188740828
0801,1.6,0.00784313725490196,blur_noise,ridge,0.05,textured_quartile,image_gradient,0.9,231,256,0.0014603181496410371
0801,1.6,0.00784313725490196,blur_noise,ridge,0.05,textured_quartile,random_expected,0.9,231,256,0.0016731244756546045
0801,1.6,0.00784313725490196,blur_noise,ridge,0.05,textured_quartile,oracle_error,0.9,231,256,0.0013764941586034516
0801,1.6,0.00784313725490196,blur_noise,ridge,0.05,textured_quartile,operator_spread,1.0,256,256,0.0016731244756546045
0801,1.6,0.00784313725490196,blur_noise,ridge,0.05,textured_quartile,measurement_noise_spread,1.0,256,256,0.0016731244756546047
0801,1.6,0.00784313725490196,blur_noise,ridge,0.05,textured_quartile,measurement_residual,1.0,256,256,0.0016731244756546047
0801,1.6,0.00784313725490196,blur_noise,ridge,0.05,textured_quartile,image_gradient,1.0,256,256,0.0016731244756546047
0801,1.6,0.00784313725490196,blur_noise,ridge,0.05,textured_quartile,random_expected,1.0,256,256,0.0016731244756546045
0801,1.6,0.00784313725490196,blur_noise,ridge,0.05,textured_quartile,oracle_error,1.0,256,256,0.0016731244756546045
0801,1.6,0.00784313725490196,blur_noise,gradient,0.05,all,operator_spread,0.5,512,1024,0.00012785750832344046
0801,1.6,0.00784313725490196,blur_noise,gradient,0.05,all,measurement_noise_spread,0.5,512,1024,0.00040840299092679243
0801,1.6,0.00784313725490196,blur_noise,gradient,0.05,all,measurement_residual,0.5,512,1024,0.00026304315930445886
0801,1.6,0.00784313725490196,blur_noise,gradient,0.05,all,image_gradient,0.5,512,1024,0.00014824985580575798
0801,1.6,0.00784313725490196,blur_noise,gradient,0.05,all,random_expected,0.5,512,1024,0.000402384483205356
0801,1.6,0.00784313725490196,blur_noise,gradient,0.05,all,oracle_error,0.5,512,1024,9.439204845079311e-05
0801,1.6,0.00784313725490196,blur_noise,gradient,0.05,all,operator_spread,0.75,768,1024,0.0001718517344924315
0801,1.6,0.00784313725490196,blur_noise,gradient,0.05,all,measurement_noise_spread,0.75,768,1024,0.00041411716891820476
0801,1.6,0.00784313725490196,blur_noise,gradient,0.05,all,measurement_residual,0.75,768,1024,0.0002936018464105451
0801,1.6,0.00784313725490196,blur_noise,gradient,0.05,all,image_gradient,0.75,768,1024,0.00018227582799428555
0801,1.6,0.00784313725490196,blur_noise,gradient,0.05,all,random_expected,0.75,768,1024,0.000402384483205356
0801,1.6,0.00784313725490196,blur_noise,gradient,0.05,all,oracle_error,0.75,768,1024,0.00014333226477016004
0801,1.6,0.00784313725490196,blur_noise,gradient,0.05,all,operator_spread,0.9,922,1024,0.00024582220367107743
0801,1.6,0.00784313725490196,blur_noise,gradient,0.05,all,measurement_noise_spread,0.9,922,1024,0.00040739783276210145
0801,1.6,0.00784313725490196,blur_noise,gradient,0.05,all,measurement_residual,0.9,922,1024,0.0003183605988532882
0801,1.6,0.00784313725490196,blur_noise,gradient,0.05,all,image_gradient,0.9,922,1024,0.00024427852954598595
0801,1.6,0.00784313725490196,blur_noise,gradient,0.05,all,random_expected,0.9,922,1024,0.000402384483205356
0801,1.6,0.00784313725490196,blur_noise,gradient,0.05,all,oracle_error,0.9,922,1024,0.00022321169424777105
0801,1.6,0.00784313725490196,blur_noise,gradient,0.05,all,operator_spread,1.0,1024,1024,0.0004023844832053559
0801,1.6,0.00784313725490196,blur_noise,gradient,0.05,all,measurement_noise_spread,1.0,1024,1024,0.000402384483205356
0801,1.6,0.00784313725490196,blur_noise,gradient,0.05,all,measurement_residual,1.0,1024,1024,0.000402384483205356
0801,1.6,0.00784313725490196,blur_noise,gradient,0.05,all,image_gradient,1.0,1024,1024,0.000402384483205356
0801,1.6,0.00784313725490196,blur_noise,gradient,0.05,all,random_expected,1.0,1024,1024,0.000402384483205356
0801,1.6,0.00784313725490196,blur_noise,gradient,0.05,all,oracle_error,1.0,1024,1024,0.000402384483205356
0801,1.6,0.00784313725490196,blur_noise,gradient,0.05,textured_quartile,operator_spread,0.5,128,256,0.0006088873295383081
0801,1.6,0.00784313725490196,blur_noise,gradient,0.05,textured_quartile,measurement_noise_spread,0.5,128,256,0.0011354382700114198
0801,1.6,0.00784313725490196,blur_noise,gradient,0.05,textured_quartile,measurement_residual,0.5,128,256,0.0008170954149885424
0801,1.6,0.00784313725490196,blur_noise,gradient,0.05,textured_quartile,image_gradient,0.5,128,256,0.0006572400504830831
0801,1.6,0.00784313725490196,blur_noise,gradient,0.05,textured_quartile,random_expected,0.5,128,256,0.0011409477711092774
0801,1.6,0.00784313725490196,blur_noise,gradient,0.05,textured_quartile,oracle_error,0.5,128,256,0.0004880833453667063
0801,1.6,0.00784313725490196,blur_noise,gradient,0.05,textured_quartile,operator_spread,0.75,192,256,0.0008181045376028269
0801,1.6,0.00784313725490196,blur_noise,gradient,0.05,textured_quartile,measurement_noise_spread,0.75,192,256,0.001173744282391746
0801,1.6,0.00784313725490196,blur_noise,gradient,0.05,textured_quartile,measurement_residual,0.75,192,256,0.0009008925037588132
0801,1.6,0.00784313725490196,blur_noise,gradient,0.05,textured_quartile,image_gradient,0.75,192,256,0.0007772187929918822
0801,1.6,0.00784313725490196,blur_noise,gradient,0.05,textured_quartile,random_expected,0.75,192,256,0.0011409477711092774
0801,1.6,0.00784313725490196,blur_noise,gradient,0.05,textured_quartile,oracle_error,0.75,192,256,0.0006894242382893305
0801,1.6,0.00784313725490196,blur_noise,gradient,0.05,textured_quartile,operator_spread,0.9,231,256,0.0009342438779335126
0801,1.6,0.00784313725490196,blur_noise,gradient,0.05,textured_quartile,measurement_noise_spread,0.9,231,256,0.0011561392726216983
0801,1.6,0.00784313725490196,blur_noise,gradient,0.05,textured_quartile,measurement_residual,0.9,231,256,0.0009795011277507087
0801,1.6,0.00784313725490196,blur_noise,gradient,0.05,textured_quartile,image_gradient,0.9,231,256,0.0009783356897826048
0801,1.6,0.00784313725490196,blur_noise,gradient,0.05,textured_quartile,random_expected,0.9,231,256,0.0011409477711092774
0801,1.6,0.00784313725490196,blur_noise,gradient,0.05,textured_quartile,oracle_error,0.9,231,256,0.0009048749320719056
0801,1.6,0.00784313725490196,blur_noise,gradient,0.05,textured_quartile,operator_spread,1.0,256,256,0.0011409477711092774
0801,1.6,0.00784313725490196,blur_noise,gradient,0.05,textured_quartile,measurement_noise_spread,1.0,256,256,0.0011409477711092774
0801,1.6,0.00784313725490196,blur_noise,gradient,0.05,textured_quartile,measurement_residual,1.0,256,256,0.0011409477711092774
0801,1.6,0.00784313725490196,blur_noise,gradient,0.05,textured_quartile,image_gradient,1.0,256,256,0.0011409477711092774
0801,1.6,0.00784313725490196,blur_noise,gradient,0.05,textured_quartile,random_expected,1.0,256,256,0.0011409477711092774
0801,1.6,0.00784313725490196,blur_noise,gradient,0.05,textured_quartile,oracle_error,1.0,256,256,0.0011409477711092774
0801,1.6,0.00784313725490196,blur_noise_jpeg,ridge,0.05,all,operator_spread,0.5,512,1024,0.001285089016822017
0801,1.6,0.00784313725490196,blur_noise_jpeg,ridge,0.05,all,measurement_noise_spread,0.5,512,1024,0.0012705356996069624
0801,1.6,0.00784313725490196,blur_noise_jpeg,ridge,0.05,all,measurement_residual,0.5,512,1024,0.0009408520375466038
0801,1.6,0.00784313725490196,blur_noise_jpeg,ridge,0.05,all,image_gradient,0.5,512,1024,0.0012844985497666068
0801,1.6,0.00784313725490196,blur_noise_jpeg,ridge,0.05,all,random_expected,0.5,512,1024,0.0012738864694367695
0801,1.6,0.00784313725490196,blur_noise_jpeg,ridge,0.05,all,oracle_error,0.5,512,1024,0.0006982630127358906
0801,1.6,0.00784313725490196,blur_noise_jpeg,ridge,0.05,all,operator_spread,0.75,768,1024,0.0011276398928489234
0801,1.6,0.00784313725490196,blur_noise_jpeg,ridge,0.05,all,measurement_noise_spread,0.75,768,1024,0.001281668372159139
0801,1.6,0.00784313725490196,blur_noise_jpeg,ridge,0.05,all,measurement_residual,0.75,768,1024,0.0011139999005843656
0801,1.6,0.00784313725490196,blur_noise_jpeg,ridge,0.05,all,image_gradient,0.75,768,1024,0.0011305241802216346
0801,1.6,0.00784313725490196,blur_noise_jpeg,ridge,0.05,all,random_expected,0.75,768,1024,0.0012738864694367695
0801,1.6,0.00784313725490196,blur_noise_jpeg,ridge,0.05,all,oracle_error,0.75,768,1024,0.0009493796253828317
0801,1.6,0.00784313725490196,blur_noise_jpeg,ridge,0.05,all,operator_spread,0.9,922,1024,0.0011265645867761089
0801,1.6,0.00784313725490196,blur_noise_jpeg,ridge,0.05,all,measurement_noise_spread,0.9,922,1024,0.0012686864573989518
0801,1.6,0.00784313725490196,blur_noise_jpeg,ridge,0.05,all,measurement_residual,0.9,922,1024,0.0012124099033377724
0801,1.6,0.00784313725490196,blur_noise_jpeg,ridge,0.05,all,image_gradient,0.9,922,1024,0.001120745376273534
0801,1.6,0.00784313725490196,blur_noise_jpeg,ridge,0.05,all,random_expected,0.9,922,1024,0.0012738864694367695
0801,1.6,0.00784313725490196,blur_noise_jpeg,ridge,0.05,all,oracle_error,0.9,922,1024,0.0010907413481031716
0801,1.6,0.00784313725490196,blur_noise_jpeg,ridge,0.05,all,operator_spread,1.0,1024,1024,0.0012738864694367695
0801,1.6,0.00784313725490196,blur_noise_jpeg,ridge,0.05,all,measurement_noise_spread,1.0,1024,1024,0.0012738864694367695
0801,1.6,0.00784313725490196,blur_noise_jpeg,ridge,0.05,all,measurement_residual,1.0,1024,1024,0.0012738864694367695
0801,1.6,0.00784313725490196,blur_noise_jpeg,ridge,0.05,all,image_gradient,1.0,1024,1024,0.0012738864694367695
0801,1.6,0.00784313725490196,blur_noise_jpeg,ridge,0.05,all,random_expected,1.0,1024,1024,0.0012738864694367695
0801,1.6,0.00784313725490196,blur_noise_jpeg,ridge,0.05,all,oracle_error,1.0,1024,1024,0.0012738864694367695
0801,1.6,0.00784313725490196,blur_noise_jpeg,ridge,0.05,textured_quartile,operator_spread,0.5,128,256,0.00111137980521574
0801,1.6,0.00784313725490196,blur_noise_jpeg,ridge,0.05,textured_quartile,measurement_noise_spread,0.5,128,256,0.0018104891240999152
0801,1.6,0.00784313725490196,blur_noise_jpeg,ridge,0.05,textured_quartile,measurement_residual,0.5,128,256,0.0013847333956868138
0801,1.6,0.00784313725490196,blur_noise_jpeg,ridge,0.05,textured_quartile,image_gradient,0.5,128,256,0.0011016926184436837
0801,1.6,0.00784313725490196,blur_noise_jpeg,ridge,0.05,textured_quartile,random_expected,0.5,128,256,0.001744134480681384
0801,1.6,0.00784313725490196,blur_noise_jpeg,ridge,0.05,textured_quartile,oracle_error,0.5,128,256,0.0009394694710325017
0801,1.6,0.00784313725490196,blur_noise_jpeg,ridge,0.05,textured_quartile,operator_spread,0.75,192,256,0.0013126564353548146
0801,1.6,0.00784313725490196,blur_noise_jpeg,ridge,0.05,textured_quartile,measurement_noise_spread,0.75,192,256,0.0017625881388095143
0801,1.6,0.00784313725490196,blur_noise_jpeg,ridge,0.05,textured_quartile,measurement_residual,0.75,192,256,0.0014796831761296851
0801,1.6,0.00784313725490196,blur_noise_jpeg,ridge,0.05,textured_quartile,image_gradient,0.75,192,256,0.001277241357302698
0801,1.6,0.00784313725490196,blur_noise_jpeg,ridge,0.05,textured_quartile,random_expected,0.75,192,256,0.001744134480681384
0801,1.6,0.00784313725490196,blur_noise_jpeg,ridge,0.05,textured_quartile,oracle_error,0.75,192,256,0.0011784627813451356
0801,1.6,0.00784313725490196,blur_noise_jpeg,ridge,0.05,textured_quartile,operator_spread,0.9,231,256,0.0014993019025254554
0801,1.6,0.00784313725490196,blur_noise_jpeg,ridge,0.05,textured_quartile,measurement_noise_spread,0.9,231,256,0.0017247191813259026
0801,1.6,0.00784313725490196,blur_noise_jpeg,ridge,0.05,textured_quartile,measurement_residual,0.9,231,256,0.001592315013440988
0801,1.6,0.00784313725490196,blur_noise_jpeg,ridge,0.05,textured_quartile,image_gradient,0.9,231,256,0.0015231018376143147
0801,1.6,0.00784313725490196,blur_noise_jpeg,ridge,0.05,textured_quartile,random_expected,0.9,231,256,0.001744134480681384
0801,1.6,0.00784313725490196,blur_noise_jpeg,ridge,0.05,textured_quartile,oracle_error,0.9,231,256,0.0014453641660208303
0801,1.6,0.00784313725490196,blur_noise_jpeg,ridge,0.05,textured_quartile,operator_spread,1.0,256,256,0.0017441344806813843
0801,1.6,0.00784313725490196,blur_noise_jpeg,ridge,0.05,textured_quartile,measurement_noise_spread,1.0,256,256,0.001744134480681384
0801,1.6,0.00784313725490196,blur_noise_jpeg,ridge,0.05,textured_quartile,measurement_residual,1.0,256,256,0.001744134480681384
0801,1.6,0.00784313725490196,blur_noise_jpeg,ridge,0.05,textured_quartile,image_gradient,1.0,256,256,0.001744134480681384
0801,1.6,0.00784313725490196,blur_noise_jpeg,ridge,0.05,textured_quartile,random_expected,1.0,256,256,0.001744134480681384
0801,1.6,0.00784313725490196,blur_noise_jpeg,ridge,0.05,textured_quartile,oracle_error,1.0,256,256,0.0017441344806813843
0801,1.6,0.00784313725490196,blur_noise_jpeg,gradient,0.05,all,operator_spread,0.5,512,1024,0.00013820700535191693
0801,1.6,0.00784313725490196,blur_noise_jpeg,gradient,0.05,all,measurement_noise_spread,0.5,512,1024,0.00044098545356912146
0801,1.6,0.00784313725490196,blur_noise_jpeg,gradient,0.05,all,measurement_residual,0.5,512,1024,0.00015023209223822152
0801,1.6,0.00784313725490196,blur_noise_jpeg,gradient,0.05,all,image_gradient,0.5,512,1024,0.0001526866297092051
0801,1.6,0.00784313725490196,blur_noise_jpeg,gradient,0.05,all,random_expected,0.5,512,1024,0.00043308017122319
0801,1.6,0.00784313725490196,blur_noise_jpeg,gradient,0.05,all,oracle_error,0.5,512,1024,9.988192334132387e-05
0801,1.6,0.00784313725490196,blur_noise_jpeg,gradient,0.05,all,operator_spread,0.75,768,1024,0.00019624483435210275
0801,1.6,0.00784313725490196,blur_noise_jpeg,gradient,0.05,all,measurement_noise_spread,0.75,768,1024,0.0004468301137020663
0801,1.6,0.00784313725490196,blur_noise_jpeg,gradient,0.05,all,measurement_residual,0.75,768,1024,0.00021464428588359552
0801,1.6,0.00784313725490196,blur_noise_jpeg,gradient,0.05,all,image_gradient,0.75,768,1024,0.00020102091450032423
0801,1.6,0.00784313725490196,blur_noise_jpeg,gradient,0.05,all,random_expected,0.75,768,1024,0.00043308017122319
0801,1.6,0.00784313725490196,blur_noise_jpeg,gradient,0.05,all,oracle_error,0.75,768,1024,0.00016017644755973837
0801,1.6,0.00784313725490196,blur_noise_jpeg,gradient,0.05,all,operator_spread,0.9,922,1024,0.0002733400576680413
0801,1.6,0.00784313725490196,blur_noise_jpeg,gradient,0.05,all,measurement_noise_spread,0.9,922,1024,0.00043782682138159706
0801,1.6,0.00784313725490196,blur_noise_jpeg,gradient,0.05,all,measurement_residual,0.9,922,1024,0.0002805721944298508
0801,1.6,0.00784313725490196,blur_noise_jpeg,gradient,0.05,all,image_gradient,0.9,922,1024,0.000268094198561617
0801,1.6,0.00784313725490196,blur_noise_jpeg,gradient,0.05,all,random_expected,0.9,922,1024,0.00043308017122319
0801,1.6,0.00784313725490196,blur_noise_jpeg,gradient,0.05,all,oracle_error,0.9,922,1024,0.0002477696433915327
0801,1.6,0.00784313725490196,blur_noise_jpeg,gradient,0.05,all,operator_spread,1.0,1024,1024,0.00043308017122319
0801,1.6,0.00784313725490196,blur_noise_jpeg,gradient,0.05,all,measurement_noise_spread,1.0,1024,1024,0.00043308017122319
0801,1.6,0.00784313725490196,blur_noise_jpeg,gradient,0.05,all,measurement_residual,1.0,1024,1024,0.00043308017122319
0801,1.6,0.00784313725490196,blur_noise_jpeg,gradient,0.05,all,image_gradient,1.0,1024,1024,0.00043308017122319005
0801,1.6,0.00784313725490196,blur_noise_jpeg,gradient,0.05,all,random_expected,1.0,1024,1024,0.00043308017122319
0801,1.6,0.00784313725490196,blur_noise_jpeg,gradient,0.05,all,oracle_error,1.0,1024,1024,0.00043308017122319
0801,1.6,0.00784313725490196,blur_noise_jpeg,gradient,0.05,textured_quartile,operator_spread,0.5,128,256,0.000710007021657806
0801,1.6,0.00784313725490196,blur_noise_jpeg,gradient,0.05,textured_quartile,measurement_noise_spread,0.5,128,256,0.001210319766809346
0801,1.6,0.00784313725490196,blur_noise_jpeg,gradient,0.05,textured_quartile,measurement_residual,0.5,128,256,0.0007964861804457351
0801,1.6,0.00784313725490196,blur_noise_jpeg,gradient,0.05,textured_quartile,image_gradient,0.5,128,256,0.0007117124464355883
0801,1.6,0.00784313725490196,blur_noise_jpeg,gradient,0.05,textured_quartile,random_expected,0.5,128,256,0.0012151006267468857
0801,1.6,0.00784313725490196,blur_noise_jpeg,gradient,0.05,textured_quartile,oracle_error,0.5,128,256,0.0005510393131647903
0801,1.6,0.00784313725490196,blur_noise_jpeg,gradient,0.05,textured_quartile,operator_spread,0.75,192,256,0.0008760570939417113
0801,1.6,0.00784313725490196,blur_noise_jpeg,gradient,0.05,textured_quartile,measurement_noise_spread,0.75,192,256,0.001248520390860374
0801,1.6,0.00784313725490196,blur_noise_jpeg,gradient,0.05,textured_quartile,measurement_residual,0.75,192,256,0.0009564117432194879
0801,1.6,0.00784313725490196,blur_noise_jpeg,gradient,0.05,textured_quartile,image_gradient,0.75,192,256,0.000849815078878627
0801,1.6,0.00784313725490196,blur_noise_jpeg,gradient,0.05,textured_quartile,random_expected,0.75,192,256,0.0012151006267468857
0801,1.6,0.00784313725490196,blur_noise_jpeg,gradient,0.05,textured_quartile,oracle_error,0.75,192,256,0.0007589856329817821
0801,1.6,0.00784313725490196,blur_noise_jpeg,gradient,0.05,textured_quartile,operator_spread,0.9,231,256,0.0010093114305207889
0801,1.6,0.00784313725490196,blur_noise_jpeg,gradient,0.05,textured_quartile,measurement_noise_spread,0.9,231,256,0.0012285611429470752
0801,1.6,0.00784313725490196,blur_noise_jpeg,gradient,0.05,textured_quartile,measurement_residual,0.9,231,256,0.001063919617273219
0801,1.6,0.00784313725490196,blur_noise_jpeg,gradient,0.05,textured_quartile,image_gradient,0.9,231,256,0.0010525169012684736
0801,1.6,0.00784313725490196,blur_noise_jpeg,gradient,0.05,textured_quartile,random_expected,0.9,231,256,0.0012151006267468857
0801,1.6,0.00784313725490196,blur_noise_jpeg,gradient,0.05,textured_quartile,oracle_error,0.9,231,256,0.0009784333926696896
0801,1.6,0.00784313725490196,blur_noise_jpeg,gradient,0.05,textured_quartile,operator_spread,1.0,256,256,0.0012151006267468857
0801,1.6,0.00784313725490196,blur_noise_jpeg,gradient,0.05,textured_quartile,measurement_noise_spread,1.0,256,256,0.0012151006267468857
0801,1.6,0.00784313725490196,blur_noise_jpeg,gradient,0.05,textured_quartile,measurement_residual,1.0,256,256,0.0012151006267468855
0801,1.6,0.00784313725490196,blur_noise_jpeg,gradient,0.05,textured_quartile,image_gradient,1.0,256,256,0.0012151006267468857
0801,1.6,0.00784313725490196,blur_noise_jpeg,gradient,0.05,textured_quartile,random_expected,1.0,256,256,0.0012151006267468857
0801,1.6,0.00784313725490196,blur_noise_jpeg,gradient,0.05,textured_quartile,oracle_error,1.0,256,256,0.0012151006267468857
0801,1.6,0.0196078431372549,blur_noise,ridge,0.05,all,operator_spread,0.5,512,1024,0.001592516857412901
0801,1.6,0.0196078431372549,blur_noise,ridge,0.05,all,measurement_noise_spread,0.5,512,1024,0.0016924751703809534
0801,1.6,0.0196078431372549,blur_noise,ridge,0.05,all,measurement_residual,0.5,512,1024,0.0013855411754905723
0801,1.6,0.0196078431372549,blur_noise,ridge,0.05,all,image_gradient,0.5,512,1024,0.0018189958409647528
0801,1.6,0.0196078431372549,blur_noise,ridge,0.05,all,random_expected,0.5,512,1024,0.001766537335311106
0801,1.6,0.0196078431372549,blur_noise,ridge,0.05,all,oracle_error,0.5,512,1024,0.0011743491131897532
0801,1.6,0.0196078431372549,blur_noise,ridge,0.05,all,operator_spread,0.75,768,1024,0.0016439440090286791
0801,1.6,0.0196078431372549,blur_noise,ridge,0.05,all,measurement_noise_spread,0.75,768,1024,0.0017373245224490692
0801,1.6,0.0196078431372549,blur_noise,ridge,0.05,all,measurement_residual,0.75,768,1024,0.00158510006064716
0801,1.6,0.0196078431372549,blur_noise,ridge,0.05,all,image_gradient,0.75,768,1024,0.0016409396281887097
0801,1.6,0.0196078431372549,blur_noise,ridge,0.05,all,random_expected,0.75,768,1024,0.001766537335311106
0801,1.6,0.0196078431372549,blur_noise,ridge,0.05,all,oracle_error,0.75,768,1024,0.001440499210833138
0801,1.6,0.0196078431372549,blur_noise,ridge,0.05,all,operator_spread,0.9,922,1024,0.0016743450314180412
0801,1.6,0.0196078431372549,blur_noise,ridge,0.05,all,measurement_noise_spread,0.9,922,1024,0.0017602005517102844
0801,1.6,0.0196078431372549,blur_noise,ridge,0.05,all,measurement_residual,0.9,922,1024,0.0016971160915792386
0801,1.6,0.0196078431372549,blur_noise,ridge,0.05,all,image_gradient,0.9,922,1024,0.001625917521890336
0801,1.6,0.0196078431372549,blur_noise,ridge,0.05,all,random_expected,0.9,922,1024,0.001766537335311106
0801,1.6,0.0196078431372549,blur_noise,ridge,0.05,all,oracle_error,0.9,922,1024,0.0015888178855701324
0801,1.6,0.0196078431372549,blur_noise,ridge,0.05,all,operator_spread,1.0,1024,1024,0.0017665373353111058
0801,1.6,0.0196078431372549,blur_noise,ridge,0.05,all,measurement_noise_spread,1.0,1024,1024,0.001766537335311106
0801,1.6,0.0196078431372549,blur_noise,ridge,0.05,all,measurement_residual,1.0,1024,1024,0.001766537335311106
0801,1.6,0.0196078431372549,blur_noise,ridge,0.05,all,image_gradient,1.0,1024,1024,0.001766537335311106
0801,1.6,0.0196078431372549,blur_noise,ridge,0.05,all,random_expected,1.0,1024,1024,0.001766537335311106
0801,1.6,0.0196078431372549,blur_noise,ridge,0.05,all,oracle_error,1.0,1024,1024,0.001766537335311106
0801,1.6,0.0196078431372549,blur_noise,ridge,0.05,textured_quartile,operator_spread,0.5,128,256,0.0016948496433833765
0801,1.6,0.0196078431372549,blur_noise,ridge,0.05,textured_quartile,measurement_noise_spread,0.5,128,256,0.002011975311883818
0801,1.6,0.0196078431372549,blur_noise,ridge,0.05,textured_quartile,measurement_residual,0.5,128,256,0.0017114551792856095
0801,1.6,0.0196078431372549,blur_noise,ridge,0.05,textured_quartile,image_gradient,0.5,128,256,0.001526108354644161
0801,1.6,0.0196078431372549,blur_noise,ridge,0.05,textured_quartile,random_expected,0.5,128,256,0.0021609688451120317
0801,1.6,0.0196078431372549,blur_noise,ridge,0.05,textured_quartile,oracle_error,0.5,128,256,0.0013705918592054121
0801,1.6,0.0196078431372549,blur_noise,ridge,0.05,textured_quartile,operator_spread,0.75,192,256,0.0018423830421761842
0801,1.6,0.0196078431372549,blur_noise,ridge,0.05,textured_quartile,measurement_noise_spread,0.75,192,256,0.0020746890215660534
0801,1.6,0.0196078431372549,blur_noise,ridge,0.05,textured_quartile,measurement_residual,0.75,192,256,0.00189184700155017
0801,1.6,0.0196078431372549,blur_noise,ridge,0.05,textured_quartile,image_gradient,0.75,192,256,0.0017052512274393298
0801,1.6,0.0196078431372549,blur_noise,ridge,0.05,textured_quartile,random_expected,0.75,192,256,0.0021609688451120317
0801,1.6,0.0196078431372549,blur_noise,ridge,0.05,textured_quartile,oracle_error,0.75,192,256,0.0016036436129522177
0801,1.6,0.0196078431372549,blur_noise,ridge,0.05,textured_quartile,operator_spread,0.9,231,256,0.001963289104156721
0801,1.6,0.0196078431372549,blur_noise,ridge,0.05,textured_quartile,measurement_noise_spread,0.9,231,256,0.002108334800239177
0801,1.6,0.0196078431372549,blur_noise,ridge,0.05,textured_quartile,measurement_residual,0.9,231,256,0.001999752187738647
0801,1.6,0.0196078431372549,blur_noise,ridge,0.05,textured_quartile,image_gradient,0.9,231,256,0.0019404833659763918
0801,1.6,0.0196078431372549,blur_noise,ridge,0.05,textured_quartile,random_expected,0.9,231,256,0.0021609688451120317
0801,1.6,0.0196078431372549,blur_noise,ridge,0.05,textured_quartile,oracle_error,0.9,231,256,0.0018646940690247651
0801,1.6,0.0196078431372549,blur_noise,ridge,0.05,textured_quartile,operator_spread,1.0,256,256,0.0021609688451120317
0801,1.6,0.0196078431372549,blur_noise,ridge,0.05,textured_quartile,measurement_noise_spread,1.0,256,256,0.0021609688451120317
0801,1.6,0.0196078431372549,blur_noise,ridge,0.05,textured_quartile,measurement_residual,1.0,256,256,0.0021609688451120317
0801,1.6,0.0196078431372549,blur_noise,ridge,0.05,textured_quartile,image_gradient,1.0,256,256,0.0021609688451120317
0801,1.6,0.0196078431372549,blur_noise,ridge,0.05,textured_quartile,random_expected,1.0,256,256,0.0021609688451120317
0801,1.6,0.0196078431372549,blur_noise,ridge,0.05,textured_quartile,oracle_error,1.0,256,256,0.0021609688451120317
0801,1.6,0.0196078431372549,blur_noise,gradient,0.05,all,operator_spread,0.5,512,1024,0.00035006734520707215
0801,1.6,0.0196078431372549,blur_noise,gradient,0.05,all,measurement_noise_spread,0.5,512,1024,0.0006120212051863044
0801,1.6,0.0196078431372549,blur_noise,gradient,0.05,all,measurement_residual,0.5,512,1024,0.0005622278549533816
0801,1.6,0.0196078431372549,blur_noise,gradient,0.05,all,image_gradient,0.5,512,1024,0.0003545516960488256
0801,1.6,0.0196078431372549,blur_noise,gradient,0.05,all,random_expected,0.5,512,1024,0.0006064318610494812
0801,1.6,0.0196078431372549,blur_noise,gradient,0.05,all,oracle_error,0.5,512,1024,0.0002961892014905185
0801,1.6,0.0196078431372549,blur_noise,gradient,0.05,all,operator_spread,0.75,768,1024,0.0003817566790021777
0801,1.6,0.0196078431372549,blur_noise,gradient,0.05,all,measurement_noise_spread,0.75,768,1024,0.0006037093883096292
0801,1.6,0.0196078431372549,blur_noise,gradient,0.05,all,measurement_residual,0.75,768,1024,0.0005669515776444314
0801,1.6,0.0196078431372549,blur_noise,gradient,0.05,all,image_gradient,0.75,768,1024,0.0003846259106225339
0801,1.6,0.0196078431372549,blur_noise,gradient,0.05,all,random_expected,0.75,768,1024,0.0006064318610494812
0801,1.6,0.0196078431372549,blur_noise,gradient,0.05,all,oracle_error,0.75,768,1024,0.0003469728297568904
0801,1.6,0.0196078431372549,blur_noise,gradient,0.05,all,operator_spread,0.9,922,1024,0.0004495120057167337
0801,1.6,0.0196078431372549,blur_noise,gradient,0.05,all,measurement_noise_spread,0.9,922,1024,0.0006050840426377953
0801,1.6,0.0196078431372549,blur_noise,gradient,0.05,all,measurement_residual,0.9,922,1024,0.0005844639211315928
0801,1.6,0.0196078431372549,blur_noise,gradient,0.05,all,image_gradient,0.9,922,1024,0.000448281479939435
0801,1.6,0.0196078431372549,blur_noise,gradient,0.05,all,random_expected,0.9,922,1024,0.0006064318610494812
0801,1.6,0.0196078431372549,blur_noise,gradient,0.05,all,oracle_error,0.9,922,1024,0.00042728965699838497
0801,1.6,0.0196078431372549,blur_noise,gradient,0.05,all,operator_spread,1.0,1024,1024,0.0006064318610494812
0801,1.6,0.0196078431372549,blur_noise,gradient,0.05,all,measurement_noise_spread,1.0,1024,1024,0.0006064318610494812
0801,1.6,0.0196078431372549,blur_noise,gradient,0.05,all,measurement_residual,1.0,1024,1024,0.0006064318610494812
0801,1.6,0.0196078431372549,blur_noise,gradient,0.05,all,image_gradient,1.0,1024,1024,0.0006064318610494812
0801,1.6,0.0196078431372549,blur_noise,gradient,0.05,all,random_expected,1.0,1024,1024,0.0006064318610494812
0801,1.6,0.0196078431372549,blur_noise,gradient,0.05,all,oracle_error,1.0,1024,1024,0.0006064318610494812
0801,1.6,0.0196078431372549,blur_noise,gradient,0.05,textured_quartile,operator_spread,0.5,128,256,0.000825783045152689
0801,1.6,0.0196078431372549,blur_noise,gradient,0.05,textured_quartile,measurement_noise_spread,0.5,128,256,0.0013460848722573172
0801,1.6,0.0196078431372549,blur_noise,gradient,0.05,textured_quartile,measurement_residual,0.5,128,256,0.001222862310731444
0801,1.6,0.0196078431372549,blur_noise,gradient,0.05,textured_quartile,image_gradient,0.5,128,256,0.0008517002988848664
0801,1.6,0.0196078431372549,blur_noise,gradient,0.05,textured_quartile,random_expected,0.5,128,256,0.0013454587046376528
0801,1.6,0.0196078431372549,blur_noise,gradient,0.05,textured_quartile,oracle_error,0.5,128,256,0.0006932323277839103
0801,1.6,0.0196078431372549,blur_noise,gradient,0.05,textured_quartile,operator_spread,0.75,192,256,0.0010256465872082916
0801,1.6,0.0196078431372549,blur_noise,gradient,0.05,textured_quartile,measurement_noise_spread,0.75,192,256,0.0013050705720788422
0801,1.6,0.0196078431372549,blur_noise,gradient,0.05,textured_quartile,measurement_residual,0.75,192,256,0.0012543700561146057
0801,1.6,0.0196078431372549,blur_noise,gradient,0.05,textured_quartile,image_gradient,0.75,192,256,0.0009848334815802347
0801,1.6,0.0196078431372549,blur_noise,gradient,0.05,textured_quartile,random_expected,0.75,192,256,0.0013454587046376528
0801,1.6,0.0196078431372549,blur_noise,gradient,0.05,textured_quartile,oracle_error,0.75,192,256,0.0008956780020532708
0801,1.6,0.0196078431372549,blur_noise,gradient,0.05,textured_quartile,operator_spread,0.9,231,256,0.0011424707707658175
0801,1.6,0.0196078431372549,blur_noise,gradient,0.05,textured_quartile,measurement_noise_spread,0.9,231,256,0.0013198256640515995
0801,1.6,0.0196078431372549,blur_noise,gradient,0.05,textured_quartile,measurement_residual,0.9,231,256,0.0013001155162421327
0801,1.6,0.0196078431372549,blur_noise,gradient,0.05,textured_quartile,image_gradient,0.9,231,256,0.0011793670234233461
0801,1.6,0.0196078431372549,blur_noise,gradient,0.05,textured_quartile,random_expected,0.9,231,256,0.0013454587046376528
0801,1.6,0.0196078431372549,blur_noise,gradient,0.05,textured_quartile,oracle_error,0.9,231,256,0.0011103796069810018
0801,1.6,0.0196078431372549,blur_noise,gradient,0.05,textured_quartile,operator_spread,1.0,256,256,0.001345458704637653
0801,1.6,0.0196078431372549,blur_noise,gradient,0.05,textured_quartile,measurement_noise_spread,1.0,256,256,0.001345458704637653
0801,1.6,0.0196078431372549,blur_noise,gradient,0.05,textured_quartile,measurement_residual,1.0,256,256,0.0013454587046376528
0801,1.6,0.0196078431372549,blur_noise,gradient,0.05,textured_quartile,image_gradient,1.0,256,256,0.0013454587046376528
0801,1.6,0.0196078431372549,blur_noise,gradient,0.05,textured_quartile,random_expected,1.0,256,256,0.0013454587046376528
0801,1.6,0.0196078431372549,blur_noise,gradient,0.05,textured_quartile,oracle_error,1.0,256,256,0.0013454587046376528
0801,1.6,0.0196078431372549,blur_noise_jpeg,ridge,0.05,all,operator_spread,0.5,512,1024,0.0013971087323924282
0801,1.6,0.0196078431372549,blur_noise_jpeg,ridge,0.05,all,measurement_noise_spread,0.5,512,1024,0.0014191488540391583
0801,1.6,0.0196078431372549,blur_noise_jpeg,ridge,0.05,all,measurement_residual,0.5,512,1024,0.0011450978565104208
0801,1.6,0.0196078431372549,blur_noise_jpeg,ridge,0.05,all,image_gradient,0.5,512,1024,0.001495669185504258
0801,1.6,0.0196078431372549,blur_noise_jpeg,ridge,0.05,all,random_expected,0.5,512,1024,0.0014901144815487955
0801,1.6,0.0196078431372549,blur_noise_jpeg,ridge,0.05,all,oracle_error,0.5,512,1024,0.0009051881544526407
0801,1.6,0.0196078431372549,blur_noise_jpeg,ridge,0.05,all,operator_spread,0.75,768,1024,0.0013421170619467154
0801,1.6,0.0196078431372549,blur_noise_jpeg,ridge,0.05,all,measurement_noise_spread,0.75,768,1024,0.0014602841948990724
0801,1.6,0.0196078431372549,blur_noise_jpeg,ridge,0.05,all,measurement_residual,0.75,768,1024,0.0013237467456078047
0801,1.6,0.0196078431372549,blur_noise_jpeg,ridge,0.05,all,image_gradient,0.75,768,1024,0.0013465851831313618
0801,1.6,0.0196078431372549,blur_noise_jpeg,ridge,0.05,all,random_expected,0.75,768,1024,0.0014901144815487955
0801,1.6,0.0196078431372549,blur_noise_jpeg,ridge,0.05,all,oracle_error,0.75,768,1024,0.0011630908472395286
0801,1.6,0.0196078431372549,blur_noise_jpeg,ridge,0.05,all,operator_spread,0.9,922,1024,0.001352686784658602
0801,1.6,0.0196078431372549,blur_noise_jpeg,ridge,0.05,all,measurement_noise_spread,0.9,922,1024,0.0014831741738798956
0801,1.6,0.0196078431372549,blur_noise_jpeg,ridge,0.05,all,measurement_residual,0.9,922,1024,0.0014265396142357405
0801,1.6,0.0196078431372549,blur_noise_jpeg,ridge,0.05,all,image_gradient,0.9,922,1024,0.0013398025359046752
0801,1.6,0.0196078431372549,blur_noise_jpeg,ridge,0.05,all,random_expected,0.9,922,1024,0.0014901144815487955
0801,1.6,0.0196078431372549,blur_noise_jpeg,ridge,0.05,all,oracle_error,0.9,922,1024,0.0013076219594640762
0801,1.6,0.0196078431372549,blur_noise_jpeg,ridge,0.05,all,operator_spread,1.0,1024,1024,0.0014901144815487955
0801,1.6,0.0196078431372549,blur_noise_jpeg,ridge,0.05,all,measurement_noise_spread,1.0,1024,1024,0.0014901144815487955
0801,1.6,0.0196078431372549,blur_noise_jpeg,ridge,0.05,all,measurement_residual,1.0,1024,1024,0.0014901144815487955
0801,1.6,0.0196078431372549,blur_noise_jpeg,ridge,0.05,all,image_gradient,1.0,1024,1024,0.0014901144815487955
0801,1.6,0.0196078431372549,blur_noise_jpeg,ridge,0.05,all,random_expected,1.0,1024,1024,0.0014901144815487955
0801,1.6,0.0196078431372549,blur_noise_jpeg,ridge,0.05,all,oracle_error,1.0,1024,1024,0.0014901144815487953
0801,1.6,0.0196078431372549,blur_noise_jpeg,ridge,0.05,textured_quartile,operator_spread,0.5,128,256,0.0013262009419508893
0801,1.6,0.0196078431372549,blur_noise_jpeg,ridge,0.05,textured_quartile,measurement_noise_spread,0.5,128,256,0.0017911042392681708
0801,1.6,0.0196078431372549,blur_noise_jpeg,ridge,0.05,textured_quartile,measurement_residual,0.5,128,256,0.0015312508606697534
0801,1.6,0.0196078431372549,blur_noise_jpeg,ridge,0.05,textured_quartile,image_gradient,0.5,128,256,0.0012816895043023606
0801,1.6,0.0196078431372549,blur_noise_jpeg,ridge,0.05,textured_quartile,random_expected,0.5,128,256,0.0019379759437330502
0801,1.6,0.0196078431372549,blur_noise_jpeg,ridge,0.05,textured_quartile,oracle_error,0.5,128,256,0.0011327705670712567
0801,1.6,0.0196078431372549,blur_noise_jpeg,ridge,0.05,textured_quartile,operator_spread,0.75,192,256,0.0015550330260797485
0801,1.6,0.0196078431372549,blur_noise_jpeg,ridge,0.05,textured_quartile,measurement_noise_spread,0.75,192,256,0.0018498410535715195
0801,1.6,0.0196078431372549,blur_noise_jpeg,ridge,0.05,textured_quartile,measurement_residual,0.75,192,256,0.0017006426284132488
0801,1.6,0.0196078431372549,blur_noise_jpeg,ridge,0.05,textured_quartile,image_gradient,0.75,192,256,0.001465898778272908
0801,1.6,0.0196078431372549,blur_noise_jpeg,ridge,0.05,textured_quartile,random_expected,0.75,192,256,0.0019379759437330502
0801,1.6,0.0196078431372549,blur_noise_jpeg,ridge,0.05,textured_quartile,oracle_error,0.75,192,256,0.0013733300941014765
0801,1.6,0.0196078431372549,blur_noise_jpeg,ridge,0.05,textured_quartile,operator_spread,0.9,231,256,0.001711684086088006
0801,1.6,0.0196078431372549,blur_noise_jpeg,ridge,0.05,textured_quartile,measurement_noise_spread,0.9,231,256,0.0018885249267908248
0801,1.6,0.0196078431372549,blur_noise_jpeg,ridge,0.05,textured_quartile,measurement_residual,0.9,231,256,0.0017770091076078779
0801,1.6,0.0196078431372549,blur_noise_jpeg,ridge,0.05,textured_quartile,image_gradient,0.9,231,256,0.0017094249095806952
0801,1.6,0.0196078431372549,blur_noise_jpeg,ridge,0.05,textured_quartile,random_expected,0.9,231,256,0.0019379759437330502
0801,1.6,0.0196078431372549,blur_noise_jpeg,ridge,0.05,textured_quartile,oracle_error,0.9,231,256,0.001641814622462344
0801,1.6,0.0196078431372549,blur_noise_jpeg,ridge,0.05,textured_quartile,operator_spread,1.0,256,256,0.0019379759437330502
0801,1.6,0.0196078431372549,blur_noise_jpeg,ridge,0.05,textured_quartile,measurement_noise_spread,1.0,256,256,0.00193797594373305
0801,1.6,0.0196078431372549,blur_noise_jpeg,ridge,0.05,textured_quartile,measurement_residual,1.0,256,256,0.00193797594373305
0801,1.6,0.0196078431372549,blur_noise_jpeg,ridge,0.05,textured_quartile,image_gradient,1.0,256,256,0.0019379759437330505
0801,1.6,0.0196078431372549,blur_noise_jpeg,ridge,0.05,textured_quartile,random_expected,1.0,256,256,0.0019379759437330502
0801,1.6,0.0196078431372549,blur_noise_jpeg,ridge,0.05,textured_quartile,oracle_error,1.0,256,256,0.0019379759437330502
0801,1.6,0.0196078431372549,blur_noise_jpeg,gradient,0.05,all,operator_spread,0.5,512,1024,0.0002744753997736666
0801,1.6,0.0196078431372549,blur_noise_jpeg,gradient,0.05,all,measurement_noise_spread,0.5,512,1024,0.0005634897753957666
0801,1.6,0.0196078431372549,blur_noise_jpeg,gradient,0.05,all,measurement_residual,0.5,512,1024,0.00032978188936745904
0801,1.6,0.0196078431372549,blur_noise_jpeg,gradient,0.05,all,image_gradient,0.5,512,1024,0.0002902058282031697
0801,1.6,0.0196078431372549,blur_noise_jpeg,gradient,0.05,all,random_expected,0.5,512,1024,0.0005604860606349335
0801,1.6,0.0196078431372549,blur_noise_jpeg,gradient,0.05,all,oracle_error,0.5,512,1024,0.00023369486247213673
0801,1.6,0.0196078431372549,blur_noise_jpeg,gradient,0.05,all,operator_spread,0.75,768,1024,0.00033015473481318934
0801,1.6,0.0196078431372549,blur_noise_jpeg,gradient,0.05,all,measurement_noise_spread,0.75,768,1024,0.0005562903655772244
0801,1.6,0.0196078431372549,blur_noise_jpeg,gradient,0.05,all,measurement_residual,0.75,768,1024,0.0003958202993333444
0801,1.6,0.0196078431372549,blur_noise_jpeg,gradient,0.05,all,image_gradient,0.75,768,1024,0.0003298594072462983
0801,1.6,0.0196078431372549,blur_noise_jpeg,gradient,0.05,all,random_expected,0.75,768,1024,0.0005604860606349335
0801,1.6,0.0196078431372549,blur_noise_jpeg,gradient,0.05,all,oracle_error,0.75,768,1024,0.0002923030645185664
0801,1.6,0.0196078431372549,blur_noise_jpeg,gradient,0.05,all,operator_spread,0.9,922,1024,0.000399972656942515
0801,1.6,0.0196078431372549,blur_noise_jpeg,gradient,0.05,all,measurement_noise_spread,0.9,922,1024,0.0005591829492527282
0801,1.6,0.0196078431372549,blur_noise_jpeg,gradient,0.05,all,measurement_residual,0.9,922,1024,0.00046352986050767327
0801,1.6,0.0196078431372549,blur_noise_jpeg,gradient,0.05,all,image_gradient,0.9,922,1024,0.0003980196911992942
0801,1.6,0.0196078431372549,blur_noise_jpeg,gradient,0.05,all,random_expected,0.9,922,1024,0.0005604860606349335
0801,1.6,0.0196078431372549,blur_noise_jpeg,gradient,0.05,all,oracle_error,0.9,922,1024,0.0003774254956082709
0801,1.6,0.0196078431372549,blur_noise_jpeg,gradient,0.05,all,operator_spread,1.0,1024,1024,0.0005604860606349335
0801,1.6,0.0196078431372549,blur_noise_jpeg,gradient,0.05,all,measurement_noise_spread,1.0,1024,1024,0.0005604860606349335
0801,1.6,0.0196078431372549,blur_noise_jpeg,gradient,0.05,all,measurement_residual,1.0,1024,1024,0.0005604860606349335
0801,1.6,0.0196078431372549,blur_noise_jpeg,gradient,0.05,all,image_gradient,1.0,1024,1024,0.0005604860606349335
0801,1.6,0.0196078431372549,blur_noise_jpeg,gradient,0.05,all,random_expected,1.0,1024,1024,0.0005604860606349335
0801,1.6,0.0196078431372549,blur_noise_jpeg,gradient,0.05,all,oracle_error,1.0,1024,1024,0.0005604860606349335
0801,1.6,0.0196078431372549,blur_noise_jpeg,gradient,0.05,textured_quartile,operator_spread,0.5,128,256,0.000821295119173614
0801,1.6,0.0196078431372549,blur_noise_jpeg,gradient,0.05,textured_quartile,measurement_noise_spread,0.5,128,256,0.0013127215742409798
0801,1.6,0.0196078431372549,blur_noise_jpeg,gradient,0.05,textured_quartile,measurement_residual,0.5,128,256,0.0009892445805091909
0801,1.6,0.0196078431372549,blur_noise_jpeg,gradient,0.05,textured_quartile,image_gradient,0.5,128,256,0.000823721464628035
0801,1.6,0.0196078431372549,blur_noise_jpeg,gradient,0.05,textured_quartile,random_expected,0.5,128,256,0.0013268653915852633
0801,1.6,0.0196078431372549,blur_noise_jpeg,gradient,0.05,textured_quartile,oracle_error,0.5,128,256,0.000666620757055913
0801,1.6,0.0196078431372549,blur_noise_jpeg,gradient,0.05,textured_quartile,operator_spread,0.75,192,256,0.0010259333331148878
0801,1.6,0.0196078431372549,blur_noise_jpeg,gradient,0.05,textured_quartile,measurement_noise_spread,0.75,192,256,0.0012829138646455597
0801,1.6,0.0196078431372549,blur_noise_jpeg,gradient,0.05,textured_quartile,measurement_residual,0.75,192,256,0.0011178053665506077
0801,1.6,0.0196078431372549,blur_noise_jpeg,gradient,0.05,textured_quartile,image_gradient,0.75,192,256,0.0009622158600182219
0801,1.6,0.0196078431372549,blur_noise_jpeg,gradient,0.05,textured_quartile,random_expected,0.75,192,256,0.0013268653915852633
0801,1.6,0.0196078431372549,blur_noise_jpeg,gradient,0.05,textured_quartile,oracle_error,0.75,192,256,0.0008727183964743042
0801,1.6,0.0196078431372549,blur_noise_jpeg,gradient,0.05,textured_quartile,operator_spread,0.9,231,256,0.0011336998090478998
0801,1.6,0.0196078431372549,blur_noise_jpeg,gradient,0.05,textured_quartile,measurement_noise_spread,0.9,231,256,0.0012995039720266857
0801,1.6,0.0196078431372549,blur_noise_jpeg,gradient,0.05,textured_quartile,measurement_residual,0.9,231,256,0.0012248189983505705
0801,1.6,0.0196078431372549,blur_noise_jpeg,gradient,0.05,textured_quartile,image_gradient,0.9,231,256,0.0011575499567056465
0801,1.6,0.0196078431372549,blur_noise_jpeg,gradient,0.05,textured_quartile,random_expected,0.9,231,256,0.0013268653915852633
0801,1.6,0.0196078431372549,blur_noise_jpeg,gradient,0.05,textured_quartile,oracle_error,0.9,231,256,0.0010909390657773764
0801,1.6,0.0196078431372549,blur_noise_jpeg,gradient,0.05,textured_quartile,operator_spread,1.0,256,256,0.0013268653915852633
0801,1.6,0.0196078431372549,blur_noise_jpeg,gradient,0.05,textured_quartile,measurement_noise_spread,1.0,256,256,0.0013268653915852633
0801,1.6,0.0196078431372549,blur_noise_jpeg,gradient,0.05,textured_quartile,measurement_residual,1.0,256,256,0.0013268653915852633
0801,1.6,0.0196078431372549,blur_noise_jpeg,gradient,0.05,textured_quartile,image_gradient,1.0,256,256,0.0013268653915852633
0801,1.6,0.0196078431372549,blur_noise_jpeg,gradient,0.05,textured_quartile,random_expected,1.0,256,256,0.0013268653915852633
0801,1.6,0.0196078431372549,blur_noise_jpeg,gradient,0.05,textured_quartile,oracle_error,1.0,256,256,0.0013268653915852631
0801,2.0,0.00784313725490196,blur_noise,ridge,0.05,all,operator_spread,0.5,512,1024,0.001250873521969011
0801,2.0,0.00784313725490196,blur_noise,ridge,0.05,all,measurement_noise_spread,0.5,512,1024,0.0015143733767873921
0801,2.0,0.00784313725490196,blur_noise,ridge,0.05,all,measurement_residual,0.5,512,1024,0.001254482035578955
0801,2.0,0.00784313725490196,blur_noise,ridge,0.05,all,image_gradient,0.5,512,1024,0.0013842489393643004
0801,2.0,0.00784313725490196,blur_noise,ridge,0.05,all,random_expected,0.5,512,1024,0.001533385325104429
0801,2.0,0.00784313725490196,blur_noise,ridge,0.05,all,oracle_error,0.5,512,1024,0.000843501697915738
0801,2.0,0.00784313725490196,blur_noise,ridge,0.05,all,operator_spread,0.75,768,1024,0.001241749967205091
0801,2.0,0.00784313725490196,blur_noise,ridge,0.05,all,measurement_noise_spread,0.75,768,1024,0.0015458326829766074
0801,2.0,0.00784313725490196,blur_noise,ridge,0.05,all,measurement_residual,0.75,768,1024,0.0014220377644113414
0801,2.0,0.00784313725490196,blur_noise,ridge,0.05,all,image_gradient,0.75,768,1024,0.0012512604633967209
0801,2.0,0.00784313725490196,blur_noise,ridge,0.05,all,random_expected,0.75,768,1024,0.001533385325104429
0801,2.0,0.00784313725490196,blur_noise,ridge,0.05,all,oracle_error,0.75,768,1024,0.0011100143670663316
0801,2.0,0.00784313725490196,blur_noise,ridge,0.05,all,operator_spread,0.9,922,1024,0.0012974880496410674
0801,2.0,0.00784313725490196,blur_noise,ridge,0.05,all,measurement_noise_spread,0.9,922,1024,0.0015247508023224351
0801,2.0,0.00784313725490196,blur_noise,ridge,0.05,all,measurement_residual,0.9,922,1024,0.0014892825848525062
0801,2.0,0.00784313725490196,blur_noise,ridge,0.05,all,image_gradient,0.9,922,1024,0.001286747838798799
0801,2.0,0.00784313725490196,blur_noise,ridge,0.05,all,random_expected,0.9,922,1024,0.001533385325104429
0801,2.0,0.00784313725490196,blur_noise,ridge,0.05,all,oracle_error,0.9,922,1024,0.0012512079341943055
0801,2.0,0.00784313725490196,blur_noise,ridge,0.05,all,operator_spread,1.0,1024,1024,0.001533385325104429
0801,2.0,0.00784313725490196,blur_noise,ridge,0.05,all,measurement_noise_spread,1.0,1024,1024,0.001533385325104429
0801,2.0,0.00784313725490196,blur_noise,ridge,0.05,all,measurement_residual,1.0,1024,1024,0.001533385325104429
0801,2.0,0.00784313725490196,blur_noise,ridge,0.05,all,image_gradient,1.0,1024,1024,0.001533385325104429
0801,2.0,0.00784313725490196,blur_noise,ridge,0.05,all,random_expected,1.0,1024,1024,0.001533385325104429
0801,2.0,0.00784313725490196,blur_noise,ridge,0.05,all,oracle_error,1.0,1024,1024,0.001533385325104429
0801,2.0,0.00784313725490196,blur_noise,ridge,0.05,textured_quartile,operator_spread,0.5,128,256,0.0015185867962298875
0801,2.0,0.00784313725490196,blur_noise,ridge,0.05,textured_quartile,measurement_noise_spread,0.5,128,256,0.0024466651485256052
0801,2.0,0.00784313725490196,blur_noise,ridge,0.05,textured_quartile,measurement_residual,0.5,128,256,0.001873697810287558
0801,2.0,0.00784313725490196,blur_noise,ridge,0.05,textured_quartile,image_gradient,0.5,128,256,0.0014783103819746356
0801,2.0,0.00784313725490196,blur_noise,ridge,0.05,textured_quartile,random_expected,0.5,128,256,0.0024352345166638646
0801,2.0,0.00784313725490196,blur_noise,ridge,0.05,textured_quartile,oracle_error,0.5,128,256,0.001247523809991434
0801,2.0,0.00784313725490196,blur_noise,ridge,0.05,textured_quartile,operator_spread,0.75,192,256,0.0017963922335356155
0801,2.0,0.00784313725490196,blur_noise,ridge,0.05,textured_quartile,measurement_noise_spread,0.75,192,256,0.0024446814197930235
0801,2.0,0.00784313725490196,blur_noise,ridge,0.05,textured_quartile,measurement_residual,0.75,192,256,0.002077690271881658
0801,2.0,0.00784313725490196,blur_noise,ridge,0.05,textured_quartile,image_gradient,0.75,192,256,0.001742906009210351
0801,2.0,0.00784313725490196,blur_noise,ridge,0.05,textured_quartile,random_expected,0.75,192,256,0.0024352345166638646
0801,2.0,0.00784313725490196,blur_noise,ridge,0.05,textured_quartile,oracle_error,0.75,192,256,0.0016055116715873359
0801,2.0,0.00784313725490196,blur_noise,ridge,0.05,textured_quartile,operator_spread,0.9,231,256,0.0020581171533153434
0801,2.0,0.00784313725490196,blur_noise,ridge,0.05,textured_quartile,measurement_noise_spread,0.9,231,256,0.002448355903178093
0801,2.0,0.00784313725490196,blur_noise,ridge,0.05,textured_quartile,measurement_residual,0.9,231,256,0.0022336526006892575
0801,2.0,0.00784313725490196,blur_noise,ridge,0.05,textured_quartile,image_gradient,0.9,231,256,0.0020805194659898026
0801,2.0,0.00784313725490196,blur_noise,ridge,0.05,textured_quartile,random_expected,0.9,231,256,0.0024352345166638646
0801,2.0,0.00784313725490196,blur_noise,ridge,0.05,textured_quartile,oracle_error,0.9,231,256,0.001969894379902454
0801,2.0,0.00784313725490196,blur_noise,ridge,0.05,textured_quartile,operator_spread,1.0,256,256,0.0024352345166638646
0801,2.0,0.00784313725490196,blur_noise,ridge,0.05,textured_quartile,measurement_noise_spread,1.0,256,256,0.002435234516663865
0801,2.0,0.00784313725490196,blur_noise,ridge,0.05,textured_quartile,measurement_residual,1.0,256,256,0.0024352345166638646
0801,2.0,0.00784313725490196,blur_noise,ridge,0.05,textured_quartile,image_gradient,1.0,256,256,0.002435234516663864
0801,2.0,0.00784313725490196,blur_noise,ridge,0.05,textured_quartile,random_expected,1.0,256,256,0.0024352345166638646
0801,2.0,0.00784313725490196,blur_noise,ridge,0.05,textured_quartile,oracle_error,1.0,256,256,0.0024352345166638646
0801,2.0,0.00784313725490196,blur_noise,gradient,0.05,all,operator_spread,0.5,512,1024,0.00017905156186144298
0801,2.0,0.00784313725490196,blur_noise,gradient,0.05,all,measurement_noise_spread,0.5,512,1024,0.0005773294159861206
0801,2.0,0.00784313725490196,blur_noise,gradient,0.05,all,measurement_residual,0.5,512,1024,0.0005170972525855549
0801,2.0,0.00784313725490196,blur_noise,gradient,0.05,all,image_gradient,0.5,512,1024,0.00019680631561482946
0801,2.0,0.00784313725490196,blur_noise,gradient,0.05,all,random_expected,0.5,512,1024,0.0006276942818912378
0801,2.0,0.00784313725490196,blur_noise,gradient,0.05,all,oracle_error,0.5,512,1024,0.0001312506271451345
0801,2.0,0.00784313725490196,blur_noise,gradient,0.05,all,operator_spread,0.75,768,1024,0.000249527596797547
0801,2.0,0.00784313725490196,blur_noise,gradient,0.05,all,measurement_noise_spread,0.75,768,1024,0.0006245529632995186
0801,2.0,0.00784313725490196,blur_noise,gradient,0.05,all,measurement_residual,0.75,768,1024,0.0005268561473883069
0801,2.0,0.00784313725490196,blur_noise,gradient,0.05,all,image_gradient,0.75,768,1024,0.0002625975191867422
0801,2.0,0.00784313725490196,blur_noise,gradient,0.05,all,random_expected,0.75,768,1024,0.0006276942818912378
0801,2.0,0.00784313725490196,blur_noise,gradient,0.05,all,oracle_error,0.75,768,1024,0.000217380680607538
0801,2.0,0.00784313725490196,blur_noise,gradient,0.05,all,operator_spread,0.9,922,1024,0.0003709294536872444
0801,2.0,0.00784313725490196,blur_noise,gradient,0.05,all,measurement_noise_spread,0.9,922,1024,0.0006277215097554967
0801,2.0,0.00784313725490196,blur_noise,gradient,0.05,all,measurement_residual,0.9,922,1024,0.0005513867155771272
0801,2.0,0.00784313725490196,blur_noise,gradient,0.05,all,image_gradient,0.9,922,1024,0.000375263563670759
0801,2.0,0.00784313725490196,blur_noise,gradient,0.05,all,random_expected,0.9,922,1024,0.0006276942818912378
0801,2.0,0.00784313725490196,blur_noise,gradient,0.05,all,oracle_error,0.9,922,1024,0.0003459033403413719
0801,2.0,0.00784313725490196,blur_noise,gradient,0.05,all,operator_spread,1.0,1024,1024,0.0006276942818912379
0801,2.0,0.00784313725490196,blur_noise,gradient,0.05,all,measurement_noise_spread,1.0,1024,1024,0.0006276942818912378
0801,2.0,0.00784313725490196,blur_noise,gradient,0.05,all,measurement_residual,1.0,1024,1024,0.0006276942818912379
0801,2.0,0.00784313725490196,blur_noise,gradient,0.05,all,image_gradient,1.0,1024,1024,0.0006276942818912379
0801,2.0,0.00784313725490196,blur_noise,gradient,0.05,all,random_expected,1.0,1024,1024,0.0006276942818912378
0801,2.0,0.00784313725490196,blur_noise,gradient,0.05,all,oracle_error,1.0,1024,1024,0.0006276942818912379
0801,2.0,0.00784313725490196,blur_noise,gradient,0.05,textured_quartile,operator_spread,0.5,128,256,0.000986661891043189
0801,2.0,0.00784313725490196,blur_noise,gradient,0.05,textured_quartile,measurement_noise_spread,0.5,128,256,0.0017152407992396836
0801,2.0,0.00784313725490196,blur_noise,gradient,0.05,textured_quartile,measurement_residual,0.5,128,256,0.0015451707780072053
0801,2.0,0.00784313725490196,blur_noise,gradient,0.05,textured_quartile,image_gradient,0.5,128,256,0.0010535165979321296
0801,2.0,0.00784313725490196,blur_noise,gradient,0.05,textured_quartile,random_expected,0.5,128,256,0.0018269680591995001
0801,2.0,0.00784313725490196,blur_noise,gradient,0.05,textured_quartile,oracle_error,0.5,128,256,0.0008300050225203224
0801,2.0,0.00784313725490196,blur_noise,gradient,0.05,textured_quartile,operator_spread,0.75,192,256,0.0012789933076970694
0801,2.0,0.00784313725490196,blur_noise,gradient,0.05,textured_quartile,measurement_noise_spread,0.75,192,256,0.0017823292008103322
0801,2.0,0.00784313725490196,blur_noise,gradient,0.05,textured_quartile,measurement_residual,0.75,192,256,0.001632369638759102
0801,2.0,0.00784313725490196,blur_noise,gradient,0.05,textured_quartile,image_gradient,0.75,192,256,0.001242167054124373
0801,2.0,0.00784313725490196,blur_noise,gradient,0.05,textured_quartile,random_expected,0.75,192,256,0.0018269680591995001
0801,2.0,0.00784313725490196,blur_noise,gradient,0.05,textured_quartile,oracle_error,0.75,192,256,0.001127473937499359
0801,2.0,0.00784313725490196,blur_noise,gradient,0.05,textured_quartile,operator_spread,0.9,231,256,0.001500787604453614
0801,2.0,0.00784313725490196,blur_noise,gradient,0.05,textured_quartile,measurement_noise_spread,0.9,231,256,0.001798413615866015
0801,2.0,0.00784313725490196,blur_noise,gradient,0.05,textured_quartile,measurement_residual,0.9,231,256,0.0016829147949362832
0801,2.0,0.00784313725490196,blur_noise,gradient,0.05,textured_quartile,image_gradient,0.9,231,256,0.001546569444234829
0801,2.0,0.00784313725490196,blur_noise,gradient,0.05,textured_quartile,random_expected,0.9,231,256,0.0018269680591995001
0801,2.0,0.00784313725490196,blur_noise,gradient,0.05,textured_quartile,oracle_error,0.9,231,256,0.0014412680860614992
0801,2.0,0.00784313725490196,blur_noise,gradient,0.05,textured_quartile,operator_spread,1.0,256,256,0.0018269680591995001
0801,2.0,0.00784313725490196,blur_noise,gradient,0.05,textured_quartile,measurement_noise_spread,1.0,256,256,0.0018269680591995
0801,2.0,0.00784313725490196,blur_noise,gradient,0.05,textured_quartile,measurement_residual,1.0,256,256,0.0018269680591995001
0801,2.0,0.00784313725490196,blur_noise,gradient,0.05,textured_quartile,image_gradient,1.0,256,256,0.0018269680591995001
0801,2.0,0.00784313725490196,blur_noise,gradient,0.05,textured_quartile,random_expected,1.0,256,256,0.0018269680591995001
0801,2.0,0.00784313725490196,blur_noise,gradient,0.05,textured_quartile,oracle_error,1.0,256,256,0.0018269680591995
0801,2.0,0.00784313725490196,blur_noise_jpeg,ridge,0.05,all,operator_spread,0.5,512,1024,0.001319927767640647
0801,2.0,0.00784313725490196,blur_noise_jpeg,ridge,0.05,all,measurement_noise_spread,0.5,512,1024,0.0014958921701223463
0801,2.0,0.00784313725490196,blur_noise_jpeg,ridge,0.05,all,measurement_residual,0.5,512,1024,0.0012725562149202207
0801,2.0,0.00784313725490196,blur_noise_jpeg,ridge,0.05,all,image_gradient,0.5,512,1024,0.0013270656423437516
0801,2.0,0.00784313725490196,blur_noise_jpeg,ridge,0.05,all,random_expected,0.5,512,1024,0.001510462476387274
0801,2.0,0.00784313725490196,blur_noise_jpeg,ridge,0.05,all,oracle_error,0.5,512,1024,0.0008285688044170089
0801,2.0,0.00784313725490196,blur_noise_jpeg,ridge,0.05,all,operator_spread,0.75,768,1024,0.0012128852921561766
0801,2.0,0.00784313725490196,blur_noise_jpeg,ridge,0.05,all,measurement_noise_spread,0.75,768,1024,0.0015234917025611168
0801,2.0,0.00784313725490196,blur_noise_jpeg,ridge,0.05,all,measurement_residual,0.75,768,1024,0.0014183087365251367
0801,2.0,0.00784313725490196,blur_noise_jpeg,ridge,0.05,all,image_gradient,0.75,768,1024,0.0012099240455850108
0801,2.0,0.00784313725490196,blur_noise_jpeg,ridge,0.05,all,random_expected,0.75,768,1024,0.001510462476387274
0801,2.0,0.00784313725490196,blur_noise_jpeg,ridge,0.05,all,oracle_error,0.75,768,1024,0.0010797875618933945
0801,2.0,0.00784313725490196,blur_noise_jpeg,ridge,0.05,all,operator_spread,0.9,922,1024,0.0012688075221460823
0801,2.0,0.00784313725490196,blur_noise_jpeg,ridge,0.05,all,measurement_noise_spread,0.9,922,1024,0.0015015656181642959
0801,2.0,0.00784313725490196,blur_noise_jpeg,ridge,0.05,all,measurement_residual,0.9,922,1024,0.0014726832254035847
0801,2.0,0.00784313725490196,blur_noise_jpeg,ridge,0.05,all,image_gradient,0.9,922,1024,0.0012533415687782147
0801,2.0,0.00784313725490196,blur_noise_jpeg,ridge,0.05,all,random_expected,0.9,922,1024,0.001510462476387274
0801,2.0,0.00784313725490196,blur_noise_jpeg,ridge,0.05,all,oracle_error,0.9,922,1024,0.0012198680873489636
0801,2.0,0.00784313725490196,blur_noise_jpeg,ridge,0.05,all,operator_spread,1.0,1024,1024,0.001510462476387274
0801,2.0,0.00784313725490196,blur_noise_jpeg,ridge,0.05,all,measurement_noise_spread,1.0,1024,1024,0.001510462476387274
0801,2.0,0.00784313725490196,blur_noise_jpeg,ridge,0.05,all,measurement_residual,1.0,1024,1024,0.001510462476387274
0801,2.0,0.00784313725490196,blur_noise_jpeg,ridge,0.05,all,image_gradient,1.0,1024,1024,0.001510462476387274
0801,2.0,0.00784313725490196,blur_noise_jpeg,ridge,0.05,all,random_expected,1.0,1024,1024,0.001510462476387274
0801,2.0,0.00784313725490196,blur_noise_jpeg,ridge,0.05,all,oracle_error,1.0,1024,1024,0.001510462476387274
0801,2.0,0.00784313725490196,blur_noise_jpeg,ridge,0.05,textured_quartile,operator_spread,0.5,128,256,0.0015508466060014136
0801,2.0,0.00784313725490196,blur_noise_jpeg,ridge,0.05,textured_quartile,measurement_noise_spread,0.5,128,256,0.002494711126166339
0801,2.0,0.00784313725490196,blur_noise_jpeg,ridge,0.05,textured_quartile,measurement_residual,0.5,128,256,0.0019642773629243993
0801,2.0,0.00784313725490196,blur_noise_jpeg,ridge,0.05,textured_quartile,image_gradient,0.5,128,256,0.001505072059392302
0801,2.0,0.00784313725490196,blur_noise_jpeg,ridge,0.05,textured_quartile,random_expected,0.5,128,256,0.0024748713795330634
0801,2.0,0.00784313725490196,blur_noise_jpeg,ridge,0.05,textured_quartile,oracle_error,0.5,128,256,0.0012685649984640964
0801,2.0,0.00784313725490196,blur_noise_jpeg,ridge,0.05,textured_quartile,operator_spread,0.75,192,256,0.0018149008299780548
0801,2.0,0.00784313725490196,blur_noise_jpeg,ridge,0.05,textured_quartile,measurement_noise_spread,0.75,192,256,0.0024805333893998965
0801,2.0,0.00784313725490196,blur_noise_jpeg,ridge,0.05,textured_quartile,measurement_residual,0.75,192,256,0.0021123720900690685
0801,2.0,0.00784313725490196,blur_noise_jpeg,ridge,0.05,textured_quartile,image_gradient,0.75,192,256,0.0017550792355851233
0801,2.0,0.00784313725490196,blur_noise_jpeg,ridge,0.05,textured_quartile,random_expected,0.75,192,256,0.0024748713795330634
0801,2.0,0.00784313725490196,blur_noise_jpeg,ridge,0.05,textured_quartile,oracle_error,0.75,192,256,0.0016329422461767377
0801,2.0,0.00784313725490196,blur_noise_jpeg,ridge,0.05,textured_quartile,operator_spread,0.9,231,256,0.0021121970059727723
0801,2.0,0.00784313725490196,blur_noise_jpeg,ridge,0.05,textured_quartile,measurement_noise_spread,0.9,231,256,0.002486822096589937
0801,2.0,0.00784313725490196,blur_noise_jpeg,ridge,0.05,textured_quartile,measurement_residual,0.9,231,256,0.0022714758744531386
0801,2.0,0.00784313725490196,blur_noise_jpeg,ridge,0.05,textured_quartile,image_gradient,0.9,231,256,0.0021176939324488568
0801,2.0,0.00784313725490196,blur_noise_jpeg,ridge,0.05,textured_quartile,random_expected,0.9,231,256,0.0024748713795330634
0801,2.0,0.00784313725490196,blur_noise_jpeg,ridge,0.05,textured_quartile,oracle_error,0.9,231,256,0.002005885309471503
0801,2.0,0.00784313725490196,blur_noise_jpeg,ridge,0.05,textured_quartile,operator_spread,1.0,256,256,0.0024748713795330634
0801,2.0,0.00784313725490196,blur_noise_jpeg,ridge,0.05,textured_quartile,measurement_noise_spread,1.0,256,256,0.002474871379533063
0801,2.0,0.00784313725490196,blur_noise_jpeg,ridge,0.05,textured_quartile,measurement_residual,1.0,256,256,0.002474871379533063
0801,2.0,0.00784313725490196,blur_noise_jpeg,ridge,0.05,textured_quartile,image_gradient,1.0,256,256,0.002474871379533063
0801,2.0,0.00784313725490196,blur_noise_jpeg,ridge,0.05,textured_quartile,random_expected,1.0,256,256,0.0024748713795330634
0801,2.0,0.00784313725490196,blur_noise_jpeg,ridge,0.05,textured_quartile,oracle_error,1.0,256,256,0.002474871379533063
0801,2.0,0.00784313725490196,blur_noise_jpeg,gradient,0.05,all,operator_spread,0.5,512,1024,0.00018573054132116834
0801,2.0,0.00784313725490196,blur_noise_jpeg,gradient,0.05,all,measurement_noise_spread,0.5,512,1024,0.0005972547269135516
0801,2.0,0.00784313725490196,blur_noise_jpeg,gradient,0.05,all,measurement_residual,0.5,512,1024,0.00018839970135235858
0801,2.0,0.00784313725490196,blur_noise_jpeg,gradient,0.05,all,image_gradient,0.5,512,1024,0.00019410016317528532
0801,2.0,0.00784313725490196,blur_noise_jpeg,gradient,0.05,all,random_expected,0.5,512,1024,0.0006471613044299987
0801,2.0,0.00784313725490196,blur_noise_jpeg,gradient,0.05,all,oracle_error,0.5,512,1024,0.00012952028233301338
0801,2.0,0.00784313725490196,blur_noise_jpeg,gradient,0.05,all,operator_spread,0.75,768,1024,0.00026925546684166833
0801,2.0,0.00784313725490196,blur_noise_jpeg,gradient,0.05,all,measurement_noise_spread,0.75,768,1024,0.0006442861542000617
0801,2.0,0.00784313725490196,blur_noise_jpeg,gradient,0.05,all,measurement_residual,0.75,768,1024,0.0002920710399689678
0801,2.0,0.00784313725490196,blur_noise_jpeg,gradient,0.05,all,image_gradient,0.75,768,1024,0.00027239959876449837
0801,2.0,0.00784313725490196,blur_noise_jpeg,gradient,0.05,all,random_expected,0.75,768,1024,0.0006471613044299987
0801,2.0,0.00784313725490196,blur_noise_jpeg,gradient,0.05,all,oracle_error,0.75,768,1024,0.00022515445171432464
0801,2.0,0.00784313725490196,blur_noise_jpeg,gradient,0.05,all,operator_spread,0.9,922,1024,0.00039507954524977746
0801,2.0,0.00784313725490196,blur_noise_jpeg,gradient,0.05,all,measurement_noise_spread,0.9,922,1024,0.0006473227298717076
0801,2.0,0.00784313725490196,blur_noise_jpeg,gradient,0.05,all,measurement_residual,0.9,922,1024,0.0004428071425457263
0801,2.0,0.00784313725490196,blur_noise_jpeg,gradient,0.05,all,image_gradient,0.9,922,1024,0.00038914919126825377
0801,2.0,0.00784313725490196,blur_noise_jpeg,gradient,0.05,all,random_expected,0.9,922,1024,0.0006471613044299987
0801,2.0,0.00784313725490196,blur_noise_jpeg,gradient,0.05,all,oracle_error,0.9,922,1024,0.000359810335964959
0801,2.0,0.00784313725490196,blur_noise_jpeg,gradient,0.05,all,operator_spread,1.0,1024,1024,0.0006471613044299987
0801,2.0,0.00784313725490196,blur_noise_jpeg,gradient,0.05,all,measurement_noise_spread,1.0,1024,1024,0.0006471613044299987
0801,2.0,0.00784313725490196,blur_noise_jpeg,gradient,0.05,all,measurement_residual,1.0,1024,1024,0.0006471613044299986
0801,2.0,0.00784313725490196,blur_noise_jpeg,gradient,0.05,all,image_gradient,1.0,1024,1024,0.0006471613044299987
0801,2.0,0.00784313725490196,blur_noise_jpeg,gradient,0.05,all,random_expected,1.0,1024,1024,0.0006471613044299987
0801,2.0,0.00784313725490196,blur_noise_jpeg,gradient,0.05,all,oracle_error,1.0,1024,1024,0.0006471613044299988
0801,2.0,0.00784313725490196,blur_noise_jpeg,gradient,0.05,textured_quartile,operator_spread,0.5,128,256,0.001075881419653001
0801,2.0,0.00784313725490196,blur_noise_jpeg,gradient,0.05,textured_quartile,measurement_noise_spread,0.5,128,256,0.0017735911598850903
0801,2.0,0.00784313725490196,blur_noise_jpeg,gradient,0.05,textured_quartile,measurement_residual,0.5,128,256,0.0013745704981822954
0801,2.0,0.00784313725490196,blur_noise_jpeg,gradient,0.05,textured_quartile,image_gradient,0.5,128,256,0.0010962289166376196
0801,2.0,0.00784313725490196,blur_noise_jpeg,gradient,0.05,textured_quartile,random_expected,0.5,128,256,0.0018830221567203967
0801,2.0,0.00784313725490196,blur_noise_jpeg,gradient,0.05,textured_quartile,oracle_error,0.5,128,256,0.0008764525941170579
0801,2.0,0.00784313725490196,blur_noise_jpeg,gradient,0.05,textured_quartile,operator_spread,0.75,192,256,0.0013381077213914126
0801,2.0,0.00784313725490196,blur_noise_jpeg,gradient,0.05,textured_quartile,measurement_noise_spread,0.75,192,256,0.0018352547798208575
0801,2.0,0.00784313725490196,blur_noise_jpeg,gradient,0.05,textured_quartile,measurement_residual,0.75,192,256,0.001520657922881006
0801,2.0,0.00784313725490196,blur_noise_jpeg,gradient,0.05,textured_quartile,image_gradient,0.75,192,256,0.0012884776916526131
0801,2.0,0.00784313725490196,blur_noise_jpeg,gradient,0.05,textured_quartile,random_expected,0.75,192,256,0.0018830221567203967
0801,2.0,0.00784313725490196,blur_noise_jpeg,gradient,0.05,textured_quartile,oracle_error,0.75,192,256,0.0011768659989990584
0801,2.0,0.00784313725490196,blur_noise_jpeg,gradient,0.05,textured_quartile,operator_spread,0.9,231,256,0.0015381717178608973
0801,2.0,0.00784313725490196,blur_noise_jpeg,gradient,0.05,textured_quartile,measurement_noise_spread,0.9,231,256,0.0018523759163850894
0801,2.0,0.00784313725490196,blur_noise_jpeg,gradient,0.05,textured_quartile,measurement_residual,0.9,231,256,0.0016531779204621677
0801,2.0,0.00784313725490196,blur_noise_jpeg,gradient,0.05,textured_quartile,image_gradient,0.9,231,256,0.0016011301443749884
0801,2.0,0.00784313725490196,blur_noise_jpeg,gradient,0.05,textured_quartile,random_expected,0.9,231,256,0.0018830221567203967
0801,2.0,0.00784313725490196,blur_noise_jpeg,gradient,0.05,textured_quartile,oracle_error,0.9,231,256,0.00149326673774997
0801,2.0,0.00784313725490196,blur_noise_jpeg,gradient,0.05,textured_quartile,operator_spread,1.0,256,256,0.0018830221567203965
0801,2.0,0.00784313725490196,blur_noise_jpeg,gradient,0.05,textured_quartile,measurement_noise_spread,1.0,256,256,0.0018830221567203965
0801,2.0,0.00784313725490196,blur_noise_jpeg,gradient,0.05,textured_quartile,measurement_residual,1.0,256,256,0.0018830221567203965
0801,2.0,0.00784313725490196,blur_noise_jpeg,gradient,0.05,textured_quartile,image_gradient,1.0,256,256,0.0018830221567203965
0801,2.0,0.00784313725490196,blur_noise_jpeg,gradient,0.05,textured_quartile,random_expected,1.0,256,256,0.0018830221567203967
0801,2.0,0.00784313725490196,blur_noise_jpeg,gradient,0.05,textured_quartile,oracle_error,1.0,256,256,0.0018830221567203967
0801,2.0,0.0196078431372549,blur_noise,ridge,0.05,all,operator_spread,0.5,512,1024,0.001782650078619702
0801,2.0,0.0196078431372549,blur_noise,ridge,0.05,all,measurement_noise_spread,0.5,512,1024,0.0020059642807487036
0801,2.0,0.0196078431372549,blur_noise,ridge,0.05,all,measurement_residual,0.5,512,1024,0.0017357215378633233
0801,2.0,0.0196078431372549,blur_noise,ridge,0.05,all,image_gradient,0.5,512,1024,0.0018626294528746377
0801,2.0,0.0196078431372549,blur_noise,ridge,0.05,all,random_expected,0.5,512,1024,0.0020190319969265623
0801,2.0,0.0196078431372549,blur_noise,ridge,0.05,all,oracle_error,0.5,512,1024,0.0013265442226771153
0801,2.0,0.0196078431372549,blur_noise,ridge,0.05,all,operator_spread,0.75,768,1024,0.0018796814241429252
0801,2.0,0.0196078431372549,blur_noise,ridge,0.05,all,measurement_noise_spread,0.75,768,1024,0.0019910921354592986
0801,2.0,0.0196078431372549,blur_noise,ridge,0.05,all,measurement_residual,0.75,768,1024,0.001908382060535724
0801,2.0,0.0196078431372549,blur_noise,ridge,0.05,all,image_gradient,0.75,768,1024,0.001732254494044666
0801,2.0,0.0196078431372549,blur_noise,ridge,0.05,all,random_expected,0.75,768,1024,0.0020190319969265623
0801,2.0,0.0196078431372549,blur_noise,ridge,0.05,all,oracle_error,0.75,768,1024,0.0015919117582228546
0801,2.0,0.0196078431372549,blur_noise,ridge,0.05,all,operator_spread,0.9,922,1024,0.0019210007347886166
0801,2.0,0.0196078431372549,blur_noise,ridge,0.05,all,measurement_noise_spread,0.9,922,1024,0.002008762906669999
0801,2.0,0.0196078431372549,blur_noise,ridge,0.05,all,measurement_residual,0.9,922,1024,0.001974804175943868
0801,2.0,0.0196078431372549,blur_noise,ridge,0.05,all,image_gradient,0.9,922,1024,0.0017715491835856808
0801,2.0,0.0196078431372549,blur_noise,ridge,0.05,all,random_expected,0.9,922,1024,0.0020190319969265623
0801,2.0,0.0196078431372549,blur_noise,ridge,0.05,all,oracle_error,0.9,922,1024,0.001736133211212189
0801,2.0,0.0196078431372549,blur_noise,ridge,0.05,all,operator_spread,1.0,1024,1024,0.0020190319969265623
0801,2.0,0.0196078431372549,blur_noise,ridge,0.05,all,measurement_noise_spread,1.0,1024,1024,0.0020190319969265623
0801,2.0,0.0196078431372549,blur_noise,ridge,0.05,all,measurement_residual,1.0,1024,1024,0.0020190319969265623
0801,2.0,0.0196078431372549,blur_noise,ridge,0.05,all,image_gradient,1.0,1024,1024,0.0020190319969265623
0801,2.0,0.0196078431372549,blur_noise,ridge,0.05,all,random_expected,1.0,1024,1024,0.0020190319969265623
0801,2.0,0.0196078431372549,blur_noise,ridge,0.05,all,oracle_error,1.0,1024,1024,0.0020190319969265623
0801,2.0,0.0196078431372549,blur_noise,ridge,0.05,textured_quartile,operator_spread,0.5,128,256,0.002415418407073191
0801,2.0,0.0196078431372549,blur_noise,ridge,0.05,textured_quartile,measurement_noise_spread,0.5,128,256,0.002879557937699594
0801,2.0,0.0196078431372549,blur_noise,ridge,0.05,textured_quartile,measurement_residual,0.5,128,256,0.0022724622680783133
0801,2.0,0.0196078431372549,blur_noise,ridge,0.05,textured_quartile,image_gradient,0.5,128,256,0.0019759658200431966
0801,2.0,0.0196078431372549,blur_noise,ridge,0.05,textured_quartile,random_expected,0.5,128,256,0.002923934092954177
0801,2.0,0.0196078431372549,blur_noise,ridge,0.05,textured_quartile,oracle_error,0.5,128,256,0.0017326699262391583
0801,2.0,0.0196078431372549,blur_noise,ridge,0.05,textured_quartile,operator_spread,0.75,192,256,0.0026066179168375662
0801,2.0,0.0196078431372549,blur_noise,ridge,0.05,textured_quartile,measurement_noise_spread,0.75,192,256,0.0028802717160262524
0801,2.0,0.0196078431372549,blur_noise,ridge,0.05,textured_quartile,measurement_residual,0.75,192,256,0.002549448783587961
0801,2.0,0.0196078431372549,blur_noise,ridge,0.05,textured_quartile,image_gradient,0.75,192,256,0.002236470536842524
0801,2.0,0.0196078431372549,blur_noise,ridge,0.05,textured_quartile,random_expected,0.75,192,256,0.002923934092954177
0801,2.0,0.0196078431372549,blur_noise,ridge,0.05,textured_quartile,oracle_error,0.75,192,256,0.002093592771811944
0801,2.0,0.0196078431372549,blur_noise,ridge,0.05,textured_quartile,operator_spread,0.9,231,256,0.0026561857980129744
0801,2.0,0.0196078431372549,blur_noise,ridge,0.05,textured_quartile,measurement_noise_spread,0.9,231,256,0.0029253876117623597
0801,2.0,0.0196078431372549,blur_noise,ridge,0.05,textured_quartile,measurement_residual,0.9,231,256,0.0027071987246157815
0801,2.0,0.0196078431372549,blur_noise,ridge,0.05,textured_quartile,image_gradient,0.9,231,256,0.002575206673423041
0801,2.0,0.0196078431372549,blur_noise,ridge,0.05,textured_quartile,random_expected,0.9,231,256,0.002923934092954177
0801,2.0,0.0196078431372549,blur_noise,ridge,0.05,textured_quartile,oracle_error,0.9,231,256,0.0024584634491216675
0801,2.0,0.0196078431372549,blur_noise,ridge,0.05,textured_quartile,operator_spread,1.0,256,256,0.002923934092954177
0801,2.0,0.0196078431372549,blur_noise,ridge,0.05,textured_quartile,measurement_noise_spread,1.0,256,256,0.002923934092954177
0801,2.0,0.0196078431372549,blur_noise,ridge,0.05,textured_quartile,measurement_residual,1.0,256,256,0.002923934092954177
0801,2.0,0.0196078431372549,blur_noise,ridge,0.05,textured_quartile,image_gradient,1.0,256,256,0.002923934092954177
0801,2.0,0.0196078431372549,blur_noise,ridge,0.05,textured_quartile,random_expected,1.0,256,256,0.002923934092954177
0801,2.0,0.0196078431372549,blur_noise,ridge,0.05,textured_quartile,oracle_error,1.0,256,256,0.0029239340929541765
0801,2.0,0.0196078431372549,blur_noise,gradient,0.05,all,operator_spread,0.5,512,1024,0.00042277565557450214
0801,2.0,0.0196078431372549,blur_noise,gradient,0.05,all,measurement_noise_spread,0.5,512,1024,0.0008633419497219603
0801,2.0,0.0196078431372549,blur_noise,gradient,0.05,all,measurement_residual,0.5,512,1024,0.0007792134270662194
0801,2.0,0.0196078431372549,blur_noise,gradient,0.05,all,image_gradient,0.5,512,1024,0.0003987519077436435
0801,2.0,0.0196078431372549,blur_noise,gradient,0.05,all,random_expected,0.5,512,1024,0.0008318501912634466
0801,2.0,0.0196078431372549,blur_noise,gradient,0.05,all,oracle_error,0.5,512,1024,0.0003331015921549507
0801,2.0,0.0196078431372549,blur_noise,gradient,0.05,all,operator_spread,0.75,768,1024,0.0004870661032113748
0801,2.0,0.0196078431372549,blur_noise,gradient,0.05,all,measurement_noise_spread,0.75,768,1024,0.0008145298593158464
0801,2.0,0.0196078431372549,blur_noise,gradient,0.05,all,measurement_residual,0.75,768,1024,0.0007826993540593496
0801,2.0,0.0196078431372549,blur_noise,gradient,0.05,all,image_gradient,0.75,768,1024,0.000464671746077143
0801,2.0,0.0196078431372549,blur_noise,gradient,0.05,all,random_expected,0.75,768,1024,0.0008318501912634466
0801,2.0,0.0196078431372549,blur_noise,gradient,0.05,all,oracle_error,0.75,768,1024,0.00042095673116635115
0801,2.0,0.0196078431372549,blur_noise,gradient,0.05,all,operator_spread,0.9,922,1024,0.0005853384395508987
0801,2.0,0.0196078431372549,blur_noise,gradient,0.05,all,measurement_noise_spread,0.9,922,1024,0.000826479268479852
0801,2.0,0.0196078431372549,blur_noise,gradient,0.05,all,measurement_residual,0.9,922,1024,0.0008130148642140394
0801,2.0,0.0196078431372549,blur_noise,gradient,0.05,all,image_gradient,0.9,922,1024,0.0005773377849154807
0801,2.0,0.0196078431372549,blur_noise,gradient,0.05,all,random_expected,0.9,922,1024,0.0008318501912634466
0801,2.0,0.0196078431372549,blur_noise,gradient,0.05,all,oracle_error,0.9,922,1024,0.000549954262512412
0801,2.0,0.0196078431372549,blur_noise,gradient,0.05,all,operator_spread,1.0,1024,1024,0.0008318501912634468
0801,2.0,0.0196078431372549,blur_noise,gradient,0.05,all,measurement_noise_spread,1.0,1024,1024,0.0008318501912634467
0801,2.0,0.0196078431372549,blur_noise,gradient,0.05,all,measurement_residual,1.0,1024,1024,0.0008318501912634467
0801,2.0,0.0196078431372549,blur_noise,gradient,0.05,all,image_gradient,1.0,1024,1024,0.0008318501912634466
0801,2.0,0.0196078431372549,blur_noise,gradient,0.05,all,random_expected,1.0,1024,1024,0.0008318501912634466
0801,2.0,0.0196078431372549,blur_noise,gradient,0.05,all,oracle_error,1.0,1024,1024,0.0008318501912634466
0801,2.0,0.0196078431372549,blur_noise,gradient,0.05,textured_quartile,operator_spread,0.5,128,256,0.0012205971938668964
0801,2.0,0.0196078431372549,blur_noise,gradient,0.05,textured_quartile,measurement_noise_spread,0.5,128,256,0.0021750937667190887
0801,2.0,0.0196078431372549,blur_noise,gradient,0.05,textured_quartile,measurement_residual,0.5,128,256,0.0018326413147685386
0801,2.0,0.0196078431372549,blur_noise,gradient,0.05,textured_quartile,image_gradient,0.5,128,256,0.0012575801916342808
0801,2.0,0.0196078431372549,blur_noise,gradient,0.05,textured_quartile,random_expected,0.5,128,256,0.0020322179681134854
0801,2.0,0.0196078431372549,blur_noise,gradient,0.05,textured_quartile,oracle_error,0.5,128,256,0.001034815652705569
0801,2.0,0.0196078431372549,blur_noise,gradient,0.05,textured_quartile,operator_spread,0.75,192,256,0.001495306504086173
0801,2.0,0.0196078431372549,blur_noise,gradient,0.05,textured_quartile,measurement_noise_spread,0.75,192,256,0.0019917325511136343
0801,2.0,0.0196078431372549,blur_noise,gradient,0.05,textured_quartile,measurement_residual,0.75,192,256,0.0019448393003042592
0801,2.0,0.0196078431372549,blur_noise,gradient,0.05,textured_quartile,image_gradient,0.75,192,256,0.0014625026467950857
0801,2.0,0.0196078431372549,blur_noise,gradient,0.05,textured_quartile,random_expected,0.75,192,256,0.0020322179681134854
0801,2.0,0.0196078431372549,blur_noise,gradient,0.05,textured_quartile,oracle_error,0.75,192,256,0.0013354622549727028
0801,2.0,0.0196078431372549,blur_noise,gradient,0.05,textured_quartile,operator_spread,0.9,231,256,0.001728613460715572
0801,2.0,0.0196078431372549,blur_noise,gradient,0.05,textured_quartile,measurement_noise_spread,0.9,231,256,0.0020179206030572967
0801,2.0,0.0196078431372549,blur_noise,gradient,0.05,textured_quartile,measurement_residual,0.9,231,256,0.0019707061057111157
0801,2.0,0.0196078431372549,blur_noise,gradient,0.05,textured_quartile,image_gradient,0.9,231,256,0.0017513130817260313
0801,2.0,0.0196078431372549,blur_noise,gradient,0.05,textured_quartile,random_expected,0.9,231,256,0.0020322179681134854
0801,2.0,0.0196078431372549,blur_noise,gradient,0.05,textured_quartile,oracle_error,0.9,231,256,0.001647498448945839
0801,2.0,0.0196078431372549,blur_noise,gradient,0.05,textured_quartile,operator_spread,1.0,256,256,0.0020322179681134854
0801,2.0,0.0196078431372549,blur_noise,gradient,0.05,textured_quartile,measurement_noise_spread,1.0,256,256,0.0020322179681134854
0801,2.0,0.0196078431372549,blur_noise,gradient,0.05,textured_quartile,measurement_residual,1.0,256,256,0.0020322179681134854
0801,2.0,0.0196078431372549,blur_noise,gradient,0.05,textured_quartile,image_gradient,1.0,256,256,0.0020322179681134854
0801,2.0,0.0196078431372549,blur_noise,gradient,0.05,textured_quartile,random_expected,1.0,256,256,0.0020322179681134854
0801,2.0,0.0196078431372549,blur_noise,gradient,0.05,textured_quartile,oracle_error,1.0,256,256,0.0020322179681134854
0801,2.0,0.0196078431372549,blur_noise_jpeg,ridge,0.05,all,operator_spread,0.5,512,1024,0.001407868628549655
0801,2.0,0.0196078431372549,blur_noise_jpeg,ridge,0.05,all,measurement_noise_spread,0.5,512,1024,0.0017240106395552937
0801,2.0,0.0196078431372549,blur_noise_jpeg,ridge,0.05,all,measurement_residual,0.5,512,1024,0.0014671796812376948
0801,2.0,0.0196078431372549,blur_noise_jpeg,ridge,0.05,all,image_gradient,0.5,512,1024,0.0015138652812941734
0801,2.0,0.0196078431372549,blur_noise_jpeg,ridge,0.05,all,random_expected,0.5,512,1024,0.001729300427737542
0801,2.0,0.0196078431372549,blur_noise_jpeg,ridge,0.05,all,oracle_error,0.5,512,1024,0.0010386611878249997
0801,2.0,0.0196078431372549,blur_noise_jpeg,ridge,0.05,all,operator_spread,0.75,768,1024,0.001437040912149577
0801,2.0,0.0196078431372549,blur_noise_jpeg,ridge,0.05,all,measurement_noise_spread,0.75,768,1024,0.0017051974784413476
0801,2.0,0.0196078431372549,blur_noise_jpeg,ridge,0.05,all,measurement_residual,0.75,768,1024,0.0016324819710754276
0801,2.0,0.0196078431372549,blur_noise_jpeg,ridge,0.05,all,image_gradient,0.75,768,1024,0.0014271518801243107
0801,2.0,0.0196078431372549,blur_noise_jpeg,ridge,0.05,all,random_expected,0.75,768,1024,0.001729300427737542
0801,2.0,0.0196078431372549,blur_noise_jpeg,ridge,0.05,all,oracle_error,0.75,768,1024,0.001294682079989253
0801,2.0,0.0196078431372549,blur_noise_jpeg,ridge,0.05,all,operator_spread,0.9,922,1024,0.0015222700692329168
0801,2.0,0.0196078431372549,blur_noise_jpeg,ridge,0.05,all,measurement_noise_spread,0.9,922,1024,0.001725086689896045
0801,2.0,0.0196078431372549,blur_noise_jpeg,ridge,0.05,all,measurement_residual,0.9,922,1024,0.0016907039045380987
0801,2.0,0.0196078431372549,blur_noise_jpeg,ridge,0.05,all,image_gradient,0.9,922,1024,0.0014752759233306952
0801,2.0,0.0196078431372549,blur_noise_jpeg,ridge,0.05,all,random_expected,0.9,922,1024,0.001729300427737542
0801,2.0,0.0196078431372549,blur_noise_jpeg,ridge,0.05,all,oracle_error,0.9,922,1024,0.0014385321476998994
0801,2.0,0.0196078431372549,blur_noise_jpeg,ridge,0.05,all,operator_spread,1.0,1024,1024,0.0017293004277375422
0801,2.0,0.0196078431372549,blur_noise_jpeg,ridge,0.05,all,measurement_noise_spread,1.0,1024,1024,0.001729300427737542
0801,2.0,0.0196078431372549,blur_noise_jpeg,ridge,0.05,all,measurement_residual,1.0,1024,1024,0.001729300427737542
0801,2.0,0.0196078431372549,blur_noise_jpeg,ridge,0.05,all,image_gradient,1.0,1024,1024,0.0017293004277375422
0801,2.0,0.0196078431372549,blur_noise_jpeg,ridge,0.05,all,random_expected,1.0,1024,1024,0.001729300427737542
0801,2.0,0.0196078431372549,blur_noise_jpeg,ridge,0.05,all,oracle_error,1.0,1024,1024,0.0017293004277375422
0801,2.0,0.0196078431372549,blur_noise_jpeg,ridge,0.05,textured_quartile,operator_spread,0.5,128,256,0.0017697553011400099
0801,2.0,0.0196078431372549,blur_noise_jpeg,ridge,0.05,textured_quartile,measurement_noise_spread,0.5,128,256,0.0026552345192961254
0801,2.0,0.0196078431372549,blur_noise_jpeg,ridge,0.05,textured_quartile,measurement_residual,0.5,128,256,0.002125197013762968
0801,2.0,0.0196078431372549,blur_noise_jpeg,ridge,0.05,textured_quartile,image_gradient,0.5,128,256,0.001687280454084348
0801,2.0,0.0196078431372549,blur_noise_jpeg,ridge,0.05,textured_quartile,random_expected,0.5,128,256,0.002679958717730281
0801,2.0,0.0196078431372549,blur_noise_jpeg,ridge,0.05,textured_quartile,oracle_error,0.5,128,256,0.001465414494110797
0801,2.0,0.0196078431372549,blur_noise_jpeg,ridge,0.05,textured_quartile,operator_spread,0.75,192,256,0.002164033162529659
0801,2.0,0.0196078431372549,blur_noise_jpeg,ridge,0.05,textured_quartile,measurement_noise_spread,0.75,192,256,0.0026440597022772704
0801,2.0,0.0196078431372549,blur_noise_jpeg,ridge,0.05,textured_quartile,measurement_residual,0.75,192,256,0.0023215530539768855
0801,2.0,0.0196078431372549,blur_noise_jpeg,ridge,0.05,textured_quartile,image_gradient,0.75,192,256,0.0019606016422150916
0801,2.0,0.0196078431372549,blur_noise_jpeg,ridge,0.05,textured_quartile,random_expected,0.75,192,256,0.002679958717730281
0801,2.0,0.0196078431372549,blur_noise_jpeg,ridge,0.05,textured_quartile,oracle_error,0.75,192,256,0.001838481710903486
0801,2.0,0.0196078431372549,blur_noise_jpeg,ridge,0.05,textured_quartile,operator_spread,0.9,231,256,0.002443817020774227
0801,2.0,0.0196078431372549,blur_noise_jpeg,ridge,0.05,textured_quartile,measurement_noise_spread,0.9,231,256,0.002685472012018906
0801,2.0,0.0196078431372549,blur_noise_jpeg,ridge,0.05,textured_quartile,measurement_residual,0.9,231,256,0.002476404653024425
0801,2.0,0.0196078431372549,blur_noise_jpeg,ridge,0.05,textured_quartile,image_gradient,0.9,231,256,0.0023182259278800867
0801,2.0,0.0196078431372549,blur_noise_jpeg,ridge,0.05,textured_quartile,random_expected,0.9,231,256,0.002679958717730281
0801,2.0,0.0196078431372549,blur_noise_jpeg,ridge,0.05,textured_quartile,oracle_error,0.9,231,256,0.002211231695617112
0801,2.0,0.0196078431372549,blur_noise_jpeg,ridge,0.05,textured_quartile,operator_spread,1.0,256,256,0.002679958717730281
0801,2.0,0.0196078431372549,blur_noise_jpeg,ridge,0.05,textured_quartile,measurement_noise_spread,1.0,256,256,0.002679958717730281
0801,2.0,0.0196078431372549,blur_noise_jpeg,ridge,0.05,textured_quartile,measurement_residual,1.0,256,256,0.002679958717730281
0801,2.0,0.0196078431372549,blur_noise_jpeg,ridge,0.05,textured_quartile,image_gradient,1.0,256,256,0.002679958717730281
0801,2.0,0.0196078431372549,blur_noise_jpeg,ridge,0.05,textured_quartile,random_expected,1.0,256,256,0.002679958717730281
0801,2.0,0.0196078431372549,blur_noise_jpeg,ridge,0.05,textured_quartile,oracle_error,1.0,256,256,0.002679958717730281
0801,2.0,0.0196078431372549,blur_noise_jpeg,gradient,0.05,all,operator_spread,0.5,512,1024,0.0003315318876819218
0801,2.0,0.0196078431372549,blur_noise_jpeg,gradient,0.05,all,measurement_noise_spread,0.5,512,1024,0.0008087434226176446
0801,2.0,0.0196078431372549,blur_noise_jpeg,gradient,0.05,all,measurement_residual,0.5,512,1024,0.00043833616405326625
0801,2.0,0.0196078431372549,blur_noise_jpeg,gradient,0.05,all,image_gradient,0.5,512,1024,0.00032960617920206885
0801,2.0,0.0196078431372549,blur_noise_jpeg,gradient,0.05,all,random_expected,0.5,512,1024,0.0007778655507123849
0801,2.0,0.0196078431372549,blur_noise_jpeg,gradient,0.05,all,oracle_error,0.5,512,1024,0.00026757890536864527
0801,2.0,0.0196078431372549,blur_noise_jpeg,gradient,0.05,all,operator_spread,0.75,768,1024,0.00041463968892857484
0801,2.0,0.0196078431372549,blur_noise_jpeg,gradient,0.05,all,measurement_noise_spread,0.75,768,1024,0.0007608755835726255
0801,2.0,0.0196078431372549,blur_noise_jpeg,gradient,0.05,all,measurement_residual,0.75,768,1024,0.000555271395062011
0801,2.0,0.0196078431372549,blur_noise_jpeg,gradient,0.05,all,image_gradient,0.75,768,1024,0.0004023511668615181
0801,2.0,0.0196078431372549,blur_noise_jpeg,gradient,0.05,all,random_expected,0.75,768,1024,0.0007778655507123849
0801,2.0,0.0196078431372549,blur_noise_jpeg,gradient,0.05,all,oracle_error,0.75,768,1024,0.00035954944103635053
0801,2.0,0.0196078431372549,blur_noise_jpeg,gradient,0.05,all,operator_spread,0.9,922,1024,0.0005244800385902319
0801,2.0,0.0196078431372549,blur_noise_jpeg,gradient,0.05,all,measurement_noise_spread,0.9,922,1024,0.0007718178120036848
0801,2.0,0.0196078431372549,blur_noise_jpeg,gradient,0.05,all,measurement_residual,0.9,922,1024,0.0006605292155029871
0801,2.0,0.0196078431372549,blur_noise_jpeg,gradient,0.05,all,image_gradient,0.9,922,1024,0.0005176710337857029
0801,2.0,0.0196078431372549,blur_noise_jpeg,gradient,0.05,all,random_expected,0.9,922,1024,0.0007778655507123849
0801,2.0,0.0196078431372549,blur_noise_jpeg,gradient,0.05,all,oracle_error,0.9,922,1024,0.0004916441623748016
0801,2.0,0.0196078431372549,blur_noise_jpeg,gradient,0.05,all,operator_spread,1.0,1024,1024,0.0007778655507123849
0801,2.0,0.0196078431372549,blur_noise_jpeg,gradient,0.05,all,measurement_noise_spread,1.0,1024,1024,0.000777865550712385
0801,2.0,0.0196078431372549,blur_noise_jpeg,gradient,0.05,all,measurement_residual,1.0,1024,1024,0.0007778655507123849
0801,2.0,0.0196078431372549,blur_noise_jpeg,gradient,0.05,all,image_gradient,1.0,1024,1024,0.0007778655507123849
0801,2.0,0.0196078431372549,blur_noise_jpeg,gradient,0.05,all,random_expected,1.0,1024,1024,0.0007778655507123849
0801,2.0,0.0196078431372549,blur_noise_jpeg,gradient,0.05,all,oracle_error,1.0,1024,1024,0.0007778655507123847
0801,2.0,0.0196078431372549,blur_noise_jpeg,gradient,0.05,textured_quartile,operator_spread,0.5,128,256,0.0012027284326604096
0801,2.0,0.0196078431372549,blur_noise_jpeg,gradient,0.05,textured_quartile,measurement_noise_spread,0.5,128,256,0.002144675671992736
0801,2.0,0.0196078431372549,blur_noise_jpeg,gradient,0.05,textured_quartile,measurement_residual,0.5,128,256,0.0015885803507770069
0801,2.0,0.0196078431372549,blur_noise_jpeg,gradient,0.05,textured_quartile,image_gradient,0.5,128,256,0.0012096884632551395
0801,2.0,0.0196078431372549,blur_noise_jpeg,gradient,0.05,textured_quartile,random_expected,0.5,128,256,0.0020007980258305224
0801,2.0,0.0196078431372549,blur_noise_jpeg,gradient,0.05,textured_quartile,oracle_error,0.5,128,256,0.0009920413466915673
0801,2.0,0.0196078431372549,blur_noise_jpeg,gradient,0.05,textured_quartile,operator_spread,0.75,192,256,0.001461292134132602
0801,2.0,0.0196078431372549,blur_noise_jpeg,gradient,0.05,textured_quartile,measurement_noise_spread,0.75,192,256,0.001962543426372325
0801,2.0,0.0196078431372549,blur_noise_jpeg,gradient,0.05,textured_quartile,measurement_residual,0.75,192,256,0.001836668277667457
0801,2.0,0.0196078431372549,blur_noise_jpeg,gradient,0.05,textured_quartile,image_gradient,0.75,192,256,0.0014216409704456076
0801,2.0,0.0196078431372549,blur_noise_jpeg,gradient,0.05,textured_quartile,random_expected,0.75,192,256,0.0020007980258305224
0801,2.0,0.0196078431372549,blur_noise_jpeg,gradient,0.05,textured_quartile,oracle_error,0.75,192,256,0.00129734415919764
0801,2.0,0.0196078431372549,blur_noise_jpeg,gradient,0.05,textured_quartile,operator_spread,0.9,231,256,0.001723425689636046
0801,2.0,0.0196078431372549,blur_noise_jpeg,gradient,0.05,textured_quartile,measurement_noise_spread,0.9,231,256,0.001983734677280155
0801,2.0,0.0196078431372549,blur_noise_jpeg,gradient,0.05,textured_quartile,measurement_residual,0.9,231,256,0.0019142605656538698
0801,2.0,0.0196078431372549,blur_noise_jpeg,gradient,0.05,textured_quartile,image_gradient,0.9,231,256,0.0017164971689415571
0801,2.0,0.0196078431372549,blur_noise_jpeg,gradient,0.05,textured_quartile,random_expected,0.9,231,256,0.0020007980258305224
0801,2.0,0.0196078431372549,blur_noise_jpeg,gradient,0.05,textured_quartile,oracle_error,0.9,231,256,0.0016113635371210718
0801,2.0,0.0196078431372549,blur_noise_jpeg,gradient,0.05,textured_quartile,operator_spread,1.0,256,256,0.002000798025830522
0801,2.0,0.0196078431372549,blur_noise_jpeg,gradient,0.05,textured_quartile,measurement_noise_spread,1.0,256,256,0.0020007980258305224
0801,2.0,0.0196078431372549,blur_noise_jpeg,gradient,0.05,textured_quartile,measurement_residual,1.0,256,256,0.0020007980258305224
0801,2.0,0.0196078431372549,blur_noise_jpeg,gradient,0.05,textured_quartile,image_gradient,1.0,256,256,0.0020007980258305224
0801,2.0,0.0196078431372549,blur_noise_jpeg,gradient,0.05,textured_quartile,random_expected,1.0,256,256,0.0020007980258305224
0801,2.0,0.0196078431372549,blur_noise_jpeg,gradient,0.05,textured_quartile,oracle_error,1.0,256,256,0.0020007980258305224
0802,1.2,0.00784313725490196,blur_noise,ridge,0.05,all,operator_spread,0.5,512,1024,0.0005672859394194934
0802,1.2,0.00784313725490196,blur_noise,ridge,0.05,all,measurement_noise_spread,0.5,512,1024,0.000648076810597233
0802,1.2,0.00784313725490196,blur_noise,ridge,0.05,all,measurement_residual,0.5,512,1024,0.0004786790183099568
0802,1.2,0.00784313725490196,blur_noise,ridge,0.05,all,image_gradient,0.5,512,1024,0.0005928777900942135
0802,1.2,0.00784313725490196,blur_noise,ridge,0.05,all,random_expected,0.5,512,1024,0.000732647224980118
0802,1.2,0.00784313725490196,blur_noise,ridge,0.05,all,oracle_error,0.5,512,1024,0.00038894765407063506
0802,1.2,0.00784313725490196,blur_noise,ridge,0.05,all,operator_spread,0.75,768,1024,0.0006323287632572446
0802,1.2,0.00784313725490196,blur_noise,ridge,0.05,all,measurement_noise_spread,0.75,768,1024,0.0007046204766528821
0802,1.2,0.00784313725490196,blur_noise,ridge,0.05,all,measurement_residual,0.75,768,1024,0.0006068145904059315
0802,1.2,0.00784313725490196,blur_noise,ridge,0.05,all,image_gradient,0.75,768,1024,0.00063887172401602
0802,1.2,0.00784313725490196,blur_noise,ridge,0.05,all,random_expected,0.75,768,1024,0.000732647224980118
0802,1.2,0.00784313725490196,blur_noise,ridge,0.05,all,oracle_error,0.75,768,1024,0.0005479938716242053
0802,1.2,0.00784313725490196,blur_noise,ridge,0.05,all,operator_spread,0.9,922,1024,0.0006707375097140788
0802,1.2,0.00784313725490196,blur_noise,ridge,0.05,all,measurement_noise_spread,0.9,922,1024,0.0007232829040042969
0802,1.2,0.00784313725490196,blur_noise,ridge,0.05,all,measurement_residual,0.9,922,1024,0.0006711978389636148
0802,1.2,0.00784313725490196,blur_noise,ridge,0.05,all,image_gradient,0.9,922,1024,0.0006803759557317068
0802,1.2,0.00784313725490196,blur_noise,ridge,0.05,all,random_expected,0.9,922,1024,0.000732647224980118
0802,1.2,0.00784313725490196,blur_noise,ridge,0.05,all,oracle_error,0.9,922,1024,0.000647202904221333
0802,1.2,0.00784313725490196,blur_noise,ridge,0.05,all,operator_spread,1.0,1024,1024,0.0007326472249801179
0802,1.2,0.00784313725490196,blur_noise,ridge,0.05,all,measurement_noise_spread,1.0,1024,1024,0.000732647224980118
0802,1.2,0.00784313725490196,blur_noise,ridge,0.05,all,measurement_residual,1.0,1024,1024,0.000732647224980118
0802,1.2,0.00784313725490196,blur_noise,ridge,0.05,all,image_gradient,1.0,1024,1024,0.000732647224980118
0802,1.2,0.00784313725490196,blur_noise,ridge,0.05,all,random_expected,1.0,1024,1024,0.000732647224980118
0802,1.2,0.00784313725490196,blur_noise,ridge,0.05,all,oracle_error,1.0,1024,1024,0.000732647224980118
0802,1.2,0.00784313725490196,blur_noise,ridge,0.05,textured_quartile,operator_spread,0.5,128,256,0.00089505089833176
0802,1.2,0.00784313725490196,blur_noise,ridge,0.05,textured_quartile,measurement_noise_spread,0.5,128,256,0.0010776680577649794
0802,1.2,0.00784313725490196,blur_noise,ridge,0.05,textured_quartile,measurement_residual,0.5,128,256,0.0009682563125130337
0802,1.2,0.00784313725490196,blur_noise,ridge,0.05,textured_quartile,image_gradient,0.5,128,256,0.0009368056523687255
0802,1.2,0.00784313725490196,blur_noise,ridge,0.05,textured_quartile,random_expected,0.5,128,256,0.0010593008255382272
0802,1.2,0.00784313725490196,blur_noise,ridge,0.05,textured_quartile,oracle_error,0.5,128,256,0.0007781905194931046
0802,1.2,0.00784313725490196,blur_noise,ridge,0.05,textured_quartile,operator_spread,0.75,192,256,0.0009455708614647573
0802,1.2,0.00784313725490196,blur_noise,ridge,0.05,textured_quartile,measurement_noise_spread,0.75,192,256,0.0010861260568382919
0802,1.2,0.00784313725490196,blur_noise,ridge,0.05,textured_quartile,measurement_residual,0.75,192,256,0.0010108478491130948
0802,1.2,0.00784313725490196,blur_noise,ridge,0.05,textured_quartile,image_gradient,0.75,192,256,0.0009787627805020451
0802,1.2,0.00784313725490196,blur_noise,ridge,0.05,textured_quartile,random_expected,0.75,192,256,0.0010593008255382272
0802,1.2,0.00784313725490196,blur_noise,ridge,0.05,textured_quartile,oracle_error,0.75,192,256,0.0008877972572324729
0802,1.2,0.00784313725490196,blur_noise,ridge,0.05,textured_quartile,operator_spread,0.9,231,256,0.000997030847804982
0802,1.2,0.00784313725490196,blur_noise,ridge,0.05,textured_quartile,measurement_noise_spread,0.9,231,256,0.0010681875051831164
0802,1.2,0.00784313725490196,blur_noise,ridge,0.05,textured_quartile,measurement_residual,0.9,231,256,0.001033052900223029
0802,1.2,0.00784313725490196,blur_noise,ridge,0.05,textured_quartile,image_gradient,0.9,231,256,0.0010073713663659909
0802,1.2,0.00784313725490196,blur_noise,ridge,0.05,textured_quartile,random_expected,0.9,231,256,0.0010593008255382272
0802,1.2,0.00784313725490196,blur_noise,ridge,0.05,textured_quartile,oracle_error,0.9,231,256,0.0009665535804523173
0802,1.2,0.00784313725490196,blur_noise,ridge,0.05,textured_quartile,operator_spread,1.0,256,256,0.0010593008255382272
0802,1.2,0.00784313725490196,blur_noise,ridge,0.05,textured_quartile,measurement_noise_spread,1.0,256,256,0.0010593008255382272
0802,1.2,0.00784313725490196,blur_noise,ridge,0.05,textured_quartile,measurement_residual,1.0,256,256,0.0010593008255382272
0802,1.2,0.00784313725490196,blur_noise,ridge,0.05,textured_quartile,image_gradient,1.0,256,256,0.0010593008255382272
0802,1.2,0.00784313725490196,blur_noise,ridge,0.05,textured_quartile,random_expected,1.0,256,256,0.0010593008255382272
0802,1.2,0.00784313725490196,blur_noise,ridge,0.05,textured_quartile,oracle_error,1.0,256,256,0.0010593008255382272
0802,1.2,0.00784313725490196,blur_noise,gradient,0.05,all,operator_spread,0.5,512,1024,0.00012378862122418782
0802,1.2,0.00784313725490196,blur_noise,gradient,0.05,all,measurement_noise_spread,0.5,512,1024,0.0003031308231010281
0802,1.2,0.00784313725490196,blur_noise,gradient,0.05,all,measurement_residual,0.5,512,1024,0.00015468535674570096
0802,1.2,0.00784313725490196,blur_noise,gradient,0.05,all,image_gradient,0.5,512,1024,0.00014362704607361336
0802,1.2,0.00784313725490196,blur_noise,gradient,0.05,all,random_expected,0.5,512,1024,0.0003047528992474717
0802,1.2,0.00784313725490196,blur_noise,gradient,0.05,all,oracle_error,0.5,512,1024,0.00011104660852726137
0802,1.2,0.00784313725490196,blur_noise,gradient,0.05,all,operator_spread,0.75,768,1024,0.00016902752624668347
0802,1.2,0.00784313725490196,blur_noise,gradient,0.05,all,measurement_noise_spread,0.75,768,1024,0.0003006327989385149
0802,1.2,0.00784313725490196,blur_noise,gradient,0.05,all,measurement_residual,0.75,768,1024,0.00018462928568768112
0802,1.2,0.00784313725490196,blur_noise,gradient,0.05,all,image_gradient,0.75,768,1024,0.00019175326873781305
0802,1.2,0.00784313725490196,blur_noise,gradient,0.05,all,random_expected,0.75,768,1024,0.0003047528992474717
0802,1.2,0.00784313725490196,blur_noise,gradient,0.05,all,oracle_error,0.75,768,1024,0.0001581526900269808
0802,1.2,0.00784313725490196,blur_noise,gradient,0.05,all,operator_spread,0.9,922,1024,0.0002332184865272262
0802,1.2,0.00784313725490196,blur_noise,gradient,0.05,all,measurement_noise_spread,0.9,922,1024,0.0003053171703096156
0802,1.2,0.00784313725490196,blur_noise,gradient,0.05,all,measurement_residual,0.9,922,1024,0.00023138466629772826
0802,1.2,0.00784313725490196,blur_noise,gradient,0.05,all,image_gradient,0.9,922,1024,0.00024866959853360975
0802,1.2,0.00784313725490196,blur_noise,gradient,0.05,all,random_expected,0.9,922,1024,0.0003047528992474717
0802,1.2,0.00784313725490196,blur_noise,gradient,0.05,all,oracle_error,0.9,922,1024,0.00021748287052688627
0802,1.2,0.00784313725490196,blur_noise,gradient,0.05,all,operator_spread,1.0,1024,1024,0.00030475289924747166
0802,1.2,0.00784313725490196,blur_noise,gradient,0.05,all,measurement_noise_spread,1.0,1024,1024,0.00030475289924747166
0802,1.2,0.00784313725490196,blur_noise,gradient,0.05,all,measurement_residual,1.0,1024,1024,0.00030475289924747166
0802,1.2,0.00784313725490196,blur_noise,gradient,0.05,all,image_gradient,1.0,1024,1024,0.00030475289924747166
0802,1.2,0.00784313725490196,blur_noise,gradient,0.05,all,random_expected,1.0,1024,1024,0.0003047528992474717
0802,1.2,0.00784313725490196,blur_noise,gradient,0.05,all,oracle_error,1.0,1024,1024,0.0003047528992474717
0802,1.2,0.00784313725490196,blur_noise,gradient,0.05,textured_quartile,operator_spread,0.5,128,256,0.0005232302693504555
0802,1.2,0.00784313725490196,blur_noise,gradient,0.05,textured_quartile,measurement_noise_spread,0.5,128,256,0.000714935899982432
0802,1.2,0.00784313725490196,blur_noise,gradient,0.05,textured_quartile,measurement_residual,0.5,128,256,0.00048280368373715063
0802,1.2,0.00784313725490196,blur_noise,gradient,0.05,textured_quartile,image_gradient,0.5,128,256,0.0006048313850545422
0802,1.2,0.00784313725490196,blur_noise,gradient,0.05,textured_quartile,random_expected,0.5,128,256,0.0007093049499514979
0802,1.2,0.00784313725490196,blur_noise,gradient,0.05,textured_quartile,oracle_error,0.5,128,256,0.00040817307643065603
0802,1.2,0.00784313725490196,blur_noise,gradient,0.05,textured_quartile,operator_spread,0.75,192,256,0.0005881489428053627
0802,1.2,0.00784313725490196,blur_noise,gradient,0.05,textured_quartile,measurement_noise_spread,0.75,192,256,0.0007241555841721328
0802,1.2,0.00784313725490196,blur_noise,gradient,0.05,textured_quartile,measurement_residual,0.75,192,256,0.0005667092778449353
0802,1.2,0.00784313725490196,blur_noise,gradient,0.05,textured_quartile,image_gradient,0.75,192,256,0.0006373656776067512
0802,1.2,0.00784313725490196,blur_noise,gradient,0.05,textured_quartile,random_expected,0.75,192,256,0.0007093049499514979
0802,1.2,0.00784313725490196,blur_noise,gradient,0.05,textured_quartile,oracle_error,0.75,192,256,0.0005223508561482562
0802,1.2,0.00784313725490196,blur_noise,gradient,0.05,textured_quartile,operator_spread,0.9,231,256,0.0006531774652411002
0802,1.2,0.00784313725490196,blur_noise,gradient,0.05,textured_quartile,measurement_noise_spread,0.9,231,256,0.0007148553949957473
0802,1.2,0.00784313725490196,blur_noise,gradient,0.05,textured_quartile,measurement_residual,0.9,231,256,0.000626900393756591
0802,1.2,0.00784313725490196,blur_noise,gradient,0.05,textured_quartile,image_gradient,0.9,231,256,0.0006757389550254271
0802,1.2,0.00784313725490196,blur_noise,gradient,0.05,textured_quartile,random_expected,0.9,231,256,0.0007093049499514979
0802,1.2,0.00784313725490196,blur_noise,gradient,0.05,textured_quartile,oracle_error,0.9,231,256,0.0006054461353683707
0802,1.2,0.00784313725490196,blur_noise,gradient,0.05,textured_quartile,operator_spread,1.0,256,256,0.0007093049499514978
0802,1.2,0.00784313725490196,blur_noise,gradient,0.05,textured_quartile,measurement_noise_spread,1.0,256,256,0.0007093049499514978
0802,1.2,0.00784313725490196,blur_noise,gradient,0.05,textured_quartile,measurement_residual,1.0,256,256,0.0007093049499514978
0802,1.2,0.00784313725490196,blur_noise,gradient,0.05,textured_quartile,image_gradient,1.0,256,256,0.0007093049499514979
0802,1.2,0.00784313725490196,blur_noise,gradient,0.05,textured_quartile,random_expected,1.0,256,256,0.0007093049499514979
0802,1.2,0.00784313725490196,blur_noise,gradient,0.05,textured_quartile,oracle_error,1.0,256,256,0.0007093049499514978
0802,1.2,0.00784313725490196,blur_noise_jpeg,ridge,0.05,all,operator_spread,0.5,512,1024,0.0006517803598772417
0802,1.2,0.00784313725490196,blur_noise_jpeg,ridge,0.05,all,measurement_noise_spread,0.5,512,1024,0.0007724931923830137
0802,1.2,0.00784313725490196,blur_noise_jpeg,ridge,0.05,all,measurement_residual,0.5,512,1024,0.0005998349785525813
0802,1.2,0.00784313725490196,blur_noise_jpeg,ridge,0.05,all,image_gradient,0.5,512,1024,0.0006594142491919996
0802,1.2,0.00784313725490196,blur_noise_jpeg,ridge,0.05,all,random_expected,0.5,512,1024,0.0008614993292957092
0802,1.2,0.00784313725490196,blur_noise_jpeg,ridge,0.05,all,oracle_error,0.5,512,1024,0.0004649543705032433
0802,1.2,0.00784313725490196,blur_noise_jpeg,ridge,0.05,all,operator_spread,0.75,768,1024,0.000713305477418746
0802,1.2,0.00784313725490196,blur_noise_jpeg,ridge,0.05,all,measurement_noise_spread,0.75,768,1024,0.000830186896640446
0802,1.2,0.00784313725490196,blur_noise_jpeg,ridge,0.05,all,measurement_residual,0.75,768,1024,0.0007482261872555664
0802,1.2,0.00784313725490196,blur_noise_jpeg,ridge,0.05,all,image_gradient,0.75,768,1024,0.0007208638128320255
0802,1.2,0.00784313725490196,blur_noise_jpeg,ridge,0.05,all,random_expected,0.75,768,1024,0.0008614993292957092
0802,1.2,0.00784313725490196,blur_noise_jpeg,ridge,0.05,all,oracle_error,0.75,768,1024,0.0006456738638101986
0802,1.2,0.00784313725490196,blur_noise_jpeg,ridge,0.05,all,operator_spread,0.9,922,1024,0.0007785987644743012
0802,1.2,0.00784313725490196,blur_noise_jpeg,ridge,0.05,all,measurement_noise_spread,0.9,922,1024,0.0008500264409491916
0802,1.2,0.00784313725490196,blur_noise_jpeg,ridge,0.05,all,measurement_residual,0.9,922,1024,0.0008067004176130408
0802,1.2,0.00784313725490196,blur_noise_jpeg,ridge,0.05,all,image_gradient,0.9,922,1024,0.0007855442264798745
0802,1.2,0.00784313725490196,blur_noise_jpeg,ridge,0.05,all,random_expected,0.9,922,1024,0.0008614993292957092
0802,1.2,0.00784313725490196,blur_noise_jpeg,ridge,0.05,all,oracle_error,0.9,922,1024,0.0007566564777409971
0802,1.2,0.00784313725490196,blur_noise_jpeg,ridge,0.05,all,operator_spread,1.0,1024,1024,0.0008614993292957091
0802,1.2,0.00784313725490196,blur_noise_jpeg,ridge,0.05,all,measurement_noise_spread,1.0,1024,1024,0.0008614993292957091
0802,1.2,0.00784313725490196,blur_noise_jpeg,ridge,0.05,all,measurement_residual,1.0,1024,1024,0.0008614993292957094
0802,1.2,0.00784313725490196,blur_noise_jpeg,ridge,0.05,all,image_gradient,1.0,1024,1024,0.0008614993292957092
0802,1.2,0.00784313725490196,blur_noise_jpeg,ridge,0.05,all,random_expected,1.0,1024,1024,0.0008614993292957092
0802,1.2,0.00784313725490196,blur_noise_jpeg,ridge,0.05,all,oracle_error,1.0,1024,1024,0.0008614993292957091
0802,1.2,0.00784313725490196,blur_noise_jpeg,ridge,0.05,textured_quartile,operator_spread,0.5,128,256,0.001148341595743333
0802,1.2,0.00784313725490196,blur_noise_jpeg,ridge,0.05,textured_quartile,measurement_noise_spread,0.5,128,256,0.0013563648992309296
0802,1.2,0.00784313725490196,blur_noise_jpeg,ridge,0.05,textured_quartile,measurement_residual,0.5,128,256,0.0012549238741782214
0802,1.2,0.00784313725490196,blur_noise_jpeg,ridge,0.05,textured_quartile,image_gradient,0.5,128,256,0.001203747597388017
0802,1.2,0.00784313725490196,blur_noise_jpeg,ridge,0.05,textured_quartile,random_expected,0.5,128,256,0.0013468843744819563
0802,1.2,0.00784313725490196,blur_noise_jpeg,ridge,0.05,textured_quartile,oracle_error,0.5,128,256,0.00100048950441637
0802,1.2,0.00784313725490196,blur_noise_jpeg,ridge,0.05,textured_quartile,operator_spread,0.75,192,256,0.0011962249422598518
0802,1.2,0.00784313725490196,blur_noise_jpeg,ridge,0.05,textured_quartile,measurement_noise_spread,0.75,192,256,0.001355779675962179
0802,1.2,0.00784313725490196,blur_noise_jpeg,ridge,0.05,textured_quartile,measurement_residual,0.75,192,256,0.0013089972966155595
0802,1.2,0.00784313725490196,blur_noise_jpeg,ridge,0.05,textured_quartile,image_gradient,0.75,192,256,0.001240394521538709
0802,1.2,0.00784313725490196,blur_noise_jpeg,ridge,0.05,textured_quartile,random_expected,0.75,192,256,0.0013468843744819563
0802,1.2,0.00784313725490196,blur_noise_jpeg,ridge,0.05,textured_quartile,oracle_error,0.75,192,256,0.0011395809812756363
0802,1.2,0.00784313725490196,blur_noise_jpeg,ridge,0.05,textured_quartile,operator_spread,0.9,231,256,0.0012673385794947244
0802,1.2,0.00784313725490196,blur_noise_jpeg,ridge,0.05,textured_quartile,measurement_noise_spread,0.9,231,256,0.0013555919193134489
0802,1.2,0.00784313725490196,blur_noise_jpeg,ridge,0.05,textured_quartile,measurement_residual,0.9,231,256,0.001328626165784643
0802,1.2,0.00784313725490196,blur_noise_jpeg,ridge,0.05,textured_quartile,image_gradient,0.9,231,256,0.0012892551546680995
0802,1.2,0.00784313725490196,blur_noise_jpeg,ridge,0.05,textured_quartile,random_expected,0.9,231,256,0.0013468843744819563
0802,1.2,0.00784313725490196,blur_noise_jpeg,ridge,0.05,textured_quartile,oracle_error,0.9,231,256,0.0012372927721135112
0802,1.2,0.00784313725490196,blur_noise_jpeg,ridge,0.05,textured_quartile,operator_spread,1.0,256,256,0.0013468843744819563
0802,1.2,0.00784313725490196,blur_noise_jpeg,ridge,0.05,textured_quartile,measurement_noise_spread,1.0,256,256,0.0013468843744819565
0802,1.2,0.00784313725490196,blur_noise_jpeg,ridge,0.05,textured_quartile,measurement_residual,1.0,256,256,0.0013468843744819565
0802,1.2,0.00784313725490196,blur_noise_jpeg,ridge,0.05,textured_quartile,image_gradient,1.0,256,256,0.0013468843744819563
0802,1.2,0.00784313725490196,blur_noise_jpeg,ridge,0.05,textured_quartile,random_expected,1.0,256,256,0.0013468843744819563
0802,1.2,0.00784313725490196,blur_noise_jpeg,ridge,0.05,textured_quartile,oracle_error,1.0,256,256,0.0013468843744819567
0802,1.2,0.00784313725490196,blur_noise_jpeg,gradient,0.05,all,operator_spread,0.5,512,1024,0.00019200429497188894
0802,1.2,0.00784313725490196,blur_noise_jpeg,gradient,0.05,all,measurement_noise_spread,0.5,512,1024,0.00042371206981549483
0802,1.2,0.00784313725490196,blur_noise_jpeg,gradient,0.05,all,measurement_residual,0.5,512,1024,0.00019716611331258347
0802,1.2,0.00784313725490196,blur_noise_jpeg,gradient,0.05,all,image_gradient,0.5,512,1024,0.00021490771958856557
0802,1.2,0.00784313725490196,blur_noise_jpeg,gradient,0.05,all,random_expected,0.5,512,1024,0.00042477585754293706
0802,1.2,0.00784313725490196,blur_noise_jpeg,gradient,0.05,all,oracle_error,0.5,512,1024,0.000173260465883329
0802,1.2,0.00784313725490196,blur_noise_jpeg,gradient,0.05,all,operator_spread,0.75,768,1024,0.0002548080370035969
0802,1.2,0.00784313725490196,blur_noise_jpeg,gradient,0.05,all,measurement_noise_spread,0.75,768,1024,0.000420304839724752
0802,1.2,0.00784313725490196,blur_noise_jpeg,gradient,0.05,all,measurement_residual,0.75,768,1024,0.0002644991222130734
0802,1.2,0.00784313725490196,blur_noise_jpeg,gradient,0.05,all,image_gradient,0.75,768,1024,0.00027951759953142056
0802,1.2,0.00784313725490196,blur_noise_jpeg,gradient,0.05,all,random_expected,0.75,768,1024,0.00042477585754293706
0802,1.2,0.00784313725490196,blur_noise_jpeg,gradient,0.05,all,oracle_error,0.75,768,1024,0.0002422323193511318
0802,1.2,0.00784313725490196,blur_noise_jpeg,gradient,0.05,all,operator_spread,0.9,922,1024,0.0003378723733604363
0802,1.2,0.00784313725490196,blur_noise_jpeg,gradient,0.05,all,measurement_noise_spread,0.9,922,1024,0.00042584031137227473
0802,1.2,0.00784313725490196,blur_noise_jpeg,gradient,0.05,all,measurement_residual,0.9,922,1024,0.00033922246611822976
0802,1.2,0.00784313725490196,blur_noise_jpeg,gradient,0.05,all,image_gradient,0.9,922,1024,0.00035366020635797015
0802,1.2,0.00784313725490196,blur_noise_jpeg,gradient,0.05,all,random_expected,0.9,922,1024,0.00042477585754293706
0802,1.2,0.00784313725490196,blur_noise_jpeg,gradient,0.05,all,oracle_error,0.9,922,1024,0.0003198393846588826
0802,1.2,0.00784313725490196,blur_noise_jpeg,gradient,0.05,all,operator_spread,1.0,1024,1024,0.000424775857542937
0802,1.2,0.00784313725490196,blur_noise_jpeg,gradient,0.05,all,measurement_noise_spread,1.0,1024,1024,0.000424775857542937
0802,1.2,0.00784313725490196,blur_noise_jpeg,gradient,0.05,all,measurement_residual,1.0,1024,1024,0.000424775857542937
0802,1.2,0.00784313725490196,blur_noise_jpeg,gradient,0.05,all,image_gradient,1.0,1024,1024,0.00042477585754293706
0802,1.2,0.00784313725490196,blur_noise_jpeg,gradient,0.05,all,random_expected,1.0,1024,1024,0.00042477585754293706
0802,1.2,0.00784313725490196,blur_noise_jpeg,gradient,0.05,all,oracle_error,1.0,1024,1024,0.000424775857542937
0802,1.2,0.00784313725490196,blur_noise_jpeg,gradient,0.05,textured_quartile,operator_spread,0.5,128,256,0.0007267316901669184
0802,1.2,0.00784313725490196,blur_noise_jpeg,gradient,0.05,textured_quartile,measurement_noise_spread,0.5,128,256,0.0009623986955330576
0802,1.2,0.00784313725490196,blur_noise_jpeg,gradient,0.05,textured_quartile,measurement_residual,0.5,128,256,0.0007010326074309418
0802,1.2,0.00784313725490196,blur_noise_jpeg,gradient,0.05,textured_quartile,image_gradient,0.5,128,256,0.0008177076991119402
0802,1.2,0.00784313725490196,blur_noise_jpeg,gradient,0.05,textured_quartile,random_expected,0.5,128,256,0.0009332371376224533
0802,1.2,0.00784313725490196,blur_noise_jpeg,gradient,0.05,textured_quartile,oracle_error,0.5,128,256,0.0005858489356990908
0802,1.2,0.00784313725490196,blur_noise_jpeg,gradient,0.05,textured_quartile,operator_spread,0.75,192,256,0.0007879338564854543
0802,1.2,0.00784313725490196,blur_noise_jpeg,gradient,0.05,textured_quartile,measurement_noise_spread,0.75,192,256,0.0009263554311842366
0802,1.2,0.00784313725490196,blur_noise_jpeg,gradient,0.05,textured_quartile,measurement_residual,0.75,192,256,0.000810419390023005
0802,1.2,0.00784313725490196,blur_noise_jpeg,gradient,0.05,textured_quartile,image_gradient,0.75,192,256,0.0008568216881573812
0802,1.2,0.00784313725490196,blur_noise_jpeg,gradient,0.05,textured_quartile,random_expected,0.75,192,256,0.0009332371376224533
0802,1.2,0.00784313725490196,blur_noise_jpeg,gradient,0.05,textured_quartile,oracle_error,0.75,192,256,0.0007226542992051019
0802,1.2,0.00784313725490196,blur_noise_jpeg,gradient,0.05,textured_quartile,operator_spread,0.9,231,256,0.0008640208178646795
0802,1.2,0.00784313725490196,blur_noise_jpeg,gradient,0.05,textured_quartile,measurement_noise_spread,0.9,231,256,0.0009340060795010409
0802,1.2,0.00784313725490196,blur_noise_jpeg,gradient,0.05,textured_quartile,measurement_residual,0.9,231,256,0.0008799447938658482
0802,1.2,0.00784313725490196,blur_noise_jpeg,gradient,0.05,textured_quartile,image_gradient,0.9,231,256,0.0008982351033237251
0802,1.2,0.00784313725490196,blur_noise_jpeg,gradient,0.05,textured_quartile,random_expected,0.9,231,256,0.0009332371376224533
0802,1.2,0.00784313725490196,blur_noise_jpeg,gradient,0.05,textured_quartile,oracle_error,0.9,231,256,0.0008171955575913682
0802,1.2,0.00784313725490196,blur_noise_jpeg,gradient,0.05,textured_quartile,operator_spread,1.0,256,256,0.0009332371376224533
0802,1.2,0.00784313725490196,blur_noise_jpeg,gradient,0.05,textured_quartile,measurement_noise_spread,1.0,256,256,0.0009332371376224533
0802,1.2,0.00784313725490196,blur_noise_jpeg,gradient,0.05,textured_quartile,measurement_residual,1.0,256,256,0.0009332371376224533
0802,1.2,0.00784313725490196,blur_noise_jpeg,gradient,0.05,textured_quartile,image_gradient,1.0,256,256,0.0009332371376224533
0802,1.2,0.00784313725490196,blur_noise_jpeg,gradient,0.05,textured_quartile,random_expected,1.0,256,256,0.0009332371376224533
0802,1.2,0.00784313725490196,blur_noise_jpeg,gradient,0.05,textured_quartile,oracle_error,1.0,256,256,0.0009332371376224534
0802,1.2,0.0196078431372549,blur_noise,ridge,0.05,all,operator_spread,0.5,512,1024,0.0009397092093813822
0802,1.2,0.0196078431372549,blur_noise,ridge,0.05,all,measurement_noise_spread,0.5,512,1024,0.0010343161823999087
0802,1.2,0.0196078431372549,blur_noise,ridge,0.05,all,measurement_residual,0.5,512,1024,0.0009200831066451703
0802,1.2,0.0196078431372549,blur_noise,ridge,0.05,all,image_gradient,0.5,512,1024,0.0010376258603369284
0802,1.2,0.0196078431372549,blur_noise,ridge,0.05,all,random_expected,0.5,512,1024,0.0011922661456864243
0802,1.2,0.0196078431372549,blur_noise,ridge,0.05,all,oracle_error,0.5,512,1024,0.000824751783771641
0802,1.2,0.0196078431372549,blur_noise,ridge,0.05,all,operator_spread,0.75,768,1024,0.00106997584519717
0802,1.2,0.0196078431372549,blur_noise,ridge,0.05,all,measurement_noise_spread,0.75,768,1024,0.001134503359566415
0802,1.2,0.0196078431372549,blur_noise,ridge,0.05,all,measurement_residual,0.75,768,1024,0.001055794252644829
0802,1.2,0.0196078431372549,blur_noise,ridge,0.05,all,image_gradient,0.75,768,1024,0.0010962496759100826
0802,1.2,0.0196078431372549,blur_noise,ridge,0.05,all,random_expected,0.75,768,1024,0.0011922661456864243
0802,1.2,0.0196078431372549,blur_noise,ridge,0.05,all,oracle_error,0.75,768,1024,0.000996810973550414
0802,1.2,0.0196078431372549,blur_noise,ridge,0.05,all,operator_spread,0.9,922,1024,0.001131671182445241
0802,1.2,0.0196078431372549,blur_noise,ridge,0.05,all,measurement_noise_spread,0.9,922,1024,0.0011650258877710386
0802,1.2,0.0196078431372549,blur_noise,ridge,0.05,all,measurement_residual,0.9,922,1024,0.0011276187610247054
0802,1.2,0.0196078431372549,blur_noise,ridge,0.05,all,image_gradient,0.9,922,1024,0.001139664276947607
0802,1.2,0.0196078431372549,blur_noise,ridge,0.05,all,random_expected,0.9,922,1024,0.0011922661456864243
0802,1.2,0.0196078431372549,blur_noise,ridge,0.05,all,oracle_error,0.9,922,1024,0.001102467127365267
0802,1.2,0.0196078431372549,blur_noise,ridge,0.05,all,operator_spread,1.0,1024,1024,0.0011922661456864245
0802,1.2,0.0196078431372549,blur_noise,ridge,0.05,all,measurement_noise_spread,1.0,1024,1024,0.0011922661456864245
0802,1.2,0.0196078431372549,blur_noise,ridge,0.05,all,measurement_residual,1.0,1024,1024,0.0011922661456864243
0802,1.2,0.0196078431372549,blur_noise,ridge,0.05,all,image_gradient,1.0,1024,1024,0.0011922661456864245
0802,1.2,0.0196078431372549,blur_noise,ridge,0.05,all,random_expected,1.0,1024,1024,0.0011922661456864243
0802,1.2,0.0196078431372549,blur_noise,ridge,0.05,all,oracle_error,1.0,1024,1024,0.0011922661456864243
0802,1.2,0.0196078431372549,blur_noise,ridge,0.05,textured_quartile,operator_spread,0.5,128,256,0.0013660775121494024
0802,1.2,0.0196078431372549,blur_noise,ridge,0.05,textured_quartile,measurement_noise_spread,0.5,128,256,0.0015087963059625291
0802,1.2,0.0196078431372549,blur_noise,ridge,0.05,textured_quartile,measurement_residual,0.5,128,256,0.0014350085342005156
0802,1.2,0.0196078431372549,blur_noise,ridge,0.05,textured_quartile,image_gradient,0.5,128,256,0.001407831717275789
0802,1.2,0.0196078431372549,blur_noise,ridge,0.05,textured_quartile,random_expected,0.5,128,256,0.0015327261745951247
0802,1.2,0.0196078431372549,blur_noise,ridge,0.05,textured_quartile,oracle_error,0.5,128,256,0.001237272538918574
0802,1.2,0.0196078431372549,blur_noise,ridge,0.05,textured_quartile,operator_spread,0.75,192,256,0.0014310574863636613
0802,1.2,0.0196078431372549,blur_noise,ridge,0.05,textured_quartile,measurement_noise_spread,0.75,192,256,0.001536437017272585
0802,1.2,0.0196078431372549,blur_noise,ridge,0.05,textured_quartile,measurement_residual,0.75,192,256,0.001479458223622801
0802,1.2,0.0196078431372549,blur_noise,ridge,0.05,textured_quartile,image_gradient,0.75,192,256,0.001452746175559218
0802,1.2,0.0196078431372549,blur_noise,ridge,0.05,textured_quartile,random_expected,0.75,192,256,0.0015327261745951247
0802,1.2,0.0196078431372549,blur_noise,ridge,0.05,textured_quartile,oracle_error,0.75,192,256,0.001353931785836878
0802,1.2,0.0196078431372549,blur_noise,ridge,0.05,textured_quartile,operator_spread,0.9,231,256,0.0014710713985478206
0802,1.2,0.0196078431372549,blur_noise,ridge,0.05,textured_quartile,measurement_noise_spread,0.9,231,256,0.0015269284598439094
0802,1.2,0.0196078431372549,blur_noise,ridge,0.05,textured_quartile,measurement_residual,0.9,231,256,0.0015005309015793968
0802,1.2,0.0196078431372549,blur_noise,ridge,0.05,textured_quartile,image_gradient,0.9,231,256,0.0014859900395421785
0802,1.2,0.0196078431372549,blur_noise,ridge,0.05,textured_quartile,random_expected,0.9,231,256,0.0015327261745951247
0802,1.2,0.0196078431372549,blur_noise,ridge,0.05,textured_quartile,oracle_error,0.9,231,256,0.0014390481542730454
0802,1.2,0.0196078431372549,blur_noise,ridge,0.05,textured_quartile,operator_spread,1.0,256,256,0.0015327261745951247
0802,1.2,0.0196078431372549,blur_noise,ridge,0.05,textured_quartile,measurement_noise_spread,1.0,256,256,0.0015327261745951247
0802,1.2,0.0196078431372549,blur_noise,ridge,0.05,textured_quartile,measurement_residual,1.0,256,256,0.0015327261745951247
0802,1.2,0.0196078431372549,blur_noise,ridge,0.05,textured_quartile,image_gradient,1.0,256,256,0.0015327261745951247
0802,1.2,0.0196078431372549,blur_noise,ridge,0.05,textured_quartile,random_expected,1.0,256,256,0.0015327261745951247
0802,1.2,0.0196078431372549,blur_noise,ridge,0.05,textured_quartile,oracle_error,1.0,256,256,0.001532726174595125
0802,1.2,0.0196078431372549,blur_noise,gradient,0.05,all,operator_spread,0.5,512,1024,0.00032658758436812717
0802,1.2,0.0196078431372549,blur_noise,gradient,0.05,all,measurement_noise_spread,0.5,512,1024,0.0004914665257731519
0802,1.2,0.0196078431372549,blur_noise,gradient,0.05,all,measurement_residual,0.5,512,1024,0.0004677409580486178
0802,1.2,0.0196078431372549,blur_noise,gradient,0.05,all,image_gradient,0.5,512,1024,0.00034136633046314124
0802,1.2,0.0196078431372549,blur_noise,gradient,0.05,all,random_expected,0.5,512,1024,0.0005041792667341003
0802,1.2,0.0196078431372549,blur_noise,gradient,0.05,all,oracle_error,0.5,512,1024,0.000305218248052387
0802,1.2,0.0196078431372549,blur_noise,gradient,0.05,all,operator_spread,0.75,768,1024,0.00037201462067688586
0802,1.2,0.0196078431372549,blur_noise,gradient,0.05,all,measurement_noise_spread,0.75,768,1024,0.0004979302926329379
0802,1.2,0.0196078431372549,blur_noise,gradient,0.05,all,measurement_residual,0.75,768,1024,0.00047906820382231366
0802,1.2,0.0196078431372549,blur_noise,gradient,0.05,all,image_gradient,0.75,768,1024,0.0003905113298757934
0802,1.2,0.0196078431372549,blur_noise,gradient,0.05,all,random_expected,0.75,768,1024,0.0005041792667341003
0802,1.2,0.0196078431372549,blur_noise,gradient,0.05,all,oracle_error,0.75,768,1024,0.0003557785731383757
0802,1.2,0.0196078431372549,blur_noise,gradient,0.05,all,operator_spread,0.9,922,1024,0.00043078800393075463
0802,1.2,0.0196078431372549,blur_noise,gradient,0.05,all,measurement_noise_spread,0.9,922,1024,0.000502849510653052
0802,1.2,0.0196078431372549,blur_noise,gradient,0.05,all,measurement_residual,0.9,922,1024,0.0004867234276282553
0802,1.2,0.0196078431372549,blur_noise,gradient,0.05,all,image_gradient,0.9,922,1024,0.00044893465376214317
0802,1.2,0.0196078431372549,blur_noise,gradient,0.05,all,random_expected,0.9,922,1024,0.0005041792667341003
0802,1.2,0.0196078431372549,blur_noise,gradient,0.05,all,oracle_error,0.9,922,1024,0.00041589768451545493
0802,1.2,0.0196078431372549,blur_noise,gradient,0.05,all,operator_spread,1.0,1024,1024,0.0005041792667341003
0802,1.2,0.0196078431372549,blur_noise,gradient,0.05,all,measurement_noise_spread,1.0,1024,1024,0.0005041792667341004
0802,1.2,0.0196078431372549,blur_noise,gradient,0.05,all,measurement_residual,1.0,1024,1024,0.0005041792667341004
0802,1.2,0.0196078431372549,blur_noise,gradient,0.05,all,image_gradient,1.0,1024,1024,0.0005041792667341003
0802,1.2,0.0196078431372549,blur_noise,gradient,0.05,all,random_expected,1.0,1024,1024,0.0005041792667341003
0802,1.2,0.0196078431372549,blur_noise,gradient,0.05,all,oracle_error,1.0,1024,1024,0.0005041792667341003
0802,1.2,0.0196078431372549,blur_noise,gradient,0.05,textured_quartile,operator_spread,0.5,128,256,0.0007291023405229523
0802,1.2,0.0196078431372549,blur_noise,gradient,0.05,textured_quartile,measurement_noise_spread,0.5,128,256,0.0009164367103826842
0802,1.2,0.0196078431372549,blur_noise,gradient,0.05,textured_quartile,measurement_residual,0.5,128,256,0.0008565305628890707
0802,1.2,0.0196078431372549,blur_noise,gradient,0.05,textured_quartile,image_gradient,0.5,128,256,0.0008216934224907369
0802,1.2,0.0196078431372549,blur_noise,gradient,0.05,textured_quartile,random_expected,0.5,128,256,0.0009125692049384638
0802,1.2,0.0196078431372549,blur_noise,gradient,0.05,textured_quartile,oracle_error,0.5,128,256,0.0006080791959151626
0802,1.2,0.0196078431372549,blur_noise,gradient,0.05,textured_quartile,operator_spread,0.75,192,256,0.0008005948240037273
0802,1.2,0.0196078431372549,blur_noise,gradient,0.05,textured_quartile,measurement_noise_spread,0.75,192,256,0.0009147930589418106
0802,1.2,0.0196078431372549,blur_noise,gradient,0.05,textured_quartile,measurement_residual,0.75,192,256,0.0008753896884796729
0802,1.2,0.0196078431372549,blur_noise,gradient,0.05,textured_quartile,image_gradient,0.75,192,256,0.0008422030115347798
0802,1.2,0.0196078431372549,blur_noise,gradient,0.05,textured_quartile,random_expected,0.75,192,256,0.0009125692049384638
0802,1.2,0.0196078431372549,blur_noise,gradient,0.05,textured_quartile,oracle_error,0.75,192,256,0.0007243001975030002
0802,1.2,0.0196078431372549,blur_noise,gradient,0.05,textured_quartile,operator_spread,0.9,231,256,0.000854344603104434
0802,1.2,0.0196078431372549,blur_noise,gradient,0.05,textured_quartile,measurement_noise_spread,0.9,231,256,0.0009098952208334202
0802,1.2,0.0196078431372549,blur_noise,gradient,0.05,textured_quartile,measurement_residual,0.9,231,256,0.0008730939587735608
0802,1.2,0.0196078431372549,blur_noise,gradient,0.05,textured_quartile,image_gradient,0.9,231,256,0.0008745085324510402
0802,1.2,0.0196078431372549,blur_noise,gradient,0.05,textured_quartile,random_expected,0.9,231,256,0.0009125692049384638
0802,1.2,0.0196078431372549,blur_noise,gradient,0.05,textured_quartile,oracle_error,0.9,231,256,0.0008091823003202596
0802,1.2,0.0196078431372549,blur_noise,gradient,0.05,textured_quartile,operator_spread,1.0,256,256,0.000912569204938464
0802,1.2,0.0196078431372549,blur_noise,gradient,0.05,textured_quartile,measurement_noise_spread,1.0,256,256,0.0009125692049384638
0802,1.2,0.0196078431372549,blur_noise,gradient,0.05,textured_quartile,measurement_residual,1.0,256,256,0.000912569204938464
0802,1.2,0.0196078431372549,blur_noise,gradient,0.05,textured_quartile,image_gradient,1.0,256,256,0.0009125692049384639
0802,1.2,0.0196078431372549,blur_noise,gradient,0.05,textured_quartile,random_expected,1.0,256,256,0.0009125692049384638
0802,1.2,0.0196078431372549,blur_noise,gradient,0.05,textured_quartile,oracle_error,1.0,256,256,0.0009125692049384638
0802,1.2,0.0196078431372549,blur_noise_jpeg,ridge,0.05,all,operator_spread,0.5,512,1024,0.0008246397113025572
0802,1.2,0.0196078431372549,blur_noise_jpeg,ridge,0.05,all,measurement_noise_spread,0.5,512,1024,0.0009153172305238324
0802,1.2,0.0196078431372549,blur_noise_jpeg,ridge,0.05,all,measurement_residual,0.5,512,1024,0.0007752967900800853
0802,1.2,0.0196078431372549,blur_noise_jpeg,ridge,0.05,all,image_gradient,0.5,512,1024,0.0008328363327814824
0802,1.2,0.0196078431372549,blur_noise_jpeg,ridge,0.05,all,random_expected,0.5,512,1024,0.0010447903520487186
0802,1.2,0.0196078431372549,blur_noise_jpeg,ridge,0.05,all,oracle_error,0.5,512,1024,0.0006448485980771202
0802,1.2,0.0196078431372549,blur_noise_jpeg,ridge,0.05,all,operator_spread,0.75,768,1024,0.00090036002065055
0802,1.2,0.0196078431372549,blur_noise_jpeg,ridge,0.05,all,measurement_noise_spread,0.75,768,1024,0.0010039081457640046
0802,1.2,0.0196078431372549,blur_noise_jpeg,ridge,0.05,all,measurement_residual,0.75,768,1024,0.0009267094676353513
0802,1.2,0.0196078431372549,blur_noise_jpeg,ridge,0.05,all,image_gradient,0.75,768,1024,0.0009053644048138037
0802,1.2,0.0196078431372549,blur_noise_jpeg,ridge,0.05,all,random_expected,0.75,768,1024,0.0010447903520487186
0802,1.2,0.0196078431372549,blur_noise_jpeg,ridge,0.05,all,oracle_error,0.75,768,1024,0.0008267233285569345
0802,1.2,0.0196078431372549,blur_noise_jpeg,ridge,0.05,all,operator_spread,0.9,922,1024,0.0009627641654693513
0802,1.2,0.0196078431372549,blur_noise_jpeg,ridge,0.05,all,measurement_noise_spread,0.9,922,1024,0.001021417616667148
0802,1.2,0.0196078431372549,blur_noise_jpeg,ridge,0.05,all,measurement_residual,0.9,922,1024,0.0009891199831249806
0802,1.2,0.0196078431372549,blur_noise_jpeg,ridge,0.05,all,image_gradient,0.9,922,1024,0.0009698390996017354
0802,1.2,0.0196078431372549,blur_noise_jpeg,ridge,0.05,all,random_expected,0.9,922,1024,0.0010447903520487186
0802,1.2,0.0196078431372549,blur_noise_jpeg,ridge,0.05,all,oracle_error,0.9,922,1024,0.0009394380593634812
0802,1.2,0.0196078431372549,blur_noise_jpeg,ridge,0.05,all,operator_spread,1.0,1024,1024,0.0010447903520487186
0802,1.2,0.0196078431372549,blur_noise_jpeg,ridge,0.05,all,measurement_noise_spread,1.0,1024,1024,0.0010447903520487186
0802,1.2,0.0196078431372549,blur_noise_jpeg,ridge,0.05,all,measurement_residual,1.0,1024,1024,0.0010447903520487186
0802,1.2,0.0196078431372549,blur_noise_jpeg,ridge,0.05,all,image_gradient,1.0,1024,1024,0.0010447903520487186
0802,1.2,0.0196078431372549,blur_noise_jpeg,ridge,0.05,all,random_expected,1.0,1024,1024,0.0010447903520487186
0802,1.2,0.0196078431372549,blur_noise_jpeg,ridge,0.05,all,oracle_error,1.0,1024,1024,0.0010447903520487186
0802,1.2,0.0196078431372549,blur_noise_jpeg,ridge,0.05,textured_quartile,operator_spread,0.5,128,256,0.0013127475324526514
0802,1.2,0.0196078431372549,blur_noise_jpeg,ridge,0.05,textured_quartile,measurement_noise_spread,0.5,128,256,0.001493719986571894
0802,1.2,0.0196078431372549,blur_noise_jpeg,ridge,0.05,textured_quartile,measurement_residual,0.5,128,256,0.0014290779611921853
0802,1.2,0.0196078431372549,blur_noise_jpeg,ridge,0.05,textured_quartile,image_gradient,0.5,128,256,0.0013608211396134425
0802,1.2,0.0196078431372549,blur_noise_jpeg,ridge,0.05,textured_quartile,random_expected,0.5,128,256,0.0015212992871379608
0802,1.2,0.0196078431372549,blur_noise_jpeg,ridge,0.05,textured_quartile,oracle_error,0.5,128,256,0.0011679103897810194
0802,1.2,0.0196078431372549,blur_noise_jpeg,ridge,0.05,textured_quartile,operator_spread,0.75,192,256,0.0013850838694459862
0802,1.2,0.0196078431372549,blur_noise_jpeg,ridge,0.05,textured_quartile,measurement_noise_spread,0.75,192,256,0.0015389119415680679
0802,1.2,0.0196078431372549,blur_noise_jpeg,ridge,0.05,textured_quartile,measurement_residual,0.75,192,256,0.0014763650843876818
0802,1.2,0.0196078431372549,blur_noise_jpeg,ridge,0.05,textured_quartile,image_gradient,0.75,192,256,0.00141507803588766
0802,1.2,0.0196078431372549,blur_noise_jpeg,ridge,0.05,textured_quartile,random_expected,0.75,192,256,0.0015212992871379608
0802,1.2,0.0196078431372549,blur_noise_jpeg,ridge,0.05,textured_quartile,oracle_error,0.75,192,256,0.0013100533641547275
0802,1.2,0.0196078431372549,blur_noise_jpeg,ridge,0.05,textured_quartile,operator_spread,0.9,231,256,0.0014537466576718967
0802,1.2,0.0196078431372549,blur_noise_jpeg,ridge,0.05,textured_quartile,measurement_noise_spread,0.9,231,256,0.0015171419662592727
0802,1.2,0.0196078431372549,blur_noise_jpeg,ridge,0.05,textured_quartile,measurement_residual,0.9,231,256,0.0015003078959486774
0802,1.2,0.0196078431372549,blur_noise_jpeg,ridge,0.05,textured_quartile,image_gradient,0.9,231,256,0.001467475907484859
0802,1.2,0.0196078431372549,blur_noise_jpeg,ridge,0.05,textured_quartile,random_expected,0.9,231,256,0.0015212992871379608
0802,1.2,0.0196078431372549,blur_noise_jpeg,ridge,0.05,textured_quartile,oracle_error,0.9,231,256,0.0014116975002915894
0802,1.2,0.0196078431372549,blur_noise_jpeg,ridge,0.05,textured_quartile,operator_spread,1.0,256,256,0.0015212992871379608
0802,1.2,0.0196078431372549,blur_noise_jpeg,ridge,0.05,textured_quartile,measurement_noise_spread,1.0,256,256,0.0015212992871379608
0802,1.2,0.0196078431372549,blur_noise_jpeg,ridge,0.05,textured_quartile,measurement_residual,1.0,256,256,0.0015212992871379608
0802,1.2,0.0196078431372549,blur_noise_jpeg,ridge,0.05,textured_quartile,image_gradient,1.0,256,256,0.0015212992871379608
0802,1.2,0.0196078431372549,blur_noise_jpeg,ridge,0.05,textured_quartile,random_expected,1.0,256,256,0.0015212992871379608
0802,1.2,0.0196078431372549,blur_noise_jpeg,ridge,0.05,textured_quartile,oracle_error,1.0,256,256,0.0015212992871379608
0802,1.2,0.0196078431372549,blur_noise_jpeg,gradient,0.05,all,operator_spread,0.5,512,1024,0.0003083418974376236
0802,1.2,0.0196078431372549,blur_noise_jpeg,gradient,0.05,all,measurement_noise_spread,0.5,512,1024,0.0005306506690097483
0802,1.2,0.0196078431372549,blur_noise_jpeg,gradient,0.05,all,measurement_residual,0.5,512,1024,0.00034485807131674057
0802,1.2,0.0196078431372549,blur_noise_jpeg,gradient,0.05,all,image_gradient,0.5,512,1024,0.0003310348838503124
0802,1.2,0.0196078431372549,blur_noise_jpeg,gradient,0.05,all,random_expected,0.5,512,1024,0.0005350824860636133
0802,1.2,0.0196078431372549,blur_noise_jpeg,gradient,0.05,all,oracle_error,0.5,512,1024,0.00028600835139944364
0802,1.2,0.0196078431372549,blur_noise_jpeg,gradient,0.05,all,operator_spread,0.75,768,1024,0.0003714009801353789
0802,1.2,0.0196078431372549,blur_noise_jpeg,gradient,0.05,all,measurement_noise_spread,0.75,768,1024,0.0005266753875423184
0802,1.2,0.0196078431372549,blur_noise_jpeg,gradient,0.05,all,measurement_residual,0.75,768,1024,0.00040602988884070836
0802,1.2,0.0196078431372549,blur_noise_jpeg,gradient,0.05,all,image_gradient,0.75,768,1024,0.0003922142975318835
0802,1.2,0.0196078431372549,blur_noise_jpeg,gradient,0.05,all,random_expected,0.75,768,1024,0.0005350824860636133
0802,1.2,0.0196078431372549,blur_noise_jpeg,gradient,0.05,all,oracle_error,0.75,768,1024,0.000355139456699806
0802,1.2,0.0196078431372549,blur_noise_jpeg,gradient,0.05,all,operator_spread,0.9,922,1024,0.0004504226936872382
0802,1.2,0.0196078431372549,blur_noise_jpeg,gradient,0.05,all,measurement_noise_spread,0.9,922,1024,0.0005344270960990174
0802,1.2,0.0196078431372549,blur_noise_jpeg,gradient,0.05,all,measurement_residual,0.9,922,1024,0.00046528385558393496
0802,1.2,0.0196078431372549,blur_noise_jpeg,gradient,0.05,all,image_gradient,0.9,922,1024,0.0004643206471440464
0802,1.2,0.0196078431372549,blur_noise_jpeg,gradient,0.05,all,random_expected,0.9,922,1024,0.0005350824860636133
0802,1.2,0.0196078431372549,blur_noise_jpeg,gradient,0.05,all,oracle_error,0.9,922,1024,0.0004309047131331903
0802,1.2,0.0196078431372549,blur_noise_jpeg,gradient,0.05,all,operator_spread,1.0,1024,1024,0.0005350824860636133
0802,1.2,0.0196078431372549,blur_noise_jpeg,gradient,0.05,all,measurement_noise_spread,1.0,1024,1024,0.0005350824860636133
0802,1.2,0.0196078431372549,blur_noise_jpeg,gradient,0.05,all,measurement_residual,1.0,1024,1024,0.0005350824860636133
0802,1.2,0.0196078431372549,blur_noise_jpeg,gradient,0.05,all,image_gradient,1.0,1024,1024,0.0005350824860636133
0802,1.2,0.0196078431372549,blur_noise_jpeg,gradient,0.05,all,random_expected,1.0,1024,1024,0.0005350824860636133
0802,1.2,0.0196078431372549,blur_noise_jpeg,gradient,0.05,all,oracle_error,1.0,1024,1024,0.0005350824860636134
0802,1.2,0.0196078431372549,blur_noise_jpeg,gradient,0.05,textured_quartile,operator_spread,0.5,128,256,0.0008293744771720925
0802,1.2,0.0196078431372549,blur_noise_jpeg,gradient,0.05,textured_quartile,measurement_noise_spread,0.5,128,256,0.0010375153405873811
0802,1.2,0.0196078431372549,blur_noise_jpeg,gradient,0.05,textured_quartile,measurement_residual,0.5,128,256,0.0008543238141680638
0802,1.2,0.0196078431372549,blur_noise_jpeg,gradient,0.05,textured_quartile,image_gradient,0.5,128,256,0.0009288570355106452
0802,1.2,0.0196078431372549,blur_noise_jpeg,gradient,0.05,textured_quartile,random_expected,0.5,128,256,0.0010362713752407045
0802,1.2,0.0196078431372549,blur_noise_jpeg,gradient,0.05,textured_quartile,oracle_error,0.5,128,256,0.0006912438166130925
0802,1.2,0.0196078431372549,blur_noise_jpeg,gradient,0.05,textured_quartile,operator_spread,0.75,192,256,0.0008974715622594975
0802,1.2,0.0196078431372549,blur_noise_jpeg,gradient,0.05,textured_quartile,measurement_noise_spread,0.75,192,256,0.0010333135241004949
0802,1.2,0.0196078431372549,blur_noise_jpeg,gradient,0.05,textured_quartile,measurement_residual,0.75,192,256,0.0009354523447812095
0802,1.2,0.0196078431372549,blur_noise_jpeg,gradient,0.05,textured_quartile,image_gradient,0.75,192,256,0.0009498055522985544
0802,1.2,0.0196078431372549,blur_noise_jpeg,gradient,0.05,textured_quartile,random_expected,0.75,192,256,0.0010362713752407045
0802,1.2,0.0196078431372549,blur_noise_jpeg,gradient,0.05,textured_quartile,oracle_error,0.75,192,256,0.0008258211433868639
0802,1.2,0.0196078431372549,blur_noise_jpeg,gradient,0.05,textured_quartile,operator_spread,0.9,231,256,0.0009752550620441606
0802,1.2,0.0196078431372549,blur_noise_jpeg,gradient,0.05,textured_quartile,measurement_noise_spread,0.9,231,256,0.0010320149577473132
0802,1.2,0.0196078431372549,blur_noise_jpeg,gradient,0.05,textured_quartile,measurement_residual,0.9,231,256,0.0009955535657015506
0802,1.2,0.0196078431372549,blur_noise_jpeg,gradient,0.05,textured_quartile,image_gradient,0.9,231,256,0.0009948347877942524
0802,1.2,0.0196078431372549,blur_noise_jpeg,gradient,0.05,textured_quartile,random_expected,0.9,231,256,0.0010362713752407045
0802,1.2,0.0196078431372549,blur_noise_jpeg,gradient,0.05,textured_quartile,oracle_error,0.9,231,256,0.0009216525914005453
0802,1.2,0.0196078431372549,blur_noise_jpeg,gradient,0.05,textured_quartile,operator_spread,1.0,256,256,0.0010362713752407045
0802,1.2,0.0196078431372549,blur_noise_jpeg,gradient,0.05,textured_quartile,measurement_noise_spread,1.0,256,256,0.0010362713752407045
0802,1.2,0.0196078431372549,blur_noise_jpeg,gradient,0.05,textured_quartile,measurement_residual,1.0,256,256,0.0010362713752407045
0802,1.2,0.0196078431372549,blur_noise_jpeg,gradient,0.05,textured_quartile,image_gradient,1.0,256,256,0.0010362713752407045
0802,1.2,0.0196078431372549,blur_noise_jpeg,gradient,0.05,textured_quartile,random_expected,1.0,256,256,0.0010362713752407045
0802,1.2,0.0196078431372549,blur_noise_jpeg,gradient,0.05,textured_quartile,oracle_error,1.0,256,256,0.0010362713752407045
0802,1.6,0.00784313725490196,blur_noise,ridge,0.05,all,operator_spread,0.5,512,1024,0.0006813274385997737
0802,1.6,0.00784313725490196,blur_noise,ridge,0.05,all,measurement_noise_spread,0.5,512,1024,0.0008851606644823841
0802,1.6,0.00784313725490196,blur_noise,ridge,0.05,all,measurement_residual,0.5,512,1024,0.0007439121231840787
0802,1.6,0.00784313725490196,blur_noise,ridge,0.05,all,image_gradient,0.5,512,1024,0.0007319117832094218
0802,1.6,0.00784313725490196,blur_noise,ridge,0.05,all,random_expected,0.5,512,1024,0.0009984418631514675
0802,1.6,0.00784313725490196,blur_noise,ridge,0.05,all,oracle_error,0.5,512,1024,0.0005092184227529281
0802,1.6,0.00784313725490196,blur_noise,ridge,0.05,all,operator_spread,0.75,768,1024,0.0007682007769807241
0802,1.6,0.00784313725490196,blur_noise,ridge,0.05,all,measurement_noise_spread,0.75,768,1024,0.0009278845951889632
0802,1.6,0.00784313725490196,blur_noise,ridge,0.05,all,measurement_residual,0.75,768,1024,0.0009082507782563667
0802,1.6,0.00784313725490196,blur_noise,ridge,0.05,all,image_gradient,0.75,768,1024,0.0008346070894961866
0802,1.6,0.00784313725490196,blur_noise,ridge,0.05,all,random_expected,0.75,768,1024,0.0009984418631514675
0802,1.6,0.00784313725490196,blur_noise,ridge,0.05,all,oracle_error,0.75,768,1024,0.0007144741818039166
0802,1.6,0.00784313725490196,blur_noise,ridge,0.05,all,operator_spread,0.9,922,1024,0.0008673156936282134
0802,1.6,0.00784313725490196,blur_noise,ridge,0.05,all,measurement_noise_spread,0.9,922,1024,0.0009762630370691905
0802,1.6,0.00784313725490196,blur_noise,ridge,0.05,all,measurement_residual,0.9,922,1024,0.0009515683139229777
0802,1.6,0.00784313725490196,blur_noise,ridge,0.05,all,image_gradient,0.9,922,1024,0.0009067194311167143
0802,1.6,0.00784313725490196,blur_noise,ridge,0.05,all,random_expected,0.9,922,1024,0.0009984418631514675
0802,1.6,0.00784313725490196,blur_noise,ridge,0.05,all,oracle_error,0.9,922,1024,0.0008454643899577659
0802,1.6,0.00784313725490196,blur_noise,ridge,0.05,all,operator_spread,1.0,1024,1024,0.0009984418631514675
0802,1.6,0.00784313725490196,blur_noise,ridge,0.05,all,measurement_noise_spread,1.0,1024,1024,0.0009984418631514675
0802,1.6,0.00784313725490196,blur_noise,ridge,0.05,all,measurement_residual,1.0,1024,1024,0.0009984418631514675
0802,1.6,0.00784313725490196,blur_noise,ridge,0.05,all,image_gradient,1.0,1024,1024,0.0009984418631514675
0802,1.6,0.00784313725490196,blur_noise,ridge,0.05,all,random_expected,1.0,1024,1024,0.0009984418631514675
0802,1.6,0.00784313725490196,blur_noise,ridge,0.05,all,oracle_error,1.0,1024,1024,0.0009984418631514675
0802,1.6,0.00784313725490196,blur_noise,ridge,0.05,textured_quartile,operator_spread,0.5,128,256,0.0014091299421572312
0802,1.6,0.00784313725490196,blur_noise,ridge,0.05,textured_quartile,measurement_noise_spread,0.5,128,256,0.0017166453866310789
0802,1.6,0.00784313725490196,blur_noise,ridge,0.05,textured_quartile,measurement_residual,0.5,128,256,0.0016804259838468874
0802,1.6,0.00784313725490196,blur_noise,ridge,0.05,textured_quartile,image_gradient,0.5,128,256,0.0015853389540392805
0802,1.6,0.00784313725490196,blur_noise,ridge,0.05,textured_quartile,random_expected,0.5,128,256,0.0017341186165185118
0802,1.6,0.00784313725490196,blur_noise,ridge,0.05,textured_quartile,oracle_error,0.5,128,256,0.0012325338905479432
0802,1.6,0.00784313725490196,blur_noise,ridge,0.05,textured_quartile,operator_spread,0.75,192,256,0.0015056955243192933
0802,1.6,0.00784313725490196,blur_noise,ridge,0.05,textured_quartile,measurement_noise_spread,0.75,192,256,0.0016926126667291686
0802,1.6,0.00784313725490196,blur_noise,ridge,0.05,textured_quartile,measurement_residual,0.75,192,256,0.001712539941081423
0802,1.6,0.00784313725490196,blur_noise,ridge,0.05,textured_quartile,image_gradient,0.75,192,256,0.0016577130768017038
0802,1.6,0.00784313725490196,blur_noise,ridge,0.05,textured_quartile,random_expected,0.75,192,256,0.0017341186165185118
0802,1.6,0.00784313725490196,blur_noise,ridge,0.05,textured_quartile,oracle_error,0.75,192,256,0.0014321052288115835
0802,1.6,0.00784313725490196,blur_noise,ridge,0.05,textured_quartile,operator_spread,0.9,231,256,0.0016276146438745519
0802,1.6,0.00784313725490196,blur_noise,ridge,0.05,textured_quartile,measurement_noise_spread,0.9,231,256,0.0017153269594209512
0802,1.6,0.00784313725490196,blur_noise,ridge,0.05,textured_quartile,measurement_residual,0.9,231,256,0.00173225073731423
0802,1.6,0.00784313725490196,blur_noise,ridge,0.05,textured_quartile,image_gradient,0.9,231,256,0.0016819259543645023
0802,1.6,0.00784313725490196,blur_noise,ridge,0.05,textured_quartile,random_expected,0.9,231,256,0.0017341186165185118
0802,1.6,0.00784313725490196,blur_noise,ridge,0.05,textured_quartile,oracle_error,0.9,231,256,0.0015742933766017954
0802,1.6,0.00784313725490196,blur_noise,ridge,0.05,textured_quartile,operator_spread,1.0,256,256,0.0017341186165185118
0802,1.6,0.00784313725490196,blur_noise,ridge,0.05,textured_quartile,measurement_noise_spread,1.0,256,256,0.0017341186165185118
0802,1.6,0.00784313725490196,blur_noise,ridge,0.05,textured_quartile,measurement_residual,1.0,256,256,0.0017341186165185118
0802,1.6,0.00784313725490196,blur_noise,ridge,0.05,textured_quartile,image_gradient,1.0,256,256,0.0017341186165185118
0802,1.6,0.00784313725490196,blur_noise,ridge,0.05,textured_quartile,random_expected,1.0,256,256,0.0017341186165185118
0802,1.6,0.00784313725490196,blur_noise,ridge,0.05,textured_quartile,oracle_error,1.0,256,256,0.001734118616518512
0802,1.6,0.00784313725490196,blur_noise,gradient,0.05,all,operator_spread,0.5,512,1024,0.0001950514996433033
0802,1.6,0.00784313725490196,blur_noise,gradient,0.05,all,measurement_noise_spread,0.5,512,1024,0.0005045152482208602
0802,1.6,0.00784313725490196,blur_noise,gradient,0.05,all,measurement_residual,0.5,512,1024,0.0004158733815576817
0802,1.6,0.00784313725490196,blur_noise,gradient,0.05,all,image_gradient,0.5,512,1024,0.0002680204597866763
0802,1.6,0.00784313725490196,blur_noise,gradient,0.05,all,random_expected,0.5,512,1024,0.000528596443465465
0802,1.6,0.00784313725490196,blur_noise,gradient,0.05,all,oracle_error,0.5,512,1024,0.00016844493957384854
0802,1.6,0.00784313725490196,blur_noise,gradient,0.05,all,operator_spread,0.75,768,1024,0.0002919372128364296
0802,1.6,0.00784313725490196,blur_noise,gradient,0.05,all,measurement_noise_spread,0.75,768,1024,0.0005192148019454525
0802,1.6,0.00784313725490196,blur_noise,gradient,0.05,all,measurement_residual,0.75,768,1024,0.0004590058436693973
0802,1.6,0.00784313725490196,blur_noise,gradient,0.05,all,image_gradient,0.75,768,1024,0.000365858850074578
0802,1.6,0.00784313725490196,blur_noise,gradient,0.05,all,random_expected,0.75,768,1024,0.000528596443465465
0802,1.6,0.00784313725490196,blur_noise,gradient,0.05,all,oracle_error,0.75,768,1024,0.00025997519975709635
0802,1.6,0.00784313725490196,blur_noise,gradient,0.05,all,operator_spread,0.9,922,1024,0.0003987713449731319
0802,1.6,0.00784313725490196,blur_noise,gradient,0.05,all,measurement_noise_spread,0.9,922,1024,0.0005271708750937559
0802,1.6,0.00784313725490196,blur_noise,gradient,0.05,all,measurement_residual,0.9,922,1024,0.0004829995223203053
0802,1.6,0.00784313725490196,blur_noise,gradient,0.05,all,image_gradient,0.9,922,1024,0.00044346053671457373
0802,1.6,0.00784313725490196,blur_noise,gradient,0.05,all,random_expected,0.9,922,1024,0.000528596443465465
0802,1.6,0.00784313725490196,blur_noise,gradient,0.05,all,oracle_error,0.9,922,1024,0.0003733952277127559
0802,1.6,0.00784313725490196,blur_noise,gradient,0.05,all,operator_spread,1.0,1024,1024,0.000528596443465465
0802,1.6,0.00784313725490196,blur_noise,gradient,0.05,all,measurement_noise_spread,1.0,1024,1024,0.000528596443465465
0802,1.6,0.00784313725490196,blur_noise,gradient,0.05,all,measurement_residual,1.0,1024,1024,0.000528596443465465
0802,1.6,0.00784313725490196,blur_noise,gradient,0.05,all,image_gradient,1.0,1024,1024,0.000528596443465465
0802,1.6,0.00784313725490196,blur_noise,gradient,0.05,all,random_expected,1.0,1024,1024,0.000528596443465465
0802,1.6,0.00784313725490196,blur_noise,gradient,0.05,all,oracle_error,1.0,1024,1024,0.000528596443465465
0802,1.6,0.00784313725490196,blur_noise,gradient,0.05,textured_quartile,operator_spread,0.5,128,256,0.0009721105303824792
0802,1.6,0.00784313725490196,blur_noise,gradient,0.05,textured_quartile,measurement_noise_spread,0.5,128,256,0.0012610009579961216
0802,1.6,0.00784313725490196,blur_noise,gradient,0.05,textured_quartile,measurement_residual,0.5,128,256,0.0011812959752865333
0802,1.6,0.00784313725490196,blur_noise,gradient,0.05,textured_quartile,image_gradient,0.5,128,256,0.0012022185760111053
0802,1.6,0.00784313725490196,blur_noise,gradient,0.05,textured_quartile,random_expected,0.5,128,256,0.0012857803925445878
0802,1.6,0.00784313725490196,blur_noise,gradient,0.05,textured_quartile,oracle_error,0.5,128,256,0.0007751196826486176
0802,1.6,0.00784313725490196,blur_noise,gradient,0.05,textured_quartile,operator_spread,0.75,192,256,0.0010670273662129377
0802,1.6,0.00784313725490196,blur_noise,gradient,0.05,textured_quartile,measurement_noise_spread,0.75,192,256,0.001300229732934836
0802,1.6,0.00784313725490196,blur_noise,gradient,0.05,textured_quartile,measurement_residual,0.75,192,256,0.0012102768850519436
0802,1.6,0.00784313725490196,blur_noise,gradient,0.05,textured_quartile,image_gradient,0.75,192,256,0.0012532357613243084
0802,1.6,0.00784313725490196,blur_noise,gradient,0.05,textured_quartile,random_expected,0.75,192,256,0.0012857803925445878
0802,1.6,0.00784313725490196,blur_noise,gradient,0.05,textured_quartile,oracle_error,0.75,192,256,0.000983009605321436
0802,1.6,0.00784313725490196,blur_noise,gradient,0.05,textured_quartile,operator_spread,0.9,231,256,0.0011885405936791652
0802,1.6,0.00784313725490196,blur_noise,gradient,0.05,textured_quartile,measurement_noise_spread,0.9,231,256,0.0012908566644718091
0802,1.6,0.00784313725490196,blur_noise,gradient,0.05,textured_quartile,measurement_residual,0.9,231,256,0.0012309575208649594
0802,1.6,0.00784313725490196,blur_noise,gradient,0.05,textured_quartile,image_gradient,0.9,231,256,0.0012463276971280898
0802,1.6,0.00784313725490196,blur_noise,gradient,0.05,textured_quartile,random_expected,0.9,231,256,0.0012857803925445878
0802,1.6,0.00784313725490196,blur_noise,gradient,0.05,textured_quartile,oracle_error,0.9,231,256,0.001123195997164169
0802,1.6,0.00784313725490196,blur_noise,gradient,0.05,textured_quartile,operator_spread,1.0,256,256,0.0012857803925445878
0802,1.6,0.00784313725490196,blur_noise,gradient,0.05,textured_quartile,measurement_noise_spread,1.0,256,256,0.0012857803925445878
0802,1.6,0.00784313725490196,blur_noise,gradient,0.05,textured_quartile,measurement_residual,1.0,256,256,0.0012857803925445878
0802,1.6,0.00784313725490196,blur_noise,gradient,0.05,textured_quartile,image_gradient,1.0,256,256,0.0012857803925445878
0802,1.6,0.00784313725490196,blur_noise,gradient,0.05,textured_quartile,random_expected,1.0,256,256,0.0012857803925445878
0802,1.6,0.00784313725490196,blur_noise,gradient,0.05,textured_quartile,oracle_error,1.0,256,256,0.0012857803925445878
0802,1.6,0.00784313725490196,blur_noise_jpeg,ridge,0.05,all,operator_spread,0.5,512,1024,0.0007409038596301332
0802,1.6,0.00784313725490196,blur_noise_jpeg,ridge,0.05,all,measurement_noise_spread,0.5,512,1024,0.0009454581909813135
0802,1.6,0.00784313725490196,blur_noise_jpeg,ridge,0.05,all,measurement_residual,0.5,512,1024,0.0008143630574917835
0802,1.6,0.00784313725490196,blur_noise_jpeg,ridge,0.05,all,image_gradient,0.5,512,1024,0.0007705979595024751
0802,1.6,0.00784313725490196,blur_noise_jpeg,ridge,0.05,all,random_expected,0.5,512,1024,0.001075206911641923
0802,1.6,0.00784313725490196,blur_noise_jpeg,ridge,0.05,all,oracle_error,0.5,512,1024,0.0005431035736976373
0802,1.6,0.00784313725490196,blur_noise_jpeg,ridge,0.05,all,operator_spread,0.75,768,1024,0.0008192167859336191
0802,1.6,0.00784313725490196,blur_noise_jpeg,ridge,0.05,all,measurement_noise_spread,0.75,768,1024,0.001001342197805231
0802,1.6,0.00784313725490196,blur_noise_jpeg,ridge,0.05,all,measurement_residual,0.75,768,1024,0.000994260522015706
0802,1.6,0.00784313725490196,blur_noise_jpeg,ridge,0.05,all,image_gradient,0.75,768,1024,0.0008835853671860365
0802,1.6,0.00784313725490196,blur_noise_jpeg,ridge,0.05,all,random_expected,0.75,768,1024,0.001075206911641923
0802,1.6,0.00784313725490196,blur_noise_jpeg,ridge,0.05,all,oracle_error,0.75,768,1024,0.0007616145200205803
0802,1.6,0.00784313725490196,blur_noise_jpeg,ridge,0.05,all,operator_spread,0.9,922,1024,0.000940154989261774
0802,1.6,0.00784313725490196,blur_noise_jpeg,ridge,0.05,all,measurement_noise_spread,0.9,922,1024,0.0010459207036678697
0802,1.6,0.00784313725490196,blur_noise_jpeg,ridge,0.05,all,measurement_residual,0.9,922,1024,0.0010328748307083984
0802,1.6,0.00784313725490196,blur_noise_jpeg,ridge,0.05,all,image_gradient,0.9,922,1024,0.0009695728242417423
0802,1.6,0.00784313725490196,blur_noise_jpeg,ridge,0.05,all,random_expected,0.9,922,1024,0.001075206911641923
0802,1.6,0.00784313725490196,blur_noise_jpeg,ridge,0.05,all,oracle_error,0.9,922,1024,0.0009040012222251333
0802,1.6,0.00784313725490196,blur_noise_jpeg,ridge,0.05,all,operator_spread,1.0,1024,1024,0.001075206911641923
0802,1.6,0.00784313725490196,blur_noise_jpeg,ridge,0.05,all,measurement_noise_spread,1.0,1024,1024,0.001075206911641923
0802,1.6,0.00784313725490196,blur_noise_jpeg,ridge,0.05,all,measurement_residual,1.0,1024,1024,0.001075206911641923
0802,1.6,0.00784313725490196,blur_noise_jpeg,ridge,0.05,all,image_gradient,1.0,1024,1024,0.001075206911641923
0802,1.6,0.00784313725490196,blur_noise_jpeg,ridge,0.05,all,random_expected,1.0,1024,1024,0.001075206911641923
0802,1.6,0.00784313725490196,blur_noise_jpeg,ridge,0.05,all,oracle_error,1.0,1024,1024,0.001075206911641923
0802,1.6,0.00784313725490196,blur_noise_jpeg,ridge,0.05,textured_quartile,operator_spread,0.5,128,256,0.0015758402414381028
0802,1.6,0.00784313725490196,blur_noise_jpeg,ridge,0.05,textured_quartile,measurement_noise_spread,0.5,128,256,0.0018976309774823663
0802,1.6,0.00784313725490196,blur_noise_jpeg,ridge,0.05,textured_quartile,measurement_residual,0.5,128,256,0.001861551067708256
0802,1.6,0.00784313725490196,blur_noise_jpeg,ridge,0.05,textured_quartile,image_gradient,0.5,128,256,0.0017742919465902145
0802,1.6,0.00784313725490196,blur_noise_jpeg,ridge,0.05,textured_quartile,random_expected,0.5,128,256,0.0019186517490533354
0802,1.6,0.00784313725490196,blur_noise_jpeg,ridge,0.05,textured_quartile,oracle_error,0.5,128,256,0.0013736550278491014
0802,1.6,0.00784313725490196,blur_noise_jpeg,ridge,0.05,textured_quartile,operator_spread,0.75,192,256,0.001738943479070839
0802,1.6,0.00784313725490196,blur_noise_jpeg,ridge,0.05,textured_quartile,measurement_noise_spread,0.75,192,256,0.0018834502978271668
0802,1.6,0.00784313725490196,blur_noise_jpeg,ridge,0.05,textured_quartile,measurement_residual,0.75,192,256,0.0019039731032268886
0802,1.6,0.00784313725490196,blur_noise_jpeg,ridge,0.05,textured_quartile,image_gradient,0.75,192,256,0.0018489840689669378
0802,1.6,0.00784313725490196,blur_noise_jpeg,ridge,0.05,textured_quartile,random_expected,0.75,192,256,0.0019186517490533354
0802,1.6,0.00784313725490196,blur_noise_jpeg,ridge,0.05,textured_quartile,oracle_error,0.75,192,256,0.001589028363754362
0802,1.6,0.00784313725490196,blur_noise_jpeg,ridge,0.05,textured_quartile,operator_spread,0.9,231,256,0.0018333805857283383
0802,1.6,0.00784313725490196,blur_noise_jpeg,ridge,0.05,textured_quartile,measurement_noise_spread,0.9,231,256,0.001896839502512109
0802,1.6,0.00784313725490196,blur_noise_jpeg,ridge,0.05,textured_quartile,measurement_residual,0.9,231,256,0.0019194854859109298
0802,1.6,0.00784313725490196,blur_noise_jpeg,ridge,0.05,textured_quartile,image_gradient,0.9,231,256,0.001849446343048394
0802,1.6,0.00784313725490196,blur_noise_jpeg,ridge,0.05,textured_quartile,random_expected,0.9,231,256,0.0019186517490533354
0802,1.6,0.00784313725490196,blur_noise_jpeg,ridge,0.05,textured_quartile,oracle_error,0.9,231,256,0.001748025183190959
0802,1.6,0.00784313725490196,blur_noise_jpeg,ridge,0.05,textured_quartile,operator_spread,1.0,256,256,0.0019186517490533354
0802,1.6,0.00784313725490196,blur_noise_jpeg,ridge,0.05,textured_quartile,measurement_noise_spread,1.0,256,256,0.0019186517490533352
0802,1.6,0.00784313725490196,blur_noise_jpeg,ridge,0.05,textured_quartile,measurement_residual,1.0,256,256,0.0019186517490533354
0802,1.6,0.00784313725490196,blur_noise_jpeg,ridge,0.05,textured_quartile,image_gradient,1.0,256,256,0.0019186517490533354
0802,1.6,0.00784313725490196,blur_noise_jpeg,ridge,0.05,textured_quartile,random_expected,1.0,256,256,0.0019186517490533354
0802,1.6,0.00784313725490196,blur_noise_jpeg,ridge,0.05,textured_quartile,oracle_error,1.0,256,256,0.0019186517490533354
0802,1.6,0.00784313725490196,blur_noise_jpeg,gradient,0.05,all,operator_spread,0.5,512,1024,0.00025204197815513344
0802,1.6,0.00784313725490196,blur_noise_jpeg,gradient,0.05,all,measurement_noise_spread,0.5,512,1024,0.000590483856838519
0802,1.6,0.00784313725490196,blur_noise_jpeg,gradient,0.05,all,measurement_residual,0.5,512,1024,0.00029033273061931133
0802,1.6,0.00784313725490196,blur_noise_jpeg,gradient,0.05,all,image_gradient,0.5,512,1024,0.0003256511125645092
0802,1.6,0.00784313725490196,blur_noise_jpeg,gradient,0.05,all,random_expected,0.5,512,1024,0.0006192831276310665
0802,1.6,0.00784313725490196,blur_noise_jpeg,gradient,0.05,all,oracle_error,0.5,512,1024,0.00021588241127535297
0802,1.6,0.00784313725490196,blur_noise_jpeg,gradient,0.05,all,operator_spread,0.75,768,1024,0.00035398999949749944
0802,1.6,0.00784313725490196,blur_noise_jpeg,gradient,0.05,all,measurement_noise_spread,0.75,768,1024,0.0006036272048199756
0802,1.6,0.00784313725490196,blur_noise_jpeg,gradient,0.05,all,measurement_residual,0.75,768,1024,0.0004004859840410542
0802,1.6,0.00784313725490196,blur_noise_jpeg,gradient,0.05,all,image_gradient,0.75,768,1024,0.00043631360715210753
0802,1.6,0.00784313725490196,blur_noise_jpeg,gradient,0.05,all,random_expected,0.75,768,1024,0.0006192831276310665
0802,1.6,0.00784313725490196,blur_noise_jpeg,gradient,0.05,all,oracle_error,0.75,768,1024,0.00032326698532774155
0802,1.6,0.00784313725490196,blur_noise_jpeg,gradient,0.05,all,operator_spread,0.9,922,1024,0.0004868698156362065
0802,1.6,0.00784313725490196,blur_noise_jpeg,gradient,0.05,all,measurement_noise_spread,0.9,922,1024,0.0006139128740209938
0802,1.6,0.00784313725490196,blur_noise_jpeg,gradient,0.05,all,measurement_residual,0.9,922,1024,0.0005149271252497603
0802,1.6,0.00784313725490196,blur_noise_jpeg,gradient,0.05,all,image_gradient,0.9,922,1024,0.0005250580533803542
0802,1.6,0.00784313725490196,blur_noise_jpeg,gradient,0.05,all,random_expected,0.9,922,1024,0.0006192831276310665
0802,1.6,0.00784313725490196,blur_noise_jpeg,gradient,0.05,all,oracle_error,0.9,922,1024,0.0004503985569634216
0802,1.6,0.00784313725490196,blur_noise_jpeg,gradient,0.05,all,operator_spread,1.0,1024,1024,0.0006192831276310665
0802,1.6,0.00784313725490196,blur_noise_jpeg,gradient,0.05,all,measurement_noise_spread,1.0,1024,1024,0.0006192831276310665
0802,1.6,0.00784313725490196,blur_noise_jpeg,gradient,0.05,all,measurement_residual,1.0,1024,1024,0.0006192831276310665
0802,1.6,0.00784313725490196,blur_noise_jpeg,gradient,0.05,all,image_gradient,1.0,1024,1024,0.0006192831276310665
0802,1.6,0.00784313725490196,blur_noise_jpeg,gradient,0.05,all,random_expected,1.0,1024,1024,0.0006192831276310665
0802,1.6,0.00784313725490196,blur_noise_jpeg,gradient,0.05,all,oracle_error,1.0,1024,1024,0.0006192831276310665
0802,1.6,0.00784313725490196,blur_noise_jpeg,gradient,0.05,textured_quartile,operator_spread,0.5,128,256,0.001107510686611433
0802,1.6,0.00784313725490196,blur_noise_jpeg,gradient,0.05,textured_quartile,measurement_noise_spread,0.5,128,256,0.001407743863514881
0802,1.6,0.00784313725490196,blur_noise_jpeg,gradient,0.05,textured_quartile,measurement_residual,0.5,128,256,0.0011790955211800533
0802,1.6,0.00784313725490196,blur_noise_jpeg,gradient,0.05,textured_quartile,image_gradient,0.5,128,256,0.001375054857185132
0802,1.6,0.00784313725490196,blur_noise_jpeg,gradient,0.05,textured_quartile,random_expected,0.5,128,256,0.0014565033685303296
0802,1.6,0.00784313725490196,blur_noise_jpeg,gradient,0.05,textured_quartile,oracle_error,0.5,128,256,0.0009083486307615125
0802,1.6,0.00784313725490196,blur_noise_jpeg,gradient,0.05,textured_quartile,operator_spread,0.75,192,256,0.0012706689277151117
0802,1.6,0.00784313725490196,blur_noise_jpeg,gradient,0.05,textured_quartile,measurement_noise_spread,0.75,192,256,0.0014605268066235596
0802,1.6,0.00784313725490196,blur_noise_jpeg,gradient,0.05,textured_quartile,measurement_residual,0.75,192,256,0.0013629272118240588
0802,1.6,0.00784313725490196,blur_noise_jpeg,gradient,0.05,textured_quartile,image_gradient,0.75,192,256,0.0014321989019201295
0802,1.6,0.00784313725490196,blur_noise_jpeg,gradient,0.05,textured_quartile,random_expected,0.75,192,256,0.0014565033685303296
0802,1.6,0.00784313725490196,blur_noise_jpeg,gradient,0.05,textured_quartile,oracle_error,0.75,192,256,0.0011312233977719569
0802,1.6,0.00784313725490196,blur_noise_jpeg,gradient,0.05,textured_quartile,operator_spread,0.9,231,256,0.0013746043492424654
0802,1.6,0.00784313725490196,blur_noise_jpeg,gradient,0.05,textured_quartile,measurement_noise_spread,0.9,231,256,0.0014615212080830834
0802,1.6,0.00784313725490196,blur_noise_jpeg,gradient,0.05,textured_quartile,measurement_residual,0.9,231,256,0.0014158428483292266
0802,1.6,0.00784313725490196,blur_noise_jpeg,gradient,0.05,textured_quartile,image_gradient,0.9,231,256,0.0014047588599552228
0802,1.6,0.00784313725490196,blur_noise_jpeg,gradient,0.05,textured_quartile,random_expected,0.9,231,256,0.0014565033685303296
0802,1.6,0.00784313725490196,blur_noise_jpeg,gradient,0.05,textured_quartile,oracle_error,0.9,231,256,0.0012838212275554455
0802,1.6,0.00784313725490196,blur_noise_jpeg,gradient,0.05,textured_quartile,operator_spread,1.0,256,256,0.0014565033685303296
0802,1.6,0.00784313725490196,blur_noise_jpeg,gradient,0.05,textured_quartile,measurement_noise_spread,1.0,256,256,0.0014565033685303296
0802,1.6,0.00784313725490196,blur_noise_jpeg,gradient,0.05,textured_quartile,measurement_residual,1.0,256,256,0.0014565033685303296
0802,1.6,0.00784313725490196,blur_noise_jpeg,gradient,0.05,textured_quartile,image_gradient,1.0,256,256,0.0014565033685303296
0802,1.6,0.00784313725490196,blur_noise_jpeg,gradient,0.05,textured_quartile,random_expected,1.0,256,256,0.0014565033685303296
0802,1.6,0.00784313725490196,blur_noise_jpeg,gradient,0.05,textured_quartile,oracle_error,1.0,256,256,0.0014565033685303296
0802,1.6,0.0196078431372549,blur_noise,ridge,0.05,all,operator_spread,0.5,512,1024,0.0011288165443517676
0802,1.6,0.0196078431372549,blur_noise,ridge,0.05,all,measurement_noise_spread,0.5,512,1024,0.0012660622831349687
0802,1.6,0.0196078431372549,blur_noise,ridge,0.05,all,measurement_residual,0.5,512,1024,0.0011861723665012869
0802,1.6,0.0196078431372549,blur_noise,ridge,0.05,all,image_gradient,0.5,512,1024,0.0011805428016610944
0802,1.6,0.0196078431372549,blur_noise,ridge,0.05,all,random_expected,0.5,512,1024,0.0014595453450453252
0802,1.6,0.0196078431372549,blur_noise,ridge,0.05,all,oracle_error,0.5,512,1024,0.0009486637265676395
0802,1.6,0.0196078431372549,blur_noise,ridge,0.05,all,operator_spread,0.75,768,1024,0.001282966026239532
0802,1.6,0.0196078431372549,blur_noise,ridge,0.05,all,measurement_noise_spread,0.75,768,1024,0.0013781642360912694
0802,1.6,0.0196078431372549,blur_noise,ridge,0.05,all,measurement_residual,0.75,768,1024,0.0013570241399796035
0802,1.6,0.0196078431372549,blur_noise,ridge,0.05,all,image_gradient,0.75,768,1024,0.0012913366428029096
0802,1.6,0.0196078431372549,blur_noise,ridge,0.05,all,random_expected,0.75,768,1024,0.0014595453450453252
0802,1.6,0.0196078431372549,blur_noise,ridge,0.05,all,oracle_error,0.75,768,1024,0.0011665987533371073
0802,1.6,0.0196078431372549,blur_noise,ridge,0.05,all,operator_spread,0.9,922,1024,0.0013780238052197725
0802,1.6,0.0196078431372549,blur_noise,ridge,0.05,all,measurement_noise_spread,0.9,922,1024,0.0014267449361475414
0802,1.6,0.0196078431372549,blur_noise,ridge,0.05,all,measurement_residual,0.9,922,1024,0.0014095604486001106
0802,1.6,0.0196078431372549,blur_noise,ridge,0.05,all,image_gradient,0.9,922,1024,0.0013673537636908514
0802,1.6,0.0196078431372549,blur_noise,ridge,0.05,all,random_expected,0.9,922,1024,0.0014595453450453252
0802,1.6,0.0196078431372549,blur_noise,ridge,0.05,all,oracle_error,0.9,922,1024,0.0013033292610397777
0802,1.6,0.0196078431372549,blur_noise,ridge,0.05,all,operator_spread,1.0,1024,1024,0.0014595453450453252
0802,1.6,0.0196078431372549,blur_noise,ridge,0.05,all,measurement_noise_spread,1.0,1024,1024,0.0014595453450453252
0802,1.6,0.0196078431372549,blur_noise,ridge,0.05,all,measurement_residual,1.0,1024,1024,0.0014595453450453252
0802,1.6,0.0196078431372549,blur_noise,ridge,0.05,all,image_gradient,1.0,1024,1024,0.0014595453450453252
0802,1.6,0.0196078431372549,blur_noise,ridge,0.05,all,random_expected,1.0,1024,1024,0.0014595453450453252
0802,1.6,0.0196078431372549,blur_noise,ridge,0.05,all,oracle_error,1.0,1024,1024,0.0014595453450453255
0802,1.6,0.0196078431372549,blur_noise,ridge,0.05,textured_quartile,operator_spread,0.5,128,256,0.0019986475315687175
0802,1.6,0.0196078431372549,blur_noise,ridge,0.05,textured_quartile,measurement_noise_spread,0.5,128,256,0.002168523839961029
0802,1.6,0.0196078431372549,blur_noise,ridge,0.05,textured_quartile,measurement_residual,0.5,128,256,0.002148332429646998
0802,1.6,0.0196078431372549,blur_noise,ridge,0.05,textured_quartile,image_gradient,0.5,128,256,0.0020842428253350343
0802,1.6,0.0196078431372549,blur_noise,ridge,0.05,textured_quartile,random_expected,0.5,128,256,0.0022097812937733044
0802,1.6,0.0196078431372549,blur_noise,ridge,0.05,textured_quartile,oracle_error,0.5,128,256,0.0016972671876208864
0802,1.6,0.0196078431372549,blur_noise,ridge,0.05,textured_quartile,operator_spread,0.75,192,256,0.0021023806000949863
0802,1.6,0.0196078431372549,blur_noise,ridge,0.05,textured_quartile,measurement_noise_spread,0.75,192,256,0.0021919917661847106
0802,1.6,0.0196078431372549,blur_noise,ridge,0.05,textured_quartile,measurement_residual,0.75,192,256,0.002186093829451062
0802,1.6,0.0196078431372549,blur_noise,ridge,0.05,textured_quartile,image_gradient,0.75,192,256,0.0021425057695678026
0802,1.6,0.0196078431372549,blur_noise,ridge,0.05,textured_quartile,random_expected,0.75,192,256,0.0022097812937733044
0802,1.6,0.0196078431372549,blur_noise,ridge,0.05,textured_quartile,oracle_error,0.75,192,256,0.0019023433215467212
0802,1.6,0.0196078431372549,blur_noise,ridge,0.05,textured_quartile,operator_spread,0.9,231,256,0.0021489435484258975
0802,1.6,0.0196078431372549,blur_noise,ridge,0.05,textured_quartile,measurement_noise_spread,0.9,231,256,0.0022141354720647856
0802,1.6,0.0196078431372549,blur_noise,ridge,0.05,textured_quartile,measurement_residual,0.9,231,256,0.0021945559964343282
0802,1.6,0.0196078431372549,blur_noise,ridge,0.05,textured_quartile,image_gradient,0.9,231,256,0.002139897059819839
0802,1.6,0.0196078431372549,blur_noise,ridge,0.05,textured_quartile,random_expected,0.9,231,256,0.0022097812937733044
0802,1.6,0.0196078431372549,blur_noise,ridge,0.05,textured_quartile,oracle_error,0.9,231,256,0.0020506126515779603
0802,1.6,0.0196078431372549,blur_noise,ridge,0.05,textured_quartile,operator_spread,1.0,256,256,0.0022097812937733044
0802,1.6,0.0196078431372549,blur_noise,ridge,0.05,textured_quartile,measurement_noise_spread,1.0,256,256,0.0022097812937733044
0802,1.6,0.0196078431372549,blur_noise,ridge,0.05,textured_quartile,measurement_residual,1.0,256,256,0.002209781293773304
0802,1.6,0.0196078431372549,blur_noise,ridge,0.05,textured_quartile,image_gradient,1.0,256,256,0.0022097812937733044
0802,1.6,0.0196078431372549,blur_noise,ridge,0.05,textured_quartile,random_expected,1.0,256,256,0.0022097812937733044
0802,1.6,0.0196078431372549,blur_noise,ridge,0.05,textured_quartile,oracle_error,1.0,256,256,0.0022097812937733044
0802,1.6,0.0196078431372549,blur_noise,gradient,0.05,all,operator_spread,0.5,512,1024,0.0004177515772570907
0802,1.6,0.0196078431372549,blur_noise,gradient,0.05,all,measurement_noise_spread,0.5,512,1024,0.000682565806725032
0802,1.6,0.0196078431372549,blur_noise,gradient,0.05,all,measurement_residual,0.5,512,1024,0.0007348994322141896
0802,1.6,0.0196078431372549,blur_noise,gradient,0.05,all,image_gradient,0.5,512,1024,0.00046074268498892364
0802,1.6,0.0196078431372549,blur_noise,gradient,0.05,all,random_expected,0.5,512,1024,0.0007283093924725008
0802,1.6,0.0196078431372549,blur_noise,gradient,0.05,all,oracle_error,0.5,512,1024,0.0003636738960836089
0802,1.6,0.0196078431372549,blur_noise,gradient,0.05,all,operator_spread,0.75,768,1024,0.0005051948646992961
0802,1.6,0.0196078431372549,blur_noise,gradient,0.05,all,measurement_noise_spread,0.75,768,1024,0.0007142284857625756
0802,1.6,0.0196078431372549,blur_noise,gradient,0.05,all,measurement_residual,0.75,768,1024,0.00072237473410517
0802,1.6,0.0196078431372549,blur_noise,gradient,0.05,all,image_gradient,0.75,768,1024,0.0005669654098357603
0802,1.6,0.0196078431372549,blur_noise,gradient,0.05,all,random_expected,0.75,768,1024,0.0007283093924725008
0802,1.6,0.0196078431372549,blur_noise,gradient,0.05,all,oracle_error,0.75,768,1024,0.00045776904991893884
0802,1.6,0.0196078431372549,blur_noise,gradient,0.05,all,operator_spread,0.9,922,1024,0.000603563222994035
0802,1.6,0.0196078431372549,blur_noise,gradient,0.05,all,measurement_noise_spread,0.9,922,1024,0.0007177592484618901
0802,1.6,0.0196078431372549,blur_noise,gradient,0.05,all,measurement_residual,0.9,922,1024,0.0007160292119525278
0802,1.6,0.0196078431372549,blur_noise,gradient,0.05,all,image_gradient,0.9,922,1024,0.0006415036441949514
0802,1.6,0.0196078431372549,blur_noise,gradient,0.05,all,random_expected,0.9,922,1024,0.0007283093924725008
0802,1.6,0.0196078431372549,blur_noise,gradient,0.05,all,oracle_error,0.9,922,1024,0.0005722412023222785
0802,1.6,0.0196078431372549,blur_noise,gradient,0.05,all,operator_spread,1.0,1024,1024,0.0007283093924725009
0802,1.6,0.0196078431372549,blur_noise,gradient,0.05,all,measurement_noise_spread,1.0,1024,1024,0.0007283093924725009
0802,1.6,0.0196078431372549,blur_noise,gradient,0.05,all,measurement_residual,1.0,1024,1024,0.0007283093924725009
0802,1.6,0.0196078431372549,blur_noise,gradient,0.05,all,image_gradient,1.0,1024,1024,0.000728309392472501
0802,1.6,0.0196078431372549,blur_noise,gradient,0.05,all,random_expected,1.0,1024,1024,0.0007283093924725008
0802,1.6,0.0196078431372549,blur_noise,gradient,0.05,all,oracle_error,1.0,1024,1024,0.0007283093924725009
0802,1.6,0.0196078431372549,blur_noise,gradient,0.05,textured_quartile,operator_spread,0.5,128,256,0.0011947053249228151
0802,1.6,0.0196078431372549,blur_noise,gradient,0.05,textured_quartile,measurement_noise_spread,0.5,128,256,0.0015368635733527404
0802,1.6,0.0196078431372549,blur_noise,gradient,0.05,textured_quartile,measurement_residual,0.5,128,256,0.0014892783082116347
0802,1.6,0.0196078431372549,blur_noise,gradient,0.05,textured_quartile,image_gradient,0.5,128,256,0.001422450464955575
0802,1.6,0.0196078431372549,blur_noise,gradient,0.05,textured_quartile,random_expected,0.5,128,256,0.0014888658740848828
0802,1.6,0.0196078431372549,blur_noise,gradient,0.05,textured_quartile,oracle_error,0.5,128,256,0.0009761850736489365
0802,1.6,0.0196078431372549,blur_noise,gradient,0.05,textured_quartile,operator_spread,0.75,192,256,0.001292753534252987
0802,1.6,0.0196078431372549,blur_noise,gradient,0.05,textured_quartile,measurement_noise_spread,0.75,192,256,0.0015201980298138584
0802,1.6,0.0196078431372549,blur_noise,gradient,0.05,textured_quartile,measurement_residual,0.75,192,256,0.0014539524227708146
0802,1.6,0.0196078431372549,blur_noise,gradient,0.05,textured_quartile,image_gradient,0.75,192,256,0.0014467145845226351
0802,1.6,0.0196078431372549,blur_noise,gradient,0.05,textured_quartile,random_expected,0.75,192,256,0.0014888658740848828
0802,1.6,0.0196078431372549,blur_noise,gradient,0.05,textured_quartile,oracle_error,0.75,192,256,0.0011829883149762188
0802,1.6,0.0196078431372549,blur_noise,gradient,0.05,textured_quartile,operator_spread,0.9,231,256,0.0014112234656125464
0802,1.6,0.0196078431372549,blur_noise,gradient,0.05,textured_quartile,measurement_noise_spread,0.9,231,256,0.0014978430547289902
0802,1.6,0.0196078431372549,blur_noise,gradient,0.05,textured_quartile,measurement_residual,0.9,231,256,0.0014586573821881656
0802,1.6,0.0196078431372549,blur_noise,gradient,0.05,textured_quartile,image_gradient,0.9,231,256,0.0014381445636915662
0802,1.6,0.0196078431372549,blur_noise,gradient,0.05,textured_quartile,random_expected,0.9,231,256,0.0014888658740848828
0802,1.6,0.0196078431372549,blur_noise,gradient,0.05,textured_quartile,oracle_error,0.9,231,256,0.0013269377388902713
0802,1.6,0.0196078431372549,blur_noise,gradient,0.05,textured_quartile,operator_spread,1.0,256,256,0.0014888658740848828
0802,1.6,0.0196078431372549,blur_noise,gradient,0.05,textured_quartile,measurement_noise_spread,1.0,256,256,0.0014888658740848828
0802,1.6,0.0196078431372549,blur_noise,gradient,0.05,textured_quartile,measurement_residual,1.0,256,256,0.0014888658740848828
0802,1.6,0.0196078431372549,blur_noise,gradient,0.05,textured_quartile,image_gradient,1.0,256,256,0.0014888658740848828
0802,1.6,0.0196078431372549,blur_noise,gradient,0.05,textured_quartile,random_expected,1.0,256,256,0.0014888658740848828
0802,1.6,0.0196078431372549,blur_noise,gradient,0.05,textured_quartile,oracle_error,1.0,256,256,0.0014888658740848826
0802,1.6,0.0196078431372549,blur_noise_jpeg,ridge,0.05,all,operator_spread,0.5,512,1024,0.0009297729446322816
0802,1.6,0.0196078431372549,blur_noise_jpeg,ridge,0.05,all,measurement_noise_spread,0.5,512,1024,0.0011098217535833628
0802,1.6,0.0196078431372549,blur_noise_jpeg,ridge,0.05,all,measurement_residual,0.5,512,1024,0.000989184657093845
0802,1.6,0.0196078431372549,blur_noise_jpeg,ridge,0.05,all,image_gradient,0.5,512,1024,0.0009420686235846286
0802,1.6,0.0196078431372549,blur_noise_jpeg,ridge,0.05,all,random_expected,0.5,512,1024,0.001258418233924623
0802,1.6,0.0196078431372549,blur_noise_jpeg,ridge,0.05,all,oracle_error,0.5,512,1024,0.0007271707288644162
0802,1.6,0.0196078431372549,blur_noise_jpeg,ridge,0.05,all,operator_spread,0.75,768,1024,0.001040481830994021
0802,1.6,0.0196078431372549,blur_noise_jpeg,ridge,0.05,all,measurement_noise_spread,0.75,768,1024,0.001198279494588011
0802,1.6,0.0196078431372549,blur_noise_jpeg,ridge,0.05,all,measurement_residual,0.75,768,1024,0.0011737861969762522
0802,1.6,0.0196078431372549,blur_noise_jpeg,ridge,0.05,all,image_gradient,0.75,768,1024,0.001063482521424032
0802,1.6,0.0196078431372549,blur_noise_jpeg,ridge,0.05,all,random_expected,0.75,768,1024,0.001258418233924623
0802,1.6,0.0196078431372549,blur_noise_jpeg,ridge,0.05,all,oracle_error,0.75,768,1024,0.0009457643825381586
0802,1.6,0.0196078431372549,blur_noise_jpeg,ridge,0.05,all,operator_spread,0.9,922,1024,0.0011368734646003526
0802,1.6,0.0196078431372549,blur_noise_jpeg,ridge,0.05,all,measurement_noise_spread,0.9,922,1024,0.0012427931302432132
0802,1.6,0.0196078431372549,blur_noise_jpeg,ridge,0.05,all,measurement_residual,0.9,922,1024,0.0012155440522089314
0802,1.6,0.0196078431372549,blur_noise_jpeg,ridge,0.05,all,image_gradient,0.9,922,1024,0.0011634062284771691
0802,1.6,0.0196078431372549,blur_noise_jpeg,ridge,0.05,all,random_expected,0.9,922,1024,0.001258418233924623
0802,1.6,0.0196078431372549,blur_noise_jpeg,ridge,0.05,all,oracle_error,0.9,922,1024,0.0010887494168323546
0802,1.6,0.0196078431372549,blur_noise_jpeg,ridge,0.05,all,operator_spread,1.0,1024,1024,0.001258418233924623
0802,1.6,0.0196078431372549,blur_noise_jpeg,ridge,0.05,all,measurement_noise_spread,1.0,1024,1024,0.0012584182339246232
0802,1.6,0.0196078431372549,blur_noise_jpeg,ridge,0.05,all,measurement_residual,1.0,1024,1024,0.001258418233924623
0802,1.6,0.0196078431372549,blur_noise_jpeg,ridge,0.05,all,image_gradient,1.0,1024,1024,0.0012584182339246232
0802,1.6,0.0196078431372549,blur_noise_jpeg,ridge,0.05,all,random_expected,1.0,1024,1024,0.001258418233924623
0802,1.6,0.0196078431372549,blur_noise_jpeg,ridge,0.05,all,oracle_error,1.0,1024,1024,0.001258418233924623
0802,1.6,0.0196078431372549,blur_noise_jpeg,ridge,0.05,textured_quartile,operator_spread,0.5,128,256,0.0017734073218919092
0802,1.6,0.0196078431372549,blur_noise_jpeg,ridge,0.05,textured_quartile,measurement_noise_spread,0.5,128,256,0.002086483548358536
0802,1.6,0.0196078431372549,blur_noise_jpeg,ridge,0.05,textured_quartile,measurement_residual,0.5,128,256,0.0020465006559027346
0802,1.6,0.0196078431372549,blur_noise_jpeg,ridge,0.05,textured_quartile,image_gradient,0.5,128,256,0.0019222832873756588
0802,1.6,0.0196078431372549,blur_noise_jpeg,ridge,0.05,textured_quartile,random_expected,0.5,128,256,0.0020878443315471705
0802,1.6,0.0196078431372549,blur_noise_jpeg,ridge,0.05,textured_quartile,oracle_error,0.5,128,256,0.0015370514596226425
0802,1.6,0.0196078431372549,blur_noise_jpeg,ridge,0.05,textured_quartile,operator_spread,0.75,192,256,0.0019038646211861118
0802,1.6,0.0196078431372549,blur_noise_jpeg,ridge,0.05,textured_quartile,measurement_noise_spread,0.75,192,256,0.002089006501153529
0802,1.6,0.0196078431372549,blur_noise_jpeg,ridge,0.05,textured_quartile,measurement_residual,0.75,192,256,0.002063612564878867
0802,1.6,0.0196078431372549,blur_noise_jpeg,ridge,0.05,textured_quartile,image_gradient,0.75,192,256,0.002017815070428142
0802,1.6,0.0196078431372549,blur_noise_jpeg,ridge,0.05,textured_quartile,random_expected,0.75,192,256,0.0020878443315471705
0802,1.6,0.0196078431372549,blur_noise_jpeg,ridge,0.05,textured_quartile,oracle_error,0.75,192,256,0.0017592334363270646
0802,1.6,0.0196078431372549,blur_noise_jpeg,ridge,0.05,textured_quartile,operator_spread,0.9,231,256,0.0019989796537636245
0802,1.6,0.0196078431372549,blur_noise_jpeg,ridge,0.05,textured_quartile,measurement_noise_spread,0.9,231,256,0.0020896729341996043
0802,1.6,0.0196078431372549,blur_noise_jpeg,ridge,0.05,textured_quartile,measurement_residual,0.9,231,256,0.002086564486089286
0802,1.6,0.0196078431372549,blur_noise_jpeg,ridge,0.05,textured_quartile,image_gradient,0.9,231,256,0.002015573945733884
0802,1.6,0.0196078431372549,blur_noise_jpeg,ridge,0.05,textured_quartile,random_expected,0.9,231,256,0.0020878443315471705
0802,1.6,0.0196078431372549,blur_noise_jpeg,ridge,0.05,textured_quartile,oracle_error,0.9,231,256,0.001917992627138811
0802,1.6,0.0196078431372549,blur_noise_jpeg,ridge,0.05,textured_quartile,operator_spread,1.0,256,256,0.002087844331547171
0802,1.6,0.0196078431372549,blur_noise_jpeg,ridge,0.05,textured_quartile,measurement_noise_spread,1.0,256,256,0.002087844331547171
0802,1.6,0.0196078431372549,blur_noise_jpeg,ridge,0.05,textured_quartile,measurement_residual,1.0,256,256,0.002087844331547171
0802,1.6,0.0196078431372549,blur_noise_jpeg,ridge,0.05,textured_quartile,image_gradient,1.0,256,256,0.002087844331547171
0802,1.6,0.0196078431372549,blur_noise_jpeg,ridge,0.05,textured_quartile,random_expected,1.0,256,256,0.0020878443315471705
0802,1.6,0.0196078431372549,blur_noise_jpeg,ridge,0.05,textured_quartile,oracle_error,1.0,256,256,0.0020878443315471705
0802,1.6,0.0196078431372549,blur_noise_jpeg,gradient,0.05,all,operator_spread,0.5,512,1024,0.0003857316432218743
0802,1.6,0.0196078431372549,blur_noise_jpeg,gradient,0.05,all,measurement_noise_spread,0.5,512,1024,0.0007112911639918471
0802,1.6,0.0196078431372549,blur_noise_jpeg,gradient,0.05,all,measurement_residual,0.5,512,1024,0.0005089988903606254
0802,1.6,0.0196078431372549,blur_noise_jpeg,gradient,0.05,all,image_gradient,0.5,512,1024,0.0004358508932061748
0802,1.6,0.0196078431372549,blur_noise_jpeg,gradient,0.05,all,random_expected,0.5,512,1024,0.0007277680848547124
0802,1.6,0.0196078431372549,blur_noise_jpeg,gradient,0.05,all,oracle_error,0.5,512,1024,0.0003297290622472265
0802,1.6,0.0196078431372549,blur_noise_jpeg,gradient,0.05,all,operator_spread,0.75,768,1024,0.0004788175229440954
0802,1.6,0.0196078431372549,blur_noise_jpeg,gradient,0.05,all,measurement_noise_spread,0.75,768,1024,0.0007180568683386861
0802,1.6,0.0196078431372549,blur_noise_jpeg,gradient,0.05,all,measurement_residual,0.75,768,1024,0.0006030346714882449
0802,1.6,0.0196078431372549,blur_noise_jpeg,gradient,0.05,all,image_gradient,0.75,768,1024,0.0005434164000745934
0802,1.6,0.0196078431372549,blur_noise_jpeg,gradient,0.05,all,random_expected,0.75,768,1024,0.0007277680848547124
0802,1.6,0.0196078431372549,blur_noise_jpeg,gradient,0.05,all,oracle_error,0.75,768,1024,0.00043640515859057227
0802,1.6,0.0196078431372549,blur_noise_jpeg,gradient,0.05,all,operator_spread,0.9,922,1024,0.0005975869015637516
0802,1.6,0.0196078431372549,blur_noise_jpeg,gradient,0.05,all,measurement_noise_spread,0.9,922,1024,0.0007233614183589026
0802,1.6,0.0196078431372549,blur_noise_jpeg,gradient,0.05,all,measurement_residual,0.9,922,1024,0.0006631776045534571
0802,1.6,0.0196078431372549,blur_noise_jpeg,gradient,0.05,all,image_gradient,0.9,922,1024,0.000640062509510671
0802,1.6,0.0196078431372549,blur_noise_jpeg,gradient,0.05,all,random_expected,0.9,922,1024,0.0007277680848547124
0802,1.6,0.0196078431372549,blur_noise_jpeg,gradient,0.05,all,oracle_error,0.9,922,1024,0.0005602374606920724
0802,1.6,0.0196078431372549,blur_noise_jpeg,gradient,0.05,all,operator_spread,1.0,1024,1024,0.0007277680848547125
0802,1.6,0.0196078431372549,blur_noise_jpeg,gradient,0.05,all,measurement_noise_spread,1.0,1024,1024,0.0007277680848547124
0802,1.6,0.0196078431372549,blur_noise_jpeg,gradient,0.05,all,measurement_residual,1.0,1024,1024,0.0007277680848547126
0802,1.6,0.0196078431372549,blur_noise_jpeg,gradient,0.05,all,image_gradient,1.0,1024,1024,0.0007277680848547125
0802,1.6,0.0196078431372549,blur_noise_jpeg,gradient,0.05,all,random_expected,1.0,1024,1024,0.0007277680848547124
0802,1.6,0.0196078431372549,blur_noise_jpeg,gradient,0.05,all,oracle_error,1.0,1024,1024,0.0007277680848547124
0802,1.6,0.0196078431372549,blur_noise_jpeg,gradient,0.05,textured_quartile,operator_spread,0.5,128,256,0.0012407461672670477
0802,1.6,0.0196078431372549,blur_noise_jpeg,gradient,0.05,textured_quartile,measurement_noise_spread,0.5,128,256,0.0016040506616391676
0802,1.6,0.0196078431372549,blur_noise_jpeg,gradient,0.05,textured_quartile,measurement_residual,0.5,128,256,0.0013717762208823908
0802,1.6,0.0196078431372549,blur_noise_jpeg,gradient,0.05,textured_quartile,image_gradient,0.5,128,256,0.001469930757262177
0802,1.6,0.0196078431372549,blur_noise_jpeg,gradient,0.05,textured_quartile,random_expected,0.5,128,256,0.0015532768304426258
0802,1.6,0.0196078431372549,blur_noise_jpeg,gradient,0.05,textured_quartile,oracle_error,0.5,128,256,0.0010104744250807257
0802,1.6,0.0196078431372549,blur_noise_jpeg,gradient,0.05,textured_quartile,operator_spread,0.75,192,256,0.0013711967594742635
0802,1.6,0.0196078431372549,blur_noise_jpeg,gradient,0.05,textured_quartile,measurement_noise_spread,0.75,192,256,0.0015858748224016359
0802,1.6,0.0196078431372549,blur_noise_jpeg,gradient,0.05,textured_quartile,measurement_residual,0.75,192,256,0.001472807573013976
0802,1.6,0.0196078431372549,blur_noise_jpeg,gradient,0.05,textured_quartile,image_gradient,0.75,192,256,0.0015245770890760114
0802,1.6,0.0196078431372549,blur_noise_jpeg,gradient,0.05,textured_quartile,random_expected,0.75,192,256,0.0015532768304426258
0802,1.6,0.0196078431372549,blur_noise_jpeg,gradient,0.05,textured_quartile,oracle_error,0.75,192,256,0.0012310475991984312
0802,1.6,0.0196078431372549,blur_noise_jpeg,gradient,0.05,textured_quartile,operator_spread,0.9,231,256,0.001465921283178064
0802,1.6,0.0196078431372549,blur_noise_jpeg,gradient,0.05,textured_quartile,measurement_noise_spread,0.9,231,256,0.0015651859379606388
0802,1.6,0.0196078431372549,blur_noise_jpeg,gradient,0.05,textured_quartile,measurement_residual,0.9,231,256,0.0015413585354794336
0802,1.6,0.0196078431372549,blur_noise_jpeg,gradient,0.05,textured_quartile,image_gradient,0.9,231,256,0.0015022995489359372
0802,1.6,0.0196078431372549,blur_noise_jpeg,gradient,0.05,textured_quartile,random_expected,0.9,231,256,0.0015532768304426258
0802,1.6,0.0196078431372549,blur_noise_jpeg,gradient,0.05,textured_quartile,oracle_error,0.9,231,256,0.0013847430970483463
0802,1.6,0.0196078431372549,blur_noise_jpeg,gradient,0.05,textured_quartile,operator_spread,1.0,256,256,0.0015532768304426258
0802,1.6,0.0196078431372549,blur_noise_jpeg,gradient,0.05,textured_quartile,measurement_noise_spread,1.0,256,256,0.0015532768304426258
0802,1.6,0.0196078431372549,blur_noise_jpeg,gradient,0.05,textured_quartile,measurement_residual,1.0,256,256,0.0015532768304426256
0802,1.6,0.0196078431372549,blur_noise_jpeg,gradient,0.05,textured_quartile,image_gradient,1.0,256,256,0.0015532768304426256
0802,1.6,0.0196078431372549,blur_noise_jpeg,gradient,0.05,textured_quartile,random_expected,1.0,256,256,0.0015532768304426258
0802,1.6,0.0196078431372549,blur_noise_jpeg,gradient,0.05,textured_quartile,oracle_error,1.0,256,256,0.0015532768304426258
0802,2.0,0.00784313725490196,blur_noise,ridge,0.05,all,operator_spread,0.5,512,1024,0.0008581814788345781
0802,2.0,0.00784313725490196,blur_noise,ridge,0.05,all,measurement_noise_spread,0.5,512,1024,0.001122180538394304
0802,2.0,0.00784313725490196,blur_noise,ridge,0.05,all,measurement_residual,0.5,512,1024,0.0010001263993884807
0802,2.0,0.00784313725490196,blur_noise,ridge,0.05,all,image_gradient,0.5,512,1024,0.0009016493869582614
0802,2.0,0.00784313725490196,blur_noise,ridge,0.05,all,random_expected,0.5,512,1024,0.0012546057738259738
0802,2.0,0.00784313725490196,blur_noise,ridge,0.05,all,oracle_error,0.5,512,1024,0.0006106851409198823
0802,2.0,0.00784313725490196,blur_noise,ridge,0.05,all,operator_spread,0.75,768,1024,0.0009625955162290638
0802,2.0,0.00784313725490196,blur_noise,ridge,0.05,all,measurement_noise_spread,0.75,768,1024,0.0011934751582254597
0802,2.0,0.00784313725490196,blur_noise,ridge,0.05,all,measurement_residual,0.75,768,1024,0.001196266528081153
0802,2.0,0.00784313725490196,blur_noise,ridge,0.05,all,image_gradient,0.75,768,1024,0.001039813409980916
0802,2.0,0.00784313725490196,blur_noise,ridge,0.05,all,random_expected,0.75,768,1024,0.0012546057738259738
0802,2.0,0.00784313725490196,blur_noise,ridge,0.05,all,oracle_error,0.75,768,1024,0.0008543575088043412
0802,2.0,0.00784313725490196,blur_noise,ridge,0.05,all,operator_spread,0.9,922,1024,0.0010857619596860615
0802,2.0,0.00784313725490196,blur_noise,ridge,0.05,all,measurement_noise_spread,0.9,922,1024,0.0012478843333246876
0802,2.0,0.00784313725490196,blur_noise,ridge,0.05,all,measurement_residual,0.9,922,1024,0.0012204907653916661
0802,2.0,0.00784313725490196,blur_noise,ridge,0.05,all,image_gradient,0.9,922,1024,0.0011493072883098643
0802,2.0,0.00784313725490196,blur_noise,ridge,0.05,all,random_expected,0.9,922,1024,0.0012546057738259738
0802,2.0,0.00784313725490196,blur_noise,ridge,0.05,all,oracle_error,0.9,922,1024,0.0010302735854109723
0802,2.0,0.00784313725490196,blur_noise,ridge,0.05,all,operator_spread,1.0,1024,1024,0.0012546057738259736
0802,2.0,0.00784313725490196,blur_noise,ridge,0.05,all,measurement_noise_spread,1.0,1024,1024,0.0012546057738259738
0802,2.0,0.00784313725490196,blur_noise,ridge,0.05,all,measurement_residual,1.0,1024,1024,0.0012546057738259738
0802,2.0,0.00784313725490196,blur_noise,ridge,0.05,all,image_gradient,1.0,1024,1024,0.0012546057738259738
0802,2.0,0.00784313725490196,blur_noise,ridge,0.05,all,random_expected,1.0,1024,1024,0.0012546057738259738
0802,2.0,0.00784313725490196,blur_noise,ridge,0.05,all,oracle_error,1.0,1024,1024,0.0012546057738259738
0802,2.0,0.00784313725490196,blur_noise,ridge,0.05,textured_quartile,operator_spread,0.5,128,256,0.0019462980709579756
0802,2.0,0.00784313725490196,blur_noise,ridge,0.05,textured_quartile,measurement_noise_spread,0.5,128,256,0.0023954810035106593
0802,2.0,0.00784313725490196,blur_noise,ridge,0.05,textured_quartile,measurement_residual,0.5,128,256,0.0023501100773050208
0802,2.0,0.00784313725490196,blur_noise,ridge,0.05,textured_quartile,image_gradient,0.5,128,256,0.0021209824187539738
0802,2.0,0.00784313725490196,blur_noise,ridge,0.05,textured_quartile,random_expected,0.5,128,256,0.0023661980222014554
0802,2.0,0.00784313725490196,blur_noise,ridge,0.05,textured_quartile,oracle_error,0.5,128,256,0.0016581570561645873
0802,2.0,0.00784313725490196,blur_noise,ridge,0.05,textured_quartile,operator_spread,0.75,192,256,0.0021198992314592703
0802,2.0,0.00784313725490196,blur_noise,ridge,0.05,textured_quartile,measurement_noise_spread,0.75,192,256,0.0024184465787552884
0802,2.0,0.00784313725490196,blur_noise,ridge,0.05,textured_quartile,measurement_residual,0.75,192,256,0.0023560321596796763
0802,2.0,0.00784313725490196,blur_noise,ridge,0.05,textured_quartile,image_gradient,0.75,192,256,0.002296379148516697
0802,2.0,0.00784313725490196,blur_noise,ridge,0.05,textured_quartile,random_expected,0.75,192,256,0.0023661980222014554
0802,2.0,0.00784313725490196,blur_noise,ridge,0.05,textured_quartile,oracle_error,0.75,192,256,0.0019338345412414956
0802,2.0,0.00784313725490196,blur_noise,ridge,0.05,textured_quartile,operator_spread,0.9,231,256,0.0022229969447257712
0802,2.0,0.00784313725490196,blur_noise,ridge,0.05,textured_quartile,measurement_noise_spread,0.9,231,256,0.0023911278932841587
0802,2.0,0.00784313725490196,blur_noise,ridge,0.05,textured_quartile,measurement_residual,0.9,231,256,0.002380025362999983
0802,2.0,0.00784313725490196,blur_noise,ridge,0.05,textured_quartile,image_gradient,0.9,231,256,0.002277419024020436
0802,2.0,0.00784313725490196,blur_noise,ridge,0.05,textured_quartile,random_expected,0.9,231,256,0.0023661980222014554
0802,2.0,0.00784313725490196,blur_noise,ridge,0.05,textured_quartile,oracle_error,0.9,231,256,0.0021444725984833034
0802,2.0,0.00784313725490196,blur_noise,ridge,0.05,textured_quartile,operator_spread,1.0,256,256,0.0023661980222014554
0802,2.0,0.00784313725490196,blur_noise,ridge,0.05,textured_quartile,measurement_noise_spread,1.0,256,256,0.002366198022201456
0802,2.0,0.00784313725490196,blur_noise,ridge,0.05,textured_quartile,measurement_residual,1.0,256,256,0.0023661980222014554
0802,2.0,0.00784313725490196,blur_noise,ridge,0.05,textured_quartile,image_gradient,1.0,256,256,0.0023661980222014554
0802,2.0,0.00784313725490196,blur_noise,ridge,0.05,textured_quartile,random_expected,1.0,256,256,0.0023661980222014554
0802,2.0,0.00784313725490196,blur_noise,ridge,0.05,textured_quartile,oracle_error,1.0,256,256,0.002366198022201455
0802,2.0,0.00784313725490196,blur_noise,gradient,0.05,all,operator_spread,0.5,512,1024,0.0002888596190016885
0802,2.0,0.00784313725490196,blur_noise,gradient,0.05,all,measurement_noise_spread,0.5,512,1024,0.000735532601954708
0802,2.0,0.00784313725490196,blur_noise,gradient,0.05,all,measurement_residual,0.5,512,1024,0.0007179603978003045
0802,2.0,0.00784313725490196,blur_noise,gradient,0.05,all,image_gradient,0.5,512,1024,0.000418166791381407
0802,2.0,0.00784313725490196,blur_noise,gradient,0.05,all,random_expected,0.5,512,1024,0.000758337338561057
0802,2.0,0.00784313725490196,blur_noise,gradient,0.05,all,oracle_error,0.5,512,1024,0.00023123350358935724
0802,2.0,0.00784313725490196,blur_noise,gradient,0.05,all,operator_spread,0.75,768,1024,0.00043100535410159016
0802,2.0,0.00784313725490196,blur_noise,gradient,0.05,all,measurement_noise_spread,0.75,768,1024,0.0007567427409571802
0802,2.0,0.00784313725490196,blur_noise,gradient,0.05,all,measurement_residual,0.75,768,1024,0.0007252984335251951
0802,2.0,0.00784313725490196,blur_noise,gradient,0.05,all,image_gradient,0.75,768,1024,0.0005541505389763003
0802,2.0,0.00784313725490196,blur_noise,gradient,0.05,all,random_expected,0.75,768,1024,0.000758337338561057
0802,2.0,0.00784313725490196,blur_noise,gradient,0.05,all,oracle_error,0.75,768,1024,0.0003692847445039786
0802,2.0,0.00784313725490196,blur_noise,gradient,0.05,all,operator_spread,0.9,922,1024,0.0005798111971235414
0802,2.0,0.00784313725490196,blur_noise,gradient,0.05,all,measurement_noise_spread,0.9,922,1024,0.0007652273594302605
0802,2.0,0.00784313725490196,blur_noise,gradient,0.05,all,measurement_residual,0.9,922,1024,0.0007289180731454188
0802,2.0,0.00784313725490196,blur_noise,gradient,0.05,all,image_gradient,0.9,922,1024,0.0006604881381655793
0802,2.0,0.00784313725490196,blur_noise,gradient,0.05,all,random_expected,0.9,922,1024,0.000758337338561057
0802,2.0,0.00784313725490196,blur_noise,gradient,0.05,all,oracle_error,0.9,922,1024,0.0005367532439775631
0802,2.0,0.00784313725490196,blur_noise,gradient,0.05,all,operator_spread,1.0,1024,1024,0.0007583373385610571
0802,2.0,0.00784313725490196,blur_noise,gradient,0.05,all,measurement_noise_spread,1.0,1024,1024,0.0007583373385610571
0802,2.0,0.00784313725490196,blur_noise,gradient,0.05,all,measurement_residual,1.0,1024,1024,0.0007583373385610572
0802,2.0,0.00784313725490196,blur_noise,gradient,0.05,all,image_gradient,1.0,1024,1024,0.0007583373385610571
0802,2.0,0.00784313725490196,blur_noise,gradient,0.05,all,random_expected,1.0,1024,1024,0.000758337338561057
0802,2.0,0.00784313725490196,blur_noise,gradient,0.05,all,oracle_error,1.0,1024,1024,0.0007583373385610572
0802,2.0,0.00784313725490196,blur_noise,gradient,0.05,textured_quartile,operator_spread,0.5,128,256,0.0014467759388245025
0802,2.0,0.00784313725490196,blur_noise,gradient,0.05,textured_quartile,measurement_noise_spread,0.5,128,256,0.0018731380574356234
0802,2.0,0.00784313725490196,blur_noise,gradient,0.05,textured_quartile,measurement_residual,0.5,128,256,0.0018392251622996669
0802,2.0,0.00784313725490196,blur_noise,gradient,0.05,textured_quartile,image_gradient,0.5,128,256,0.0016893786144332778
0802,2.0,0.00784313725490196,blur_noise,gradient,0.05,textured_quartile,random_expected,0.5,128,256,0.001863024698975199
0802,2.0,0.00784313725490196,blur_noise,gradient,0.05,textured_quartile,oracle_error,0.5,128,256,0.0011562210842807818
0802,2.0,0.00784313725490196,blur_noise,gradient,0.05,textured_quartile,operator_spread,0.75,192,256,0.0015807960576964691
0802,2.0,0.00784313725490196,blur_noise,gradient,0.05,textured_quartile,measurement_noise_spread,0.75,192,256,0.0019004401765286155
0802,2.0,0.00784313725490196,blur_noise,gradient,0.05,textured_quartile,measurement_residual,0.75,192,256,0.0018013379913284831
0802,2.0,0.00784313725490196,blur_noise,gradient,0.05,textured_quartile,image_gradient,0.75,192,256,0.0018180771497503221
0802,2.0,0.00784313725490196,blur_noise,gradient,0.05,textured_quartile,random_expected,0.75,192,256,0.001863024698975199
0802,2.0,0.00784313725490196,blur_noise,gradient,0.05,textured_quartile,oracle_error,0.75,192,256,0.0014408275403371565
0802,2.0,0.00784313725490196,blur_noise,gradient,0.05,textured_quartile,operator_spread,0.9,231,256,0.0017252063257466813
0802,2.0,0.00784313725490196,blur_noise,gradient,0.05,textured_quartile,measurement_noise_spread,0.9,231,256,0.0018866338281237542
0802,2.0,0.00784313725490196,blur_noise,gradient,0.05,textured_quartile,measurement_residual,0.9,231,256,0.0018015168883049784
0802,2.0,0.00784313725490196,blur_noise,gradient,0.05,textured_quartile,image_gradient,0.9,231,256,0.0018020580770698087
0802,2.0,0.00784313725490196,blur_noise,gradient,0.05,textured_quartile,random_expected,0.9,231,256,0.001863024698975199
0802,2.0,0.00784313725490196,blur_noise,gradient,0.05,textured_quartile,oracle_error,0.9,231,256,0.0016459378967352812
0802,2.0,0.00784313725490196,blur_noise,gradient,0.05,textured_quartile,operator_spread,1.0,256,256,0.001863024698975199
0802,2.0,0.00784313725490196,blur_noise,gradient,0.05,textured_quartile,measurement_noise_spread,1.0,256,256,0.001863024698975199
0802,2.0,0.00784313725490196,blur_noise,gradient,0.05,textured_quartile,measurement_residual,1.0,256,256,0.001863024698975199
0802,2.0,0.00784313725490196,blur_noise,gradient,0.05,textured_quartile,image_gradient,1.0,256,256,0.001863024698975199
0802,2.0,0.00784313725490196,blur_noise,gradient,0.05,textured_quartile,random_expected,1.0,256,256,0.001863024698975199
0802,2.0,0.00784313725490196,blur_noise,gradient,0.05,textured_quartile,oracle_error,1.0,256,256,0.001863024698975199
0802,2.0,0.00784313725490196,blur_noise_jpeg,ridge,0.05,all,operator_spread,0.5,512,1024,0.0008801356303474886
0802,2.0,0.00784313725490196,blur_noise_jpeg,ridge,0.05,all,measurement_noise_spread,0.5,512,1024,0.001156560812635406
0802,2.0,0.00784313725490196,blur_noise_jpeg,ridge,0.05,all,measurement_residual,0.5,512,1024,0.0010323170274711513
0802,2.0,0.00784313725490196,blur_noise_jpeg,ridge,0.05,all,image_gradient,0.5,512,1024,0.0009301040927643523
0802,2.0,0.00784313725490196,blur_noise_jpeg,ridge,0.05,all,random_expected,0.5,512,1024,0.0012954587019825218
0802,2.0,0.00784313725490196,blur_noise_jpeg,ridge,0.05,all,oracle_error,0.5,512,1024,0.0006199462274884223
0802,2.0,0.00784313725490196,blur_noise_jpeg,ridge,0.05,all,operator_spread,0.75,768,1024,0.0009959959276553932
0802,2.0,0.00784313725490196,blur_noise_jpeg,ridge,0.05,all,measurement_noise_spread,0.75,768,1024,0.0012354733563794175
0802,2.0,0.00784313725490196,blur_noise_jpeg,ridge,0.05,all,measurement_residual,0.75,768,1024,0.0012447045159082475
0802,2.0,0.00784313725490196,blur_noise_jpeg,ridge,0.05,all,image_gradient,0.75,768,1024,0.0010627846739584108
0802,2.0,0.00784313725490196,blur_noise_jpeg,ridge,0.05,all,random_expected,0.75,768,1024,0.0012954587019825218
0802,2.0,0.00784313725490196,blur_noise_jpeg,ridge,0.05,all,oracle_error,0.75,768,1024,0.0008715384757873061
0802,2.0,0.00784313725490196,blur_noise_jpeg,ridge,0.05,all,operator_spread,0.9,922,1024,0.0011220959748175852
0802,2.0,0.00784313725490196,blur_noise_jpeg,ridge,0.05,all,measurement_noise_spread,0.9,922,1024,0.0012897118625627205
0802,2.0,0.00784313725490196,blur_noise_jpeg,ridge,0.05,all,measurement_residual,0.9,922,1024,0.0012643394365460443
0802,2.0,0.00784313725490196,blur_noise_jpeg,ridge,0.05,all,image_gradient,0.9,922,1024,0.001179184887928349
0802,2.0,0.00784313725490196,blur_noise_jpeg,ridge,0.05,all,random_expected,0.9,922,1024,0.0012954587019825218
0802,2.0,0.00784313725490196,blur_noise_jpeg,ridge,0.05,all,oracle_error,0.9,922,1024,0.0010604359699479763
0802,2.0,0.00784313725490196,blur_noise_jpeg,ridge,0.05,all,operator_spread,1.0,1024,1024,0.0012954587019825218
0802,2.0,0.00784313725490196,blur_noise_jpeg,ridge,0.05,all,measurement_noise_spread,1.0,1024,1024,0.0012954587019825218
0802,2.0,0.00784313725490196,blur_noise_jpeg,ridge,0.05,all,measurement_residual,1.0,1024,1024,0.0012954587019825216
0802,2.0,0.00784313725490196,blur_noise_jpeg,ridge,0.05,all,image_gradient,1.0,1024,1024,0.0012954587019825218
0802,2.0,0.00784313725490196,blur_noise_jpeg,ridge,0.05,all,random_expected,1.0,1024,1024,0.0012954587019825218
0802,2.0,0.00784313725490196,blur_noise_jpeg,ridge,0.05,all,oracle_error,1.0,1024,1024,0.0012954587019825216
0802,2.0,0.00784313725490196,blur_noise_jpeg,ridge,0.05,textured_quartile,operator_spread,0.5,128,256,0.0020644506531878226
0802,2.0,0.00784313725490196,blur_noise_jpeg,ridge,0.05,textured_quartile,measurement_noise_spread,0.5,128,256,0.0025136560137722433
0802,2.0,0.00784313725490196,blur_noise_jpeg,ridge,0.05,textured_quartile,measurement_residual,0.5,128,256,0.0024411382861021865
0802,2.0,0.00784313725490196,blur_noise_jpeg,ridge,0.05,textured_quartile,image_gradient,0.5,128,256,0.002257115546237782
0802,2.0,0.00784313725490196,blur_noise_jpeg,ridge,0.05,textured_quartile,random_expected,0.5,128,256,0.0024797785846753734
0802,2.0,0.00784313725490196,blur_noise_jpeg,ridge,0.05,textured_quartile,oracle_error,0.5,128,256,0.0017469681777665478
0802,2.0,0.00784313725490196,blur_noise_jpeg,ridge,0.05,textured_quartile,operator_spread,0.75,192,256,0.002264849326655228
0802,2.0,0.00784313725490196,blur_noise_jpeg,ridge,0.05,textured_quartile,measurement_noise_spread,0.75,192,256,0.0025201948370522816
0802,2.0,0.00784313725490196,blur_noise_jpeg,ridge,0.05,textured_quartile,measurement_residual,0.75,192,256,0.0024746239511373906
0802,2.0,0.00784313725490196,blur_noise_jpeg,ridge,0.05,textured_quartile,image_gradient,0.75,192,256,0.002400751696191895
0802,2.0,0.00784313725490196,blur_noise_jpeg,ridge,0.05,textured_quartile,random_expected,0.75,192,256,0.0024797785846753734
0802,2.0,0.00784313725490196,blur_noise_jpeg,ridge,0.05,textured_quartile,oracle_error,0.75,192,256,0.002038113098375948
0802,2.0,0.00784313725490196,blur_noise_jpeg,ridge,0.05,textured_quartile,operator_spread,0.9,231,256,0.0023606954498968788
0802,2.0,0.00784313725490196,blur_noise_jpeg,ridge,0.05,textured_quartile,measurement_noise_spread,0.9,231,256,0.002505788070222844
0802,2.0,0.00784313725490196,blur_noise_jpeg,ridge,0.05,textured_quartile,measurement_residual,0.9,231,256,0.002494343538200085
0802,2.0,0.00784313725490196,blur_noise_jpeg,ridge,0.05,textured_quartile,image_gradient,0.9,231,256,0.0023921742646913543
0802,2.0,0.00784313725490196,blur_noise_jpeg,ridge,0.05,textured_quartile,random_expected,0.9,231,256,0.0024797785846753734
0802,2.0,0.00784313725490196,blur_noise_jpeg,ridge,0.05,textured_quartile,oracle_error,0.9,231,256,0.0022519205092769905
0802,2.0,0.00784313725490196,blur_noise_jpeg,ridge,0.05,textured_quartile,operator_spread,1.0,256,256,0.0024797785846753734
0802,2.0,0.00784313725490196,blur_noise_jpeg,ridge,0.05,textured_quartile,measurement_noise_spread,1.0,256,256,0.0024797785846753734
0802,2.0,0.00784313725490196,blur_noise_jpeg,ridge,0.05,textured_quartile,measurement_residual,1.0,256,256,0.0024797785846753734
0802,2.0,0.00784313725490196,blur_noise_jpeg,ridge,0.05,textured_quartile,image_gradient,1.0,256,256,0.0024797785846753734
0802,2.0,0.00784313725490196,blur_noise_jpeg,ridge,0.05,textured_quartile,random_expected,1.0,256,256,0.0024797785846753734
0802,2.0,0.00784313725490196,blur_noise_jpeg,ridge,0.05,textured_quartile,oracle_error,1.0,256,256,0.0024797785846753734
0802,2.0,0.00784313725490196,blur_noise_jpeg,gradient,0.05,all,operator_spread,0.5,512,1024,0.00034600532973487057
0802,2.0,0.00784313725490196,blur_noise_jpeg,gradient,0.05,all,measurement_noise_spread,0.5,512,1024,0.0008056758028493614
0802,2.0,0.00784313725490196,blur_noise_jpeg,gradient,0.05,all,measurement_residual,0.5,512,1024,0.00044138150258595356
0802,2.0,0.00784313725490196,blur_noise_jpeg,gradient,0.05,all,image_gradient,0.5,512,1024,0.0004687374127762632
0802,2.0,0.00784313725490196,blur_noise_jpeg,gradient,0.05,all,random_expected,0.5,512,1024,0.0008242567869054669
0802,2.0,0.00784313725490196,blur_noise_jpeg,gradient,0.05,all,oracle_error,0.5,512,1024,0.00026624977784995614
0802,2.0,0.00784313725490196,blur_noise_jpeg,gradient,0.05,all,operator_spread,0.75,768,1024,0.0004959704328882491
0802,2.0,0.00784313725490196,blur_noise_jpeg,gradient,0.05,all,measurement_noise_spread,0.75,768,1024,0.00082118148590987
0802,2.0,0.00784313725490196,blur_noise_jpeg,gradient,0.05,all,measurement_residual,0.75,768,1024,0.0005826409647063323
0802,2.0,0.00784313725490196,blur_noise_jpeg,gradient,0.05,all,image_gradient,0.75,768,1024,0.0006084791354931622
0802,2.0,0.00784313725490196,blur_noise_jpeg,gradient,0.05,all,random_expected,0.75,768,1024,0.0008242567869054669
0802,2.0,0.00784313725490196,blur_noise_jpeg,gradient,0.05,all,oracle_error,0.75,768,1024,0.000415838572516862
0802,2.0,0.00784313725490196,blur_noise_jpeg,gradient,0.05,all,operator_spread,0.9,922,1024,0.0006512654479446069
0802,2.0,0.00784313725490196,blur_noise_jpeg,gradient,0.05,all,measurement_noise_spread,0.9,922,1024,0.000827589003834382
0802,2.0,0.00784313725490196,blur_noise_jpeg,gradient,0.05,all,measurement_residual,0.9,922,1024,0.0007023731736489073
0802,2.0,0.00784313725490196,blur_noise_jpeg,gradient,0.05,all,image_gradient,0.9,922,1024,0.0007210323406033666
0802,2.0,0.00784313725490196,blur_noise_jpeg,gradient,0.05,all,random_expected,0.9,922,1024,0.0008242567869054669
0802,2.0,0.00784313725490196,blur_noise_jpeg,gradient,0.05,all,oracle_error,0.9,922,1024,0.0005938806111829427
0802,2.0,0.00784313725490196,blur_noise_jpeg,gradient,0.05,all,operator_spread,1.0,1024,1024,0.0008242567869054669
0802,2.0,0.00784313725490196,blur_noise_jpeg,gradient,0.05,all,measurement_noise_spread,1.0,1024,1024,0.0008242567869054668
0802,2.0,0.00784313725490196,blur_noise_jpeg,gradient,0.05,all,measurement_residual,1.0,1024,1024,0.0008242567869054668
0802,2.0,0.00784313725490196,blur_noise_jpeg,gradient,0.05,all,image_gradient,1.0,1024,1024,0.0008242567869054669
0802,2.0,0.00784313725490196,blur_noise_jpeg,gradient,0.05,all,random_expected,1.0,1024,1024,0.0008242567869054669
0802,2.0,0.00784313725490196,blur_noise_jpeg,gradient,0.05,all,oracle_error,1.0,1024,1024,0.0008242567869054667
0802,2.0,0.00784313725490196,blur_noise_jpeg,gradient,0.05,textured_quartile,operator_spread,0.5,128,256,0.001594345332720946
0802,2.0,0.00784313725490196,blur_noise_jpeg,gradient,0.05,textured_quartile,measurement_noise_spread,0.5,128,256,0.001990713952841201
0802,2.0,0.00784313725490196,blur_noise_jpeg,gradient,0.05,textured_quartile,measurement_residual,0.5,128,256,0.0017013767916398226
0802,2.0,0.00784313725490196,blur_noise_jpeg,gradient,0.05,textured_quartile,image_gradient,0.5,128,256,0.00183501325139277
0802,2.0,0.00784313725490196,blur_noise_jpeg,gradient,0.05,textured_quartile,random_expected,0.5,128,256,0.00198582468207017
0802,2.0,0.00784313725490196,blur_noise_jpeg,gradient,0.05,textured_quartile,oracle_error,0.5,128,256,0.0012575453308552973
0802,2.0,0.00784313725490196,blur_noise_jpeg,gradient,0.05,textured_quartile,operator_spread,0.75,192,256,0.0017423016887809367
0802,2.0,0.00784313725490196,blur_noise_jpeg,gradient,0.05,textured_quartile,measurement_noise_spread,0.75,192,256,0.0020183146742251963
0802,2.0,0.00784313725490196,blur_noise_jpeg,gradient,0.05,textured_quartile,measurement_residual,0.75,192,256,0.0018435045283859152
0802,2.0,0.00784313725490196,blur_noise_jpeg,gradient,0.05,textured_quartile,image_gradient,0.75,192,256,0.0019369884114684417
0802,2.0,0.00784313725490196,blur_noise_jpeg,gradient,0.05,textured_quartile,random_expected,0.75,192,256,0.00198582468207017
0802,2.0,0.00784313725490196,blur_noise_jpeg,gradient,0.05,textured_quartile,oracle_error,0.75,192,256,0.0015553727375247743
0802,2.0,0.00784313725490196,blur_noise_jpeg,gradient,0.05,textured_quartile,operator_spread,0.9,231,256,0.0018669790589891865
0802,2.0,0.00784313725490196,blur_noise_jpeg,gradient,0.05,textured_quartile,measurement_noise_spread,0.9,231,256,0.00201318886902365
0802,2.0,0.00784313725490196,blur_noise_jpeg,gradient,0.05,textured_quartile,measurement_residual,0.9,231,256,0.0019330893636070494
0802,2.0,0.00784313725490196,blur_noise_jpeg,gradient,0.05,textured_quartile,image_gradient,0.9,231,256,0.0019197812752425386
0802,2.0,0.00784313725490196,blur_noise_jpeg,gradient,0.05,textured_quartile,random_expected,0.9,231,256,0.00198582468207017
0802,2.0,0.00784313725490196,blur_noise_jpeg,gradient,0.05,textured_quartile,oracle_error,0.9,231,256,0.0017642302213766948
0802,2.0,0.00784313725490196,blur_noise_jpeg,gradient,0.05,textured_quartile,operator_spread,1.0,256,256,0.00198582468207017
0802,2.0,0.00784313725490196,blur_noise_jpeg,gradient,0.05,textured_quartile,measurement_noise_spread,1.0,256,256,0.00198582468207017
0802,2.0,0.00784313725490196,blur_noise_jpeg,gradient,0.05,textured_quartile,measurement_residual,1.0,256,256,0.0019858246820701705
0802,2.0,0.00784313725490196,blur_noise_jpeg,gradient,0.05,textured_quartile,image_gradient,1.0,256,256,0.00198582468207017
0802,2.0,0.00784313725490196,blur_noise_jpeg,gradient,0.05,textured_quartile,random_expected,1.0,256,256,0.00198582468207017
0802,2.0,0.00784313725490196,blur_noise_jpeg,gradient,0.05,textured_quartile,oracle_error,1.0,256,256,0.00198582468207017
0802,2.0,0.0196078431372549,blur_noise,ridge,0.05,all,operator_spread,0.5,512,1024,0.0013472865952401849
0802,2.0,0.0196078431372549,blur_noise,ridge,0.05,all,measurement_noise_spread,0.5,512,1024,0.0014491590056643882
0802,2.0,0.0196078431372549,blur_noise,ridge,0.05,all,measurement_residual,0.5,512,1024,0.001443788595420757
0802,2.0,0.0196078431372549,blur_noise,ridge,0.05,all,image_gradient,0.5,512,1024,0.001353761467049429
0802,2.0,0.0196078431372549,blur_noise,ridge,0.05,all,random_expected,0.5,512,1024,0.0017165841755362732
0802,2.0,0.0196078431372549,blur_noise,ridge,0.05,all,oracle_error,0.5,512,1024,0.0010540548090664517
0802,2.0,0.0196078431372549,blur_noise,ridge,0.05,all,operator_spread,0.75,768,1024,0.0015462455850037478
0802,2.0,0.0196078431372549,blur_noise,ridge,0.05,all,measurement_noise_spread,0.75,768,1024,0.0016118020482006213
0802,2.0,0.0196078431372549,blur_noise,ridge,0.05,all,measurement_residual,0.75,768,1024,0.0016445432471708515
0802,2.0,0.0196078431372549,blur_noise,ridge,0.05,all,image_gradient,0.75,768,1024,0.0015043932937964712
0802,2.0,0.0196078431372549,blur_noise,ridge,0.05,all,random_expected,0.75,768,1024,0.0017165841755362732
0802,2.0,0.0196078431372549,blur_noise,ridge,0.05,all,oracle_error,0.75,768,1024,0.0013090224592907176
0802,2.0,0.0196078431372549,blur_noise,ridge,0.05,all,operator_spread,0.9,922,1024,0.00163702245218939
0802,2.0,0.0196078431372549,blur_noise,ridge,0.05,all,measurement_noise_spread,0.9,922,1024,0.0016601936345782334
0802,2.0,0.0196078431372549,blur_noise,ridge,0.05,all,measurement_residual,0.9,922,1024,0.0016794656461850872
0802,2.0,0.0196078431372549,blur_noise,ridge,0.05,all,image_gradient,0.9,922,1024,0.0015986928360231256
0802,2.0,0.0196078431372549,blur_noise,ridge,0.05,all,random_expected,0.9,922,1024,0.0017165841755362732
0802,2.0,0.0196078431372549,blur_noise,ridge,0.05,all,oracle_error,0.9,922,1024,0.0014899309092837286
0802,2.0,0.0196078431372549,blur_noise,ridge,0.05,all,operator_spread,1.0,1024,1024,0.0017165841755362732
0802,2.0,0.0196078431372549,blur_noise,ridge,0.05,all,measurement_noise_spread,1.0,1024,1024,0.0017165841755362732
0802,2.0,0.0196078431372549,blur_noise,ridge,0.05,all,measurement_residual,1.0,1024,1024,0.0017165841755362732
0802,2.0,0.0196078431372549,blur_noise,ridge,0.05,all,image_gradient,1.0,1024,1024,0.0017165841755362732
0802,2.0,0.0196078431372549,blur_noise,ridge,0.05,all,random_expected,1.0,1024,1024,0.0017165841755362732
0802,2.0,0.0196078431372549,blur_noise,ridge,0.05,all,oracle_error,1.0,1024,1024,0.0017165841755362732
0802,2.0,0.0196078431372549,blur_noise,ridge,0.05,textured_quartile,operator_spread,0.5,128,256,0.002656821537017382
0802,2.0,0.0196078431372549,blur_noise,ridge,0.05,textured_quartile,measurement_noise_spread,0.5,128,256,0.002790557248566637
0802,2.0,0.0196078431372549,blur_noise,ridge,0.05,textured_quartile,measurement_residual,0.5,128,256,0.002785322742043346
0802,2.0,0.0196078431372549,blur_noise,ridge,0.05,textured_quartile,image_gradient,0.5,128,256,0.0026346260463477947
0802,2.0,0.0196078431372549,blur_noise,ridge,0.05,textured_quartile,random_expected,0.5,128,256,0.0028427717597096737
0802,2.0,0.0196078431372549,blur_noise,ridge,0.05,textured_quartile,oracle_error,0.5,128,256,0.002128398393921433
0802,2.0,0.0196078431372549,blur_noise,ridge,0.05,textured_quartile,operator_spread,0.75,192,256,0.00274896906081111
0802,2.0,0.0196078431372549,blur_noise,ridge,0.05,textured_quartile,measurement_noise_spread,0.75,192,256,0.002794318229010266
0802,2.0,0.0196078431372549,blur_noise,ridge,0.05,textured_quartile,measurement_residual,0.75,192,256,0.0028314314640279815
0802,2.0,0.0196078431372549,blur_noise,ridge,0.05,textured_quartile,image_gradient,0.75,192,256,0.0027740348443076753
0802,2.0,0.0196078431372549,blur_noise,ridge,0.05,textured_quartile,random_expected,0.75,192,256,0.0028427717597096737
0802,2.0,0.0196078431372549,blur_noise,ridge,0.05,textured_quartile,oracle_error,0.75,192,256,0.002407950446309937
0802,2.0,0.0196078431372549,blur_noise,ridge,0.05,textured_quartile,operator_spread,0.9,231,256,0.002798301798905375
0802,2.0,0.0196078431372549,blur_noise,ridge,0.05,textured_quartile,measurement_noise_spread,0.9,231,256,0.002808070472721117
0802,2.0,0.0196078431372549,blur_noise,ridge,0.05,textured_quartile,measurement_residual,0.9,231,256,0.0028388219087836617
0802,2.0,0.0196078431372549,blur_noise,ridge,0.05,textured_quartile,image_gradient,0.9,231,256,0.0027576606041573018
0802,2.0,0.0196078431372549,blur_noise,ridge,0.05,textured_quartile,random_expected,0.9,231,256,0.0028427717597096737
0802,2.0,0.0196078431372549,blur_noise,ridge,0.05,textured_quartile,oracle_error,0.9,231,256,0.002620666857108128
0802,2.0,0.0196078431372549,blur_noise,ridge,0.05,textured_quartile,operator_spread,1.0,256,256,0.0028427717597096737
0802,2.0,0.0196078431372549,blur_noise,ridge,0.05,textured_quartile,measurement_noise_spread,1.0,256,256,0.0028427717597096737
0802,2.0,0.0196078431372549,blur_noise,ridge,0.05,textured_quartile,measurement_residual,1.0,256,256,0.0028427717597096737
0802,2.0,0.0196078431372549,blur_noise,ridge,0.05,textured_quartile,image_gradient,1.0,256,256,0.0028427717597096737
0802,2.0,0.0196078431372549,blur_noise,ridge,0.05,textured_quartile,random_expected,1.0,256,256,0.0028427717597096737
0802,2.0,0.0196078431372549,blur_noise,ridge,0.05,textured_quartile,oracle_error,1.0,256,256,0.0028427717597096732
0802,2.0,0.0196078431372549,blur_noise,gradient,0.05,all,operator_spread,0.5,512,1024,0.0005843206024439154
0802,2.0,0.0196078431372549,blur_noise,gradient,0.05,all,measurement_noise_spread,0.5,512,1024,0.0008844301728032277
0802,2.0,0.0196078431372549,blur_noise,gradient,0.05,all,measurement_residual,0.5,512,1024,0.0009735285178658434
0802,2.0,0.0196078431372549,blur_noise,gradient,0.05,all,image_gradient,0.5,512,1024,0.0006247804845608941
0802,2.0,0.0196078431372549,blur_noise,gradient,0.05,all,random_expected,0.5,512,1024,0.0009581017095757138
0802,2.0,0.0196078431372549,blur_noise,gradient,0.05,all,oracle_error,0.5,512,1024,0.00042674213714794684
0802,2.0,0.0196078431372549,blur_noise,gradient,0.05,all,operator_spread,0.75,768,1024,0.0006895107426722506
0802,2.0,0.0196078431372549,blur_noise,gradient,0.05,all,measurement_noise_spread,0.75,768,1024,0.0009264682805072752
0802,2.0,0.0196078431372549,blur_noise,gradient,0.05,all,measurement_residual,0.75,768,1024,0.0009538958470058019
0802,2.0,0.0196078431372549,blur_noise,gradient,0.05,all,image_gradient,0.75,768,1024,0.0007574209800851289
0802,2.0,0.0196078431372549,blur_noise,gradient,0.05,all,random_expected,0.75,768,1024,0.0009581017095757138
0802,2.0,0.0196078431372549,blur_noise,gradient,0.05,all,oracle_error,0.75,768,1024,0.0005673552538145912
0802,2.0,0.0196078431372549,blur_noise,gradient,0.05,all,operator_spread,0.9,922,1024,0.0007940003843574981
0802,2.0,0.0196078431372549,blur_noise,gradient,0.05,all,measurement_noise_spread,0.9,922,1024,0.0009595761613842263
0802,2.0,0.0196078431372549,blur_noise,gradient,0.05,all,measurement_residual,0.9,922,1024,0.0009524548308704594
0802,2.0,0.0196078431372549,blur_noise,gradient,0.05,all,image_gradient,0.9,922,1024,0.0008584711044656913
0802,2.0,0.0196078431372549,blur_noise,gradient,0.05,all,random_expected,0.9,922,1024,0.0009581017095757138
0802,2.0,0.0196078431372549,blur_noise,gradient,0.05,all,oracle_error,0.9,922,1024,0.0007361226150993093
0802,2.0,0.0196078431372549,blur_noise,gradient,0.05,all,operator_spread,1.0,1024,1024,0.0009581017095757138
0802,2.0,0.0196078431372549,blur_noise,gradient,0.05,all,measurement_noise_spread,1.0,1024,1024,0.0009581017095757138
0802,2.0,0.0196078431372549,blur_noise,gradient,0.05,all,measurement_residual,1.0,1024,1024,0.0009581017095757138
0802,2.0,0.0196078431372549,blur_noise,gradient,0.05,all,image_gradient,1.0,1024,1024,0.0009581017095757138
0802,2.0,0.0196078431372549,blur_noise,gradient,0.05,all,random_expected,1.0,1024,1024,0.0009581017095757138
0802,2.0,0.0196078431372549,blur_noise,gradient,0.05,all,oracle_error,1.0,1024,1024,0.0009581017095757137
0802,2.0,0.0196078431372549,blur_noise,gradient,0.05,textured_quartile,operator_spread,0.5,128,256,0.0016807407109593261
0802,2.0,0.0196078431372549,blur_noise,gradient,0.05,textured_quartile,measurement_noise_spread,0.5,128,256,0.002093748061077174
0802,2.0,0.0196078431372549,blur_noise,gradient,0.05,textured_quartile,measurement_residual,0.5,128,256,0.00206751035476767
0802,2.0,0.0196078431372549,blur_noise,gradient,0.05,textured_quartile,image_gradient,0.5,128,256,0.001907035720781667
0802,2.0,0.0196078431372549,blur_noise,gradient,0.05,textured_quartile,random_expected,0.5,128,256,0.0020656893964817323
0802,2.0,0.0196078431372549,blur_noise,gradient,0.05,textured_quartile,oracle_error,0.5,128,256,0.0013586600787948641
0802,2.0,0.0196078431372549,blur_noise,gradient,0.05,textured_quartile,operator_spread,0.75,192,256,0.0018056422930496415
0802,2.0,0.0196078431372549,blur_noise,gradient,0.05,textured_quartile,measurement_noise_spread,0.75,192,256,0.0021109801303331017
0802,2.0,0.0196078431372549,blur_noise,gradient,0.05,textured_quartile,measurement_residual,0.75,192,256,0.0020454196216417825
0802,2.0,0.0196078431372549,blur_noise,gradient,0.05,textured_quartile,image_gradient,0.75,192,256,0.002019614065535831
0802,2.0,0.0196078431372549,blur_noise,gradient,0.05,textured_quartile,random_expected,0.75,192,256,0.0020656893964817323
0802,2.0,0.0196078431372549,blur_noise,gradient,0.05,textured_quartile,oracle_error,0.75,192,256,0.0016425113404781564
0802,2.0,0.0196078431372549,blur_noise,gradient,0.05,textured_quartile,operator_spread,0.9,231,256,0.0019439473325788149
0802,2.0,0.0196078431372549,blur_noise,gradient,0.05,textured_quartile,measurement_noise_spread,0.9,231,256,0.0020807757574032495
0802,2.0,0.0196078431372549,blur_noise,gradient,0.05,textured_quartile,measurement_residual,0.9,231,256,0.0020740716377422716
0802,2.0,0.0196078431372549,blur_noise,gradient,0.05,textured_quartile,image_gradient,0.9,231,256,0.0020006429986027165
0802,2.0,0.0196078431372549,blur_noise,gradient,0.05,textured_quartile,random_expected,0.9,231,256,0.0020656893964817323
0802,2.0,0.0196078431372549,blur_noise,gradient,0.05,textured_quartile,oracle_error,0.9,231,256,0.001848950933590256
0802,2.0,0.0196078431372549,blur_noise,gradient,0.05,textured_quartile,operator_spread,1.0,256,256,0.0020656893964817323
0802,2.0,0.0196078431372549,blur_noise,gradient,0.05,textured_quartile,measurement_noise_spread,1.0,256,256,0.0020656893964817323
0802,2.0,0.0196078431372549,blur_noise,gradient,0.05,textured_quartile,measurement_residual,1.0,256,256,0.002065689396481732
0802,2.0,0.0196078431372549,blur_noise,gradient,0.05,textured_quartile,image_gradient,1.0,256,256,0.002065689396481732
0802,2.0,0.0196078431372549,blur_noise,gradient,0.05,textured_quartile,random_expected,1.0,256,256,0.0020656893964817323
0802,2.0,0.0196078431372549,blur_noise,gradient,0.05,textured_quartile,oracle_error,1.0,256,256,0.0020656893964817323
0802,2.0,0.0196078431372549,blur_noise_jpeg,ridge,0.05,all,operator_spread,0.5,512,1024,0.00111222689522231
0802,2.0,0.0196078431372549,blur_noise_jpeg,ridge,0.05,all,measurement_noise_spread,0.5,512,1024,0.0012917288922126185
0802,2.0,0.0196078431372549,blur_noise_jpeg,ridge,0.05,all,measurement_residual,0.5,512,1024,0.0012167482498877458
0802,2.0,0.0196078431372549,blur_noise_jpeg,ridge,0.05,all,image_gradient,0.5,512,1024,0.0011050208773941456
0802,2.0,0.0196078431372549,blur_noise_jpeg,ridge,0.05,all,random_expected,0.5,512,1024,0.0014818069241636428
0802,2.0,0.0196078431372549,blur_noise_jpeg,ridge,0.05,all,oracle_error,0.5,512,1024,0.000809853167552327
0802,2.0,0.0196078431372549,blur_noise_jpeg,ridge,0.05,all,operator_spread,0.75,768,1024,0.0012349645202259496
0802,2.0,0.0196078431372549,blur_noise_jpeg,ridge,0.05,all,measurement_noise_spread,0.75,768,1024,0.0013912930043119877
0802,2.0,0.0196078431372549,blur_noise_jpeg,ridge,0.05,all,measurement_residual,0.75,768,1024,0.001424605831913261
0802,2.0,0.0196078431372549,blur_noise_jpeg,ridge,0.05,all,image_gradient,0.75,768,1024,0.0012529130232924283
0802,2.0,0.0196078431372549,blur_noise_jpeg,ridge,0.05,all,random_expected,0.75,768,1024,0.0014818069241636428
0802,2.0,0.0196078431372549,blur_noise_jpeg,ridge,0.05,all,oracle_error,0.75,768,1024,0.0010641990289208725
0802,2.0,0.0196078431372549,blur_noise_jpeg,ridge,0.05,all,operator_spread,0.9,922,1024,0.0013484583418143935
0802,2.0,0.0196078431372549,blur_noise_jpeg,ridge,0.05,all,measurement_noise_spread,0.9,922,1024,0.0014400861839228578
0802,2.0,0.0196078431372549,blur_noise_jpeg,ridge,0.05,all,measurement_residual,0.9,922,1024,0.0014506060700793094
0802,2.0,0.0196078431372549,blur_noise_jpeg,ridge,0.05,all,image_gradient,0.9,922,1024,0.0013647856575598415
0802,2.0,0.0196078431372549,blur_noise_jpeg,ridge,0.05,all,random_expected,0.9,922,1024,0.0014818069241636428
0802,2.0,0.0196078431372549,blur_noise_jpeg,ridge,0.05,all,oracle_error,0.9,922,1024,0.0012495876053453007
0802,2.0,0.0196078431372549,blur_noise_jpeg,ridge,0.05,all,operator_spread,1.0,1024,1024,0.0014818069241636432
0802,2.0,0.0196078431372549,blur_noise_jpeg,ridge,0.05,all,measurement_noise_spread,1.0,1024,1024,0.001481806924163643
0802,2.0,0.0196078431372549,blur_noise_jpeg,ridge,0.05,all,measurement_residual,1.0,1024,1024,0.0014818069241636432
0802,2.0,0.0196078431372549,blur_noise_jpeg,ridge,0.05,all,image_gradient,1.0,1024,1024,0.001481806924163643
0802,2.0,0.0196078431372549,blur_noise_jpeg,ridge,0.05,all,random_expected,1.0,1024,1024,0.0014818069241636428
0802,2.0,0.0196078431372549,blur_noise_jpeg,ridge,0.05,all,oracle_error,1.0,1024,1024,0.0014818069241636432
0802,2.0,0.0196078431372549,blur_noise_jpeg,ridge,0.05,textured_quartile,operator_spread,0.5,128,256,0.002250684308920909
0802,2.0,0.0196078431372549,blur_noise_jpeg,ridge,0.05,textured_quartile,measurement_noise_spread,0.5,128,256,0.002641887692933327
0802,2.0,0.0196078431372549,blur_noise_jpeg,ridge,0.05,textured_quartile,measurement_residual,0.5,128,256,0.002600264059509318
0802,2.0,0.0196078431372549,blur_noise_jpeg,ridge,0.05,textured_quartile,image_gradient,0.5,128,256,0.002462191418721623
0802,2.0,0.0196078431372549,blur_noise_jpeg,ridge,0.05,textured_quartile,random_expected,0.5,128,256,0.002644707211837026
0802,2.0,0.0196078431372549,blur_noise_jpeg,ridge,0.05,textured_quartile,oracle_error,0.5,128,256,0.0019201056904292802
0802,2.0,0.0196078431372549,blur_noise_jpeg,ridge,0.05,textured_quartile,operator_spread,0.75,192,256,0.002432450424825325
0802,2.0,0.0196078431372549,blur_noise_jpeg,ridge,0.05,textured_quartile,measurement_noise_spread,0.75,192,256,0.0026079070421095997
0802,2.0,0.0196078431372549,blur_noise_jpeg,ridge,0.05,textured_quartile,measurement_residual,0.75,192,256,0.00262920517068721
0802,2.0,0.0196078431372549,blur_noise_jpeg,ridge,0.05,textured_quartile,image_gradient,0.75,192,256,0.002558719681917823
0802,2.0,0.0196078431372549,blur_noise_jpeg,ridge,0.05,textured_quartile,random_expected,0.75,192,256,0.002644707211837026
0802,2.0,0.0196078431372549,blur_noise_jpeg,ridge,0.05,textured_quartile,oracle_error,0.75,192,256,0.0022050858255235443
0802,2.0,0.0196078431372549,blur_noise_jpeg,ridge,0.05,textured_quartile,operator_spread,0.9,231,256,0.0025212145218967497
0802,2.0,0.0196078431372549,blur_noise_jpeg,ridge,0.05,textured_quartile,measurement_noise_spread,0.9,231,256,0.002613015519881555
0802,2.0,0.0196078431372549,blur_noise_jpeg,ridge,0.05,textured_quartile,measurement_residual,0.9,231,256,0.0026512341507993527
0802,2.0,0.0196078431372549,blur_noise_jpeg,ridge,0.05,textured_quartile,image_gradient,0.9,231,256,0.002541004629112586
0802,2.0,0.0196078431372549,blur_noise_jpeg,ridge,0.05,textured_quartile,random_expected,0.9,231,256,0.002644707211837026
0802,2.0,0.0196078431372549,blur_noise_jpeg,ridge,0.05,textured_quartile,oracle_error,0.9,231,256,0.00242004437863261
0802,2.0,0.0196078431372549,blur_noise_jpeg,ridge,0.05,textured_quartile,operator_spread,1.0,256,256,0.002644707211837026
0802,2.0,0.0196078431372549,blur_noise_jpeg,ridge,0.05,textured_quartile,measurement_noise_spread,1.0,256,256,0.002644707211837026
0802,2.0,0.0196078431372549,blur_noise_jpeg,ridge,0.05,textured_quartile,measurement_residual,1.0,256,256,0.002644707211837026
0802,2.0,0.0196078431372549,blur_noise_jpeg,ridge,0.05,textured_quartile,image_gradient,1.0,256,256,0.002644707211837026
0802,2.0,0.0196078431372549,blur_noise_jpeg,ridge,0.05,textured_quartile,random_expected,1.0,256,256,0.002644707211837026
0802,2.0,0.0196078431372549,blur_noise_jpeg,ridge,0.05,textured_quartile,oracle_error,1.0,256,256,0.002644707211837026
0802,2.0,0.0196078431372549,blur_noise_jpeg,gradient,0.05,all,operator_spread,0.5,512,1024,0.0005201034216493116
0802,2.0,0.0196078431372549,blur_noise_jpeg,gradient,0.05,all,measurement_noise_spread,0.5,512,1024,0.0008812074790407176
0802,2.0,0.0196078431372549,blur_noise_jpeg,gradient,0.05,all,measurement_residual,0.5,512,1024,0.000713305525639146
0802,2.0,0.0196078431372549,blur_noise_jpeg,gradient,0.05,all,image_gradient,0.5,512,1024,0.0005639972820142249
0802,2.0,0.0196078431372549,blur_noise_jpeg,gradient,0.05,all,random_expected,0.5,512,1024,0.0009352556749858689
0802,2.0,0.0196078431372549,blur_noise_jpeg,gradient,0.05,all,oracle_error,0.5,512,1024,0.00038430313821471713
0802,2.0,0.0196078431372549,blur_noise_jpeg,gradient,0.05,all,operator_spread,0.75,768,1024,0.0006521559076939734
0802,2.0,0.0196078431372549,blur_noise_jpeg,gradient,0.05,all,measurement_noise_spread,0.75,768,1024,0.0009121291286116375
0802,2.0,0.0196078431372549,blur_noise_jpeg,gradient,0.05,all,measurement_residual,0.75,768,1024,0.000824512030861969
0802,2.0,0.0196078431372549,blur_noise_jpeg,gradient,0.05,all,image_gradient,0.75,768,1024,0.0007153933608111824
0802,2.0,0.0196078431372549,blur_noise_jpeg,gradient,0.05,all,random_expected,0.75,768,1024,0.0009352556749858689
0802,2.0,0.0196078431372549,blur_noise_jpeg,gradient,0.05,all,oracle_error,0.75,768,1024,0.000532631791371344
0802,2.0,0.0196078431372549,blur_noise_jpeg,gradient,0.05,all,operator_spread,0.9,922,1024,0.000766795125307822
0802,2.0,0.0196078431372549,blur_noise_jpeg,gradient,0.05,all,measurement_noise_spread,0.9,922,1024,0.0009446451472129224
0802,2.0,0.0196078431372549,blur_noise_jpeg,gradient,0.05,all,measurement_residual,0.9,922,1024,0.0008668652444170667
0802,2.0,0.0196078431372549,blur_noise_jpeg,gradient,0.05,all,image_gradient,0.9,922,1024,0.0008314420633686143
0802,2.0,0.0196078431372549,blur_noise_jpeg,gradient,0.05,all,random_expected,0.9,922,1024,0.0009352556749858689
0802,2.0,0.0196078431372549,blur_noise_jpeg,gradient,0.05,all,oracle_error,0.9,922,1024,0.0007084222233326277
0802,2.0,0.0196078431372549,blur_noise_jpeg,gradient,0.05,all,operator_spread,1.0,1024,1024,0.0009352556749858689
0802,2.0,0.0196078431372549,blur_noise_jpeg,gradient,0.05,all,measurement_noise_spread,1.0,1024,1024,0.000935255674985869
0802,2.0,0.0196078431372549,blur_noise_jpeg,gradient,0.05,all,measurement_residual,1.0,1024,1024,0.0009352556749858689
0802,2.0,0.0196078431372549,blur_noise_jpeg,gradient,0.05,all,image_gradient,1.0,1024,1024,0.0009352556749858689
0802,2.0,0.0196078431372549,blur_noise_jpeg,gradient,0.05,all,random_expected,1.0,1024,1024,0.0009352556749858689
0802,2.0,0.0196078431372549,blur_noise_jpeg,gradient,0.05,all,oracle_error,1.0,1024,1024,0.000935255674985869
0802,2.0,0.0196078431372549,blur_noise_jpeg,gradient,0.05,textured_quartile,operator_spread,0.5,128,256,0.001715952283892024
0802,2.0,0.0196078431372549,blur_noise_jpeg,gradient,0.05,textured_quartile,measurement_noise_spread,0.5,128,256,0.002132062509429226
0802,2.0,0.0196078431372549,blur_noise_jpeg,gradient,0.05,textured_quartile,measurement_residual,0.5,128,256,0.0019252829369465888
0802,2.0,0.0196078431372549,blur_noise_jpeg,gradient,0.05,textured_quartile,image_gradient,0.5,128,256,0.0019568803474487115
0802,2.0,0.0196078431372549,blur_noise_jpeg,gradient,0.05,textured_quartile,random_expected,0.5,128,256,0.0020790774157468284
0802,2.0,0.0196078431372549,blur_noise_jpeg,gradient,0.05,textured_quartile,oracle_error,0.5,128,256,0.0013640534439517292
0802,2.0,0.0196078431372549,blur_noise_jpeg,gradient,0.05,textured_quartile,operator_spread,0.75,192,256,0.0018846578845808442
0802,2.0,0.0196078431372549,blur_noise_jpeg,gradient,0.05,textured_quartile,measurement_noise_spread,0.75,192,256,0.0021015491829447217
0802,2.0,0.0196078431372549,blur_noise_jpeg,gradient,0.05,textured_quartile,measurement_residual,0.75,192,256,0.0019665559972013888
0802,2.0,0.0196078431372549,blur_noise_jpeg,gradient,0.05,textured_quartile,image_gradient,0.75,192,256,0.0020288892729829018
0802,2.0,0.0196078431372549,blur_noise_jpeg,gradient,0.05,textured_quartile,random_expected,0.75,192,256,0.0020790774157468284
0802,2.0,0.0196078431372549,blur_noise_jpeg,gradient,0.05,textured_quartile,oracle_error,0.75,192,256,0.0016515518214196868
0802,2.0,0.0196078431372549,blur_noise_jpeg,gradient,0.05,textured_quartile,operator_spread,0.9,231,256,0.001950559671679841
0802,2.0,0.0196078431372549,blur_noise_jpeg,gradient,0.05,textured_quartile,measurement_noise_spread,0.9,231,256,0.002101728107872462
0802,2.0,0.0196078431372549,blur_noise_jpeg,gradient,0.05,textured_quartile,measurement_residual,0.9,231,256,0.002023723355769813
0802,2.0,0.0196078431372549,blur_noise_jpeg,gradient,0.05,textured_quartile,image_gradient,0.9,231,256,0.002011576063697157
0802,2.0,0.0196078431372549,blur_noise_jpeg,gradient,0.05,textured_quartile,random_expected,0.9,231,256,0.0020790774157468284
0802,2.0,0.0196078431372549,blur_noise_jpeg,gradient,0.05,textured_quartile,oracle_error,0.9,231,256,0.001859480471253164
0802,2.0,0.0196078431372549,blur_noise_jpeg,gradient,0.05,textured_quartile,operator_spread,1.0,256,256,0.0020790774157468284
0802,2.0,0.0196078431372549,blur_noise_jpeg,gradient,0.05,textured_quartile,measurement_noise_spread,1.0,256,256,0.0020790774157468284
0802,2.0,0.0196078431372549,blur_noise_jpeg,gradient,0.05,textured_quartile,measurement_residual,1.0,256,256,0.0020790774157468284
0802,2.0,0.0196078431372549,blur_noise_jpeg,gradient,0.05,textured_quartile,image_gradient,1.0,256,256,0.002079077415746828
0802,2.0,0.0196078431372549,blur_noise_jpeg,gradient,0.05,textured_quartile,random_expected,1.0,256,256,0.0020790774157468284
0802,2.0,0.0196078431372549,blur_noise_jpeg,gradient,0.05,textured_quartile,oracle_error,1.0,256,256,0.0020790774157468284
0803,1.2,0.00784313725490196,blur_noise,ridge,0.05,all,operator_spread,0.5,512,1024,0.000688182820886466
0803,1.2,0.00784313725490196,blur_noise,ridge,0.05,all,measurement_noise_spread,0.5,512,1024,0.0008394125683560104
0803,1.2,0.00784313725490196,blur_noise,ridge,0.05,all,measurement_residual,0.5,512,1024,0.0006048150239304418
0803,1.2,0.00784313725490196,blur_noise,ridge,0.05,all,image_gradient,0.5,512,1024,0.0006922735269248487
0803,1.2,0.00784313725490196,blur_noise,ridge,0.05,all,random_expected,0.5,512,1024,0.000870494064421225
0803,1.2,0.00784313725490196,blur_noise,ridge,0.05,all,oracle_error,0.5,512,1024,0.00050805635899261
0803,1.2,0.00784313725490196,blur_noise,ridge,0.05,all,operator_spread,0.75,768,1024,0.0007406060065623422
0803,1.2,0.00784313725490196,blur_noise,ridge,0.05,all,measurement_noise_spread,0.75,768,1024,0.000853152242257211
0803,1.2,0.00784313725490196,blur_noise,ridge,0.05,all,measurement_residual,0.75,768,1024,0.0007217849237416853
0803,1.2,0.00784313725490196,blur_noise,ridge,0.05,all,image_gradient,0.75,768,1024,0.0007445791223227404
0803,1.2,0.00784313725490196,blur_noise,ridge,0.05,all,random_expected,0.75,768,1024,0.000870494064421225
0803,1.2,0.00784313725490196,blur_noise,ridge,0.05,all,oracle_error,0.75,768,1024,0.0006593393153518911
0803,1.2,0.00784313725490196,blur_noise,ridge,0.05,all,operator_spread,0.9,922,1024,0.0007916956514237285
0803,1.2,0.00784313725490196,blur_noise,ridge,0.05,all,measurement_noise_spread,0.9,922,1024,0.0008619666279973378
0803,1.2,0.00784313725490196,blur_noise,ridge,0.05,all,measurement_residual,0.9,922,1024,0.0007911379716550318
0803,1.2,0.00784313725490196,blur_noise,ridge,0.05,all,image_gradient,0.9,922,1024,0.0007989341165405241
0803,1.2,0.00784313725490196,blur_noise,ridge,0.05,all,random_expected,0.9,922,1024,0.000870494064421225
0803,1.2,0.00784313725490196,blur_noise,ridge,0.05,all,oracle_error,0.9,922,1024,0.0007585502418482744
0803,1.2,0.00784313725490196,blur_noise,ridge,0.05,all,operator_spread,1.0,1024,1024,0.000870494064421225
0803,1.2,0.00784313725490196,blur_noise,ridge,0.05,all,measurement_noise_spread,1.0,1024,1024,0.0008704940644212248
0803,1.2,0.00784313725490196,blur_noise,ridge,0.05,all,measurement_residual,1.0,1024,1024,0.000870494064421225
0803,1.2,0.00784313725490196,blur_noise,ridge,0.05,all,image_gradient,1.0,1024,1024,0.0008704940644212247
0803,1.2,0.00784313725490196,blur_noise,ridge,0.05,all,random_expected,1.0,1024,1024,0.000870494064421225
0803,1.2,0.00784313725490196,blur_noise,ridge,0.05,all,oracle_error,1.0,1024,1024,0.0008704940644212248
0803,1.2,0.00784313725490196,blur_noise,ridge,0.05,textured_quartile,operator_spread,0.5,128,256,0.0009645873055103166
0803,1.2,0.00784313725490196,blur_noise,ridge,0.05,textured_quartile,measurement_noise_spread,0.5,128,256,0.0012004920682464652
0803,1.2,0.00784313725490196,blur_noise,ridge,0.05,textured_quartile,measurement_residual,0.5,128,256,0.0010200297595360907
0803,1.2,0.00784313725490196,blur_noise,ridge,0.05,textured_quartile,image_gradient,0.5,128,256,0.001006603500559918
0803,1.2,0.00784313725490196,blur_noise,ridge,0.05,textured_quartile,random_expected,0.5,128,256,0.001230187494611628
0803,1.2,0.00784313725490196,blur_noise,ridge,0.05,textured_quartile,oracle_error,0.5,128,256,0.0008179914724566811
0803,1.2,0.00784313725490196,blur_noise,ridge,0.05,textured_quartile,operator_spread,0.75,192,256,0.0010527310749639856
0803,1.2,0.00784313725490196,blur_noise,ridge,0.05,textured_quartile,measurement_noise_spread,0.75,192,256,0.001186126994780506
0803,1.2,0.00784313725490196,blur_noise,ridge,0.05,textured_quartile,measurement_residual,0.75,192,256,0.0011022458926648407
0803,1.2,0.00784313725490196,blur_noise,ridge,0.05,textured_quartile,image_gradient,0.75,192,256,0.001082302998628693
0803,1.2,0.00784313725490196,blur_noise,ridge,0.05,textured_quartile,random_expected,0.75,192,256,0.001230187494611628
0803,1.2,0.00784313725490196,blur_noise,ridge,0.05,textured_quartile,oracle_error,0.75,192,256,0.0009867181315659842
0803,1.2,0.00784313725490196,blur_noise,ridge,0.05,textured_quartile,operator_spread,0.9,231,256,0.001143074913959548
0803,1.2,0.00784313725490196,blur_noise,ridge,0.05,textured_quartile,measurement_noise_spread,0.9,231,256,0.001209830422575157
0803,1.2,0.00784313725490196,blur_noise,ridge,0.05,textured_quartile,measurement_residual,0.9,231,256,0.0011691736888436647
0803,1.2,0.00784313725490196,blur_noise,ridge,0.05,textured_quartile,image_gradient,0.9,231,256,0.0011517940552647535
0803,1.2,0.00784313725490196,blur_noise,ridge,0.05,textured_quartile,random_expected,0.9,231,256,0.001230187494611628
0803,1.2,0.00784313725490196,blur_noise,ridge,0.05,textured_quartile,oracle_error,0.9,231,256,0.0011064841441712073
0803,1.2,0.00784313725490196,blur_noise,ridge,0.05,textured_quartile,operator_spread,1.0,256,256,0.001230187494611628
0803,1.2,0.00784313725490196,blur_noise,ridge,0.05,textured_quartile,measurement_noise_spread,1.0,256,256,0.001230187494611628
0803,1.2,0.00784313725490196,blur_noise,ridge,0.05,textured_quartile,measurement_residual,1.0,256,256,0.001230187494611628
0803,1.2,0.00784313725490196,blur_noise,ridge,0.05,textured_quartile,image_gradient,1.0,256,256,0.001230187494611628
0803,1.2,0.00784313725490196,blur_noise,ridge,0.05,textured_quartile,random_expected,1.0,256,256,0.001230187494611628
0803,1.2,0.00784313725490196,blur_noise,ridge,0.05,textured_quartile,oracle_error,1.0,256,256,0.001230187494611628
0803,1.2,0.00784313725490196,blur_noise,gradient,0.05,all,operator_spread,0.5,512,1024,8.74632386851385e-05
0803,1.2,0.00784313725490196,blur_noise,gradient,0.05,all,measurement_noise_spread,0.5,512,1024,0.00023079905946734496
0803,1.2,0.00784313725490196,blur_noise,gradient,0.05,all,measurement_residual,0.5,512,1024,0.00010682497325833377
0803,1.2,0.00784313725490196,blur_noise,gradient,0.05,all,image_gradient,0.5,512,1024,9.398199559410833e-05
0803,1.2,0.00784313725490196,blur_noise,gradient,0.05,all,random_expected,0.5,512,1024,0.00026086608777842565
0803,1.2,0.00784313725490196,blur_noise,gradient,0.05,all,oracle_error,0.5,512,1024,7.665276124215992e-05
0803,1.2,0.00784313725490196,blur_noise,gradient,0.05,all,operator_spread,0.75,768,1024,0.0001294142622908707
0803,1.2,0.00784313725490196,blur_noise,gradient,0.05,all,measurement_noise_spread,0.75,768,1024,0.00024820036731907535
0803,1.2,0.00784313725490196,blur_noise,gradient,0.05,all,measurement_residual,0.75,768,1024,0.00013219159176856417
0803,1.2,0.00784313725490196,blur_noise,gradient,0.05,all,image_gradient,0.75,768,1024,0.00013911293592360578
0803,1.2,0.00784313725490196,blur_noise,gradient,0.05,all,random_expected,0.75,768,1024,0.00026086608777842565
0803,1.2,0.00784313725490196,blur_noise,gradient,0.05,all,oracle_error,0.75,768,1024,0.00011601407788140187
0803,1.2,0.00784313725490196,blur_noise,gradient,0.05,all,operator_spread,0.9,922,1024,0.0001728891569255534
0803,1.2,0.00784313725490196,blur_noise,gradient,0.05,all,measurement_noise_spread,0.9,922,1024,0.00025095336485857987
0803,1.2,0.00784313725490196,blur_noise,gradient,0.05,all,measurement_residual,0.9,922,1024,0.00017181579265861785
0803,1.2,0.00784313725490196,blur_noise,gradient,0.05,all,image_gradient,0.9,922,1024,0.00018382799838990966
0803,1.2,0.00784313725490196,blur_noise,gradient,0.05,all,random_expected,0.9,922,1024,0.00026086608777842565
0803,1.2,0.00784313725490196,blur_noise,gradient,0.05,all,oracle_error,0.9,922,1024,0.00016523947247028533
0803,1.2,0.00784313725490196,blur_noise,gradient,0.05,all,operator_spread,1.0,1024,1024,0.00026086608777842565
0803,1.2,0.00784313725490196,blur_noise,gradient,0.05,all,measurement_noise_spread,1.0,1024,1024,0.00026086608777842565
0803,1.2,0.00784313725490196,blur_noise,gradient,0.05,all,measurement_residual,1.0,1024,1024,0.00026086608777842565
0803,1.2,0.00784313725490196,blur_noise,gradient,0.05,all,image_gradient,1.0,1024,1024,0.0002608660877784257
0803,1.2,0.00784313725490196,blur_noise,gradient,0.05,all,random_expected,1.0,1024,1024,0.00026086608777842565
0803,1.2,0.00784313725490196,blur_noise,gradient,0.05,all,oracle_error,1.0,1024,1024,0.00026086608777842565
0803,1.2,0.00784313725490196,blur_noise,gradient,0.05,textured_quartile,operator_spread,0.5,128,256,0.0003499104419654325
0803,1.2,0.00784313725490196,blur_noise,gradient,0.05,textured_quartile,measurement_noise_spread,0.5,128,256,0.0006128653608914682
0803,1.2,0.00784313725490196,blur_noise,gradient,0.05,textured_quartile,measurement_residual,0.5,128,256,0.0003350743827919703
0803,1.2,0.00784313725490196,blur_noise,gradient,0.05,textured_quartile,image_gradient,0.5,128,256,0.00043952401643621947
0803,1.2,0.00784313725490196,blur_noise,gradient,0.05,textured_quartile,random_expected,0.5,128,256,0.0006514549017474706
0803,1.2,0.00784313725490196,blur_noise,gradient,0.05,textured_quartile,oracle_error,0.5,128,256,0.0002985886328383669
0803,1.2,0.00784313725490196,blur_noise,gradient,0.05,textured_quartile,operator_spread,0.75,192,256,0.00046936233278753746
0803,1.2,0.00784313725490196,blur_noise,gradient,0.05,textured_quartile,measurement_noise_spread,0.75,192,256,0.0006249046051354008
0803,1.2,0.00784313725490196,blur_noise,gradient,0.05,textured_quartile,measurement_residual,0.75,192,256,0.00044061596358430116
0803,1.2,0.00784313725490196,blur_noise,gradient,0.05,textured_quartile,image_gradient,0.75,192,256,0.0005057923203665571
0803,1.2,0.00784313725490196,blur_noise,gradient,0.05,textured_quartile,random_expected,0.75,192,256,0.0006514549017474706
0803,1.2,0.00784313725490196,blur_noise,gradient,0.05,textured_quartile,oracle_error,0.75,192,256,0.000413019023654905
0803,1.2,0.00784313725490196,blur_noise,gradient,0.05,textured_quartile,operator_spread,0.9,231,256,0.0005552539073682382
0803,1.2,0.00784313725490196,blur_noise,gradient,0.05,textured_quartile,measurement_noise_spread,0.9,231,256,0.0006348002294142267
0803,1.2,0.00784313725490196,blur_noise,gradient,0.05,textured_quartile,measurement_residual,0.9,231,256,0.0005396205417774795
0803,1.2,0.00784313725490196,blur_noise,gradient,0.05,textured_quartile,image_gradient,0.9,231,256,0.0005781155350627014
0803,1.2,0.00784313725490196,blur_noise,gradient,0.05,textured_quartile,random_expected,0.9,231,256,0.0006514549017474706
0803,1.2,0.00784313725490196,blur_noise,gradient,0.05,textured_quartile,oracle_error,0.9,231,256,0.00052490067625669
0803,1.2,0.00784313725490196,blur_noise,gradient,0.05,textured_quartile,operator_spread,1.0,256,256,0.0006514549017474706
0803,1.2,0.00784313725490196,blur_noise,gradient,0.05,textured_quartile,measurement_noise_spread,1.0,256,256,0.0006514549017474706
0803,1.2,0.00784313725490196,blur_noise,gradient,0.05,textured_quartile,measurement_residual,1.0,256,256,0.0006514549017474706
0803,1.2,0.00784313725490196,blur_noise,gradient,0.05,textured_quartile,image_gradient,1.0,256,256,0.0006514549017474706
0803,1.2,0.00784313725490196,blur_noise,gradient,0.05,textured_quartile,random_expected,1.0,256,256,0.0006514549017474706
0803,1.2,0.00784313725490196,blur_noise,gradient,0.05,textured_quartile,oracle_error,1.0,256,256,0.0006514549017474706
0803,1.2,0.00784313725490196,blur_noise_jpeg,ridge,0.05,all,operator_spread,0.5,512,1024,0.0007013883258670386
0803,1.2,0.00784313725490196,blur_noise_jpeg,ridge,0.05,all,measurement_noise_spread,0.5,512,1024,0.0009380057226568417
0803,1.2,0.00784313725490196,blur_noise_jpeg,ridge,0.05,all,measurement_residual,0.5,512,1024,0.0007054964282481753
0803,1.2,0.00784313725490196,blur_noise_jpeg,ridge,0.05,all,image_gradient,0.5,512,1024,0.0007313580697063597
0803,1.2,0.00784313725490196,blur_noise_jpeg,ridge,0.05,all,random_expected,0.5,512,1024,0.0009669178206287493
0803,1.2,0.00784313725490196,blur_noise_jpeg,ridge,0.05,all,oracle_error,0.5,512,1024,0.0005607188293727525
0803,1.2,0.00784313725490196,blur_noise_jpeg,ridge,0.05,all,operator_spread,0.75,768,1024,0.0007916881278669675
0803,1.2,0.00784313725490196,blur_noise_jpeg,ridge,0.05,all,measurement_noise_spread,0.75,768,1024,0.0009493182301315224
0803,1.2,0.00784313725490196,blur_noise_jpeg,ridge,0.05,all,measurement_residual,0.75,768,1024,0.0008147990740483705
0803,1.2,0.00784313725490196,blur_noise_jpeg,ridge,0.05,all,image_gradient,0.75,768,1024,0.000800719083462117
0803,1.2,0.00784313725490196,blur_noise_jpeg,ridge,0.05,all,random_expected,0.75,768,1024,0.0009669178206287493
0803,1.2,0.00784313725490196,blur_noise_jpeg,ridge,0.05,all,oracle_error,0.75,768,1024,0.0007259228171007317
0803,1.2,0.00784313725490196,blur_noise_jpeg,ridge,0.05,all,operator_spread,0.9,922,1024,0.0008683600351820688
0803,1.2,0.00784313725490196,blur_noise_jpeg,ridge,0.05,all,measurement_noise_spread,0.9,922,1024,0.0009561986116898518
0803,1.2,0.00784313725490196,blur_noise_jpeg,ridge,0.05,all,measurement_residual,0.9,922,1024,0.0008842984116949332
0803,1.2,0.00784313725490196,blur_noise_jpeg,ridge,0.05,all,image_gradient,0.9,922,1024,0.0008759466090059384
0803,1.2,0.00784313725490196,blur_noise_jpeg,ridge,0.05,all,random_expected,0.9,922,1024,0.0009669178206287493
0803,1.2,0.00784313725490196,blur_noise_jpeg,ridge,0.05,all,oracle_error,0.9,922,1024,0.0008409193084911149
0803,1.2,0.00784313725490196,blur_noise_jpeg,ridge,0.05,all,operator_spread,1.0,1024,1024,0.0009669178206287493
0803,1.2,0.00784313725490196,blur_noise_jpeg,ridge,0.05,all,measurement_noise_spread,1.0,1024,1024,0.0009669178206287493
0803,1.2,0.00784313725490196,blur_noise_jpeg,ridge,0.05,all,measurement_residual,1.0,1024,1024,0.0009669178206287494
0803,1.2,0.00784313725490196,blur_noise_jpeg,ridge,0.05,all,image_gradient,1.0,1024,1024,0.0009669178206287493
0803,1.2,0.00784313725490196,blur_noise_jpeg,ridge,0.05,all,random_expected,1.0,1024,1024,0.0009669178206287493
0803,1.2,0.00784313725490196,blur_noise_jpeg,ridge,0.05,all,oracle_error,1.0,1024,1024,0.0009669178206287493
0803,1.2,0.00784313725490196,blur_noise_jpeg,ridge,0.05,textured_quartile,operator_spread,0.5,128,256,0.0011507193358448256
0803,1.2,0.00784313725490196,blur_noise_jpeg,ridge,0.05,textured_quartile,measurement_noise_spread,0.5,128,256,0.0014061851027205282
0803,1.2,0.00784313725490196,blur_noise_jpeg,ridge,0.05,textured_quartile,measurement_residual,0.5,128,256,0.0012129361427589088
0803,1.2,0.00784313725490196,blur_noise_jpeg,ridge,0.05,textured_quartile,image_gradient,0.5,128,256,0.001203251918628745
0803,1.2,0.00784313725490196,blur_noise_jpeg,ridge,0.05,textured_quartile,random_expected,0.5,128,256,0.0014497422036463684
0803,1.2,0.00784313725490196,blur_noise_jpeg,ridge,0.05,textured_quartile,oracle_error,0.5,128,256,0.0010039097791296483
0803,1.2,0.00784313725490196,blur_noise_jpeg,ridge,0.05,textured_quartile,operator_spread,0.75,192,256,0.0012486461869983562
0803,1.2,0.00784313725490196,blur_noise_jpeg,ridge,0.05,textured_quartile,measurement_noise_spread,0.75,192,256,0.0014052017773594487
0803,1.2,0.00784313725490196,blur_noise_jpeg,ridge,0.05,textured_quartile,measurement_residual,0.75,192,256,0.0013201370209410916
0803,1.2,0.00784313725490196,blur_noise_jpeg,ridge,0.05,textured_quartile,image_gradient,0.75,192,256,0.0012696274882847745
0803,1.2,0.00784313725490196,blur_noise_jpeg,ridge,0.05,textured_quartile,random_expected,0.75,192,256,0.0014497422036463684
0803,1.2,0.00784313725490196,blur_noise_jpeg,ridge,0.05,textured_quartile,oracle_error,0.75,192,256,0.0011848214027477871
0803,1.2,0.00784313725490196,blur_noise_jpeg,ridge,0.05,textured_quartile,operator_spread,0.9,231,256,0.0013524419809889724
0803,1.2,0.00784313725490196,blur_noise_jpeg,ridge,0.05,textured_quartile,measurement_noise_spread,0.9,231,256,0.0014293092769253393
0803,1.2,0.00784313725490196,blur_noise_jpeg,ridge,0.05,textured_quartile,measurement_residual,0.9,231,256,0.0013877970968173478
0803,1.2,0.00784313725490196,blur_noise_jpeg,ridge,0.05,textured_quartile,image_gradient,0.9,231,256,0.0013600496206711626
0803,1.2,0.00784313725490196,blur_noise_jpeg,ridge,0.05,textured_quartile,random_expected,0.9,231,256,0.0014497422036463684
0803,1.2,0.00784313725490196,blur_noise_jpeg,ridge,0.05,textured_quartile,oracle_error,0.9,231,256,0.0013144362522250583
0803,1.2,0.00784313725490196,blur_noise_jpeg,ridge,0.05,textured_quartile,operator_spread,1.0,256,256,0.0014497422036463682
0803,1.2,0.00784313725490196,blur_noise_jpeg,ridge,0.05,textured_quartile,measurement_noise_spread,1.0,256,256,0.0014497422036463684
0803,1.2,0.00784313725490196,blur_noise_jpeg,ridge,0.05,textured_quartile,measurement_residual,1.0,256,256,0.0014497422036463684
0803,1.2,0.00784313725490196,blur_noise_jpeg,ridge,0.05,textured_quartile,image_gradient,1.0,256,256,0.0014497422036463682
0803,1.2,0.00784313725490196,blur_noise_jpeg,ridge,0.05,textured_quartile,random_expected,1.0,256,256,0.0014497422036463684
0803,1.2,0.00784313725490196,blur_noise_jpeg,ridge,0.05,textured_quartile,oracle_error,1.0,256,256,0.0014497422036463684
0803,1.2,0.00784313725490196,blur_noise_jpeg,gradient,0.05,all,operator_spread,0.5,512,1024,0.0001358033981600713
0803,1.2,0.00784313725490196,blur_noise_jpeg,gradient,0.05,all,measurement_noise_spread,0.5,512,1024,0.0003291740967797205
0803,1.2,0.00784313725490196,blur_noise_jpeg,gradient,0.05,all,measurement_residual,0.5,512,1024,0.00013940202547742202
0803,1.2,0.00784313725490196,blur_noise_jpeg,gradient,0.05,all,image_gradient,0.5,512,1024,0.0001412514080820432
0803,1.2,0.00784313725490196,blur_noise_jpeg,gradient,0.05,all,random_expected,0.5,512,1024,0.0003502720371925537
0803,1.2,0.00784313725490196,blur_noise_jpeg,gradient,0.05,all,oracle_error,0.5,512,1024,0.0001249206622357471
0803,1.2,0.00784313725490196,blur_noise_jpeg,gradient,0.05,all,operator_spread,0.75,768,1024,0.00019709605392486873
0803,1.2,0.00784313725490196,blur_noise_jpeg,gradient,0.05,all,measurement_noise_spread,0.75,768,1024,0.00033835099783558
0803,1.2,0.00784313725490196,blur_noise_jpeg,gradient,0.05,all,measurement_residual,0.75,768,1024,0.0002042740130621966
0803,1.2,0.00784313725490196,blur_noise_jpeg,gradient,0.05,all,image_gradient,0.75,768,1024,0.00020568755003035836
0803,1.2,0.00784313725490196,blur_noise_jpeg,gradient,0.05,all,random_expected,0.75,768,1024,0.0003502720371925537
0803,1.2,0.00784313725490196,blur_noise_jpeg,gradient,0.05,all,oracle_error,0.75,768,1024,0.00018332145683102607
0803,1.2,0.00784313725490196,blur_noise_jpeg,gradient,0.05,all,operator_spread,0.9,922,1024,0.000254376877579171
0803,1.2,0.00784313725490196,blur_noise_jpeg,gradient,0.05,all,measurement_noise_spread,0.9,922,1024,0.00033961350092591837
0803,1.2,0.00784313725490196,blur_noise_jpeg,gradient,0.05,all,measurement_residual,0.9,922,1024,0.0002609857722575099
0803,1.2,0.00784313725490196,blur_noise_jpeg,gradient,0.05,all,image_gradient,0.9,922,1024,0.0002630609260618466
0803,1.2,0.00784313725490196,blur_noise_jpeg,gradient,0.05,all,random_expected,0.9,922,1024,0.0003502720371925537
0803,1.2,0.00784313725490196,blur_noise_jpeg,gradient,0.05,all,oracle_error,0.9,922,1024,0.00024525813896290687
0803,1.2,0.00784313725490196,blur_noise_jpeg,gradient,0.05,all,operator_spread,1.0,1024,1024,0.00035027203719255367
0803,1.2,0.00784313725490196,blur_noise_jpeg,gradient,0.05,all,measurement_noise_spread,1.0,1024,1024,0.00035027203719255367
0803,1.2,0.00784313725490196,blur_noise_jpeg,gradient,0.05,all,measurement_residual,1.0,1024,1024,0.00035027203719255367
0803,1.2,0.00784313725490196,blur_noise_jpeg,gradient,0.05,all,image_gradient,1.0,1024,1024,0.0003502720371925537
0803,1.2,0.00784313725490196,blur_noise_jpeg,gradient,0.05,all,random_expected,1.0,1024,1024,0.0003502720371925537
0803,1.2,0.00784313725490196,blur_noise_jpeg,gradient,0.05,all,oracle_error,1.0,1024,1024,0.00035027203719255367
0803,1.2,0.00784313725490196,blur_noise_jpeg,gradient,0.05,textured_quartile,operator_spread,0.5,128,256,0.0005034283977160387
0803,1.2,0.00784313725490196,blur_noise_jpeg,gradient,0.05,textured_quartile,measurement_noise_spread,0.5,128,256,0.0007933776373189477
0803,1.2,0.00784313725490196,blur_noise_jpeg,gradient,0.05,textured_quartile,measurement_residual,0.5,128,256,0.0005531914260638747
0803,1.2,0.00784313725490196,blur_noise_jpeg,gradient,0.05,textured_quartile,image_gradient,0.5,128,256,0.0005673376135495239
0803,1.2,0.00784313725490196,blur_noise_jpeg,gradient,0.05,textured_quartile,random_expected,0.5,128,256,0.0008092745315129603
0803,1.2,0.00784313725490196,blur_noise_jpeg,gradient,0.05,textured_quartile,oracle_error,0.5,128,256,0.0004390572588381778
0803,1.2,0.00784313725490196,blur_noise_jpeg,gradient,0.05,textured_quartile,operator_spread,0.75,192,256,0.0006077745145331926
0803,1.2,0.00784313725490196,blur_noise_jpeg,gradient,0.05,textured_quartile,measurement_noise_spread,0.75,192,256,0.0007845920742590341
0803,1.2,0.00784313725490196,blur_noise_jpeg,gradient,0.05,textured_quartile,measurement_residual,0.75,192,256,0.0006299859834538954
0803,1.2,0.00784313725490196,blur_noise_jpeg,gradient,0.05,textured_quartile,image_gradient,0.75,192,256,0.0006495296489118396
0803,1.2,0.00784313725490196,blur_noise_jpeg,gradient,0.05,textured_quartile,random_expected,0.75,192,256,0.0008092745315129603
0803,1.2,0.00784313725490196,blur_noise_jpeg,gradient,0.05,textured_quartile,oracle_error,0.75,192,256,0.0005611623720022259
0803,1.2,0.00784313725490196,blur_noise_jpeg,gradient,0.05,textured_quartile,operator_spread,0.9,231,256,0.0007099888407585785
0803,1.2,0.00784313725490196,blur_noise_jpeg,gradient,0.05,textured_quartile,measurement_noise_spread,0.9,231,256,0.0007947457145641878
0803,1.2,0.00784313725490196,blur_noise_jpeg,gradient,0.05,textured_quartile,measurement_residual,0.9,231,256,0.0006964044560568959
0803,1.2,0.00784313725490196,blur_noise_jpeg,gradient,0.05,textured_quartile,image_gradient,0.9,231,256,0.000728861490914869
0803,1.2,0.00784313725490196,blur_noise_jpeg,gradient,0.05,textured_quartile,random_expected,0.9,231,256,0.0008092745315129603
0803,1.2,0.00784313725490196,blur_noise_jpeg,gradient,0.05,textured_quartile,oracle_error,0.9,231,256,0.0006787286070751109
0803,1.2,0.00784313725490196,blur_noise_jpeg,gradient,0.05,textured_quartile,operator_spread,1.0,256,256,0.0008092745315129603
0803,1.2,0.00784313725490196,blur_noise_jpeg,gradient,0.05,textured_quartile,measurement_noise_spread,1.0,256,256,0.0008092745315129604
0803,1.2,0.00784313725490196,blur_noise_jpeg,gradient,0.05,textured_quartile,measurement_residual,1.0,256,256,0.0008092745315129603
0803,1.2,0.00784313725490196,blur_noise_jpeg,gradient,0.05,textured_quartile,image_gradient,1.0,256,256,0.0008092745315129604
0803,1.2,0.00784313725490196,blur_noise_jpeg,gradient,0.05,textured_quartile,random_expected,1.0,256,256,0.0008092745315129603
0803,1.2,0.00784313725490196,blur_noise_jpeg,gradient,0.05,textured_quartile,oracle_error,1.0,256,256,0.0008092745315129603
0803,1.2,0.0196078431372549,blur_noise,ridge,0.05,all,operator_spread,0.5,512,1024,0.0011651780402823658
0803,1.2,0.0196078431372549,blur_noise,ridge,0.05,all,measurement_noise_spread,0.5,512,1024,0.001288432110580066
0803,1.2,0.0196078431372549,blur_noise,ridge,0.05,all,measurement_residual,0.5,512,1024,0.001084479687620603
0803,1.2,0.0196078431372549,blur_noise,ridge,0.05,all,image_gradient,0.5,512,1024,0.0011685882238314537
0803,1.2,0.0196078431372549,blur_noise,ridge,0.05,all,random_expected,0.5,512,1024,0.0013541154336290783
0803,1.2,0.0196078431372549,blur_noise,ridge,0.05,all,oracle_error,0.5,512,1024,0.0009840055921836888
0803,1.2,0.0196078431372549,blur_noise,ridge,0.05,all,operator_spread,0.75,768,1024,0.0012364531189379853
0803,1.2,0.0196078431372549,blur_noise,ridge,0.05,all,measurement_noise_spread,0.75,768,1024,0.001325829258018485
0803,1.2,0.0196078431372549,blur_noise,ridge,0.05,all,measurement_residual,0.75,768,1024,0.0012050413829447018
0803,1.2,0.0196078431372549,blur_noise,ridge,0.05,all,image_gradient,0.75,768,1024,0.0012270176268076446
0803,1.2,0.0196078431372549,blur_noise,ridge,0.05,all,random_expected,0.75,768,1024,0.0013541154336290783
0803,1.2,0.0196078431372549,blur_noise,ridge,0.05,all,oracle_error,0.75,768,1024,0.0011407101313895497
0803,1.2,0.0196078431372549,blur_noise,ridge,0.05,all,operator_spread,0.9,922,1024,0.0012770868549544553
0803,1.2,0.0196078431372549,blur_noise,ridge,0.05,all,measurement_noise_spread,0.9,922,1024,0.00134227505012322
0803,1.2,0.0196078431372549,blur_noise,ridge,0.05,all,measurement_residual,0.9,922,1024,0.001275540914687751
0803,1.2,0.0196078431372549,blur_noise,ridge,0.05,all,image_gradient,0.9,922,1024,0.0012802838546932956
0803,1.2,0.0196078431372549,blur_noise,ridge,0.05,all,random_expected,0.9,922,1024,0.0013541154336290783
0803,1.2,0.0196078431372549,blur_noise,ridge,0.05,all,oracle_error,0.9,922,1024,0.0012423647095925066
0803,1.2,0.0196078431372549,blur_noise,ridge,0.05,all,operator_spread,1.0,1024,1024,0.0013541154336290783
0803,1.2,0.0196078431372549,blur_noise,ridge,0.05,all,measurement_noise_spread,1.0,1024,1024,0.0013541154336290783
0803,1.2,0.0196078431372549,blur_noise,ridge,0.05,all,measurement_residual,1.0,1024,1024,0.0013541154336290783
0803,1.2,0.0196078431372549,blur_noise,ridge,0.05,all,image_gradient,1.0,1024,1024,0.0013541154336290783
0803,1.2,0.0196078431372549,blur_noise,ridge,0.05,all,random_expected,1.0,1024,1024,0.0013541154336290783
0803,1.2,0.0196078431372549,blur_noise,ridge,0.05,all,oracle_error,1.0,1024,1024,0.0013541154336290783
0803,1.2,0.0196078431372549,blur_noise,ridge,0.05,textured_quartile,operator_spread,0.5,128,256,0.0014539500706854634
0803,1.2,0.0196078431372549,blur_noise,ridge,0.05,textured_quartile,measurement_noise_spread,0.5,128,256,0.001660433596333514
0803,1.2,0.0196078431372549,blur_noise,ridge,0.05,textured_quartile,measurement_residual,0.5,128,256,0.0015022516230108083
0803,1.2,0.0196078431372549,blur_noise,ridge,0.05,textured_quartile,image_gradient,0.5,128,256,0.0014917152602780086
0803,1.2,0.0196078431372549,blur_noise,ridge,0.05,textured_quartile,random_expected,0.5,128,256,0.0017131558132629583
0803,1.2,0.0196078431372549,blur_noise,ridge,0.05,textured_quartile,oracle_error,0.5,128,256,0.0013009444573605822
0803,1.2,0.0196078431372549,blur_noise,ridge,0.05,textured_quartile,operator_spread,0.75,192,256,0.0015349673369656584
0803,1.2,0.0196078431372549,blur_noise,ridge,0.05,textured_quartile,measurement_noise_spread,0.75,192,256,0.0016774153540333638
0803,1.2,0.0196078431372549,blur_noise,ridge,0.05,textured_quartile,measurement_residual,0.75,192,256,0.001589027820355694
0803,1.2,0.0196078431372549,blur_noise,ridge,0.05,textured_quartile,image_gradient,0.75,192,256,0.0015580883169692128
0803,1.2,0.0196078431372549,blur_noise,ridge,0.05,textured_quartile,random_expected,0.75,192,256,0.0017131558132629583
0803,1.2,0.0196078431372549,blur_noise,ridge,0.05,textured_quartile,oracle_error,0.75,192,256,0.0014706072262375663
0803,1.2,0.0196078431372549,blur_noise,ridge,0.05,textured_quartile,operator_spread,0.9,231,256,0.0016348571905873657
0803,1.2,0.0196078431372549,blur_noise,ridge,0.05,textured_quartile,measurement_noise_spread,0.9,231,256,0.0016930440153428536
0803,1.2,0.0196078431372549,blur_noise,ridge,0.05,textured_quartile,measurement_residual,0.9,231,256,0.0016499789763833035
0803,1.2,0.0196078431372549,blur_noise,ridge,0.05,textured_quartile,image_gradient,0.9,231,256,0.0016346799057210136
0803,1.2,0.0196078431372549,blur_noise,ridge,0.05,textured_quartile,random_expected,0.9,231,256,0.0017131558132629583
0803,1.2,0.0196078431372549,blur_noise,ridge,0.05,textured_quartile,oracle_error,0.9,231,256,0.0015898681726479325
0803,1.2,0.0196078431372549,blur_noise,ridge,0.05,textured_quartile,operator_spread,1.0,256,256,0.0017131558132629583
0803,1.2,0.0196078431372549,blur_noise,ridge,0.05,textured_quartile,measurement_noise_spread,1.0,256,256,0.0017131558132629583
0803,1.2,0.0196078431372549,blur_noise,ridge,0.05,textured_quartile,measurement_residual,1.0,256,256,0.0017131558132629583
0803,1.2,0.0196078431372549,blur_noise,ridge,0.05,textured_quartile,image_gradient,1.0,256,256,0.0017131558132629581
0803,1.2,0.0196078431372549,blur_noise,ridge,0.05,textured_quartile,random_expected,1.0,256,256,0.0017131558132629583
0803,1.2,0.0196078431372549,blur_noise,ridge,0.05,textured_quartile,oracle_error,1.0,256,256,0.0017131558132629581
0803,1.2,0.0196078431372549,blur_noise,gradient,0.05,all,operator_spread,0.5,512,1024,0.00029115480393769594
0803,1.2,0.0196078431372549,blur_noise,gradient,0.05,all,measurement_noise_spread,0.5,512,1024,0.0004304913974008772
0803,1.2,0.0196078431372549,blur_noise,gradient,0.05,all,measurement_residual,0.5,512,1024,0.000386520822595911
0803,1.2,0.0196078431372549,blur_noise,gradient,0.05,all,image_gradient,0.5,512,1024,0.0002965833686734132
0803,1.2,0.0196078431372549,blur_noise,gradient,0.05,all,random_expected,0.5,512,1024,0.00046369670201900894
0803,1.2,0.0196078431372549,blur_noise,gradient,0.05,all,oracle_error,0.5,512,1024,0.0002771916734211503
0803,1.2,0.0196078431372549,blur_noise,gradient,0.05,all,operator_spread,0.75,768,1024,0.0003324201821124674
0803,1.2,0.0196078431372549,blur_noise,gradient,0.05,all,measurement_noise_spread,0.75,768,1024,0.00046345348078450765
0803,1.2,0.0196078431372549,blur_noise,gradient,0.05,all,measurement_residual,0.75,768,1024,0.00040984020451059847
0803,1.2,0.0196078431372549,blur_noise,gradient,0.05,all,image_gradient,0.75,768,1024,0.00034097963573799923
0803,1.2,0.0196078431372549,blur_noise,gradient,0.05,all,random_expected,0.75,768,1024,0.00046369670201900894
0803,1.2,0.0196078431372549,blur_noise,gradient,0.05,all,oracle_error,0.75,768,1024,0.00031783918359639204
0803,1.2,0.0196078431372549,blur_noise,gradient,0.05,all,operator_spread,0.9,922,1024,0.00037454830266238056
0803,1.2,0.0196078431372549,blur_noise,gradient,0.05,all,measurement_noise_spread,0.9,922,1024,0.0004600195703605233
0803,1.2,0.0196078431372549,blur_noise,gradient,0.05,all,measurement_residual,0.9,922,1024,0.0004284868069355389
0803,1.2,0.0196078431372549,blur_noise,gradient,0.05,all,image_gradient,0.9,922,1024,0.0003881502298136047
0803,1.2,0.0196078431372549,blur_noise,gradient,0.05,all,random_expected,0.9,922,1024,0.00046369670201900894
0803,1.2,0.0196078431372549,blur_noise,gradient,0.05,all,oracle_error,0.9,922,1024,0.0003673813577524701
0803,1.2,0.0196078431372549,blur_noise,gradient,0.05,all,operator_spread,1.0,1024,1024,0.000463696702019009
0803,1.2,0.0196078431372549,blur_noise,gradient,0.05,all,measurement_noise_spread,1.0,1024,1024,0.000463696702019009
0803,1.2,0.0196078431372549,blur_noise,gradient,0.05,all,measurement_residual,1.0,1024,1024,0.00046369670201900894
0803,1.2,0.0196078431372549,blur_noise,gradient,0.05,all,image_gradient,1.0,1024,1024,0.0004636967020190089
0803,1.2,0.0196078431372549,blur_noise,gradient,0.05,all,random_expected,1.0,1024,1024,0.00046369670201900894
0803,1.2,0.0196078431372549,blur_noise,gradient,0.05,all,oracle_error,1.0,1024,1024,0.0004636967020190089
0803,1.2,0.0196078431372549,blur_noise,gradient,0.05,textured_quartile,operator_spread,0.5,128,256,0.0005467876214818335
0803,1.2,0.0196078431372549,blur_noise,gradient,0.05,textured_quartile,measurement_noise_spread,0.5,128,256,0.0007891760019790044
0803,1.2,0.0196078431372549,blur_noise,gradient,0.05,textured_quartile,measurement_residual,0.5,128,256,0.0007069090102782753
0803,1.2,0.0196078431372549,blur_noise,gradient,0.05,textured_quartile,image_gradient,0.5,128,256,0.000618677132530412
0803,1.2,0.0196078431372549,blur_noise,gradient,0.05,textured_quartile,random_expected,0.5,128,256,0.0008550771780115332
0803,1.2,0.0196078431372549,blur_noise,gradient,0.05,textured_quartile,oracle_error,0.5,128,256,0.0004987528480231468
0803,1.2,0.0196078431372549,blur_noise,gradient,0.05,textured_quartile,operator_spread,0.75,192,256,0.0006708041981157892
0803,1.2,0.0196078431372549,blur_noise,gradient,0.05,textured_quartile,measurement_noise_spread,0.75,192,256,0.0008694682433863444
0803,1.2,0.0196078431372549,blur_noise,gradient,0.05,textured_quartile,measurement_residual,0.75,192,256,0.0007649104699805294
0803,1.2,0.0196078431372549,blur_noise,gradient,0.05,textured_quartile,image_gradient,0.75,192,256,0.0007090224555079166
0803,1.2,0.0196078431372549,blur_noise,gradient,0.05,textured_quartile,random_expected,0.75,192,256,0.0008550771780115332
0803,1.2,0.0196078431372549,blur_noise,gradient,0.05,textured_quartile,oracle_error,0.75,192,256,0.0006160296226282841
0803,1.2,0.0196078431372549,blur_noise,gradient,0.05,textured_quartile,operator_spread,0.9,231,256,0.0007601091030886619
0803,1.2,0.0196078431372549,blur_noise,gradient,0.05,textured_quartile,measurement_noise_spread,0.9,231,256,0.0008471811630558849
0803,1.2,0.0196078431372549,blur_noise,gradient,0.05,textured_quartile,measurement_residual,0.9,231,256,0.000811689514300038
0803,1.2,0.0196078431372549,blur_noise,gradient,0.05,textured_quartile,image_gradient,0.9,231,256,0.000778077357617505
0803,1.2,0.0196078431372549,blur_noise,gradient,0.05,textured_quartile,random_expected,0.9,231,256,0.0008550771780115332
0803,1.2,0.0196078431372549,blur_noise,gradient,0.05,textured_quartile,oracle_error,0.9,231,256,0.000728766448436469
0803,1.2,0.0196078431372549,blur_noise,gradient,0.05,textured_quartile,operator_spread,1.0,256,256,0.0008550771780115331
0803,1.2,0.0196078431372549,blur_noise,gradient,0.05,textured_quartile,measurement_noise_spread,1.0,256,256,0.0008550771780115331
0803,1.2,0.0196078431372549,blur_noise,gradient,0.05,textured_quartile,measurement_residual,1.0,256,256,0.0008550771780115332
0803,1.2,0.0196078431372549,blur_noise,gradient,0.05,textured_quartile,image_gradient,1.0,256,256,0.0008550771780115332
0803,1.2,0.0196078431372549,blur_noise,gradient,0.05,textured_quartile,random_expected,1.0,256,256,0.0008550771780115332
0803,1.2,0.0196078431372549,blur_noise,gradient,0.05,textured_quartile,oracle_error,1.0,256,256,0.0008550771780115331
0803,1.2,0.0196078431372549,blur_noise_jpeg,ridge,0.05,all,operator_spread,0.5,512,1024,0.0009255536082027626
0803,1.2,0.0196078431372549,blur_noise_jpeg,ridge,0.05,all,measurement_noise_spread,0.5,512,1024,0.0011245301487353226
0803,1.2,0.0196078431372549,blur_noise_jpeg,ridge,0.05,all,measurement_residual,0.5,512,1024,0.0009107415791682856
0803,1.2,0.0196078431372549,blur_noise_jpeg,ridge,0.05,all,image_gradient,0.5,512,1024,0.0009412805611237929
0803,1.2,0.0196078431372549,blur_noise_jpeg,ridge,0.05,all,random_expected,0.5,512,1024,0.0011753698940734159
0803,1.2,0.0196078431372549,blur_noise_jpeg,ridge,0.05,all,oracle_error,0.5,512,1024,0.0007657114240379104
0803,1.2,0.0196078431372549,blur_noise_jpeg,ridge,0.05,all,operator_spread,0.75,768,1024,0.0009989148776741016
0803,1.2,0.0196078431372549,blur_noise_jpeg,ridge,0.05,all,measurement_noise_spread,0.75,768,1024,0.0011507502940679597
0803,1.2,0.0196078431372549,blur_noise_jpeg,ridge,0.05,all,measurement_residual,0.75,768,1024,0.0010215601436872298
0803,1.2,0.0196078431372549,blur_noise_jpeg,ridge,0.05,all,image_gradient,0.75,768,1024,0.0010131391820614485
0803,1.2,0.0196078431372549,blur_noise_jpeg,ridge,0.05,all,random_expected,0.75,768,1024,0.0011753698940734159
0803,1.2,0.0196078431372549,blur_noise_jpeg,ridge,0.05,all,oracle_error,0.75,768,1024,0.0009337242651430719
0803,1.2,0.0196078431372549,blur_noise_jpeg,ridge,0.05,all,operator_spread,0.9,922,1024,0.0010792528237213242
0803,1.2,0.0196078431372549,blur_noise_jpeg,ridge,0.05,all,measurement_noise_spread,0.9,922,1024,0.0011629671385762848
0803,1.2,0.0196078431372549,blur_noise_jpeg,ridge,0.05,all,measurement_residual,0.9,922,1024,0.001092771013902273
0803,1.2,0.0196078431372549,blur_noise_jpeg,ridge,0.05,all,image_gradient,0.9,922,1024,0.001080855110210172
0803,1.2,0.0196078431372549,blur_noise_jpeg,ridge,0.05,all,random_expected,0.9,922,1024,0.0011753698940734159
0803,1.2,0.0196078431372549,blur_noise_jpeg,ridge,0.05,all,oracle_error,0.9,922,1024,0.0010498782637678957
0803,1.2,0.0196078431372549,blur_noise_jpeg,ridge,0.05,all,operator_spread,1.0,1024,1024,0.0011753698940734159
0803,1.2,0.0196078431372549,blur_noise_jpeg,ridge,0.05,all,measurement_noise_spread,1.0,1024,1024,0.001175369894073416
0803,1.2,0.0196078431372549,blur_noise_jpeg,ridge,0.05,all,measurement_residual,1.0,1024,1024,0.001175369894073416
0803,1.2,0.0196078431372549,blur_noise_jpeg,ridge,0.05,all,image_gradient,1.0,1024,1024,0.001175369894073416
0803,1.2,0.0196078431372549,blur_noise_jpeg,ridge,0.05,all,random_expected,1.0,1024,1024,0.0011753698940734159
0803,1.2,0.0196078431372549,blur_noise_jpeg,ridge,0.05,all,oracle_error,1.0,1024,1024,0.0011753698940734159
0803,1.2,0.0196078431372549,blur_noise_jpeg,ridge,0.05,textured_quartile,operator_spread,0.5,128,256,0.001352017606390065
0803,1.2,0.0196078431372549,blur_noise_jpeg,ridge,0.05,textured_quartile,measurement_noise_spread,0.5,128,256,0.0015955443164070238
0803,1.2,0.0196078431372549,blur_noise_jpeg,ridge,0.05,textured_quartile,measurement_residual,0.5,128,256,0.0014193717600188187
0803,1.2,0.0196078431372549,blur_noise_jpeg,ridge,0.05,textured_quartile,image_gradient,0.5,128,256,0.0013930072099659972
0803,1.2,0.0196078431372549,blur_noise_jpeg,ridge,0.05,textured_quartile,random_expected,0.5,128,256,0.0016469645020882012
0803,1.2,0.0196078431372549,blur_noise_jpeg,ridge,0.05,textured_quartile,oracle_error,0.5,128,256,0.0012034733586299058
0803,1.2,0.0196078431372549,blur_noise_jpeg,ridge,0.05,textured_quartile,operator_spread,0.75,192,256,0.0014351971356427195
0803,1.2,0.0196078431372549,blur_noise_jpeg,ridge,0.05,textured_quartile,measurement_noise_spread,0.75,192,256,0.0016102405793443214
0803,1.2,0.0196078431372549,blur_noise_jpeg,ridge,0.05,textured_quartile,measurement_residual,0.75,192,256,0.0015180253210942626
0803,1.2,0.0196078431372549,blur_noise_jpeg,ridge,0.05,textured_quartile,image_gradient,0.75,192,256,0.0014662106645681947
0803,1.2,0.0196078431372549,blur_noise_jpeg,ridge,0.05,textured_quartile,random_expected,0.75,192,256,0.0016469645020882012
0803,1.2,0.0196078431372549,blur_noise_jpeg,ridge,0.05,textured_quartile,oracle_error,0.75,192,256,0.0013831699640271602
0803,1.2,0.0196078431372549,blur_noise_jpeg,ridge,0.05,textured_quartile,operator_spread,0.9,231,256,0.001540883386091123
0803,1.2,0.0196078431372549,blur_noise_jpeg,ridge,0.05,textured_quartile,measurement_noise_spread,0.9,231,256,0.0016321753956472687
0803,1.2,0.0196078431372549,blur_noise_jpeg,ridge,0.05,textured_quartile,measurement_residual,0.9,231,256,0.0015886569601245488
0803,1.2,0.0196078431372549,blur_noise_jpeg,ridge,0.05,textured_quartile,image_gradient,0.9,231,256,0.0015507100498662176
0803,1.2,0.0196078431372549,blur_noise_jpeg,ridge,0.05,textured_quartile,random_expected,0.9,231,256,0.0016469645020882012
0803,1.2,0.0196078431372549,blur_noise_jpeg,ridge,0.05,textured_quartile,oracle_error,0.9,231,256,0.0015104225986199795
0803,1.2,0.0196078431372549,blur_noise_jpeg,ridge,0.05,textured_quartile,operator_spread,1.0,256,256,0.0016469645020882012
0803,1.2,0.0196078431372549,blur_noise_jpeg,ridge,0.05,textured_quartile,measurement_noise_spread,1.0,256,256,0.0016469645020882014
0803,1.2,0.0196078431372549,blur_noise_jpeg,ridge,0.05,textured_quartile,measurement_residual,1.0,256,256,0.0016469645020882012
0803,1.2,0.0196078431372549,blur_noise_jpeg,ridge,0.05,textured_quartile,image_gradient,1.0,256,256,0.0016469645020882014
0803,1.2,0.0196078431372549,blur_noise_jpeg,ridge,0.05,textured_quartile,random_expected,1.0,256,256,0.0016469645020882012
0803,1.2,0.0196078431372549,blur_noise_jpeg,ridge,0.05,textured_quartile,oracle_error,1.0,256,256,0.0016469645020882014
0803,1.2,0.0196078431372549,blur_noise_jpeg,gradient,0.05,all,operator_spread,0.5,512,1024,0.0002622946944482195
0803,1.2,0.0196078431372549,blur_noise_jpeg,gradient,0.05,all,measurement_noise_spread,0.5,512,1024,0.00044234861454363816
0803,1.2,0.0196078431372549,blur_noise_jpeg,gradient,0.05,all,measurement_residual,0.5,512,1024,0.0002777204151946609
0803,1.2,0.0196078431372549,blur_noise_jpeg,gradient,0.05,all,image_gradient,0.5,512,1024,0.00026705423252685104
0803,1.2,0.0196078431372549,blur_noise_jpeg,gradient,0.05,all,random_expected,0.5,512,1024,0.0004723437984685535
0803,1.2,0.0196078431372549,blur_noise_jpeg,gradient,0.05,all,oracle_error,0.5,512,1024,0.00024955640942785653
0803,1.2,0.0196078431372549,blur_noise_jpeg,gradient,0.05,all,operator_spread,0.75,768,1024,0.00031977389727079865
0803,1.2,0.0196078431372549,blur_noise_jpeg,gradient,0.05,all,measurement_noise_spread,0.75,768,1024,0.00047417392539289706
0803,1.2,0.0196078431372549,blur_noise_jpeg,gradient,0.05,all,measurement_residual,0.75,768,1024,0.00033350605466540644
0803,1.2,0.0196078431372549,blur_noise_jpeg,gradient,0.05,all,image_gradient,0.75,768,1024,0.0003297184807163045
0803,1.2,0.0196078431372549,blur_noise_jpeg,gradient,0.05,all,random_expected,0.75,768,1024,0.0004723437984685535
0803,1.2,0.0196078431372549,blur_noise_jpeg,gradient,0.05,all,oracle_error,0.75,768,1024,0.0003069714536242078
0803,1.2,0.0196078431372549,blur_noise_jpeg,gradient,0.05,all,operator_spread,0.9,922,1024,0.0003767923220276578
0803,1.2,0.0196078431372549,blur_noise_jpeg,gradient,0.05,all,measurement_noise_spread,0.9,922,1024,0.00046947107630836854
0803,1.2,0.0196078431372549,blur_noise_jpeg,gradient,0.05,all,measurement_residual,0.9,922,1024,0.00039281224700543393
0803,1.2,0.0196078431372549,blur_noise_jpeg,gradient,0.05,all,image_gradient,0.9,922,1024,0.0003855900568814029
0803,1.2,0.0196078431372549,blur_noise_jpeg,gradient,0.05,all,random_expected,0.9,922,1024,0.0004723437984685535
0803,1.2,0.0196078431372549,blur_noise_jpeg,gradient,0.05,all,oracle_error,0.9,922,1024,0.00036731321340566106
0803,1.2,0.0196078431372549,blur_noise_jpeg,gradient,0.05,all,operator_spread,1.0,1024,1024,0.0004723437984685535
0803,1.2,0.0196078431372549,blur_noise_jpeg,gradient,0.05,all,measurement_noise_spread,1.0,1024,1024,0.0004723437984685535
0803,1.2,0.0196078431372549,blur_noise_jpeg,gradient,0.05,all,measurement_residual,1.0,1024,1024,0.0004723437984685535
0803,1.2,0.0196078431372549,blur_noise_jpeg,gradient,0.05,all,image_gradient,1.0,1024,1024,0.0004723437984685535
0803,1.2,0.0196078431372549,blur_noise_jpeg,gradient,0.05,all,random_expected,1.0,1024,1024,0.0004723437984685535
0803,1.2,0.0196078431372549,blur_noise_jpeg,gradient,0.05,all,oracle_error,1.0,1024,1024,0.0004723437984685535
0803,1.2,0.0196078431372549,blur_noise_jpeg,gradient,0.05,textured_quartile,operator_spread,0.5,128,256,0.0006151938160671277
0803,1.2,0.0196078431372549,blur_noise_jpeg,gradient,0.05,textured_quartile,measurement_noise_spread,0.5,128,256,0.0008781466581620303
0803,1.2,0.0196078431372549,blur_noise_jpeg,gradient,0.05,textured_quartile,measurement_residual,0.5,128,256,0.0006709554411195964
0803,1.2,0.0196078431372549,blur_noise_jpeg,gradient,0.05,textured_quartile,image_gradient,0.5,128,256,0.0006691788103855725
0803,1.2,0.0196078431372549,blur_noise_jpeg,gradient,0.05,textured_quartile,random_expected,0.5,128,256,0.0009236628918512695
0803,1.2,0.0196078431372549,blur_noise_jpeg,gradient,0.05,textured_quartile,oracle_error,0.5,128,256,0.0005493120654256828
0803,1.2,0.0196078431372549,blur_noise_jpeg,gradient,0.05,textured_quartile,operator_spread,0.75,192,256,0.00072132950734863
0803,1.2,0.0196078431372549,blur_noise_jpeg,gradient,0.05,textured_quartile,measurement_noise_spread,0.75,192,256,0.000937375759805778
0803,1.2,0.0196078431372549,blur_noise_jpeg,gradient,0.05,textured_quartile,measurement_residual,0.75,192,256,0.0007535429686098827
0803,1.2,0.0196078431372549,blur_noise_jpeg,gradient,0.05,textured_quartile,image_gradient,0.75,192,256,0.0007632730000688457
0803,1.2,0.0196078431372549,blur_noise_jpeg,gradient,0.05,textured_quartile,random_expected,0.75,192,256,0.0009236628918512695
0803,1.2,0.0196078431372549,blur_noise_jpeg,gradient,0.05,textured_quartile,oracle_error,0.75,192,256,0.0006737658536582425
0803,1.2,0.0196078431372549,blur_noise_jpeg,gradient,0.05,textured_quartile,operator_spread,0.9,231,256,0.0008159971799021867
0803,1.2,0.0196078431372549,blur_noise_jpeg,gradient,0.05,textured_quartile,measurement_noise_spread,0.9,231,256,0.000915383579663438
0803,1.2,0.0196078431372549,blur_noise_jpeg,gradient,0.05,textured_quartile,measurement_residual,0.9,231,256,0.0008276492993303954
0803,1.2,0.0196078431372549,blur_noise_jpeg,gradient,0.05,textured_quartile,image_gradient,0.9,231,256,0.000837392141455033
0803,1.2,0.0196078431372549,blur_noise_jpeg,gradient,0.05,textured_quartile,random_expected,0.9,231,256,0.0009236628918512695
0803,1.2,0.0196078431372549,blur_noise_jpeg,gradient,0.05,textured_quartile,oracle_error,0.9,231,256,0.0007914836814186113
0803,1.2,0.0196078431372549,blur_noise_jpeg,gradient,0.05,textured_quartile,operator_spread,1.0,256,256,0.0009236628918512696
0803,1.2,0.0196078431372549,blur_noise_jpeg,gradient,0.05,textured_quartile,measurement_noise_spread,1.0,256,256,0.0009236628918512695
0803,1.2,0.0196078431372549,blur_noise_jpeg,gradient,0.05,textured_quartile,measurement_residual,1.0,256,256,0.0009236628918512696
0803,1.2,0.0196078431372549,blur_noise_jpeg,gradient,0.05,textured_quartile,image_gradient,1.0,256,256,0.0009236628918512695
0803,1.2,0.0196078431372549,blur_noise_jpeg,gradient,0.05,textured_quartile,random_expected,1.0,256,256,0.0009236628918512695
0803,1.2,0.0196078431372549,blur_noise_jpeg,gradient,0.05,textured_quartile,oracle_error,1.0,256,256,0.0009236628918512695
0803,1.6,0.00784313725490196,blur_noise,ridge,0.05,all,operator_spread,0.5,512,1024,0.0007575355974637436
0803,1.6,0.00784313725490196,blur_noise,ridge,0.05,all,measurement_noise_spread,0.5,512,1024,0.0011785941153365839
0803,1.6,0.00784313725490196,blur_noise,ridge,0.05,all,measurement_residual,0.5,512,1024,0.0010111905612256338
0803,1.6,0.00784313725490196,blur_noise,ridge,0.05,all,image_gradient,0.5,512,1024,0.000777512706221206
0803,1.6,0.00784313725490196,blur_noise,ridge,0.05,all,random_expected,0.5,512,1024,0.0012191373573411054
0803,1.6,0.00784313725490196,blur_noise,ridge,0.05,all,oracle_error,0.5,512,1024,0.0006305434987861195
0803,1.6,0.00784313725490196,blur_noise,ridge,0.05,all,operator_spread,0.75,768,1024,0.0008880557462627741
0803,1.6,0.00784313725490196,blur_noise,ridge,0.05,all,measurement_noise_spread,0.75,768,1024,0.0012076192021060904
0803,1.6,0.00784313725490196,blur_noise,ridge,0.05,all,measurement_residual,0.75,768,1024,0.0010880406523580248
0803,1.6,0.00784313725490196,blur_noise,ridge,0.05,all,image_gradient,0.75,768,1024,0.0009002517467685631
0803,1.6,0.00784313725490196,blur_noise,ridge,0.05,all,random_expected,0.75,768,1024,0.0012191373573411054
0803,1.6,0.00784313725490196,blur_noise,ridge,0.05,all,oracle_error,0.75,768,1024,0.0008258930525128291
0803,1.6,0.00784313725490196,blur_noise,ridge,0.05,all,operator_spread,0.9,922,1024,0.0010050668073319517
0803,1.6,0.00784313725490196,blur_noise,ridge,0.05,all,measurement_noise_spread,0.9,922,1024,0.0012281563207063942
0803,1.6,0.00784313725490196,blur_noise,ridge,0.05,all,measurement_residual,0.9,922,1024,0.0011352838947362026
0803,1.6,0.00784313725490196,blur_noise,ridge,0.05,all,image_gradient,0.9,922,1024,0.0010329784659804274
0803,1.6,0.00784313725490196,blur_noise,ridge,0.05,all,random_expected,0.9,922,1024,0.0012191373573411054
0803,1.6,0.00784313725490196,blur_noise,ridge,0.05,all,oracle_error,0.9,922,1024,0.00098817454077825
0803,1.6,0.00784313725490196,blur_noise,ridge,0.05,all,operator_spread,1.0,1024,1024,0.0012191373573411054
0803,1.6,0.00784313725490196,blur_noise,ridge,0.05,all,measurement_noise_spread,1.0,1024,1024,0.0012191373573411054
0803,1.6,0.00784313725490196,blur_noise,ridge,0.05,all,measurement_residual,1.0,1024,1024,0.0012191373573411054
0803,1.6,0.00784313725490196,blur_noise,ridge,0.05,all,image_gradient,1.0,1024,1024,0.0012191373573411054
0803,1.6,0.00784313725490196,blur_noise,ridge,0.05,all,random_expected,1.0,1024,1024,0.0012191373573411054
0803,1.6,0.00784313725490196,blur_noise,ridge,0.05,all,oracle_error,1.0,1024,1024,0.0012191373573411054
0803,1.6,0.00784313725490196,blur_noise,ridge,0.05,textured_quartile,operator_spread,0.5,128,256,0.0015014535066294517
0803,1.6,0.00784313725490196,blur_noise,ridge,0.05,textured_quartile,measurement_noise_spread,0.5,128,256,0.0021817594972458536
0803,1.6,0.00784313725490196,blur_noise,ridge,0.05,textured_quartile,measurement_residual,0.5,128,256,0.0020669650718880533
0803,1.6,0.00784313725490196,blur_noise,ridge,0.05,textured_quartile,image_gradient,0.5,128,256,0.0016791249013446375
0803,1.6,0.00784313725490196,blur_noise,ridge,0.05,textured_quartile,random_expected,0.5,128,256,0.002201179730788342
0803,1.6,0.00784313725490196,blur_noise,ridge,0.05,textured_quartile,oracle_error,0.5,128,256,0.0013869631760531952
0803,1.6,0.00784313725490196,blur_noise,ridge,0.05,textured_quartile,operator_spread,0.75,192,256,0.0017431674605977085
0803,1.6,0.00784313725490196,blur_noise,ridge,0.05,textured_quartile,measurement_noise_spread,0.75,192,256,0.002206161827358836
0803,1.6,0.00784313725490196,blur_noise,ridge,0.05,textured_quartile,measurement_residual,0.75,192,256,0.0021204876133898262
0803,1.6,0.00784313725490196,blur_noise,ridge,0.05,textured_quartile,image_gradient,0.75,192,256,0.0018163037184460128
0803,1.6,0.00784313725490196,blur_noise,ridge,0.05,textured_quartile,random_expected,0.75,192,256,0.002201179730788342
0803,1.6,0.00784313725490196,blur_noise,ridge,0.05,textured_quartile,oracle_error,0.75,192,256,0.0016725856129864314
0803,1.6,0.00784313725490196,blur_noise,ridge,0.05,textured_quartile,operator_spread,0.9,231,256,0.001974018506501283
0803,1.6,0.00784313725490196,blur_noise,ridge,0.05,textured_quartile,measurement_noise_spread,0.9,231,256,0.002197643630091429
0803,1.6,0.00784313725490196,blur_noise,ridge,0.05,textured_quartile,measurement_residual,0.9,231,256,0.002160656733449399
0803,1.6,0.00784313725490196,blur_noise,ridge,0.05,textured_quartile,image_gradient,0.9,231,256,0.0020253229020664437
0803,1.6,0.00784313725490196,blur_noise,ridge,0.05,textured_quartile,random_expected,0.9,231,256,0.002201179730788342
0803,1.6,0.00784313725490196,blur_noise,ridge,0.05,textured_quartile,oracle_error,0.9,231,256,0.0019310011045358853
0803,1.6,0.00784313725490196,blur_noise,ridge,0.05,textured_quartile,operator_spread,1.0,256,256,0.002201179730788342
0803,1.6,0.00784313725490196,blur_noise,ridge,0.05,textured_quartile,measurement_noise_spread,1.0,256,256,0.0022011797307883415
0803,1.6,0.00784313725490196,blur_noise,ridge,0.05,textured_quartile,measurement_residual,1.0,256,256,0.002201179730788342
0803,1.6,0.00784313725490196,blur_noise,ridge,0.05,textured_quartile,image_gradient,1.0,256,256,0.002201179730788342
0803,1.6,0.00784313725490196,blur_noise,ridge,0.05,textured_quartile,random_expected,1.0,256,256,0.002201179730788342
0803,1.6,0.00784313725490196,blur_noise,ridge,0.05,textured_quartile,oracle_error,1.0,256,256,0.0022011797307883415
0803,1.6,0.00784313725490196,blur_noise,gradient,0.05,all,operator_spread,0.5,512,1024,0.0001506927345600815
0803,1.6,0.00784313725490196,blur_noise,gradient,0.05,all,measurement_noise_spread,0.5,512,1024,0.0005763072337043044
0803,1.6,0.00784313725490196,blur_noise,gradient,0.05,all,measurement_residual,0.5,512,1024,0.00032284573619866647
0803,1.6,0.00784313725490196,blur_noise,gradient,0.05,all,image_gradient,0.5,512,1024,0.0001679848321839833
0803,1.6,0.00784313725490196,blur_noise,gradient,0.05,all,random_expected,0.5,512,1024,0.0005577622239255963
0803,1.6,0.00784313725490196,blur_noise,gradient,0.05,all,oracle_error,0.5,512,1024,0.00013162939859757923
0803,1.6,0.00784313725490196,blur_noise,gradient,0.05,all,operator_spread,0.75,768,1024,0.0002548108223528257
0803,1.6,0.00784313725490196,blur_noise,gradient,0.05,all,measurement_noise_spread,0.75,768,1024,0.000546260505875852
0803,1.6,0.00784313725490196,blur_noise,gradient,0.05,all,measurement_residual,0.75,768,1024,0.00038854207123475304
0803,1.6,0.00784313725490196,blur_noise,gradient,0.05,all,image_gradient,0.75,768,1024,0.0002779264477464752
0803,1.6,0.00784313725490196,blur_noise,gradient,0.05,all,random_expected,0.75,768,1024,0.0005577622239255963
0803,1.6,0.00784313725490196,blur_noise,gradient,0.05,all,oracle_error,0.75,768,1024,0.00022952384123028403
0803,1.6,0.00784313725490196,blur_noise,gradient,0.05,all,operator_spread,0.9,922,1024,0.0003589402231332888
0803,1.6,0.00784313725490196,blur_noise,gradient,0.05,all,measurement_noise_spread,0.9,922,1024,0.0005684700755744353
0803,1.6,0.00784313725490196,blur_noise,gradient,0.05,all,measurement_residual,0.9,922,1024,0.00044654522101736084
0803,1.6,0.00784313725490196,blur_noise,gradient,0.05,all,image_gradient,0.9,922,1024,0.0003861119152352494
0803,1.6,0.00784313725490196,blur_noise,gradient,0.05,all,random_expected,0.9,922,1024,0.0005577622239255963
0803,1.6,0.00784313725490196,blur_noise,gradient,0.05,all,oracle_error,0.9,922,1024,0.00034239481079886906
0803,1.6,0.00784313725490196,blur_noise,gradient,0.05,all,operator_spread,1.0,1024,1024,0.0005577622239255964
0803,1.6,0.00784313725490196,blur_noise,gradient,0.05,all,measurement_noise_spread,1.0,1024,1024,0.0005577622239255964
0803,1.6,0.00784313725490196,blur_noise,gradient,0.05,all,measurement_residual,1.0,1024,1024,0.0005577622239255962
0803,1.6,0.00784313725490196,blur_noise,gradient,0.05,all,image_gradient,1.0,1024,1024,0.0005577622239255963
0803,1.6,0.00784313725490196,blur_noise,gradient,0.05,all,random_expected,1.0,1024,1024,0.0005577622239255963
0803,1.6,0.00784313725490196,blur_noise,gradient,0.05,all,oracle_error,1.0,1024,1024,0.0005577622239255964
0803,1.6,0.00784313725490196,blur_noise,gradient,0.05,textured_quartile,operator_spread,0.5,128,256,0.0008264413960806067
0803,1.6,0.00784313725490196,blur_noise,gradient,0.05,textured_quartile,measurement_noise_spread,0.5,128,256,0.0016014996767251678
0803,1.6,0.00784313725490196,blur_noise,gradient,0.05,textured_quartile,measurement_residual,0.5,128,256,0.0010899208612064294
0803,1.6,0.00784313725490196,blur_noise,gradient,0.05,textured_quartile,image_gradient,0.5,128,256,0.0010556935145206762
0803,1.6,0.00784313725490196,blur_noise,gradient,0.05,textured_quartile,random_expected,0.5,128,256,0.0014780577405258642
0803,1.6,0.00784313725490196,blur_noise,gradient,0.05,textured_quartile,oracle_error,0.5,128,256,0.0007136826055507601
0803,1.6,0.00784313725490196,blur_noise,gradient,0.05,textured_quartile,operator_spread,0.75,192,256,0.0010796537311972847
0803,1.6,0.00784313725490196,blur_noise,gradient,0.05,textured_quartile,measurement_noise_spread,0.75,192,256,0.001492150003267934
0803,1.6,0.00784313725490196,blur_noise,gradient,0.05,textured_quartile,measurement_residual,0.75,192,256,0.0012207602313695821
0803,1.6,0.00784313725490196,blur_noise,gradient,0.05,textured_quartile,image_gradient,0.75,192,256,0.0011415840974211401
0803,1.6,0.00784313725490196,blur_noise,gradient,0.05,textured_quartile,random_expected,0.75,192,256,0.0014780577405258642
0803,1.6,0.00784313725490196,blur_noise,gradient,0.05,textured_quartile,oracle_error,0.75,192,256,0.0009721728862073555
0803,1.6,0.00784313725490196,blur_noise,gradient,0.05,textured_quartile,operator_spread,0.9,231,256,0.0012643528454989127
0803,1.6,0.00784313725490196,blur_noise,gradient,0.05,textured_quartile,measurement_noise_spread,0.9,231,256,0.0015008124514167154
0803,1.6,0.00784313725490196,blur_noise,gradient,0.05,textured_quartile,measurement_residual,0.9,231,256,0.0013454491784881176
0803,1.6,0.00784313725490196,blur_noise,gradient,0.05,textured_quartile,image_gradient,0.9,231,256,0.0013341451725445038
0803,1.6,0.00784313725490196,blur_noise,gradient,0.05,textured_quartile,random_expected,0.9,231,256,0.0014780577405258642
0803,1.6,0.00784313725490196,blur_noise,gradient,0.05,textured_quartile,oracle_error,0.9,231,256,0.0012136343255001044
0803,1.6,0.00784313725490196,blur_noise,gradient,0.05,textured_quartile,operator_spread,1.0,256,256,0.0014780577405258642
0803,1.6,0.00784313725490196,blur_noise,gradient,0.05,textured_quartile,measurement_noise_spread,1.0,256,256,0.0014780577405258642
0803,1.6,0.00784313725490196,blur_noise,gradient,0.05,textured_quartile,measurement_residual,1.0,256,256,0.0014780577405258642
0803,1.6,0.00784313725490196,blur_noise,gradient,0.05,textured_quartile,image_gradient,1.0,256,256,0.0014780577405258642
0803,1.6,0.00784313725490196,blur_noise,gradient,0.05,textured_quartile,random_expected,1.0,256,256,0.0014780577405258642
0803,1.6,0.00784313725490196,blur_noise,gradient,0.05,textured_quartile,oracle_error,1.0,256,256,0.0014780577405258642
0803,1.6,0.00784313725490196,blur_noise_jpeg,ridge,0.05,all,operator_spread,0.5,512,1024,0.0007600946498118151
0803,1.6,0.00784313725490196,blur_noise_jpeg,ridge,0.05,all,measurement_noise_spread,0.5,512,1024,0.0012414133896347314
0803,1.6,0.00784313725490196,blur_noise_jpeg,ridge,0.05,all,measurement_residual,0.5,512,1024,0.0010635231811445991
0803,1.6,0.00784313725490196,blur_noise_jpeg,ridge,0.05,all,image_gradient,0.5,512,1024,0.0007868546663481826
0803,1.6,0.00784313725490196,blur_noise_jpeg,ridge,0.05,all,random_expected,0.5,512,1024,0.001280596273631503
0803,1.6,0.00784313725490196,blur_noise_jpeg,ridge,0.05,all,oracle_error,0.5,512,1024,0.0006476426041605663
0803,1.6,0.00784313725490196,blur_noise_jpeg,ridge,0.05,all,operator_spread,0.75,768,1024,0.0009154335664205088
0803,1.6,0.00784313725490196,blur_noise_jpeg,ridge,0.05,all,measurement_noise_spread,0.75,768,1024,0.0012701936333573223
0803,1.6,0.00784313725490196,blur_noise_jpeg,ridge,0.05,all,measurement_residual,0.75,768,1024,0.0011419299590109328
0803,1.6,0.00784313725490196,blur_noise_jpeg,ridge,0.05,all,image_gradient,0.75,768,1024,0.0009337504379980857
0803,1.6,0.00784313725490196,blur_noise_jpeg,ridge,0.05,all,random_expected,0.75,768,1024,0.001280596273631503
0803,1.6,0.00784313725490196,blur_noise_jpeg,ridge,0.05,all,oracle_error,0.75,768,1024,0.0008621495914626626
0803,1.6,0.00784313725490196,blur_noise_jpeg,ridge,0.05,all,operator_spread,0.9,922,1024,0.0010677807875835899
0803,1.6,0.00784313725490196,blur_noise_jpeg,ridge,0.05,all,measurement_noise_spread,0.9,922,1024,0.0012945692036994048
0803,1.6,0.00784313725490196,blur_noise_jpeg,ridge,0.05,all,measurement_residual,0.9,922,1024,0.0011953396240534195
0803,1.6,0.00784313725490196,blur_noise_jpeg,ridge,0.05,all,image_gradient,0.9,922,1024,0.0010810681259013821
0803,1.6,0.00784313725490196,blur_noise_jpeg,ridge,0.05,all,random_expected,0.9,922,1024,0.001280596273631503
0803,1.6,0.00784313725490196,blur_noise_jpeg,ridge,0.05,all,oracle_error,0.9,922,1024,0.0010382946729935343
0803,1.6,0.00784313725490196,blur_noise_jpeg,ridge,0.05,all,operator_spread,1.0,1024,1024,0.0012805962736315028
0803,1.6,0.00784313725490196,blur_noise_jpeg,ridge,0.05,all,measurement_noise_spread,1.0,1024,1024,0.0012805962736315028
0803,1.6,0.00784313725490196,blur_noise_jpeg,ridge,0.05,all,measurement_residual,1.0,1024,1024,0.0012805962736315028
0803,1.6,0.00784313725490196,blur_noise_jpeg,ridge,0.05,all,image_gradient,1.0,1024,1024,0.0012805962736315028
0803,1.6,0.00784313725490196,blur_noise_jpeg,ridge,0.05,all,random_expected,1.0,1024,1024,0.001280596273631503
0803,1.6,0.00784313725490196,blur_noise_jpeg,ridge,0.05,all,oracle_error,1.0,1024,1024,0.0012805962736315028
0803,1.6,0.00784313725490196,blur_noise_jpeg,ridge,0.05,textured_quartile,operator_spread,0.5,128,256,0.001698124368961575
0803,1.6,0.00784313725490196,blur_noise_jpeg,ridge,0.05,textured_quartile,measurement_noise_spread,0.5,128,256,0.002331311264999798
0803,1.6,0.00784313725490196,blur_noise_jpeg,ridge,0.05,textured_quartile,measurement_residual,0.5,128,256,0.0021858479875947337
0803,1.6,0.00784313725490196,blur_noise_jpeg,ridge,0.05,textured_quartile,image_gradient,0.5,128,256,0.0018429668266780838
0803,1.6,0.00784313725490196,blur_noise_jpeg,ridge,0.05,textured_quartile,random_expected,0.5,128,256,0.002346074969858703
0803,1.6,0.00784313725490196,blur_noise_jpeg,ridge,0.05,textured_quartile,oracle_error,0.5,128,256,0.0015061210828368932
0803,1.6,0.00784313725490196,blur_noise_jpeg,ridge,0.05,textured_quartile,operator_spread,0.75,192,256,0.0019035405015200742
0803,1.6,0.00784313725490196,blur_noise_jpeg,ridge,0.05,textured_quartile,measurement_noise_spread,0.75,192,256,0.0023579457863658216
0803,1.6,0.00784313725490196,blur_noise_jpeg,ridge,0.05,textured_quartile,measurement_residual,0.75,192,256,0.0022661415237490708
0803,1.6,0.00784313725490196,blur_noise_jpeg,ridge,0.05,textured_quartile,image_gradient,0.75,192,256,0.0019448322293080186
0803,1.6,0.00784313725490196,blur_noise_jpeg,ridge,0.05,textured_quartile,random_expected,0.75,192,256,0.002346074969858703
0803,1.6,0.00784313725490196,blur_noise_jpeg,ridge,0.05,textured_quartile,oracle_error,0.75,192,256,0.001806032354020073
0803,1.6,0.00784313725490196,blur_noise_jpeg,ridge,0.05,textured_quartile,operator_spread,0.9,231,256,0.002121682885325293
0803,1.6,0.00784313725490196,blur_noise_jpeg,ridge,0.05,textured_quartile,measurement_noise_spread,0.9,231,256,0.0023467556225235725
0803,1.6,0.00784313725490196,blur_noise_jpeg,ridge,0.05,textured_quartile,measurement_residual,0.9,231,256,0.0023064956113570925
0803,1.6,0.00784313725490196,blur_noise_jpeg,ridge,0.05,textured_quartile,image_gradient,0.9,231,256,0.002151824231688846
0803,1.6,0.00784313725490196,blur_noise_jpeg,ridge,0.05,textured_quartile,random_expected,0.9,231,256,0.002346074969858703
0803,1.6,0.00784313725490196,blur_noise_jpeg,ridge,0.05,textured_quartile,oracle_error,0.9,231,256,0.00207184958083216
0803,1.6,0.00784313725490196,blur_noise_jpeg,ridge,0.05,textured_quartile,operator_spread,1.0,256,256,0.002346074969858703
0803,1.6,0.00784313725490196,blur_noise_jpeg,ridge,0.05,textured_quartile,measurement_noise_spread,1.0,256,256,0.0023460749698587025
0803,1.6,0.00784313725490196,blur_noise_jpeg,ridge,0.05,textured_quartile,measurement_residual,1.0,256,256,0.002346074969858703
0803,1.6,0.00784313725490196,blur_noise_jpeg,ridge,0.05,textured_quartile,image_gradient,1.0,256,256,0.002346074969858703
0803,1.6,0.00784313725490196,blur_noise_jpeg,ridge,0.05,textured_quartile,random_expected,1.0,256,256,0.002346074969858703
0803,1.6,0.00784313725490196,blur_noise_jpeg,ridge,0.05,textured_quartile,oracle_error,1.0,256,256,0.002346074969858703
0803,1.6,0.00784313725490196,blur_noise_jpeg,gradient,0.05,all,operator_spread,0.5,512,1024,0.00019102160773470917
0803,1.6,0.00784313725490196,blur_noise_jpeg,gradient,0.05,all,measurement_noise_spread,0.5,512,1024,0.000647080179360278
0803,1.6,0.00784313725490196,blur_noise_jpeg,gradient,0.05,all,measurement_residual,0.5,512,1024,0.00020852049002241508
0803,1.6,0.00784313725490196,blur_noise_jpeg,gradient,0.05,all,image_gradient,0.5,512,1024,0.00020589638375481716
0803,1.6,0.00784313725490196,blur_noise_jpeg,gradient,0.05,all,random_expected,0.5,512,1024,0.0006297656064780769
0803,1.6,0.00784313725490196,blur_noise_jpeg,gradient,0.05,all,oracle_error,0.5,512,1024,0.00017066864845387964
0803,1.6,0.00784313725490196,blur_noise_jpeg,gradient,0.05,all,operator_spread,0.75,768,1024,0.00031299971462457203
0803,1.6,0.00784313725490196,blur_noise_jpeg,gradient,0.05,all,measurement_noise_spread,0.75,768,1024,0.0006183791982160949
0803,1.6,0.00784313725490196,blur_noise_jpeg,gradient,0.05,all,measurement_residual,0.75,768,1024,0.0003609357155095054
0803,1.6,0.00784313725490196,blur_noise_jpeg,gradient,0.05,all,image_gradient,0.75,768,1024,0.00033176676715399896
0803,1.6,0.00784313725490196,blur_noise_jpeg,gradient,0.05,all,random_expected,0.75,768,1024,0.0006297656064780769
0803,1.6,0.00784313725490196,blur_noise_jpeg,gradient,0.05,all,oracle_error,0.75,768,1024,0.0002866099013285613
0803,1.6,0.00784313725490196,blur_noise_jpeg,gradient,0.05,all,operator_spread,0.9,922,1024,0.0004304353278498397
0803,1.6,0.00784313725490196,blur_noise_jpeg,gradient,0.05,all,measurement_noise_spread,0.9,922,1024,0.0006403091626119634
0803,1.6,0.00784313725490196,blur_noise_jpeg,gradient,0.05,all,measurement_residual,0.9,922,1024,0.00045808044019398324
0803,1.6,0.00784313725490196,blur_noise_jpeg,gradient,0.05,all,image_gradient,0.9,922,1024,0.0004517039939122204
0803,1.6,0.00784313725490196,blur_noise_jpeg,gradient,0.05,all,random_expected,0.9,922,1024,0.0006297656064780769
0803,1.6,0.00784313725490196,blur_noise_jpeg,gradient,0.05,all,oracle_error,0.9,922,1024,0.0004087279101717336
0803,1.6,0.00784313725490196,blur_noise_jpeg,gradient,0.05,all,operator_spread,1.0,1024,1024,0.0006297656064780766
0803,1.6,0.00784313725490196,blur_noise_jpeg,gradient,0.05,all,measurement_noise_spread,1.0,1024,1024,0.0006297656064780768
0803,1.6,0.00784313725490196,blur_noise_jpeg,gradient,0.05,all,measurement_residual,1.0,1024,1024,0.0006297656064780768
0803,1.6,0.00784313725490196,blur_noise_jpeg,gradient,0.05,all,image_gradient,1.0,1024,1024,0.0006297656064780768
0803,1.6,0.00784313725490196,blur_noise_jpeg,gradient,0.05,all,random_expected,1.0,1024,1024,0.0006297656064780769
0803,1.6,0.00784313725490196,blur_noise_jpeg,gradient,0.05,all,oracle_error,1.0,1024,1024,0.0006297656064780769
0803,1.6,0.00784313725490196,blur_noise_jpeg,gradient,0.05,textured_quartile,operator_spread,0.5,128,256,0.000983855836900538
0803,1.6,0.00784313725490196,blur_noise_jpeg,gradient,0.05,textured_quartile,measurement_noise_spread,0.5,128,256,0.0017369681817326343
0803,1.6,0.00784313725490196,blur_noise_jpeg,gradient,0.05,textured_quartile,measurement_residual,0.5,128,256,0.0011444018382173004
0803,1.6,0.00784313725490196,blur_noise_jpeg,gradient,0.05,textured_quartile,image_gradient,0.5,128,256,0.0011694730380724814
0803,1.6,0.00784313725490196,blur_noise_jpeg,gradient,0.05,textured_quartile,random_expected,0.5,128,256,0.0015974146784286955
0803,1.6,0.00784313725490196,blur_noise_jpeg,gradient,0.05,textured_quartile,oracle_error,0.5,128,256,0.0008312942135133163
0803,1.6,0.00784313725490196,blur_noise_jpeg,gradient,0.05,textured_quartile,operator_spread,0.75,192,256,0.0011983687095534052
0803,1.6,0.00784313725490196,blur_noise_jpeg,gradient,0.05,textured_quartile,measurement_noise_spread,0.75,192,256,0.0016151661832343016
0803,1.6,0.00784313725490196,blur_noise_jpeg,gradient,0.05,textured_quartile,measurement_residual,0.75,192,256,0.0012566976836655764
0803,1.6,0.00784313725490196,blur_noise_jpeg,gradient,0.05,textured_quartile,image_gradient,0.75,192,256,0.0012498161908048998
0803,1.6,0.00784313725490196,blur_noise_jpeg,gradient,0.05,textured_quartile,random_expected,0.75,192,256,0.0015974146784286955
0803,1.6,0.00784313725490196,blur_noise_jpeg,gradient,0.05,textured_quartile,oracle_error,0.75,192,256,0.0010875916659952194
0803,1.6,0.00784313725490196,blur_noise_jpeg,gradient,0.05,textured_quartile,operator_spread,0.9,231,256,0.0013796970812106966
0803,1.6,0.00784313725490196,blur_noise_jpeg,gradient,0.05,textured_quartile,measurement_noise_spread,0.9,231,256,0.0016209673913000085
0803,1.6,0.00784313725490196,blur_noise_jpeg,gradient,0.05,textured_quartile,measurement_residual,0.9,231,256,0.0014377605673790046
0803,1.6,0.00784313725490196,blur_noise_jpeg,gradient,0.05,textured_quartile,image_gradient,0.9,231,256,0.001446408373164629
0803,1.6,0.00784313725490196,blur_noise_jpeg,gradient,0.05,textured_quartile,random_expected,0.9,231,256,0.0015974146784286955
0803,1.6,0.00784313725490196,blur_noise_jpeg,gradient,0.05,textured_quartile,oracle_error,0.9,231,256,0.001331923137319342
0803,1.6,0.00784313725490196,blur_noise_jpeg,gradient,0.05,textured_quartile,operator_spread,1.0,256,256,0.0015974146784286953
0803,1.6,0.00784313725490196,blur_noise_jpeg,gradient,0.05,textured_quartile,measurement_noise_spread,1.0,256,256,0.0015974146784286957
0803,1.6,0.00784313725490196,blur_noise_jpeg,gradient,0.05,textured_quartile,measurement_residual,1.0,256,256,0.0015974146784286955
0803,1.6,0.00784313725490196,blur_noise_jpeg,gradient,0.05,textured_quartile,image_gradient,1.0,256,256,0.0015974146784286957
0803,1.6,0.00784313725490196,blur_noise_jpeg,gradient,0.05,textured_quartile,random_expected,1.0,256,256,0.0015974146784286955
0803,1.6,0.00784313725490196,blur_noise_jpeg,gradient,0.05,textured_quartile,oracle_error,1.0,256,256,0.0015974146784286955
0803,1.6,0.0196078431372549,blur_noise,ridge,0.05,all,operator_spread,0.5,512,1024,0.00133762835835624
0803,1.6,0.0196078431372549,blur_noise,ridge,0.05,all,measurement_noise_spread,0.5,512,1024,0.0016449704432772144
0803,1.6,0.0196078431372549,blur_noise,ridge,0.05,all,measurement_residual,0.5,512,1024,0.0014871725787942592
0803,1.6,0.0196078431372549,blur_noise,ridge,0.05,all,image_gradient,0.5,512,1024,0.0012527510066213717
0803,1.6,0.0196078431372549,blur_noise,ridge,0.05,all,random_expected,0.5,512,1024,0.0017029373981462736
0803,1.6,0.0196078431372549,blur_noise,ridge,0.05,all,oracle_error,0.5,512,1024,0.0011075203426630432
0803,1.6,0.0196078431372549,blur_noise,ridge,0.05,all,operator_spread,0.75,768,1024,0.0014538639277840639
0803,1.6,0.0196078431372549,blur_noise,ridge,0.05,all,measurement_noise_spread,0.75,768,1024,0.0016853906775384428
0803,1.6,0.0196078431372549,blur_noise,ridge,0.05,all,measurement_residual,0.75,768,1024,0.0015669962435056692
0803,1.6,0.0196078431372549,blur_noise,ridge,0.05,all,image_gradient,0.75,768,1024,0.0013788365107767998
0803,1.6,0.0196078431372549,blur_noise,ridge,0.05,all,random_expected,0.75,768,1024,0.0017029373981462736
0803,1.6,0.0196078431372549,blur_noise,ridge,0.05,all,oracle_error,0.75,768,1024,0.0013080145730143943
0803,1.6,0.0196078431372549,blur_noise,ridge,0.05,all,operator_spread,0.9,922,1024,0.0015439956476444663
0803,1.6,0.0196078431372549,blur_noise,ridge,0.05,all,measurement_noise_spread,0.9,922,1024,0.0016998446604228235
0803,1.6,0.0196078431372549,blur_noise,ridge,0.05,all,measurement_residual,0.9,922,1024,0.0016208027319830774
0803,1.6,0.0196078431372549,blur_noise,ridge,0.05,all,image_gradient,0.9,922,1024,0.0015162810118138552
0803,1.6,0.0196078431372549,blur_noise,ridge,0.05,all,random_expected,0.9,922,1024,0.0017029373981462736
0803,1.6,0.0196078431372549,blur_noise,ridge,0.05,all,oracle_error,0.9,922,1024,0.0014720108976105028
0803,1.6,0.0196078431372549,blur_noise,ridge,0.05,all,operator_spread,1.0,1024,1024,0.0017029373981462734
0803,1.6,0.0196078431372549,blur_noise,ridge,0.05,all,measurement_noise_spread,1.0,1024,1024,0.0017029373981462736
0803,1.6,0.0196078431372549,blur_noise,ridge,0.05,all,measurement_residual,1.0,1024,1024,0.0017029373981462736
0803,1.6,0.0196078431372549,blur_noise,ridge,0.05,all,image_gradient,1.0,1024,1024,0.0017029373981462736
0803,1.6,0.0196078431372549,blur_noise,ridge,0.05,all,random_expected,1.0,1024,1024,0.0017029373981462736
0803,1.6,0.0196078431372549,blur_noise,ridge,0.05,all,oracle_error,1.0,1024,1024,0.0017029373981462738
0803,1.6,0.0196078431372549,blur_noise,ridge,0.05,textured_quartile,operator_spread,0.5,128,256,0.002164806693730979
0803,1.6,0.0196078431372549,blur_noise,ridge,0.05,textured_quartile,measurement_noise_spread,0.5,128,256,0.0026583125341072605
0803,1.6,0.0196078431372549,blur_noise,ridge,0.05,textured_quartile,measurement_residual,0.5,128,256,0.0025506307296103274
0803,1.6,0.0196078431372549,blur_noise,ridge,0.05,textured_quartile,image_gradient,0.5,128,256,0.002133219373688474
0803,1.6,0.0196078431372549,blur_noise,ridge,0.05,textured_quartile,random_expected,0.5,128,256,0.0026849533790145475
0803,1.6,0.0196078431372549,blur_noise,ridge,0.05,textured_quartile,oracle_error,0.5,128,256,0.0018712685253381306
0803,1.6,0.0196078431372549,blur_noise,ridge,0.05,textured_quartile,operator_spread,0.75,192,256,0.002325529302615367
0803,1.6,0.0196078431372549,blur_noise,ridge,0.05,textured_quartile,measurement_noise_spread,0.75,192,256,0.0026899736293621995
0803,1.6,0.0196078431372549,blur_noise,ridge,0.05,textured_quartile,measurement_residual,0.75,192,256,0.002608991048808903
0803,1.6,0.0196078431372549,blur_noise,ridge,0.05,textured_quartile,image_gradient,0.75,192,256,0.0023071951431402862
0803,1.6,0.0196078431372549,blur_noise,ridge,0.05,textured_quartile,random_expected,0.75,192,256,0.0026849533790145475
0803,1.6,0.0196078431372549,blur_noise,ridge,0.05,textured_quartile,oracle_error,0.75,192,256,0.0021590136049548726
0803,1.6,0.0196078431372549,blur_noise,ridge,0.05,textured_quartile,operator_spread,0.9,231,256,0.0025053995665148933
0803,1.6,0.0196078431372549,blur_noise,ridge,0.05,textured_quartile,measurement_noise_spread,0.9,231,256,0.0026940671435521086
0803,1.6,0.0196078431372549,blur_noise,ridge,0.05,textured_quartile,measurement_residual,0.9,231,256,0.002640920799547276
0803,1.6,0.0196078431372549,blur_noise,ridge,0.05,textured_quartile,image_gradient,0.9,231,256,0.0025042628492411598
0803,1.6,0.0196078431372549,blur_noise,ridge,0.05,textured_quartile,random_expected,0.9,231,256,0.0026849533790145475
0803,1.6,0.0196078431372549,blur_noise,ridge,0.05,textured_quartile,oracle_error,0.9,231,256,0.002416682610690896
0803,1.6,0.0196078431372549,blur_noise,ridge,0.05,textured_quartile,operator_spread,1.0,256,256,0.0026849533790145475
0803,1.6,0.0196078431372549,blur_noise,ridge,0.05,textured_quartile,measurement_noise_spread,1.0,256,256,0.002684953379014548
0803,1.6,0.0196078431372549,blur_noise,ridge,0.05,textured_quartile,measurement_residual,1.0,256,256,0.0026849533790145475
0803,1.6,0.0196078431372549,blur_noise,ridge,0.05,textured_quartile,image_gradient,1.0,256,256,0.0026849533790145475
0803,1.6,0.0196078431372549,blur_noise,ridge,0.05,textured_quartile,random_expected,1.0,256,256,0.0026849533790145475
0803,1.6,0.0196078431372549,blur_noise,ridge,0.05,textured_quartile,oracle_error,1.0,256,256,0.002684953379014548
0803,1.6,0.0196078431372549,blur_noise,gradient,0.05,all,operator_spread,0.5,512,1024,0.0003639329049903712
0803,1.6,0.0196078431372549,blur_noise,gradient,0.05,all,measurement_noise_spread,0.5,512,1024,0.0007587982693505388
0803,1.6,0.0196078431372549,blur_noise,gradient,0.05,all,measurement_residual,0.5,512,1024,0.0007174488717648921
0803,1.6,0.0196078431372549,blur_noise,gradient,0.05,all,image_gradient,0.5,512,1024,0.00037086298673928995
0803,1.6,0.0196078431372549,blur_noise,gradient,0.05,all,random_expected,0.5,512,1024,0.000760485217271631
0803,1.6,0.0196078431372549,blur_noise,gradient,0.05,all,oracle_error,0.5,512,1024,0.00033203900511236454
0803,1.6,0.0196078431372549,blur_noise,gradient,0.05,all,operator_spread,0.75,768,1024,0.0004609229787007098
0803,1.6,0.0196078431372549,blur_noise,gradient,0.05,all,measurement_noise_spread,0.75,768,1024,0.0007493047661605376
0803,1.6,0.0196078431372549,blur_noise,gradient,0.05,all,measurement_residual,0.75,768,1024,0.0007327050907161817
0803,1.6,0.0196078431372549,blur_noise,gradient,0.05,all,image_gradient,0.75,768,1024,0.0004807648711525592
0803,1.6,0.0196078431372549,blur_noise,gradient,0.05,all,random_expected,0.75,768,1024,0.000760485217271631
0803,1.6,0.0196078431372549,blur_noise,gradient,0.05,all,oracle_error,0.75,768,1024,0.0004313211056216721
0803,1.6,0.0196078431372549,blur_noise,gradient,0.05,all,operator_spread,0.9,922,1024,0.0005562726623354416
0803,1.6,0.0196078431372549,blur_noise,gradient,0.05,all,measurement_noise_spread,0.9,922,1024,0.0007600570058245265
0803,1.6,0.0196078431372549,blur_noise,gradient,0.05,all,measurement_residual,0.9,922,1024,0.0007410485484364795
0803,1.6,0.0196078431372549,blur_noise,gradient,0.05,all,image_gradient,0.9,922,1024,0.0005889385806957277
0803,1.6,0.0196078431372549,blur_noise,gradient,0.05,all,random_expected,0.9,922,1024,0.000760485217271631
0803,1.6,0.0196078431372549,blur_noise,gradient,0.05,all,oracle_error,0.9,922,1024,0.0005449018232247807
0803,1.6,0.0196078431372549,blur_noise,gradient,0.05,all,operator_spread,1.0,1024,1024,0.000760485217271631
0803,1.6,0.0196078431372549,blur_noise,gradient,0.05,all,measurement_noise_spread,1.0,1024,1024,0.000760485217271631
0803,1.6,0.0196078431372549,blur_noise,gradient,0.05,all,measurement_residual,1.0,1024,1024,0.000760485217271631
0803,1.6,0.0196078431372549,blur_noise,gradient,0.05,all,image_gradient,1.0,1024,1024,0.000760485217271631
0803,1.6,0.0196078431372549,blur_noise,gradient,0.05,all,random_expected,1.0,1024,1024,0.000760485217271631
0803,1.6,0.0196078431372549,blur_noise,gradient,0.05,all,oracle_error,1.0,1024,1024,0.000760485217271631
0803,1.6,0.0196078431372549,blur_noise,gradient,0.05,textured_quartile,operator_spread,0.5,128,256,0.0010136715495605644
0803,1.6,0.0196078431372549,blur_noise,gradient,0.05,textured_quartile,measurement_noise_spread,0.5,128,256,0.0016664456655130886
0803,1.6,0.0196078431372549,blur_noise,gradient,0.05,textured_quartile,measurement_residual,0.5,128,256,0.0016658888380476217
0803,1.6,0.0196078431372549,blur_noise,gradient,0.05,textured_quartile,image_gradient,0.5,128,256,0.001222487163069174
0803,1.6,0.0196078431372549,blur_noise,gradient,0.05,textured_quartile,random_expected,0.5,128,256,0.0016816812838296108
0803,1.6,0.0196078431372549,blur_noise,gradient,0.05,textured_quartile,oracle_error,0.5,128,256,0.0009144902036566918
0803,1.6,0.0196078431372549,blur_noise,gradient,0.05,textured_quartile,operator_spread,0.75,192,256,0.0012791353162421523
0803,1.6,0.0196078431372549,blur_noise,gradient,0.05,textured_quartile,measurement_noise_spread,0.75,192,256,0.0016735319277675503
0803,1.6,0.0196078431372549,blur_noise,gradient,0.05,textured_quartile,measurement_residual,0.75,192,256,0.0016624935835967698
0803,1.6,0.0196078431372549,blur_noise,gradient,0.05,textured_quartile,image_gradient,0.75,192,256,0.00134237655639237
0803,1.6,0.0196078431372549,blur_noise,gradient,0.05,textured_quartile,random_expected,0.75,192,256,0.0016816812838296108
0803,1.6,0.0196078431372549,blur_noise,gradient,0.05,textured_quartile,oracle_error,0.75,192,256,0.0011765235877627671
0803,1.6,0.0196078431372549,blur_noise,gradient,0.05,textured_quartile,operator_spread,0.9,231,256,0.0014679597879938963
0803,1.6,0.0196078431372549,blur_noise,gradient,0.05,textured_quartile,measurement_noise_spread,0.9,231,256,0.001661899069785953
0803,1.6,0.0196078431372549,blur_noise,gradient,0.05,textured_quartile,measurement_residual,0.9,231,256,0.0016455254683245036
0803,1.6,0.0196078431372549,blur_noise,gradient,0.05,textured_quartile,image_gradient,0.9,231,256,0.001536907242044074
0803,1.6,0.0196078431372549,blur_noise,gradient,0.05,textured_quartile,random_expected,0.9,231,256,0.0016816812838296108
0803,1.6,0.0196078431372549,blur_noise,gradient,0.05,textured_quartile,oracle_error,0.9,231,256,0.001418279972626792
0803,1.6,0.0196078431372549,blur_noise,gradient,0.05,textured_quartile,operator_spread,1.0,256,256,0.0016816812838296108
0803,1.6,0.0196078431372549,blur_noise,gradient,0.05,textured_quartile,measurement_noise_spread,1.0,256,256,0.0016816812838296106
0803,1.6,0.0196078431372549,blur_noise,gradient,0.05,textured_quartile,measurement_residual,1.0,256,256,0.0016816812838296106
0803,1.6,0.0196078431372549,blur_noise,gradient,0.05,textured_quartile,image_gradient,1.0,256,256,0.0016816812838296106
0803,1.6,0.0196078431372549,blur_noise,gradient,0.05,textured_quartile,random_expected,1.0,256,256,0.0016816812838296108
0803,1.6,0.0196078431372549,blur_noise,gradient,0.05,textured_quartile,oracle_error,1.0,256,256,0.0016816812838296106
0803,1.6,0.0196078431372549,blur_noise_jpeg,ridge,0.05,all,operator_spread,0.5,512,1024,0.001000637412213899
0803,1.6,0.0196078431372549,blur_noise_jpeg,ridge,0.05,all,measurement_noise_spread,0.5,512,1024,0.0014490211643201929
0803,1.6,0.0196078431372549,blur_noise_jpeg,ridge,0.05,all,measurement_residual,0.5,512,1024,0.0012690849905314379
0803,1.6,0.0196078431372549,blur_noise_jpeg,ridge,0.05,all,image_gradient,0.5,512,1024,0.0009991424422357454
0803,1.6,0.0196078431372549,blur_noise_jpeg,ridge,0.05,all,random_expected,0.5,512,1024,0.0014873042567863795
0803,1.6,0.0196078431372549,blur_noise_jpeg,ridge,0.05,all,oracle_error,0.5,512,1024,0.0008511162441067973
0803,1.6,0.0196078431372549,blur_noise_jpeg,ridge,0.05,all,operator_spread,0.75,768,1024,0.0011375602997744905
0803,1.6,0.0196078431372549,blur_noise_jpeg,ridge,0.05,all,measurement_noise_spread,0.75,768,1024,0.001480654727392913
0803,1.6,0.0196078431372549,blur_noise_jpeg,ridge,0.05,all,measurement_residual,0.75,768,1024,0.001349554254133385
0803,1.6,0.0196078431372549,blur_noise_jpeg,ridge,0.05,all,image_gradient,0.75,768,1024,0.001139179030597544
0803,1.6,0.0196078431372549,blur_noise_jpeg,ridge,0.05,all,random_expected,0.75,768,1024,0.0014873042567863795
0803,1.6,0.0196078431372549,blur_noise_jpeg,ridge,0.05,all,oracle_error,0.75,768,1024,0.0010684808478669304
0803,1.6,0.0196078431372549,blur_noise_jpeg,ridge,0.05,all,operator_spread,0.9,922,1024,0.001276326491384899
0803,1.6,0.0196078431372549,blur_noise_jpeg,ridge,0.05,all,measurement_noise_spread,0.9,922,1024,0.0014871469363865466
0803,1.6,0.0196078431372549,blur_noise_jpeg,ridge,0.05,all,measurement_residual,0.9,922,1024,0.0014004686217487176
0803,1.6,0.0196078431372549,blur_noise_jpeg,ridge,0.05,all,image_gradient,0.9,922,1024,0.001286495531454822
0803,1.6,0.0196078431372549,blur_noise_jpeg,ridge,0.05,all,random_expected,0.9,922,1024,0.0014873042567863795
0803,1.6,0.0196078431372549,blur_noise_jpeg,ridge,0.05,all,oracle_error,0.9,922,1024,0.0012464568547030663
0803,1.6,0.0196078431372549,blur_noise_jpeg,ridge,0.05,all,operator_spread,1.0,1024,1024,0.0014873042567863795
0803,1.6,0.0196078431372549,blur_noise_jpeg,ridge,0.05,all,measurement_noise_spread,1.0,1024,1024,0.0014873042567863795
0803,1.6,0.0196078431372549,blur_noise_jpeg,ridge,0.05,all,measurement_residual,1.0,1024,1024,0.0014873042567863795
0803,1.6,0.0196078431372549,blur_noise_jpeg,ridge,0.05,all,image_gradient,1.0,1024,1024,0.0014873042567863795
0803,1.6,0.0196078431372549,blur_noise_jpeg,ridge,0.05,all,random_expected,1.0,1024,1024,0.0014873042567863795
0803,1.6,0.0196078431372549,blur_noise_jpeg,ridge,0.05,all,oracle_error,1.0,1024,1024,0.0014873042567863795
0803,1.6,0.0196078431372549,blur_noise_jpeg,ridge,0.05,textured_quartile,operator_spread,0.5,128,256,0.0019119511837344574
0803,1.6,0.0196078431372549,blur_noise_jpeg,ridge,0.05,textured_quartile,measurement_noise_spread,0.5,128,256,0.002545956782586162
0803,1.6,0.0196078431372549,blur_noise_jpeg,ridge,0.05,textured_quartile,measurement_residual,0.5,128,256,0.0023782312129352044
0803,1.6,0.0196078431372549,blur_noise_jpeg,ridge,0.05,textured_quartile,image_gradient,0.5,128,256,0.0019832700849831382
0803,1.6,0.0196078431372549,blur_noise_jpeg,ridge,0.05,textured_quartile,random_expected,0.5,128,256,0.0025448349695941556
0803,1.6,0.0196078431372549,blur_noise_jpeg,ridge,0.05,textured_quartile,oracle_error,0.5,128,256,0.0017065271945920896
0803,1.6,0.0196078431372549,blur_noise_jpeg,ridge,0.05,textured_quartile,operator_spread,0.75,192,256,0.002115719303897797
0803,1.6,0.0196078431372549,blur_noise_jpeg,ridge,0.05,textured_quartile,measurement_noise_spread,0.75,192,256,0.0025557415156503703
0803,1.6,0.0196078431372549,blur_noise_jpeg,ridge,0.05,textured_quartile,measurement_residual,0.75,192,256,0.002471092992655082
0803,1.6,0.0196078431372549,blur_noise_jpeg,ridge,0.05,textured_quartile,image_gradient,0.75,192,256,0.0021314047949693876
0803,1.6,0.0196078431372549,blur_noise_jpeg,ridge,0.05,textured_quartile,random_expected,0.75,192,256,0.0025448349695941556
0803,1.6,0.0196078431372549,blur_noise_jpeg,ridge,0.05,textured_quartile,oracle_error,0.75,192,256,0.0020081212272226004
0803,1.6,0.0196078431372549,blur_noise_jpeg,ridge,0.05,textured_quartile,operator_spread,0.9,231,256,0.002320810774542785
0803,1.6,0.0196078431372549,blur_noise_jpeg,ridge,0.05,textured_quartile,measurement_noise_spread,0.9,231,256,0.0025471052872088505
0803,1.6,0.0196078431372549,blur_noise_jpeg,ridge,0.05,textured_quartile,measurement_residual,0.9,231,256,0.0025075994095529203
0803,1.6,0.0196078431372549,blur_noise_jpeg,ridge,0.05,textured_quartile,image_gradient,0.9,231,256,0.0023443703685100607
0803,1.6,0.0196078431372549,blur_noise_jpeg,ridge,0.05,textured_quartile,random_expected,0.9,231,256,0.0025448349695941556
0803,1.6,0.0196078431372549,blur_noise_jpeg,ridge,0.05,textured_quartile,oracle_error,0.9,231,256,0.0022715516429920963
0803,1.6,0.0196078431372549,blur_noise_jpeg,ridge,0.05,textured_quartile,operator_spread,1.0,256,256,0.0025448349695941556
0803,1.6,0.0196078431372549,blur_noise_jpeg,ridge,0.05,textured_quartile,measurement_noise_spread,1.0,256,256,0.002544834969594155
0803,1.6,0.0196078431372549,blur_noise_jpeg,ridge,0.05,textured_quartile,measurement_residual,1.0,256,256,0.002544834969594155
0803,1.6,0.0196078431372549,blur_noise_jpeg,ridge,0.05,textured_quartile,image_gradient,1.0,256,256,0.002544834969594155
0803,1.6,0.0196078431372549,blur_noise_jpeg,ridge,0.05,textured_quartile,random_expected,1.0,256,256,0.0025448349695941556
0803,1.6,0.0196078431372549,blur_noise_jpeg,ridge,0.05,textured_quartile,oracle_error,1.0,256,256,0.002544834969594155
0803,1.6,0.0196078431372549,blur_noise_jpeg,gradient,0.05,all,operator_spread,0.5,512,1024,0.0003256453346570235
0803,1.6,0.0196078431372549,blur_noise_jpeg,gradient,0.05,all,measurement_noise_spread,0.5,512,1024,0.000755257678553586
0803,1.6,0.0196078431372549,blur_noise_jpeg,gradient,0.05,all,measurement_residual,0.5,512,1024,0.0004074415323390008
0803,1.6,0.0196078431372549,blur_noise_jpeg,gradient,0.05,all,image_gradient,0.5,512,1024,0.00033137850262444934
0803,1.6,0.0196078431372549,blur_noise_jpeg,gradient,0.05,all,random_expected,0.5,512,1024,0.000750803109554273
0803,1.6,0.0196078431372549,blur_noise_jpeg,gradient,0.05,all,oracle_error,0.5,512,1024,0.00029580215778903695
0803,1.6,0.0196078431372549,blur_noise_jpeg,gradient,0.05,all,operator_spread,0.75,768,1024,0.00043508677191445846
0803,1.6,0.0196078431372549,blur_noise_jpeg,gradient,0.05,all,measurement_noise_spread,0.75,768,1024,0.0007464645185920861
0803,1.6,0.0196078431372549,blur_noise_jpeg,gradient,0.05,all,measurement_residual,0.75,768,1024,0.000501927778395742
0803,1.6,0.0196078431372549,blur_noise_jpeg,gradient,0.05,all,image_gradient,0.75,768,1024,0.0004535288592752312
0803,1.6,0.0196078431372549,blur_noise_jpeg,gradient,0.05,all,random_expected,0.75,768,1024,0.000750803109554273
0803,1.6,0.0196078431372549,blur_noise_jpeg,gradient,0.05,all,oracle_error,0.75,768,1024,0.0004083935408263516
0803,1.6,0.0196078431372549,blur_noise_jpeg,gradient,0.05,all,operator_spread,0.9,922,1024,0.0005495733330229643
0803,1.6,0.0196078431372549,blur_noise_jpeg,gradient,0.05,all,measurement_noise_spread,0.9,922,1024,0.0007516991109048478
0803,1.6,0.0196078431372549,blur_noise_jpeg,gradient,0.05,all,measurement_residual,0.9,922,1024,0.0006137084769601617
0803,1.6,0.0196078431372549,blur_noise_jpeg,gradient,0.05,all,image_gradient,0.9,922,1024,0.0005699617800867735
0803,1.6,0.0196078431372549,blur_noise_jpeg,gradient,0.05,all,random_expected,0.9,922,1024,0.000750803109554273
0803,1.6,0.0196078431372549,blur_noise_jpeg,gradient,0.05,all,oracle_error,0.9,922,1024,0.0005295610926245773
0803,1.6,0.0196078431372549,blur_noise_jpeg,gradient,0.05,all,operator_spread,1.0,1024,1024,0.0007508031095542729
0803,1.6,0.0196078431372549,blur_noise_jpeg,gradient,0.05,all,measurement_noise_spread,1.0,1024,1024,0.0007508031095542729
0803,1.6,0.0196078431372549,blur_noise_jpeg,gradient,0.05,all,measurement_residual,1.0,1024,1024,0.0007508031095542727
0803,1.6,0.0196078431372549,blur_noise_jpeg,gradient,0.05,all,image_gradient,1.0,1024,1024,0.000750803109554273
0803,1.6,0.0196078431372549,blur_noise_jpeg,gradient,0.05,all,random_expected,1.0,1024,1024,0.000750803109554273
0803,1.6,0.0196078431372549,blur_noise_jpeg,gradient,0.05,all,oracle_error,1.0,1024,1024,0.000750803109554273
0803,1.6,0.0196078431372549,blur_noise_jpeg,gradient,0.05,textured_quartile,operator_spread,0.5,128,256,0.0010799658664850317
0803,1.6,0.0196078431372549,blur_noise_jpeg,gradient,0.05,textured_quartile,measurement_noise_spread,0.5,128,256,0.0017076005542528087
0803,1.6,0.0196078431372549,blur_noise_jpeg,gradient,0.05,textured_quartile,measurement_residual,0.5,128,256,0.0013274547134136078
0803,1.6,0.0196078431372549,blur_noise_jpeg,gradient,0.05,textured_quartile,image_gradient,0.5,128,256,0.0012735850769034836
0803,1.6,0.0196078431372549,blur_noise_jpeg,gradient,0.05,textured_quartile,random_expected,0.5,128,256,0.0017132986507379226
0803,1.6,0.0196078431372549,blur_noise_jpeg,gradient,0.05,textured_quartile,oracle_error,0.5,128,256,0.0009370338914227714
0803,1.6,0.0196078431372549,blur_noise_jpeg,gradient,0.05,textured_quartile,operator_spread,0.75,192,256,0.00130731438205784
0803,1.6,0.0196078431372549,blur_noise_jpeg,gradient,0.05,textured_quartile,measurement_noise_spread,0.75,192,256,0.001703693518617564
0803,1.6,0.0196078431372549,blur_noise_jpeg,gradient,0.05,textured_quartile,measurement_residual,0.75,192,256,0.0015239181629046975
0803,1.6,0.0196078431372549,blur_noise_jpeg,gradient,0.05,textured_quartile,image_gradient,0.75,192,256,0.001362105814889346
0803,1.6,0.0196078431372549,blur_noise_jpeg,gradient,0.05,textured_quartile,random_expected,0.75,192,256,0.0017132986507379226
0803,1.6,0.0196078431372549,blur_noise_jpeg,gradient,0.05,textured_quartile,oracle_error,0.75,192,256,0.0012040804823159961
0803,1.6,0.0196078431372549,blur_noise_jpeg,gradient,0.05,textured_quartile,operator_spread,0.9,231,256,0.0014887801405159115
0803,1.6,0.0196078431372549,blur_noise_jpeg,gradient,0.05,textured_quartile,measurement_noise_spread,0.9,231,256,0.0016921651607981194
0803,1.6,0.0196078431372549,blur_noise_jpeg,gradient,0.05,textured_quartile,measurement_residual,0.9,231,256,0.00158958866394769
0803,1.6,0.0196078431372549,blur_noise_jpeg,gradient,0.05,textured_quartile,image_gradient,0.9,231,256,0.0015534224183547027
0803,1.6,0.0196078431372549,blur_noise_jpeg,gradient,0.05,textured_quartile,random_expected,0.9,231,256,0.0017132986507379226
0803,1.6,0.0196078431372549,blur_noise_jpeg,gradient,0.05,textured_quartile,oracle_error,0.9,231,256,0.0014466322391000089
0803,1.6,0.0196078431372549,blur_noise_jpeg,gradient,0.05,textured_quartile,operator_spread,1.0,256,256,0.0017132986507379226
0803,1.6,0.0196078431372549,blur_noise_jpeg,gradient,0.05,textured_quartile,measurement_noise_spread,1.0,256,256,0.0017132986507379226
0803,1.6,0.0196078431372549,blur_noise_jpeg,gradient,0.05,textured_quartile,measurement_residual,1.0,256,256,0.0017132986507379228
0803,1.6,0.0196078431372549,blur_noise_jpeg,gradient,0.05,textured_quartile,image_gradient,1.0,256,256,0.0017132986507379226
0803,1.6,0.0196078431372549,blur_noise_jpeg,gradient,0.05,textured_quartile,random_expected,1.0,256,256,0.0017132986507379226
0803,1.6,0.0196078431372549,blur_noise_jpeg,gradient,0.05,textured_quartile,oracle_error,1.0,256,256,0.0017132986507379228
0803,2.0,0.00784313725490196,blur_noise,ridge,0.05,all,operator_spread,0.5,512,1024,0.0009062661842500646
0803,2.0,0.00784313725490196,blur_noise,ridge,0.05,all,measurement_noise_spread,0.5,512,1024,0.0016477975201396279
0803,2.0,0.00784313725490196,blur_noise,ridge,0.05,all,measurement_residual,0.5,512,1024,0.001458484285555137
0803,2.0,0.00784313725490196,blur_noise,ridge,0.05,all,image_gradient,0.5,512,1024,0.0008679628323747277
0803,2.0,0.00784313725490196,blur_noise,ridge,0.05,all,random_expected,0.5,512,1024,0.0016140210959696506
0803,2.0,0.00784313725490196,blur_noise,ridge,0.05,all,oracle_error,0.5,512,1024,0.0007276331570111043
0803,2.0,0.00784313725490196,blur_noise,ridge,0.05,all,operator_spread,0.75,768,1024,0.001078481452568522
0803,2.0,0.00784313725490196,blur_noise,ridge,0.05,all,measurement_noise_spread,0.75,768,1024,0.0016186161083751132
0803,2.0,0.00784313725490196,blur_noise,ridge,0.05,all,measurement_residual,0.75,768,1024,0.0014944495373197693
0803,2.0,0.00784313725490196,blur_noise,ridge,0.05,all,image_gradient,0.75,768,1024,0.0010911201349578514
0803,2.0,0.00784313725490196,blur_noise,ridge,0.05,all,random_expected,0.75,768,1024,0.0016140210959696506
0803,2.0,0.00784313725490196,blur_noise,ridge,0.05,all,oracle_error,0.75,768,1024,0.0009940343268947892
0803,2.0,0.00784313725490196,blur_noise,ridge,0.05,all,operator_spread,0.9,922,1024,0.00127003042767324
0803,2.0,0.00784313725490196,blur_noise,ridge,0.05,all,measurement_noise_spread,0.9,922,1024,0.0016325088609882266
0803,2.0,0.00784313725490196,blur_noise,ridge,0.05,all,measurement_residual,0.9,922,1024,0.0015188119850946735
0803,2.0,0.00784313725490196,blur_noise,ridge,0.05,all,image_gradient,0.9,922,1024,0.0013135020900992185
0803,2.0,0.00784313725490196,blur_noise,ridge,0.05,all,random_expected,0.9,922,1024,0.0016140210959696506
0803,2.0,0.00784313725490196,blur_noise,ridge,0.05,all,oracle_error,0.9,922,1024,0.0012371825329116262
0803,2.0,0.00784313725490196,blur_noise,ridge,0.05,all,operator_spread,1.0,1024,1024,0.0016140210959696506
0803,2.0,0.00784313725490196,blur_noise,ridge,0.05,all,measurement_noise_spread,1.0,1024,1024,0.0016140210959696506
0803,2.0,0.00784313725490196,blur_noise,ridge,0.05,all,measurement_residual,1.0,1024,1024,0.0016140210959696508
0803,2.0,0.00784313725490196,blur_noise,ridge,0.05,all,image_gradient,1.0,1024,1024,0.0016140210959696506
0803,2.0,0.00784313725490196,blur_noise,ridge,0.05,all,random_expected,1.0,1024,1024,0.0016140210959696506
0803,2.0,0.00784313725490196,blur_noise,ridge,0.05,all,oracle_error,1.0,1024,1024,0.0016140210959696506
0803,2.0,0.00784313725490196,blur_noise,ridge,0.05,textured_quartile,operator_spread,0.5,128,256,0.0022227367643103194
0803,2.0,0.00784313725490196,blur_noise,ridge,0.05,textured_quartile,measurement_noise_spread,0.5,128,256,0.0034835649905841292
0803,2.0,0.00784313725490196,blur_noise,ridge,0.05,textured_quartile,measurement_residual,0.5,128,256,0.00319590719479181
0803,2.0,0.00784313725490196,blur_noise,ridge,0.05,textured_quartile,image_gradient,0.5,128,256,0.0025149942300540387
0803,2.0,0.00784313725490196,blur_noise,ridge,0.05,textured_quartile,random_expected,0.5,128,256,0.0032867030936657164
0803,2.0,0.00784313725490196,blur_noise,ridge,0.05,textured_quartile,oracle_error,0.5,128,256,0.001998680366058328
0803,2.0,0.00784313725490196,blur_noise,ridge,0.05,textured_quartile,operator_spread,0.75,192,256,0.0025716493493271706
0803,2.0,0.00784313725490196,blur_noise,ridge,0.05,textured_quartile,measurement_noise_spread,0.75,192,256,0.0034357125095293302
0803,2.0,0.00784313725490196,blur_noise,ridge,0.05,textured_quartile,measurement_residual,0.75,192,256,0.003244428818965197
0803,2.0,0.00784313725490196,blur_noise,ridge,0.05,textured_quartile,image_gradient,0.75,192,256,0.0027437500605666763
0803,2.0,0.00784313725490196,blur_noise,ridge,0.05,textured_quartile,random_expected,0.75,192,256,0.0032867030936657164
0803,2.0,0.00784313725490196,blur_noise,ridge,0.05,textured_quartile,oracle_error,0.75,192,256,0.002439696324697716
0803,2.0,0.00784313725490196,blur_noise,ridge,0.05,textured_quartile,operator_spread,0.9,231,256,0.0029085663073622364
0803,2.0,0.00784313725490196,blur_noise,ridge,0.05,textured_quartile,measurement_noise_spread,0.9,231,256,0.0033090855089071033
0803,2.0,0.00784313725490196,blur_noise,ridge,0.05,textured_quartile,measurement_residual,0.9,231,256,0.0032531414502355444
0803,2.0,0.00784313725490196,blur_noise,ridge,0.05,textured_quartile,image_gradient,0.9,231,256,0.003004163160017926
0803,2.0,0.00784313725490196,blur_noise,ridge,0.05,textured_quartile,random_expected,0.9,231,256,0.0032867030936657164
0803,2.0,0.00784313725490196,blur_noise,ridge,0.05,textured_quartile,oracle_error,0.9,231,256,0.0028572637280917797
0803,2.0,0.00784313725490196,blur_noise,ridge,0.05,textured_quartile,operator_spread,1.0,256,256,0.0032867030936657164
0803,2.0,0.00784313725490196,blur_noise,ridge,0.05,textured_quartile,measurement_noise_spread,1.0,256,256,0.0032867030936657164
0803,2.0,0.00784313725490196,blur_noise,ridge,0.05,textured_quartile,measurement_residual,1.0,256,256,0.003286703093665717
0803,2.0,0.00784313725490196,blur_noise,ridge,0.05,textured_quartile,image_gradient,1.0,256,256,0.0032867030936657164
0803,2.0,0.00784313725490196,blur_noise,ridge,0.05,textured_quartile,random_expected,1.0,256,256,0.0032867030936657164
0803,2.0,0.00784313725490196,blur_noise,ridge,0.05,textured_quartile,oracle_error,1.0,256,256,0.0032867030936657164
0803,2.0,0.00784313725490196,blur_noise,gradient,0.05,all,operator_spread,0.5,512,1024,0.00023044734131182486
0803,2.0,0.00784313725490196,blur_noise,gradient,0.05,all,measurement_noise_spread,0.5,512,1024,0.0008788202986570943
0803,2.0,0.00784313725490196,blur_noise,gradient,0.05,all,measurement_residual,0.5,512,1024,0.0007407252457561578
0803,2.0,0.00784313725490196,blur_noise,gradient,0.05,all,image_gradient,0.5,512,1024,0.0002612464480710008
0803,2.0,0.00784313725490196,blur_noise,gradient,0.05,all,random_expected,0.5,512,1024,0.000916929258219549
0803,2.0,0.00784313725490196,blur_noise,gradient,0.05,all,oracle_error,0.5,512,1024,0.000203005765038108
0803,2.0,0.00784313725490196,blur_noise,gradient,0.05,all,operator_spread,0.75,768,1024,0.00041124190664603306
0803,2.0,0.00784313725490196,blur_noise,gradient,0.05,all,measurement_noise_spread,0.75,768,1024,0.0009367122840113019
0803,2.0,0.00784313725490196,blur_noise,gradient,0.05,all,measurement_residual,0.75,768,1024,0.0008329867718873555
0803,2.0,0.00784313725490196,blur_noise,gradient,0.05,all,image_gradient,0.75,768,1024,0.00045400381093716065
0803,2.0,0.00784313725490196,blur_noise,gradient,0.05,all,random_expected,0.75,768,1024,0.000916929258219549
0803,2.0,0.00784313725490196,blur_noise,gradient,0.05,all,oracle_error,0.75,768,1024,0.00037500803598109703
0803,2.0,0.00784313725490196,blur_noise,gradient,0.05,all,operator_spread,0.9,922,1024,0.0005968708929732352
0803,2.0,0.00784313725490196,blur_noise,gradient,0.05,all,measurement_noise_spread,0.9,922,1024,0.0009258707545625078
0803,2.0,0.00784313725490196,blur_noise,gradient,0.05,all,measurement_residual,0.9,922,1024,0.000862351483794093
0803,2.0,0.00784313725490196,blur_noise,gradient,0.05,all,image_gradient,0.9,922,1024,0.0006481275742360754
0803,2.0,0.00784313725490196,blur_noise,gradient,0.05,all,random_expected,0.9,922,1024,0.000916929258219549
0803,2.0,0.00784313725490196,blur_noise,gradient,0.05,all,oracle_error,0.9,922,1024,0.000564033805068122
0803,2.0,0.00784313725490196,blur_noise,gradient,0.05,all,operator_spread,1.0,1024,1024,0.0009169292582195491
0803,2.0,0.00784313725490196,blur_noise,gradient,0.05,all,measurement_noise_spread,1.0,1024,1024,0.000916929258219549
0803,2.0,0.00784313725490196,blur_noise,gradient,0.05,all,measurement_residual,1.0,1024,1024,0.000916929258219549
0803,2.0,0.00784313725490196,blur_noise,gradient,0.05,all,image_gradient,1.0,1024,1024,0.0009169292582195489
0803,2.0,0.00784313725490196,blur_noise,gradient,0.05,all,random_expected,1.0,1024,1024,0.000916929258219549
0803,2.0,0.00784313725490196,blur_noise,gradient,0.05,all,oracle_error,1.0,1024,1024,0.000916929258219549
0803,2.0,0.00784313725490196,blur_noise,gradient,0.05,textured_quartile,operator_spread,0.5,128,256,0.0014986487079516597
0803,2.0,0.00784313725490196,blur_noise,gradient,0.05,textured_quartile,measurement_noise_spread,0.5,128,256,0.0025445511735018916
0803,2.0,0.00784313725490196,blur_noise,gradient,0.05,textured_quartile,measurement_residual,0.5,128,256,0.0022571162830733035
0803,2.0,0.00784313725490196,blur_noise,gradient,0.05,textured_quartile,image_gradient,0.5,128,256,0.001790513495956986
0803,2.0,0.00784313725490196,blur_noise,gradient,0.05,textured_quartile,random_expected,0.5,128,256,0.002466224146887793
0803,2.0,0.00784313725490196,blur_noise,gradient,0.05,textured_quartile,oracle_error,0.5,128,256,0.001246778926459483
0803,2.0,0.00784313725490196,blur_noise,gradient,0.05,textured_quartile,operator_spread,0.75,192,256,0.0018141969736371495
0803,2.0,0.00784313725490196,blur_noise,gradient,0.05,textured_quartile,measurement_noise_spread,0.75,192,256,0.0025690456386917022
0803,2.0,0.00784313725490196,blur_noise,gradient,0.05,textured_quartile,measurement_residual,0.75,192,256,0.0023596075266954495
0803,2.0,0.00784313725490196,blur_noise,gradient,0.05,textured_quartile,image_gradient,0.75,192,256,0.0019914951068070656
0803,2.0,0.00784313725490196,blur_noise,gradient,0.05,textured_quartile,random_expected,0.75,192,256,0.002466224146887793
0803,2.0,0.00784313725490196,blur_noise,gradient,0.05,textured_quartile,oracle_error,0.75,192,256,0.0016607618390680713
0803,2.0,0.00784313725490196,blur_noise,gradient,0.05,textured_quartile,operator_spread,0.9,231,256,0.0021027269312323205
0803,2.0,0.00784313725490196,blur_noise,gradient,0.05,textured_quartile,measurement_noise_spread,0.9,231,256,0.0025122749170954917
0803,2.0,0.00784313725490196,blur_noise,gradient,0.05,textured_quartile,measurement_residual,0.9,231,256,0.0023649377764868346
0803,2.0,0.00784313725490196,blur_noise,gradient,0.05,textured_quartile,image_gradient,0.9,231,256,0.002226154678780407
0803,2.0,0.00784313725490196,blur_noise,gradient,0.05,textured_quartile,random_expected,0.9,231,256,0.002466224146887793
0803,2.0,0.00784313725490196,blur_noise,gradient,0.05,textured_quartile,oracle_error,0.9,231,256,0.002047335251187822
0803,2.0,0.00784313725490196,blur_noise,gradient,0.05,textured_quartile,operator_spread,1.0,256,256,0.002466224146887793
0803,2.0,0.00784313725490196,blur_noise,gradient,0.05,textured_quartile,measurement_noise_spread,1.0,256,256,0.002466224146887793
0803,2.0,0.00784313725490196,blur_noise,gradient,0.05,textured_quartile,measurement_residual,1.0,256,256,0.002466224146887793
0803,2.0,0.00784313725490196,blur_noise,gradient,0.05,textured_quartile,image_gradient,1.0,256,256,0.002466224146887793
0803,2.0,0.00784313725490196,blur_noise,gradient,0.05,textured_quartile,random_expected,1.0,256,256,0.002466224146887793
0803,2.0,0.00784313725490196,blur_noise,gradient,0.05,textured_quartile,oracle_error,1.0,256,256,0.002466224146887793
0803,2.0,0.00784313725490196,blur_noise_jpeg,ridge,0.05,all,operator_spread,0.5,512,1024,0.0008469314347791775
0803,2.0,0.00784313725490196,blur_noise_jpeg,ridge,0.05,all,measurement_noise_spread,0.5,512,1024,0.0016933195424204115
0803,2.0,0.00784313725490196,blur_noise_jpeg,ridge,0.05,all,measurement_residual,0.5,512,1024,0.0014811130626427584
0803,2.0,0.00784313725490196,blur_noise_jpeg,ridge,0.05,all,image_gradient,0.5,512,1024,0.0008755925495430183
0803,2.0,0.00784313725490196,blur_noise_jpeg,ridge,0.05,all,random_expected,0.5,512,1024,0.0016551881380421252
0803,2.0,0.00784313725490196,blur_noise_jpeg,ridge,0.05,all,oracle_error,0.5,512,1024,0.000728181859008814
0803,2.0,0.00784313725490196,blur_noise_jpeg,ridge,0.05,all,operator_spread,0.75,768,1024,0.0010841974083380503
0803,2.0,0.00784313725490196,blur_noise_jpeg,ridge,0.05,all,measurement_noise_spread,0.75,768,1024,0.0016566328349128818
0803,2.0,0.00784313725490196,blur_noise_jpeg,ridge,0.05,all,measurement_residual,0.75,768,1024,0.0015216980355106432
0803,2.0,0.00784313725490196,blur_noise_jpeg,ridge,0.05,all,image_gradient,0.75,768,1024,0.0011074438425119257
0803,2.0,0.00784313725490196,blur_noise_jpeg,ridge,0.05,all,random_expected,0.75,768,1024,0.0016551881380421252
0803,2.0,0.00784313725490196,blur_noise_jpeg,ridge,0.05,all,oracle_error,0.75,768,1024,0.0010120198219677043
0803,2.0,0.00784313725490196,blur_noise_jpeg,ridge,0.05,all,operator_spread,0.9,922,1024,0.0013309160583812921
0803,2.0,0.00784313725490196,blur_noise_jpeg,ridge,0.05,all,measurement_noise_spread,0.9,922,1024,0.0016740314233131667
0803,2.0,0.00784313725490196,blur_noise_jpeg,ridge,0.05,all,measurement_residual,0.9,922,1024,0.0015540170741623952
0803,2.0,0.00784313725490196,blur_noise_jpeg,ridge,0.05,all,image_gradient,0.9,922,1024,0.001343364884281468
0803,2.0,0.00784313725490196,blur_noise_jpeg,ridge,0.05,all,random_expected,0.9,922,1024,0.0016551881380421252
0803,2.0,0.00784313725490196,blur_noise_jpeg,ridge,0.05,all,oracle_error,0.9,922,1024,0.0012691600291714496
0803,2.0,0.00784313725490196,blur_noise_jpeg,ridge,0.05,all,operator_spread,1.0,1024,1024,0.0016551881380421252
0803,2.0,0.00784313725490196,blur_noise_jpeg,ridge,0.05,all,measurement_noise_spread,1.0,1024,1024,0.0016551881380421252
0803,2.0,0.00784313725490196,blur_noise_jpeg,ridge,0.05,all,measurement_residual,1.0,1024,1024,0.0016551881380421252
0803,2.0,0.00784313725490196,blur_noise_jpeg,ridge,0.05,all,image_gradient,1.0,1024,1024,0.0016551881380421252
0803,2.0,0.00784313725490196,blur_noise_jpeg,ridge,0.05,all,random_expected,1.0,1024,1024,0.0016551881380421252
0803,2.0,0.00784313725490196,blur_noise_jpeg,ridge,0.05,all,oracle_error,1.0,1024,1024,0.0016551881380421252
0803,2.0,0.00784313725490196,blur_noise_jpeg,ridge,0.05,textured_quartile,operator_spread,0.5,128,256,0.002512238440332837
0803,2.0,0.00784313725490196,blur_noise_jpeg,ridge,0.05,textured_quartile,measurement_noise_spread,0.5,128,256,0.003608475633796288
0803,2.0,0.00784313725490196,blur_noise_jpeg,ridge,0.05,textured_quartile,measurement_residual,0.5,128,256,0.003265675279068083
0803,2.0,0.00784313725490196,blur_noise_jpeg,ridge,0.05,textured_quartile,image_gradient,0.5,128,256,0.002588136848797131
0803,2.0,0.00784313725490196,blur_noise_jpeg,ridge,0.05,textured_quartile,random_expected,0.5,128,256,0.003394584812619223
0803,2.0,0.00784313725490196,blur_noise_jpeg,ridge,0.05,textured_quartile,oracle_error,0.5,128,256,0.002090381653589577
0803,2.0,0.00784313725490196,blur_noise_jpeg,ridge,0.05,textured_quartile,operator_spread,0.75,192,256,0.0027053766648572164
0803,2.0,0.00784313725490196,blur_noise_jpeg,ridge,0.05,textured_quartile,measurement_noise_spread,0.75,192,256,0.00354602984796063
0803,2.0,0.00784313725490196,blur_noise_jpeg,ridge,0.05,textured_quartile,measurement_residual,0.75,192,256,0.00334810447975861
0803,2.0,0.00784313725490196,blur_noise_jpeg,ridge,0.05,textured_quartile,image_gradient,0.75,192,256,0.0028365088441633067
0803,2.0,0.00784313725490196,blur_noise_jpeg,ridge,0.05,textured_quartile,random_expected,0.75,192,256,0.003394584812619223
0803,2.0,0.00784313725490196,blur_noise_jpeg,ridge,0.05,textured_quartile,oracle_error,0.75,192,256,0.0025377165155197287
0803,2.0,0.00784313725490196,blur_noise_jpeg,ridge,0.05,textured_quartile,operator_spread,0.9,231,256,0.003086935164478554
0803,2.0,0.00784313725490196,blur_noise_jpeg,ridge,0.05,textured_quartile,measurement_noise_spread,0.9,231,256,0.0034193131255309483
0803,2.0,0.00784313725490196,blur_noise_jpeg,ridge,0.05,textured_quartile,measurement_residual,0.9,231,256,0.0033582131994344773
0803,2.0,0.00784313725490196,blur_noise_jpeg,ridge,0.05,textured_quartile,image_gradient,0.9,231,256,0.0031005546318004884
0803,2.0,0.00784313725490196,blur_noise_jpeg,ridge,0.05,textured_quartile,random_expected,0.9,231,256,0.003394584812619223
0803,2.0,0.00784313725490196,blur_noise_jpeg,ridge,0.05,textured_quartile,oracle_error,0.9,231,256,0.0029599456779063186
0803,2.0,0.00784313725490196,blur_noise_jpeg,ridge,0.05,textured_quartile,operator_spread,1.0,256,256,0.0033945848126192227
0803,2.0,0.00784313725490196,blur_noise_jpeg,ridge,0.05,textured_quartile,measurement_noise_spread,1.0,256,256,0.0033945848126192227
0803,2.0,0.00784313725490196,blur_noise_jpeg,ridge,0.05,textured_quartile,measurement_residual,1.0,256,256,0.0033945848126192227
0803,2.0,0.00784313725490196,blur_noise_jpeg,ridge,0.05,textured_quartile,image_gradient,1.0,256,256,0.0033945848126192227
0803,2.0,0.00784313725490196,blur_noise_jpeg,ridge,0.05,textured_quartile,random_expected,1.0,256,256,0.003394584812619223
0803,2.0,0.00784313725490196,blur_noise_jpeg,ridge,0.05,textured_quartile,oracle_error,1.0,256,256,0.0033945848126192227
0803,2.0,0.00784313725490196,blur_noise_jpeg,gradient,0.05,all,operator_spread,0.5,512,1024,0.00026547059832560815
0803,2.0,0.00784313725490196,blur_noise_jpeg,gradient,0.05,all,measurement_noise_spread,0.5,512,1024,0.0009451030646418888
0803,2.0,0.00784313725490196,blur_noise_jpeg,gradient,0.05,all,measurement_residual,0.5,512,1024,0.00031498842319864284
0803,2.0,0.00784313725490196,blur_noise_jpeg,gradient,0.05,all,image_gradient,0.5,512,1024,0.00029183459247523417
0803,2.0,0.00784313725490196,blur_noise_jpeg,gradient,0.05,all,random_expected,0.5,512,1024,0.0009773433204245893
0803,2.0,0.00784313725490196,blur_noise_jpeg,gradient,0.05,all,oracle_error,0.5,512,1024,0.00023407536748170133
0803,2.0,0.00784313725490196,blur_noise_jpeg,gradient,0.05,all,operator_spread,0.75,768,1024,0.0004606900099807483
0803,2.0,0.00784313725490196,blur_noise_jpeg,gradient,0.05,all,measurement_noise_spread,0.75,768,1024,0.0009995382414141024
0803,2.0,0.00784313725490196,blur_noise_jpeg,gradient,0.05,all,measurement_residual,0.75,768,1024,0.0005270868192582853
0803,2.0,0.00784313725490196,blur_noise_jpeg,gradient,0.05,all,image_gradient,0.75,768,1024,0.000498978969167749
0803,2.0,0.00784313725490196,blur_noise_jpeg,gradient,0.05,all,random_expected,0.75,768,1024,0.0009773433204245893
0803,2.0,0.00784313725490196,blur_noise_jpeg,gradient,0.05,all,oracle_error,0.75,768,1024,0.0004212078520029127
0803,2.0,0.00784313725490196,blur_noise_jpeg,gradient,0.05,all,operator_spread,0.9,922,1024,0.0006733005612358682
0803,2.0,0.00784313725490196,blur_noise_jpeg,gradient,0.05,all,measurement_noise_spread,0.9,922,1024,0.0009849166470709645
0803,2.0,0.00784313725490196,blur_noise_jpeg,gradient,0.05,all,measurement_residual,0.9,922,1024,0.0007127622319867577
0803,2.0,0.00784313725490196,blur_noise_jpeg,gradient,0.05,all,image_gradient,0.9,922,1024,0.0007047884494232739
0803,2.0,0.00784313725490196,blur_noise_jpeg,gradient,0.05,all,random_expected,0.9,922,1024,0.0009773433204245893
0803,2.0,0.00784313725490196,blur_noise_jpeg,gradient,0.05,all,oracle_error,0.9,922,1024,0.0006199124204397847
0803,2.0,0.00784313725490196,blur_noise_jpeg,gradient,0.05,all,operator_spread,1.0,1024,1024,0.0009773433204245893
0803,2.0,0.00784313725490196,blur_noise_jpeg,gradient,0.05,all,measurement_noise_spread,1.0,1024,1024,0.0009773433204245893
0803,2.0,0.00784313725490196,blur_noise_jpeg,gradient,0.05,all,measurement_residual,1.0,1024,1024,0.0009773433204245895
0803,2.0,0.00784313725490196,blur_noise_jpeg,gradient,0.05,all,image_gradient,1.0,1024,1024,0.0009773433204245895
0803,2.0,0.00784313725490196,blur_noise_jpeg,gradient,0.05,all,random_expected,1.0,1024,1024,0.0009773433204245893
0803,2.0,0.00784313725490196,blur_noise_jpeg,gradient,0.05,all,oracle_error,1.0,1024,1024,0.0009773433204245893
0803,2.0,0.00784313725490196,blur_noise_jpeg,gradient,0.05,textured_quartile,operator_spread,0.5,128,256,0.001718459108494336
0803,2.0,0.00784313725490196,blur_noise_jpeg,gradient,0.05,textured_quartile,measurement_noise_spread,0.5,128,256,0.0026658103396935582
0803,2.0,0.00784313725490196,blur_noise_jpeg,gradient,0.05,textured_quartile,measurement_residual,0.5,128,256,0.0018912166629521424
0803,2.0,0.00784313725490196,blur_noise_jpeg,gradient,0.05,textured_quartile,image_gradient,0.5,128,256,0.0019227181943760117
0803,2.0,0.00784313725490196,blur_noise_jpeg,gradient,0.05,textured_quartile,random_expected,0.5,128,256,0.002568297173316242
0803,2.0,0.00784313725490196,blur_noise_jpeg,gradient,0.05,textured_quartile,oracle_error,0.5,128,256,0.001346936363273239
0803,2.0,0.00784313725490196,blur_noise_jpeg,gradient,0.05,textured_quartile,operator_spread,0.75,192,256,0.0019154590555500027
0803,2.0,0.00784313725490196,blur_noise_jpeg,gradient,0.05,textured_quartile,measurement_noise_spread,0.75,192,256,0.0026721567020891574
0803,2.0,0.00784313725490196,blur_noise_jpeg,gradient,0.05,textured_quartile,measurement_residual,0.75,192,256,0.002129650577923728
0803,2.0,0.00784313725490196,blur_noise_jpeg,gradient,0.05,textured_quartile,image_gradient,0.75,192,256,0.002084877268616324
0803,2.0,0.00784313725490196,blur_noise_jpeg,gradient,0.05,textured_quartile,random_expected,0.75,192,256,0.002568297173316242
0803,2.0,0.00784313725490196,blur_noise_jpeg,gradient,0.05,textured_quartile,oracle_error,0.75,192,256,0.0017614777310979981
0803,2.0,0.00784313725490196,blur_noise_jpeg,gradient,0.05,textured_quartile,operator_spread,0.9,231,256,0.002224170857428681
0803,2.0,0.00784313725490196,blur_noise_jpeg,gradient,0.05,textured_quartile,measurement_noise_spread,0.9,231,256,0.0026124438011501743
0803,2.0,0.00784313725490196,blur_noise_jpeg,gradient,0.05,textured_quartile,measurement_residual,0.9,231,256,0.002337464072106036
0803,2.0,0.00784313725490196,blur_noise_jpeg,gradient,0.05,textured_quartile,image_gradient,0.9,231,256,0.002316610813909599
0803,2.0,0.00784313725490196,blur_noise_jpeg,gradient,0.05,textured_quartile,random_expected,0.9,231,256,0.002568297173316242
0803,2.0,0.00784313725490196,blur_noise_jpeg,gradient,0.05,textured_quartile,oracle_error,0.9,231,256,0.002148334438983051
0803,2.0,0.00784313725490196,blur_noise_jpeg,gradient,0.05,textured_quartile,operator_spread,1.0,256,256,0.0025682971733162418
0803,2.0,0.00784313725490196,blur_noise_jpeg,gradient,0.05,textured_quartile,measurement_noise_spread,1.0,256,256,0.0025682971733162418
0803,2.0,0.00784313725490196,blur_noise_jpeg,gradient,0.05,textured_quartile,measurement_residual,1.0,256,256,0.0025682971733162418
0803,2.0,0.00784313725490196,blur_noise_jpeg,gradient,0.05,textured_quartile,image_gradient,1.0,256,256,0.0025682971733162418
0803,2.0,0.00784313725490196,blur_noise_jpeg,gradient,0.05,textured_quartile,random_expected,1.0,256,256,0.002568297173316242
0803,2.0,0.00784313725490196,blur_noise_jpeg,gradient,0.05,textured_quartile,oracle_error,1.0,256,256,0.0025682971733162418
0803,2.0,0.0196078431372549,blur_noise,ridge,0.05,all,operator_spread,0.5,512,1024,0.0016416382205237069
0803,2.0,0.0196078431372549,blur_noise,ridge,0.05,all,measurement_noise_spread,0.5,512,1024,0.0020663515623865385
0803,2.0,0.0196078431372549,blur_noise,ridge,0.05,all,measurement_residual,0.5,512,1024,0.0019232330373523097
0803,2.0,0.0196078431372549,blur_noise,ridge,0.05,all,image_gradient,0.5,512,1024,0.0013547192565940623
0803,2.0,0.0196078431372549,blur_noise,ridge,0.05,all,random_expected,0.5,512,1024,0.0020979216050759494
0803,2.0,0.0196078431372549,blur_noise,ridge,0.05,all,oracle_error,0.5,512,1024,0.0012060948558562901
0803,2.0,0.0196078431372549,blur_noise,ridge,0.05,all,operator_spread,0.75,768,1024,0.0018210978250596465
0803,2.0,0.0196078431372549,blur_noise,ridge,0.05,all,measurement_noise_spread,0.75,768,1024,0.002115004800405995
0803,2.0,0.0196078431372549,blur_noise,ridge,0.05,all,measurement_residual,0.75,768,1024,0.001972556892781268
0803,2.0,0.0196078431372549,blur_noise,ridge,0.05,all,image_gradient,0.75,768,1024,0.0015654430824404975
0803,2.0,0.0196078431372549,blur_noise,ridge,0.05,all,random_expected,0.75,768,1024,0.0020979216050759494
0803,2.0,0.0196078431372549,blur_noise,ridge,0.05,all,oracle_error,0.75,768,1024,0.001476550123524726
0803,2.0,0.0196078431372549,blur_noise,ridge,0.05,all,operator_spread,0.9,922,1024,0.0019458502166601712
0803,2.0,0.0196078431372549,blur_noise,ridge,0.05,all,measurement_noise_spread,0.9,922,1024,0.002099271167777875
0803,2.0,0.0196078431372549,blur_noise,ridge,0.05,all,measurement_residual,0.9,922,1024,0.002005441842833227
0803,2.0,0.0196078431372549,blur_noise,ridge,0.05,all,image_gradient,0.9,922,1024,0.0017969437233993312
0803,2.0,0.0196078431372549,blur_noise,ridge,0.05,all,random_expected,0.9,922,1024,0.0020979216050759494
0803,2.0,0.0196078431372549,blur_noise,ridge,0.05,all,oracle_error,0.9,922,1024,0.0017216028268917517
0803,2.0,0.0196078431372549,blur_noise,ridge,0.05,all,operator_spread,1.0,1024,1024,0.0020979216050759494
0803,2.0,0.0196078431372549,blur_noise,ridge,0.05,all,measurement_noise_spread,1.0,1024,1024,0.0020979216050759494
0803,2.0,0.0196078431372549,blur_noise,ridge,0.05,all,measurement_residual,1.0,1024,1024,0.0020979216050759494
0803,2.0,0.0196078431372549,blur_noise,ridge,0.05,all,image_gradient,1.0,1024,1024,0.0020979216050759494
0803,2.0,0.0196078431372549,blur_noise,ridge,0.05,all,random_expected,1.0,1024,1024,0.0020979216050759494
0803,2.0,0.0196078431372549,blur_noise,ridge,0.05,all,oracle_error,1.0,1024,1024,0.0020979216050759494
0803,2.0,0.0196078431372549,blur_noise,ridge,0.05,textured_quartile,operator_spread,0.5,128,256,0.0032801535995309133
0803,2.0,0.0196078431372549,blur_noise,ridge,0.05,textured_quartile,measurement_noise_spread,0.5,128,256,0.003738020816878379
0803,2.0,0.0196078431372549,blur_noise,ridge,0.05,textured_quartile,measurement_residual,0.5,128,256,0.0036749446348117434
0803,2.0,0.0196078431372549,blur_noise,ridge,0.05,textured_quartile,image_gradient,0.5,128,256,0.00300425372044613
0803,2.0,0.0196078431372549,blur_noise,ridge,0.05,textured_quartile,random_expected,0.5,128,256,0.003770413717089266
0803,2.0,0.0196078431372549,blur_noise,ridge,0.05,textured_quartile,oracle_error,0.5,128,256,0.002480060468729351
0803,2.0,0.0196078431372549,blur_noise,ridge,0.05,textured_quartile,operator_spread,0.75,192,256,0.0034659400844550214
0803,2.0,0.0196078431372549,blur_noise,ridge,0.05,textured_quartile,measurement_noise_spread,0.75,192,256,0.003728410582379839
0803,2.0,0.0196078431372549,blur_noise,ridge,0.05,textured_quartile,measurement_residual,0.75,192,256,0.003718757434108978
0803,2.0,0.0196078431372549,blur_noise,ridge,0.05,textured_quartile,image_gradient,0.75,192,256,0.003225557855213485
0803,2.0,0.0196078431372549,blur_noise,ridge,0.05,textured_quartile,random_expected,0.75,192,256,0.003770413717089266
0803,2.0,0.0196078431372549,blur_noise,ridge,0.05,textured_quartile,oracle_error,0.75,192,256,0.002925658526604699
0803,2.0,0.0196078431372549,blur_noise,ridge,0.05,textured_quartile,operator_spread,0.9,231,256,0.0035662674490094387
0803,2.0,0.0196078431372549,blur_noise,ridge,0.05,textured_quartile,measurement_noise_spread,0.9,231,256,0.003716969163501454
0803,2.0,0.0196078431372549,blur_noise,ridge,0.05,textured_quartile,measurement_residual,0.9,231,256,0.0037339380109158824
0803,2.0,0.0196078431372549,blur_noise,ridge,0.05,textured_quartile,image_gradient,0.9,231,256,0.003489782446689764
0803,2.0,0.0196078431372549,blur_noise,ridge,0.05,textured_quartile,random_expected,0.9,231,256,0.003770413717089266
0803,2.0,0.0196078431372549,blur_noise,ridge,0.05,textured_quartile,oracle_error,0.9,231,256,0.0033430130779447133
0803,2.0,0.0196078431372549,blur_noise,ridge,0.05,textured_quartile,operator_spread,1.0,256,256,0.003770413717089266
0803,2.0,0.0196078431372549,blur_noise,ridge,0.05,textured_quartile,measurement_noise_spread,1.0,256,256,0.003770413717089266
0803,2.0,0.0196078431372549,blur_noise,ridge,0.05,textured_quartile,measurement_residual,1.0,256,256,0.003770413717089266
0803,2.0,0.0196078431372549,blur_noise,ridge,0.05,textured_quartile,image_gradient,1.0,256,256,0.003770413717089266
0803,2.0,0.0196078431372549,blur_noise,ridge,0.05,textured_quartile,random_expected,1.0,256,256,0.003770413717089266
0803,2.0,0.0196078431372549,blur_noise,ridge,0.05,textured_quartile,oracle_error,1.0,256,256,0.003770413717089266
0803,2.0,0.0196078431372549,blur_noise,gradient,0.05,all,operator_spread,0.5,512,1024,0.0005018255113355024
0803,2.0,0.0196078431372549,blur_noise,gradient,0.05,all,measurement_noise_spread,0.5,512,1024,0.0010881450849205988
0803,2.0,0.0196078431372549,blur_noise,gradient,0.05,all,measurement_residual,0.5,512,1024,0.0011042916827564068
0803,2.0,0.0196078431372549,blur_noise,gradient,0.05,all,image_gradient,0.5,512,1024,0.00046025969726033223
0803,2.0,0.0196078431372549,blur_noise,gradient,0.05,all,random_expected,0.5,512,1024,0.001119518349092956
0803,2.0,0.0196078431372549,blur_noise,gradient,0.05,all,oracle_error,0.5,512,1024,0.0004030732802185121
0803,2.0,0.0196078431372549,blur_noise,gradient,0.05,all,operator_spread,0.75,768,1024,0.000638783435611774
0803,2.0,0.0196078431372549,blur_noise,gradient,0.05,all,measurement_noise_spread,0.75,768,1024,0.001119972112202605
0803,2.0,0.0196078431372549,blur_noise,gradient,0.05,all,measurement_residual,0.75,768,1024,0.0010999974431006572
0803,2.0,0.0196078431372549,blur_noise,gradient,0.05,all,image_gradient,0.75,768,1024,0.0006590757246414076
0803,2.0,0.0196078431372549,blur_noise,gradient,0.05,all,random_expected,0.75,768,1024,0.001119518349092956
0803,2.0,0.0196078431372549,blur_noise,gradient,0.05,all,oracle_error,0.75,768,1024,0.0005771621563266542
0803,2.0,0.0196078431372549,blur_noise,gradient,0.05,all,operator_spread,0.9,922,1024,0.0008119590065976869
0803,2.0,0.0196078431372549,blur_noise,gradient,0.05,all,measurement_noise_spread,0.9,922,1024,0.001132729371063831
0803,2.0,0.0196078431372549,blur_noise,gradient,0.05,all,measurement_residual,0.9,922,1024,0.0011141463866300085
0803,2.0,0.0196078431372549,blur_noise,gradient,0.05,all,image_gradient,0.9,922,1024,0.0008470865498679956
0803,2.0,0.0196078431372549,blur_noise,gradient,0.05,all,random_expected,0.9,922,1024,0.001119518349092956
0803,2.0,0.0196078431372549,blur_noise,gradient,0.05,all,oracle_error,0.9,922,1024,0.0007667403974902738
0803,2.0,0.0196078431372549,blur_noise,gradient,0.05,all,operator_spread,1.0,1024,1024,0.0011195183490929563
0803,2.0,0.0196078431372549,blur_noise,gradient,0.05,all,measurement_noise_spread,1.0,1024,1024,0.001119518349092956
0803,2.0,0.0196078431372549,blur_noise,gradient,0.05,all,measurement_residual,1.0,1024,1024,0.0011195183490929563
0803,2.0,0.0196078431372549,blur_noise,gradient,0.05,all,image_gradient,1.0,1024,1024,0.001119518349092956
0803,2.0,0.0196078431372549,blur_noise,gradient,0.05,all,random_expected,1.0,1024,1024,0.001119518349092956
0803,2.0,0.0196078431372549,blur_noise,gradient,0.05,all,oracle_error,1.0,1024,1024,0.0011195183490929563
0803,2.0,0.0196078431372549,blur_noise,gradient,0.05,textured_quartile,operator_spread,0.5,128,256,0.0017225910069319993
0803,2.0,0.0196078431372549,blur_noise,gradient,0.05,textured_quartile,measurement_noise_spread,0.5,128,256,0.0026700928482390916
0803,2.0,0.0196078431372549,blur_noise,gradient,0.05,textured_quartile,measurement_residual,0.5,128,256,0.0027448369515178286
0803,2.0,0.0196078431372549,blur_noise,gradient,0.05,textured_quartile,image_gradient,0.5,128,256,0.001993876571716342
0803,2.0,0.0196078431372549,blur_noise,gradient,0.05,textured_quartile,random_expected,0.5,128,256,0.0026692889840128665
0803,2.0,0.0196078431372549,blur_noise,gradient,0.05,textured_quartile,oracle_error,0.5,128,256,0.0014484411722939978
0803,2.0,0.0196078431372549,blur_noise,gradient,0.05,textured_quartile,operator_spread,0.75,192,256,0.0020359059357371884
0803,2.0,0.0196078431372549,blur_noise,gradient,0.05,textured_quartile,measurement_noise_spread,0.75,192,256,0.00267485786096595
0803,2.0,0.0196078431372549,blur_noise,gradient,0.05,textured_quartile,measurement_residual,0.75,192,256,0.0026781590252518256
0803,2.0,0.0196078431372549,blur_noise,gradient,0.05,textured_quartile,image_gradient,0.75,192,256,0.0021952867703825415
0803,2.0,0.0196078431372549,blur_noise,gradient,0.05,textured_quartile,random_expected,0.75,192,256,0.0026692889840128665
0803,2.0,0.0196078431372549,blur_noise,gradient,0.05,textured_quartile,oracle_error,0.75,192,256,0.0018648415148989662
0803,2.0,0.0196078431372549,blur_noise,gradient,0.05,textured_quartile,operator_spread,0.9,231,256,0.002332171554525192
0803,2.0,0.0196078431372549,blur_noise,gradient,0.05,textured_quartile,measurement_noise_spread,0.9,231,256,0.00270459398811139
0803,2.0,0.0196078431372549,blur_noise,gradient,0.05,textured_quartile,measurement_residual,0.9,231,256,0.0026500230997628564
0803,2.0,0.0196078431372549,blur_noise,gradient,0.05,textured_quartile,image_gradient,0.9,231,256,0.0024188699074909207
0803,2.0,0.0196078431372549,blur_noise,gradient,0.05,textured_quartile,random_expected,0.9,231,256,0.0026692889840128665
0803,2.0,0.0196078431372549,blur_noise,gradient,0.05,textured_quartile,oracle_error,0.9,231,256,0.0022513015875560588
0803,2.0,0.0196078431372549,blur_noise,gradient,0.05,textured_quartile,operator_spread,1.0,256,256,0.0026692889840128665
0803,2.0,0.0196078431372549,blur_noise,gradient,0.05,textured_quartile,measurement_noise_spread,1.0,256,256,0.0026692889840128665
0803,2.0,0.0196078431372549,blur_noise,gradient,0.05,textured_quartile,measurement_residual,1.0,256,256,0.0026692889840128665
0803,2.0,0.0196078431372549,blur_noise,gradient,0.05,textured_quartile,image_gradient,1.0,256,256,0.0026692889840128665
0803,2.0,0.0196078431372549,blur_noise,gradient,0.05,textured_quartile,random_expected,1.0,256,256,0.0026692889840128665
0803,2.0,0.0196078431372549,blur_noise,gradient,0.05,textured_quartile,oracle_error,1.0,256,256,0.0026692889840128665
0803,2.0,0.0196078431372549,blur_noise_jpeg,ridge,0.05,all,operator_spread,0.5,512,1024,0.0011115098387282415
0803,2.0,0.0196078431372549,blur_noise_jpeg,ridge,0.05,all,measurement_noise_spread,0.5,512,1024,0.0018560884563475467
0803,2.0,0.0196078431372549,blur_noise_jpeg,ridge,0.05,all,measurement_residual,0.5,512,1024,0.001689247794568701
0803,2.0,0.0196078431372549,blur_noise_jpeg,ridge,0.05,all,image_gradient,0.5,512,1024,0.0010923919554801118
0803,2.0,0.0196078431372549,blur_noise_jpeg,ridge,0.05,all,random_expected,0.5,512,1024,0.0018608878637307925
0803,2.0,0.0196078431372549,blur_noise_jpeg,ridge,0.05,all,oracle_error,0.5,512,1024,0.0009355954721409855
0803,2.0,0.0196078431372549,blur_noise_jpeg,ridge,0.05,all,operator_spread,0.75,768,1024,0.0013399699202106367
0803,2.0,0.0196078431372549,blur_noise_jpeg,ridge,0.05,all,measurement_noise_spread,0.75,768,1024,0.0018800137680179286
0803,2.0,0.0196078431372549,blur_noise_jpeg,ridge,0.05,all,measurement_residual,0.75,768,1024,0.0017275321095528591
0803,2.0,0.0196078431372549,blur_noise_jpeg,ridge,0.05,all,image_gradient,0.75,768,1024,0.0013090562554213224
0803,2.0,0.0196078431372549,blur_noise_jpeg,ridge,0.05,all,random_expected,0.75,768,1024,0.0018608878637307925
0803,2.0,0.0196078431372549,blur_noise_jpeg,ridge,0.05,all,oracle_error,0.75,768,1024,0.0012205077561870856
0803,2.0,0.0196078431372549,blur_noise_jpeg,ridge,0.05,all,operator_spread,0.9,922,1024,0.001551690669592184
0803,2.0,0.0196078431372549,blur_noise_jpeg,ridge,0.05,all,measurement_noise_spread,0.9,922,1024,0.0018668414086072528
0803,2.0,0.0196078431372549,blur_noise_jpeg,ridge,0.05,all,measurement_residual,0.9,922,1024,0.0017588155905215205
0803,2.0,0.0196078431372549,blur_noise_jpeg,ridge,0.05,all,image_gradient,0.9,922,1024,0.001548449268295069
0803,2.0,0.0196078431372549,blur_noise_jpeg,ridge,0.05,all,random_expected,0.9,922,1024,0.0018608878637307925
0803,2.0,0.0196078431372549,blur_noise_jpeg,ridge,0.05,all,oracle_error,0.9,922,1024,0.0014770941336992745
0803,2.0,0.0196078431372549,blur_noise_jpeg,ridge,0.05,all,operator_spread,1.0,1024,1024,0.001860887863730792
0803,2.0,0.0196078431372549,blur_noise_jpeg,ridge,0.05,all,measurement_noise_spread,1.0,1024,1024,0.0018608878637307923
0803,2.0,0.0196078431372549,blur_noise_jpeg,ridge,0.05,all,measurement_residual,1.0,1024,1024,0.001860887863730792
0803,2.0,0.0196078431372549,blur_noise_jpeg,ridge,0.05,all,image_gradient,1.0,1024,1024,0.001860887863730792
0803,2.0,0.0196078431372549,blur_noise_jpeg,ridge,0.05,all,random_expected,1.0,1024,1024,0.0018608878637307925
0803,2.0,0.0196078431372549,blur_noise_jpeg,ridge,0.05,all,oracle_error,1.0,1024,1024,0.0018608878637307923
0803,2.0,0.0196078431372549,blur_noise_jpeg,ridge,0.05,textured_quartile,operator_spread,0.5,128,256,0.002700499763387992
0803,2.0,0.0196078431372549,blur_noise_jpeg,ridge,0.05,textured_quartile,measurement_noise_spread,0.5,128,256,0.003545172985147579
0803,2.0,0.0196078431372549,blur_noise_jpeg,ridge,0.05,textured_quartile,measurement_residual,0.5,128,256,0.0034793171805651123
0803,2.0,0.0196078431372549,blur_noise_jpeg,ridge,0.05,textured_quartile,image_gradient,0.5,128,256,0.0027558036476824756
0803,2.0,0.0196078431372549,blur_noise_jpeg,ridge,0.05,textured_quartile,random_expected,0.5,128,256,0.0035892308360622005
0803,2.0,0.0196078431372549,blur_noise_jpeg,ridge,0.05,textured_quartile,oracle_error,0.5,128,256,0.002282589291345384
0803,2.0,0.0196078431372549,blur_noise_jpeg,ridge,0.05,textured_quartile,operator_spread,0.75,192,256,0.00296037574783577
0803,2.0,0.0196078431372549,blur_noise_jpeg,ridge,0.05,textured_quartile,measurement_noise_spread,0.75,192,256,0.0035125003464327263
0803,2.0,0.0196078431372549,blur_noise_jpeg,ridge,0.05,textured_quartile,measurement_residual,0.75,192,256,0.0035472307993233234
0803,2.0,0.0196078431372549,blur_noise_jpeg,ridge,0.05,textured_quartile,image_gradient,0.75,192,256,0.0030008231973047915
0803,2.0,0.0196078431372549,blur_noise_jpeg,ridge,0.05,textured_quartile,random_expected,0.75,192,256,0.0035892308360622005
0803,2.0,0.0196078431372549,blur_noise_jpeg,ridge,0.05,textured_quartile,oracle_error,0.75,192,256,0.0027367469146314227
0803,2.0,0.0196078431372549,blur_noise_jpeg,ridge,0.05,textured_quartile,operator_spread,0.9,231,256,0.0033122604493047714
0803,2.0,0.0196078431372549,blur_noise_jpeg,ridge,0.05,textured_quartile,measurement_noise_spread,0.9,231,256,0.003577488689753032
0803,2.0,0.0196078431372549,blur_noise_jpeg,ridge,0.05,textured_quartile,measurement_residual,0.9,231,256,0.003552763536430268
0803,2.0,0.0196078431372549,blur_noise_jpeg,ridge,0.05,textured_quartile,image_gradient,0.9,231,256,0.0033000597215289574
0803,2.0,0.0196078431372549,blur_noise_jpeg,ridge,0.05,textured_quartile,random_expected,0.9,231,256,0.0035892308360622005
0803,2.0,0.0196078431372549,blur_noise_jpeg,ridge,0.05,textured_quartile,oracle_error,0.9,231,256,0.0031558339222202696
0803,2.0,0.0196078431372549,blur_noise_jpeg,ridge,0.05,textured_quartile,operator_spread,1.0,256,256,0.003589230836062201
0803,2.0,0.0196078431372549,blur_noise_jpeg,ridge,0.05,textured_quartile,measurement_noise_spread,1.0,256,256,0.0035892308360622005
0803,2.0,0.0196078431372549,blur_noise_jpeg,ridge,0.05,textured_quartile,measurement_residual,1.0,256,256,0.0035892308360622005
0803,2.0,0.0196078431372549,blur_noise_jpeg,ridge,0.05,textured_quartile,image_gradient,1.0,256,256,0.0035892308360622005
0803,2.0,0.0196078431372549,blur_noise_jpeg,ridge,0.05,textured_quartile,random_expected,1.0,256,256,0.0035892308360622005
0803,2.0,0.0196078431372549,blur_noise_jpeg,ridge,0.05,textured_quartile,oracle_error,1.0,256,256,0.0035892308360622
0803,2.0,0.0196078431372549,blur_noise_jpeg,gradient,0.05,all,operator_spread,0.5,512,1024,0.00042656515095205024
0803,2.0,0.0196078431372549,blur_noise_jpeg,gradient,0.05,all,measurement_noise_spread,0.5,512,1024,0.0010779260595083942
0803,2.0,0.0196078431372549,blur_noise_jpeg,gradient,0.05,all,measurement_residual,0.5,512,1024,0.0005583538496187542
0803,2.0,0.0196078431372549,blur_noise_jpeg,gradient,0.05,all,image_gradient,0.5,512,1024,0.0004169576847902229
0803,2.0,0.0196078431372549,blur_noise_jpeg,gradient,0.05,all,random_expected,0.5,512,1024,0.0010994713825810206
0803,2.0,0.0196078431372549,blur_noise_jpeg,gradient,0.05,all,oracle_error,0.5,512,1024,0.00035997123380361856
0803,2.0,0.0196078431372549,blur_noise_jpeg,gradient,0.05,all,operator_spread,0.75,768,1024,0.0005989767935299812
0803,2.0,0.0196078431372549,blur_noise_jpeg,gradient,0.05,all,measurement_noise_spread,0.75,768,1024,0.0010929721831248636
0803,2.0,0.0196078431372549,blur_noise_jpeg,gradient,0.05,all,measurement_residual,0.75,768,1024,0.0007485269299121038
0803,2.0,0.0196078431372549,blur_noise_jpeg,gradient,0.05,all,image_gradient,0.75,768,1024,0.0006171676586379729
0803,2.0,0.0196078431372549,blur_noise_jpeg,gradient,0.05,all,random_expected,0.75,768,1024,0.0010994713825810206
0803,2.0,0.0196078431372549,blur_noise_jpeg,gradient,0.05,all,oracle_error,0.75,768,1024,0.0005448110230243094
0803,2.0,0.0196078431372549,blur_noise_jpeg,gradient,0.05,all,operator_spread,0.9,922,1024,0.0007819791352807236
0803,2.0,0.0196078431372549,blur_noise_jpeg,gradient,0.05,all,measurement_noise_spread,0.9,922,1024,0.0011122503746379252
0803,2.0,0.0196078431372549,blur_noise_jpeg,gradient,0.05,all,measurement_residual,0.9,922,1024,0.0009130607887196295
0803,2.0,0.0196078431372549,blur_noise_jpeg,gradient,0.05,all,image_gradient,0.9,922,1024,0.0008220877790347443
0803,2.0,0.0196078431372549,blur_noise_jpeg,gradient,0.05,all,random_expected,0.9,922,1024,0.0010994713825810206
0803,2.0,0.0196078431372549,blur_noise_jpeg,gradient,0.05,all,oracle_error,0.9,922,1024,0.0007423215136011995
0803,2.0,0.0196078431372549,blur_noise_jpeg,gradient,0.05,all,operator_spread,1.0,1024,1024,0.0010994713825810206
0803,2.0,0.0196078431372549,blur_noise_jpeg,gradient,0.05,all,measurement_noise_spread,1.0,1024,1024,0.0010994713825810203
0803,2.0,0.0196078431372549,blur_noise_jpeg,gradient,0.05,all,measurement_residual,1.0,1024,1024,0.0010994713825810206
0803,2.0,0.0196078431372549,blur_noise_jpeg,gradient,0.05,all,image_gradient,1.0,1024,1024,0.0010994713825810206
0803,2.0,0.0196078431372549,blur_noise_jpeg,gradient,0.05,all,random_expected,1.0,1024,1024,0.0010994713825810206
0803,2.0,0.0196078431372549,blur_noise_jpeg,gradient,0.05,all,oracle_error,1.0,1024,1024,0.0010994713825810206
0803,2.0,0.0196078431372549,blur_noise_jpeg,gradient,0.05,textured_quartile,operator_spread,0.5,128,256,0.0017677924377730836
0803,2.0,0.0196078431372549,blur_noise_jpeg,gradient,0.05,textured_quartile,measurement_noise_spread,0.5,128,256,0.002679731141366555
0803,2.0,0.0196078431372549,blur_noise_jpeg,gradient,0.05,textured_quartile,measurement_residual,0.5,128,256,0.0021721072581563396
0803,2.0,0.0196078431372549,blur_noise_jpeg,gradient,0.05,textured_quartile,image_gradient,0.5,128,256,0.002001131198105743
0803,2.0,0.0196078431372549,blur_noise_jpeg,gradient,0.05,textured_quartile,random_expected,0.5,128,256,0.002684545374102526
0803,2.0,0.0196078431372549,blur_noise_jpeg,gradient,0.05,textured_quartile,oracle_error,0.5,128,256,0.0014574407381965477
0803,2.0,0.0196078431372549,blur_noise_jpeg,gradient,0.05,textured_quartile,operator_spread,0.75,192,256,0.0020612080722022075
0803,2.0,0.0196078431372549,blur_noise_jpeg,gradient,0.05,textured_quartile,measurement_noise_spread,0.75,192,256,0.002670381911948693
0803,2.0,0.0196078431372549,blur_noise_jpeg,gradient,0.05,textured_quartile,measurement_residual,0.75,192,256,0.002394402983148688
0803,2.0,0.0196078431372549,blur_noise_jpeg,gradient,0.05,textured_quartile,image_gradient,0.75,192,256,0.002194195467321841
0803,2.0,0.0196078431372549,blur_noise_jpeg,gradient,0.05,textured_quartile,random_expected,0.75,192,256,0.002684545374102526
0803,2.0,0.0196078431372549,blur_noise_jpeg,gradient,0.05,textured_quartile,oracle_error,0.75,192,256,0.0018813068813200925
0803,2.0,0.0196078431372549,blur_noise_jpeg,gradient,0.05,textured_quartile,operator_spread,0.9,231,256,0.002333533867745432
0803,2.0,0.0196078431372549,blur_noise_jpeg,gradient,0.05,textured_quartile,measurement_noise_spread,0.9,231,256,0.0027173746930551964
0803,2.0,0.0196078431372549,blur_noise_jpeg,gradient,0.05,textured_quartile,measurement_residual,0.9,231,256,0.0025479748521936665
0803,2.0,0.0196078431372549,blur_noise_jpeg,gradient,0.05,textured_quartile,image_gradient,0.9,231,256,0.0024243256655887982
0803,2.0,0.0196078431372549,blur_noise_jpeg,gradient,0.05,textured_quartile,random_expected,0.9,231,256,0.002684545374102526
0803,2.0,0.0196078431372549,blur_noise_jpeg,gradient,0.05,textured_quartile,oracle_error,0.9,231,256,0.0022639759550322856
0803,2.0,0.0196078431372549,blur_noise_jpeg,gradient,0.05,textured_quartile,operator_spread,1.0,256,256,0.002684545374102526
0803,2.0,0.0196078431372549,blur_noise_jpeg,gradient,0.05,textured_quartile,measurement_noise_spread,1.0,256,256,0.0026845453741025263
0803,2.0,0.0196078431372549,blur_noise_jpeg,gradient,0.05,textured_quartile,measurement_residual,1.0,256,256,0.002684545374102526
0803,2.0,0.0196078431372549,blur_noise_jpeg,gradient,0.05,textured_quartile,image_gradient,1.0,256,256,0.0026845453741025263
0803,2.0,0.0196078431372549,blur_noise_jpeg,gradient,0.05,textured_quartile,random_expected,1.0,256,256,0.002684545374102526
0803,2.0,0.0196078431372549,blur_noise_jpeg,gradient,0.05,textured_quartile,oracle_error,1.0,256,256,0.0026845453741025267
0804,1.2,0.00784313725490196,blur_noise,ridge,0.05,all,operator_spread,0.5,512,1024,0.0010282339691685622
0804,1.2,0.00784313725490196,blur_noise,ridge,0.05,all,measurement_noise_spread,0.5,512,1024,0.0017203913486207368
0804,1.2,0.00784313725490196,blur_noise,ridge,0.05,all,measurement_residual,0.5,512,1024,0.0011392747607809665
0804,1.2,0.00784313725490196,blur_noise,ridge,0.05,all,image_gradient,0.5,512,1024,0.0010695330154903318
0804,1.2,0.00784313725490196,blur_noise,ridge,0.05,all,random_expected,0.5,512,1024,0.0016898890993606705
0804,1.2,0.00784313725490196,blur_noise,ridge,0.05,all,oracle_error,0.5,512,1024,0.0008444916155111256
0804,1.2,0.00784313725490196,blur_noise,ridge,0.05,all,operator_spread,0.75,768,1024,0.001229584162663656
0804,1.2,0.00784313725490196,blur_noise,ridge,0.05,all,measurement_noise_spread,0.75,768,1024,0.0017166764028495485
0804,1.2,0.00784313725490196,blur_noise,ridge,0.05,all,measurement_residual,0.75,768,1024,0.0014592776379295255
0804,1.2,0.00784313725490196,blur_noise,ridge,0.05,all,image_gradient,0.75,768,1024,0.0012902145345567
0804,1.2,0.00784313725490196,blur_noise,ridge,0.05,all,random_expected,0.75,768,1024,0.0016898890993606705
0804,1.2,0.00784313725490196,blur_noise,ridge,0.05,all,oracle_error,0.75,768,1024,0.001151315720386901
0804,1.2,0.00784313725490196,blur_noise,ridge,0.05,all,operator_spread,0.9,922,1024,0.001448120973069261
0804,1.2,0.00784313725490196,blur_noise,ridge,0.05,all,measurement_noise_spread,0.9,922,1024,0.001702519542783142
0804,1.2,0.00784313725490196,blur_noise,ridge,0.05,all,measurement_residual,0.9,922,1024,0.0016407054627099252
0804,1.2,0.00784313725490196,blur_noise,ridge,0.05,all,image_gradient,0.9,922,1024,0.0014763502569695433
0804,1.2,0.00784313725490196,blur_noise,ridge,0.05,all,random_expected,0.9,922,1024,0.0016898890993606705
0804,1.2,0.00784313725490196,blur_noise,ridge,0.05,all,oracle_error,0.9,922,1024,0.001403715225060316
0804,1.2,0.00784313725490196,blur_noise,ridge,0.05,all,operator_spread,1.0,1024,1024,0.0016898890993606703
0804,1.2,0.00784313725490196,blur_noise,ridge,0.05,all,measurement_noise_spread,1.0,1024,1024,0.0016898890993606705
0804,1.2,0.00784313725490196,blur_noise,ridge,0.05,all,measurement_residual,1.0,1024,1024,0.0016898890993606705
0804,1.2,0.00784313725490196,blur_noise,ridge,0.05,all,image_gradient,1.0,1024,1024,0.0016898890993606705
0804,1.2,0.00784313725490196,blur_noise,ridge,0.05,all,random_expected,1.0,1024,1024,0.0016898890993606705
0804,1.2,0.00784313725490196,blur_noise,ridge,0.05,all,oracle_error,1.0,1024,1024,0.0016898890993606707
0804,1.2,0.00784313725490196,blur_noise,ridge,0.05,textured_quartile,operator_spread,0.5,128,256,0.0025700502408266936
0804,1.2,0.00784313725490196,blur_noise,ridge,0.05,textured_quartile,measurement_noise_spread,0.5,128,256,0.0032789665098872526
0804,1.2,0.00784313725490196,blur_noise,ridge,0.05,textured_quartile,measurement_residual,0.5,128,256,0.0024534232699696275
0804,1.2,0.00784313725490196,blur_noise,ridge,0.05,textured_quartile,image_gradient,0.5,128,256,0.0028458450947262785
0804,1.2,0.00784313725490196,blur_noise,ridge,0.05,textured_quartile,random_expected,0.5,128,256,0.0031307507765458804
0804,1.2,0.00784313725490196,blur_noise,ridge,0.05,textured_quartile,oracle_error,0.5,128,256,0.002199732615469625
0804,1.2,0.00784313725490196,blur_noise,ridge,0.05,textured_quartile,operator_spread,0.75,192,256,0.002769567648324662
0804,1.2,0.00784313725490196,blur_noise,ridge,0.05,textured_quartile,measurement_noise_spread,0.75,192,256,0.0031821232989912482
0804,1.2,0.00784313725490196,blur_noise,ridge,0.05,textured_quartile,measurement_residual,0.75,192,256,0.002853189732219433
0804,1.2,0.00784313725490196,blur_noise,ridge,0.05,textured_quartile,image_gradient,0.75,192,256,0.002797878118168718
0804,1.2,0.00784313725490196,blur_noise,ridge,0.05,textured_quartile,random_expected,0.75,192,256,0.0031307507765458804
0804,1.2,0.00784313725490196,blur_noise,ridge,0.05,textured_quartile,oracle_error,0.75,192,256,0.0026085676124292627
0804,1.2,0.00784313725490196,blur_noise,ridge,0.05,textured_quartile,operator_spread,0.9,231,256,0.002959931210289518
0804,1.2,0.00784313725490196,blur_noise,ridge,0.05,textured_quartile,measurement_noise_spread,0.9,231,256,0.003146701262088342
0804,1.2,0.00784313725490196,blur_noise,ridge,0.05,textured_quartile,measurement_residual,0.9,231,256,0.0030740231509341705
0804,1.2,0.00784313725490196,blur_noise,ridge,0.05,textured_quartile,image_gradient,0.9,231,256,0.0029707948348098086
0804,1.2,0.00784313725490196,blur_noise,ridge,0.05,textured_quartile,random_expected,0.9,231,256,0.0031307507765458804
0804,1.2,0.00784313725490196,blur_noise,ridge,0.05,textured_quartile,oracle_error,0.9,231,256,0.002863124991498956
0804,1.2,0.00784313725490196,blur_noise,ridge,0.05,textured_quartile,operator_spread,1.0,256,256,0.0031307507765458804
0804,1.2,0.00784313725490196,blur_noise,ridge,0.05,textured_quartile,measurement_noise_spread,1.0,256,256,0.0031307507765458804
0804,1.2,0.00784313725490196,blur_noise,ridge,0.05,textured_quartile,measurement_residual,1.0,256,256,0.0031307507765458804
0804,1.2,0.00784313725490196,blur_noise,ridge,0.05,textured_quartile,image_gradient,1.0,256,256,0.0031307507765458804
0804,1.2,0.00784313725490196,blur_noise,ridge,0.05,textured_quartile,random_expected,1.0,256,256,0.0031307507765458804
0804,1.2,0.00784313725490196,blur_noise,ridge,0.05,textured_quartile,oracle_error,1.0,256,256,0.00313075077654588
0804,1.2,0.00784313725490196,blur_noise,gradient,0.05,all,operator_spread,0.5,512,1024,0.0003528398919596442
0804,1.2,0.00784313725490196,blur_noise,gradient,0.05,all,measurement_noise_spread,0.5,512,1024,0.0011277642313298536
0804,1.2,0.00784313725490196,blur_noise,gradient,0.05,all,measurement_residual,0.5,512,1024,0.0003350961029701802
0804,1.2,0.00784313725490196,blur_noise,gradient,0.05,all,image_gradient,0.5,512,1024,0.000389649290219353
0804,1.2,0.00784313725490196,blur_noise,gradient,0.05,all,random_expected,0.5,512,1024,0.0011119667964254384
0804,1.2,0.00784313725490196,blur_noise,gradient,0.05,all,oracle_error,0.5,512,1024,0.00028868218151900524
0804,1.2,0.00784313725490196,blur_noise,gradient,0.05,all,operator_spread,0.75,768,1024,0.00064514352225575
0804,1.2,0.00784313725490196,blur_noise,gradient,0.05,all,measurement_noise_spread,0.75,768,1024,0.0011392360990886605
0804,1.2,0.00784313725490196,blur_noise,gradient,0.05,all,measurement_residual,0.75,768,1024,0.0005821215115759715
0804,1.2,0.00784313725490196,blur_noise,gradient,0.05,all,image_gradient,0.75,768,1024,0.0007041999503196447
0804,1.2,0.00784313725490196,blur_noise,gradient,0.05,all,random_expected,0.75,768,1024,0.0011119667964254384
0804,1.2,0.00784313725490196,blur_noise,gradient,0.05,all,oracle_error,0.75,768,1024,0.0005518214392439837
0804,1.2,0.00784313725490196,blur_noise,gradient,0.05,all,operator_spread,0.9,922,1024,0.0008729951272418863
0804,1.2,0.00784313725490196,blur_noise,gradient,0.05,all,measurement_noise_spread,0.9,922,1024,0.001130001099626595
0804,1.2,0.00784313725490196,blur_noise,gradient,0.05,all,measurement_residual,0.9,922,1024,0.0008306619046886454
0804,1.2,0.00784313725490196,blur_noise,gradient,0.05,all,image_gradient,0.9,922,1024,0.0008935658617758503
0804,1.2,0.00784313725490196,blur_noise,gradient,0.05,all,random_expected,0.9,922,1024,0.0011119667964254384
0804,1.2,0.00784313725490196,blur_noise,gradient,0.05,all,oracle_error,0.9,922,1024,0.0008096641667946515
0804,1.2,0.00784313725490196,blur_noise,gradient,0.05,all,operator_spread,1.0,1024,1024,0.0011119667964254387
0804,1.2,0.00784313725490196,blur_noise,gradient,0.05,all,measurement_noise_spread,1.0,1024,1024,0.0011119667964254387
0804,1.2,0.00784313725490196,blur_noise,gradient,0.05,all,measurement_residual,1.0,1024,1024,0.0011119667964254384
0804,1.2,0.00784313725490196,blur_noise,gradient,0.05,all,image_gradient,1.0,1024,1024,0.0011119667964254384
0804,1.2,0.00784313725490196,blur_noise,gradient,0.05,all,random_expected,1.0,1024,1024,0.0011119667964254384
0804,1.2,0.00784313725490196,blur_noise,gradient,0.05,all,oracle_error,1.0,1024,1024,0.0011119667964254384
0804,1.2,0.00784313725490196,blur_noise,gradient,0.05,textured_quartile,operator_spread,0.5,128,256,0.002244233385774068
0804,1.2,0.00784313725490196,blur_noise,gradient,0.05,textured_quartile,measurement_noise_spread,0.5,128,256,0.002783751373966422
0804,1.2,0.00784313725490196,blur_noise,gradient,0.05,textured_quartile,measurement_residual,0.5,128,256,0.0019596603264066563
0804,1.2,0.00784313725490196,blur_noise,gradient,0.05,textured_quartile,image_gradient,0.5,128,256,0.002484363796109084
0804,1.2,0.00784313725490196,blur_noise,gradient,0.05,textured_quartile,random_expected,0.5,128,256,0.0026797994797809433
0804,1.2,0.00784313725490196,blur_noise,gradient,0.05,textured_quartile,oracle_error,0.5,128,256,0.0017732270256780392
0804,1.2,0.00784313725490196,blur_noise,gradient,0.05,textured_quartile,operator_spread,0.75,192,256,0.002344702042757618
0804,1.2,0.00784313725490196,blur_noise,gradient,0.05,textured_quartile,measurement_noise_spread,0.75,192,256,0.002759635109753381
0804,1.2,0.00784313725490196,blur_noise,gradient,0.05,textured_quartile,measurement_residual,0.75,192,256,0.002210871483922725
0804,1.2,0.00784313725490196,blur_noise,gradient,0.05,textured_quartile,image_gradient,0.75,192,256,0.002421987322314244
0804,1.2,0.00784313725490196,blur_noise,gradient,0.05,textured_quartile,random_expected,0.75,192,256,0.0026797994797809433
0804,1.2,0.00784313725490196,blur_noise,gradient,0.05,textured_quartile,oracle_error,0.75,192,256,0.002128404559347339
0804,1.2,0.00784313725490196,blur_noise,gradient,0.05,textured_quartile,operator_spread,0.9,231,256,0.0025202654433597255
0804,1.2,0.00784313725490196,blur_noise,gradient,0.05,textured_quartile,measurement_noise_spread,0.9,231,256,0.0027024095010876386
0804,1.2,0.00784313725490196,blur_noise,gradient,0.05,textured_quartile,measurement_residual,0.9,231,256,0.0024262177145320243
0804,1.2,0.00784313725490196,blur_noise,gradient,0.05,textured_quartile,image_gradient,0.9,231,256,0.0025435917627376374
0804,1.2,0.00784313725490196,blur_noise,gradient,0.05,textured_quartile,random_expected,0.9,231,256,0.0026797994797809433
0804,1.2,0.00784313725490196,blur_noise,gradient,0.05,textured_quartile,oracle_error,0.9,231,256,0.0023912963134884277
0804,1.2,0.00784313725490196,blur_noise,gradient,0.05,textured_quartile,operator_spread,1.0,256,256,0.0026797994797809433
0804,1.2,0.00784313725490196,blur_noise,gradient,0.05,textured_quartile,measurement_noise_spread,1.0,256,256,0.0026797994797809433
0804,1.2,0.00784313725490196,blur_noise,gradient,0.05,textured_quartile,measurement_residual,1.0,256,256,0.0026797994797809438
0804,1.2,0.00784313725490196,blur_noise,gradient,0.05,textured_quartile,image_gradient,1.0,256,256,0.0026797994797809438
0804,1.2,0.00784313725490196,blur_noise,gradient,0.05,textured_quartile,random_expected,1.0,256,256,0.0026797994797809433
0804,1.2,0.00784313725490196,blur_noise,gradient,0.05,textured_quartile,oracle_error,1.0,256,256,0.0026797994797809433
0804,1.2,0.00784313725490196,blur_noise_jpeg,ridge,0.05,all,operator_spread,0.5,512,1024,0.001082887164268755
0804,1.2,0.00784313725490196,blur_noise_jpeg,ridge,0.05,all,measurement_noise_spread,0.5,512,1024,0.0019070010627375037
0804,1.2,0.00784313725490196,blur_noise_jpeg,ridge,0.05,all,measurement_residual,0.5,512,1024,0.0012950679406173358
0804,1.2,0.00784313725490196,blur_noise_jpeg,ridge,0.05,all,image_gradient,0.5,512,1024,0.0011173962613348415
0804,1.2,0.00784313725490196,blur_noise_jpeg,ridge,0.05,all,random_expected,0.5,512,1024,0.0018575437481986494
0804,1.2,0.00784313725490196,blur_noise_jpeg,ridge,0.05,all,oracle_error,0.5,512,1024,0.000928183696333618
0804,1.2,0.00784313725490196,blur_noise_jpeg,ridge,0.05,all,operator_spread,0.75,768,1024,0.0013327222422912265
0804,1.2,0.00784313725490196,blur_noise_jpeg,ridge,0.05,all,measurement_noise_spread,0.75,768,1024,0.0018914238565844075
0804,1.2,0.00784313725490196,blur_noise_jpeg,ridge,0.05,all,measurement_residual,0.75,768,1024,0.001637478300080367
0804,1.2,0.00784313725490196,blur_noise_jpeg,ridge,0.05,all,image_gradient,0.75,768,1024,0.0014005637859753808
0804,1.2,0.00784313725490196,blur_noise_jpeg,ridge,0.05,all,random_expected,0.75,768,1024,0.0018575437481986494
0804,1.2,0.00784313725490196,blur_noise_jpeg,ridge,0.05,all,oracle_error,0.75,768,1024,0.0012526815235272821
0804,1.2,0.00784313725490196,blur_noise_jpeg,ridge,0.05,all,operator_spread,0.9,922,1024,0.0015840033440746946
0804,1.2,0.00784313725490196,blur_noise_jpeg,ridge,0.05,all,measurement_noise_spread,0.9,922,1024,0.0018720761520029541
0804,1.2,0.00784313725490196,blur_noise_jpeg,ridge,0.05,all,measurement_residual,0.9,922,1024,0.0018206625443978374
0804,1.2,0.00784313725490196,blur_noise_jpeg,ridge,0.05,all,image_gradient,0.9,922,1024,0.0016185089343935778
0804,1.2,0.00784313725490196,blur_noise_jpeg,ridge,0.05,all,random_expected,0.9,922,1024,0.0018575437481986494
0804,1.2,0.00784313725490196,blur_noise_jpeg,ridge,0.05,all,oracle_error,0.9,922,1024,0.001537782286347024
0804,1.2,0.00784313725490196,blur_noise_jpeg,ridge,0.05,all,operator_spread,1.0,1024,1024,0.0018575437481986494
0804,1.2,0.00784313725490196,blur_noise_jpeg,ridge,0.05,all,measurement_noise_spread,1.0,1024,1024,0.0018575437481986494
0804,1.2,0.00784313725490196,blur_noise_jpeg,ridge,0.05,all,measurement_residual,1.0,1024,1024,0.0018575437481986496
0804,1.2,0.00784313725490196,blur_noise_jpeg,ridge,0.05,all,image_gradient,1.0,1024,1024,0.0018575437481986496
0804,1.2,0.00784313725490196,blur_noise_jpeg,ridge,0.05,all,random_expected,1.0,1024,1024,0.0018575437481986494
0804,1.2,0.00784313725490196,blur_noise_jpeg,ridge,0.05,all,oracle_error,1.0,1024,1024,0.0018575437481986492
0804,1.2,0.00784313725490196,blur_noise_jpeg,ridge,0.05,textured_quartile,operator_spread,0.5,128,256,0.0028599007253319207
0804,1.2,0.00784313725490196,blur_noise_jpeg,ridge,0.05,textured_quartile,measurement_noise_spread,0.5,128,256,0.0036890130102853213
0804,1.2,0.00784313725490196,blur_noise_jpeg,ridge,0.05,textured_quartile,measurement_residual,0.5,128,256,0.002777434355880316
0804,1.2,0.00784313725490196,blur_noise_jpeg,ridge,0.05,textured_quartile,image_gradient,0.5,128,256,0.003156515319152638
0804,1.2,0.00784313725490196,blur_noise_jpeg,ridge,0.05,textured_quartile,random_expected,0.5,128,256,0.0035005713314240922
0804,1.2,0.00784313725490196,blur_noise_jpeg,ridge,0.05,textured_quartile,oracle_error,0.5,128,256,0.002497789380293584
0804,1.2,0.00784313725490196,blur_noise_jpeg,ridge,0.05,textured_quartile,operator_spread,0.75,192,256,0.0030915477398271844
0804,1.2,0.00784313725490196,blur_noise_jpeg,ridge,0.05,textured_quartile,measurement_noise_spread,0.75,192,256,0.0035672766388974548
0804,1.2,0.00784313725490196,blur_noise_jpeg,ridge,0.05,textured_quartile,measurement_residual,0.75,192,256,0.003206389640180952
0804,1.2,0.00784313725490196,blur_noise_jpeg,ridge,0.05,textured_quartile,image_gradient,0.75,192,256,0.003145063656448363
0804,1.2,0.00784313725490196,blur_noise_jpeg,ridge,0.05,textured_quartile,random_expected,0.75,192,256,0.0035005713314240922
0804,1.2,0.00784313725490196,blur_noise_jpeg,ridge,0.05,textured_quartile,oracle_error,0.75,192,256,0.0029354108349464634
0804,1.2,0.00784313725490196,blur_noise_jpeg,ridge,0.05,textured_quartile,operator_spread,0.9,231,256,0.003315796396462956
0804,1.2,0.00784313725490196,blur_noise_jpeg,ridge,0.05,textured_quartile,measurement_noise_spread,0.9,231,256,0.003525387212498092
0804,1.2,0.00784313725490196,blur_noise_jpeg,ridge,0.05,textured_quartile,measurement_residual,0.9,231,256,0.0034546004725974112
0804,1.2,0.00784313725490196,blur_noise_jpeg,ridge,0.05,textured_quartile,image_gradient,0.9,231,256,0.003348019007061329
0804,1.2,0.00784313725490196,blur_noise_jpeg,ridge,0.05,textured_quartile,random_expected,0.9,231,256,0.0035005713314240922
0804,1.2,0.00784313725490196,blur_noise_jpeg,ridge,0.05,textured_quartile,oracle_error,0.9,231,256,0.003216602089915508
0804,1.2,0.00784313725490196,blur_noise_jpeg,ridge,0.05,textured_quartile,operator_spread,1.0,256,256,0.0035005713314240927
0804,1.2,0.00784313725490196,blur_noise_jpeg,ridge,0.05,textured_quartile,measurement_noise_spread,1.0,256,256,0.0035005713314240922
0804,1.2,0.00784313725490196,blur_noise_jpeg,ridge,0.05,textured_quartile,measurement_residual,1.0,256,256,0.0035005713314240927
0804,1.2,0.00784313725490196,blur_noise_jpeg,ridge,0.05,textured_quartile,image_gradient,1.0,256,256,0.0035005713314240927
0804,1.2,0.00784313725490196,blur_noise_jpeg,ridge,0.05,textured_quartile,random_expected,1.0,256,256,0.0035005713314240922
0804,1.2,0.00784313725490196,blur_noise_jpeg,ridge,0.05,textured_quartile,oracle_error,1.0,256,256,0.0035005713314240927
0804,1.2,0.00784313725490196,blur_noise_jpeg,gradient,0.05,all,operator_spread,0.5,512,1024,0.00040832247409239194
0804,1.2,0.00784313725490196,blur_noise_jpeg,gradient,0.05,all,measurement_noise_spread,0.5,512,1024,0.0012622410565645249
0804,1.2,0.00784313725490196,blur_noise_jpeg,gradient,0.05,all,measurement_residual,0.5,512,1024,0.00039649569857679934
0804,1.2,0.00784313725490196,blur_noise_jpeg,gradient,0.05,all,image_gradient,0.5,512,1024,0.00045868272123747276
0804,1.2,0.00784313725490196,blur_noise_jpeg,gradient,0.05,all,random_expected,0.5,512,1024,0.0012394870460727815
0804,1.2,0.00784313725490196,blur_noise_jpeg,gradient,0.05,all,oracle_error,0.5,512,1024,0.0003471962722265092
0804,1.2,0.00784313725490196,blur_noise_jpeg,gradient,0.05,all,operator_spread,0.75,768,1024,0.0007319834259282079
0804,1.2,0.00784313725490196,blur_noise_jpeg,gradient,0.05,all,measurement_noise_spread,0.75,768,1024,0.0012776850822806187
0804,1.2,0.00784313725490196,blur_noise_jpeg,gradient,0.05,all,measurement_residual,0.75,768,1024,0.0007092686499436392
0804,1.2,0.00784313725490196,blur_noise_jpeg,gradient,0.05,all,image_gradient,0.75,768,1024,0.0008072775851886218
0804,1.2,0.00784313725490196,blur_noise_jpeg,gradient,0.05,all,random_expected,0.75,768,1024,0.0012394870460727815
0804,1.2,0.00784313725490196,blur_noise_jpeg,gradient,0.05,all,oracle_error,0.75,768,1024,0.0006408803886035547
0804,1.2,0.00784313725490196,blur_noise_jpeg,gradient,0.05,all,operator_spread,0.9,922,1024,0.0009810387450784072
0804,1.2,0.00784313725490196,blur_noise_jpeg,gradient,0.05,all,measurement_noise_spread,0.9,922,1024,0.0012600137917140224
0804,1.2,0.00784313725490196,blur_noise_jpeg,gradient,0.05,all,measurement_residual,0.9,922,1024,0.0009671574247731562
0804,1.2,0.00784313725490196,blur_noise_jpeg,gradient,0.05,all,image_gradient,0.9,922,1024,0.0010160137202038946
0804,1.2,0.00784313725490196,blur_noise_jpeg,gradient,0.05,all,random_expected,0.9,922,1024,0.0012394870460727815
0804,1.2,0.00784313725490196,blur_noise_jpeg,gradient,0.05,all,oracle_error,0.9,922,1024,0.0009182540306717738
0804,1.2,0.00784313725490196,blur_noise_jpeg,gradient,0.05,all,operator_spread,1.0,1024,1024,0.0012394870460727815
0804,1.2,0.00784313725490196,blur_noise_jpeg,gradient,0.05,all,measurement_noise_spread,1.0,1024,1024,0.0012394870460727815
0804,1.2,0.00784313725490196,blur_noise_jpeg,gradient,0.05,all,measurement_residual,1.0,1024,1024,0.0012394870460727817
0804,1.2,0.00784313725490196,blur_noise_jpeg,gradient,0.05,all,image_gradient,1.0,1024,1024,0.0012394870460727815
0804,1.2,0.00784313725490196,blur_noise_jpeg,gradient,0.05,all,random_expected,1.0,1024,1024,0.0012394870460727815
0804,1.2,0.00784313725490196,blur_noise_jpeg,gradient,0.05,all,oracle_error,1.0,1024,1024,0.0012394870460727817
0804,1.2,0.00784313725490196,blur_noise_jpeg,gradient,0.05,textured_quartile,operator_spread,0.5,128,256,0.0024553206444779666
0804,1.2,0.00784313725490196,blur_noise_jpeg,gradient,0.05,textured_quartile,measurement_noise_spread,0.5,128,256,0.0030498870683537153
0804,1.2,0.00784313725490196,blur_noise_jpeg,gradient,0.05,textured_quartile,measurement_residual,0.5,128,256,0.0023073570017427356
0804,1.2,0.00784313725490196,blur_noise_jpeg,gradient,0.05,textured_quartile,image_gradient,0.5,128,256,0.0027152093215100474
0804,1.2,0.00784313725490196,blur_noise_jpeg,gradient,0.05,textured_quartile,random_expected,0.5,128,256,0.002921768549046412
0804,1.2,0.00784313725490196,blur_noise_jpeg,gradient,0.05,textured_quartile,oracle_error,0.5,128,256,0.0019683557591054306
0804,1.2,0.00784313725490196,blur_noise_jpeg,gradient,0.05,textured_quartile,operator_spread,0.75,192,256,0.0025792973328144643
0804,1.2,0.00784313725490196,blur_noise_jpeg,gradient,0.05,textured_quartile,measurement_noise_spread,0.75,192,256,0.0030165629382280456
0804,1.2,0.00784313725490196,blur_noise_jpeg,gradient,0.05,textured_quartile,measurement_residual,0.75,192,256,0.002491269138538028
0804,1.2,0.00784313725490196,blur_noise_jpeg,gradient,0.05,textured_quartile,image_gradient,0.75,192,256,0.0026547920213407677
0804,1.2,0.00784313725490196,blur_noise_jpeg,gradient,0.05,textured_quartile,random_expected,0.75,192,256,0.002921768549046412
0804,1.2,0.00784313725490196,blur_noise_jpeg,gradient,0.05,textured_quartile,oracle_error,0.75,192,256,0.0023467732225033867
0804,1.2,0.00784313725490196,blur_noise_jpeg,gradient,0.05,textured_quartile,operator_spread,0.9,231,256,0.0027721110691906184
0804,1.2,0.00784313725490196,blur_noise_jpeg,gradient,0.05,textured_quartile,measurement_noise_spread,0.9,231,256,0.0029497034848177434
0804,1.2,0.00784313725490196,blur_noise_jpeg,gradient,0.05,textured_quartile,measurement_residual,0.9,231,256,0.0026849165980260058
0804,1.2,0.00784313725490196,blur_noise_jpeg,gradient,0.05,textured_quartile,image_gradient,0.9,231,256,0.002782707099550166
0804,1.2,0.00784313725490196,blur_noise_jpeg,gradient,0.05,textured_quartile,random_expected,0.9,231,256,0.002921768549046412
0804,1.2,0.00784313725490196,blur_noise_jpeg,gradient,0.05,textured_quartile,oracle_error,0.9,231,256,0.0026228128197889945
0804,1.2,0.00784313725490196,blur_noise_jpeg,gradient,0.05,textured_quartile,operator_spread,1.0,256,256,0.0029217685490464116
0804,1.2,0.00784313725490196,blur_noise_jpeg,gradient,0.05,textured_quartile,measurement_noise_spread,1.0,256,256,0.0029217685490464116
0804,1.2,0.00784313725490196,blur_noise_jpeg,gradient,0.05,textured_quartile,measurement_residual,1.0,256,256,0.0029217685490464116
0804,1.2,0.00784313725490196,blur_noise_jpeg,gradient,0.05,textured_quartile,image_gradient,1.0,256,256,0.0029217685490464116
0804,1.2,0.00784313725490196,blur_noise_jpeg,gradient,0.05,textured_quartile,random_expected,1.0,256,256,0.002921768549046412
0804,1.2,0.00784313725490196,blur_noise_jpeg,gradient,0.05,textured_quartile,oracle_error,1.0,256,256,0.0029217685490464116
0804,1.2,0.0196078431372549,blur_noise,ridge,0.05,all,operator_spread,0.5,512,1024,0.0015311798870153415
0804,1.2,0.0196078431372549,blur_noise,ridge,0.05,all,measurement_noise_spread,0.5,512,1024,0.002198589086892747
0804,1.2,0.0196078431372549,blur_noise,ridge,0.05,all,measurement_residual,0.5,512,1024,0.0016151382407786432
0804,1.2,0.0196078431372549,blur_noise,ridge,0.05,all,image_gradient,0.5,512,1024,0.0015448529754965214
0804,1.2,0.0196078431372549,blur_noise,ridge,0.05,all,random_expected,0.5,512,1024,0.002176818012443046
0804,1.2,0.0196078431372549,blur_noise,ridge,0.05,all,oracle_error,0.5,512,1024,0.0013261152584432634
0804,1.2,0.0196078431372549,blur_noise,ridge,0.05,all,operator_spread,0.75,768,1024,0.0017438177702946238
0804,1.2,0.0196078431372549,blur_noise,ridge,0.05,all,measurement_noise_spread,0.75,768,1024,0.0022075466466594546
0804,1.2,0.0196078431372549,blur_noise,ridge,0.05,all,measurement_residual,0.75,768,1024,0.0019414341777107466
0804,1.2,0.0196078431372549,blur_noise,ridge,0.05,all,image_gradient,0.75,768,1024,0.0017808858811354303
0804,1.2,0.0196078431372549,blur_noise,ridge,0.05,all,random_expected,0.75,768,1024,0.002176818012443046
0804,1.2,0.0196078431372549,blur_noise,ridge,0.05,all,oracle_error,0.75,768,1024,0.0016373594744405774
0804,1.2,0.0196078431372549,blur_noise,ridge,0.05,all,operator_spread,0.9,922,1024,0.001946517217617317
0804,1.2,0.0196078431372549,blur_noise,ridge,0.05,all,measurement_noise_spread,0.9,922,1024,0.0021879314649762074
0804,1.2,0.0196078431372549,blur_noise,ridge,0.05,all,measurement_residual,0.9,922,1024,0.0021275609004759765
0804,1.2,0.0196078431372549,blur_noise,ridge,0.05,all,image_gradient,0.9,922,1024,0.0019652851919985488
0804,1.2,0.0196078431372549,blur_noise,ridge,0.05,all,random_expected,0.9,922,1024,0.002176818012443046
0804,1.2,0.0196078431372549,blur_noise,ridge,0.05,all,oracle_error,0.9,922,1024,0.0018911327272559985
0804,1.2,0.0196078431372549,blur_noise,ridge,0.05,all,operator_spread,1.0,1024,1024,0.0021768180124430454
0804,1.2,0.0196078431372549,blur_noise,ridge,0.05,all,measurement_noise_spread,1.0,1024,1024,0.0021768180124430454
0804,1.2,0.0196078431372549,blur_noise,ridge,0.05,all,measurement_residual,1.0,1024,1024,0.0021768180124430454
0804,1.2,0.0196078431372549,blur_noise,ridge,0.05,all,image_gradient,1.0,1024,1024,0.0021768180124430454
0804,1.2,0.0196078431372549,blur_noise,ridge,0.05,all,random_expected,1.0,1024,1024,0.002176818012443046
0804,1.2,0.0196078431372549,blur_noise,ridge,0.05,all,oracle_error,1.0,1024,1024,0.002176818012443046
0804,1.2,0.0196078431372549,blur_noise,ridge,0.05,textured_quartile,operator_spread,0.5,128,256,0.0031500809712069044
0804,1.2,0.0196078431372549,blur_noise,ridge,0.05,textured_quartile,measurement_noise_spread,0.5,128,256,0.0036743860606653273
0804,1.2,0.0196078431372549,blur_noise,ridge,0.05,textured_quartile,measurement_residual,0.5,128,256,0.002966086913876567
0804,1.2,0.0196078431372549,blur_noise,ridge,0.05,textured_quartile,image_gradient,0.5,128,256,0.0033022842445861946
0804,1.2,0.0196078431372549,blur_noise,ridge,0.05,textured_quartile,random_expected,0.5,128,256,0.003618522291112386
0804,1.2,0.0196078431372549,blur_noise,ridge,0.05,textured_quartile,oracle_error,0.5,128,256,0.0026933416013583573
0804,1.2,0.0196078431372549,blur_noise,ridge,0.05,textured_quartile,operator_spread,0.75,192,256,0.0032774602986073297
0804,1.2,0.0196078431372549,blur_noise,ridge,0.05,textured_quartile,measurement_noise_spread,0.75,192,256,0.0036920108245051147
0804,1.2,0.0196078431372549,blur_noise,ridge,0.05,textured_quartile,measurement_residual,0.75,192,256,0.003336886152338609
0804,1.2,0.0196078431372549,blur_noise,ridge,0.05,textured_quartile,image_gradient,0.75,192,256,0.003313616407309457
0804,1.2,0.0196078431372549,blur_noise,ridge,0.05,textured_quartile,random_expected,0.75,192,256,0.003618522291112386
0804,1.2,0.0196078431372549,blur_noise,ridge,0.05,textured_quartile,oracle_error,0.75,192,256,0.003094569578346453
0804,1.2,0.0196078431372549,blur_noise,ridge,0.05,textured_quartile,operator_spread,0.9,231,256,0.003440727498127548
0804,1.2,0.0196078431372549,blur_noise,ridge,0.05,textured_quartile,measurement_noise_spread,0.9,231,256,0.003648901472429254
0804,1.2,0.0196078431372549,blur_noise,ridge,0.05,textured_quartile,measurement_residual,0.9,231,256,0.0035730264466448435
0804,1.2,0.0196078431372549,blur_noise,ridge,0.05,textured_quartile,image_gradient,0.9,231,256,0.00346832329052185
0804,1.2,0.0196078431372549,blur_noise,ridge,0.05,textured_quartile,random_expected,0.9,231,256,0.003618522291112386
0804,1.2,0.0196078431372549,blur_noise,ridge,0.05,textured_quartile,oracle_error,0.9,231,256,0.0033495647260176125
0804,1.2,0.0196078431372549,blur_noise,ridge,0.05,textured_quartile,operator_spread,1.0,256,256,0.003618522291112386
0804,1.2,0.0196078431372549,blur_noise,ridge,0.05,textured_quartile,measurement_noise_spread,1.0,256,256,0.003618522291112386
0804,1.2,0.0196078431372549,blur_noise,ridge,0.05,textured_quartile,measurement_residual,1.0,256,256,0.0036185222911123854
0804,1.2,0.0196078431372549,blur_noise,ridge,0.05,textured_quartile,image_gradient,1.0,256,256,0.003618522291112386
0804,1.2,0.0196078431372549,blur_noise,ridge,0.05,textured_quartile,random_expected,1.0,256,256,0.003618522291112386
0804,1.2,0.0196078431372549,blur_noise,ridge,0.05,textured_quartile,oracle_error,1.0,256,256,0.0036185222911123854
0804,1.2,0.0196078431372549,blur_noise,gradient,0.05,all,operator_spread,0.5,512,1024,0.0005541686376971816
0804,1.2,0.0196078431372549,blur_noise,gradient,0.05,all,measurement_noise_spread,0.5,512,1024,0.0012899109865264912
0804,1.2,0.0196078431372549,blur_noise,gradient,0.05,all,measurement_residual,0.5,512,1024,0.0008417895754425603
0804,1.2,0.0196078431372549,blur_noise,gradient,0.05,all,image_gradient,0.5,512,1024,0.0005988742351650425
0804,1.2,0.0196078431372549,blur_noise,gradient,0.05,all,random_expected,0.5,512,1024,0.001314693420651818
0804,1.2,0.0196078431372549,blur_noise,gradient,0.05,all,oracle_error,0.5,512,1024,0.0004913683325612338
0804,1.2,0.0196078431372549,blur_noise,gradient,0.05,all,operator_spread,0.75,768,1024,0.0008507010635500963
0804,1.2,0.0196078431372549,blur_noise,gradient,0.05,all,measurement_noise_spread,0.75,768,1024,0.0013432382292498039
0804,1.2,0.0196078431372549,blur_noise,gradient,0.05,all,measurement_residual,0.75,768,1024,0.0009851775453530043
0804,1.2,0.0196078431372549,blur_noise,gradient,0.05,all,image_gradient,0.75,768,1024,0.0009100725113543096
0804,1.2,0.0196078431372549,blur_noise,gradient,0.05,all,random_expected,0.75,768,1024,0.001314693420651818
0804,1.2,0.0196078431372549,blur_noise,gradient,0.05,all,oracle_error,0.75,768,1024,0.0007548743625588544
0804,1.2,0.0196078431372549,blur_noise,gradient,0.05,all,operator_spread,0.9,922,1024,0.0010789771378984477
0804,1.2,0.0196078431372549,blur_noise,gradient,0.05,all,measurement_noise_spread,0.9,922,1024,0.0013192226816399835
0804,1.2,0.0196078431372549,blur_noise,gradient,0.05,all,measurement_residual,0.9,922,1024,0.0011211211075368207
0804,1.2,0.0196078431372549,blur_noise,gradient,0.05,all,image_gradient,0.9,922,1024,0.0010994378383350257
0804,1.2,0.0196078431372549,blur_noise,gradient,0.05,all,random_expected,0.9,922,1024,0.001314693420651818
0804,1.2,0.0196078431372549,blur_noise,gradient,0.05,all,oracle_error,0.9,922,1024,0.0010129013069098086
0804,1.2,0.0196078431372549,blur_noise,gradient,0.05,all,operator_spread,1.0,1024,1024,0.001314693420651818
0804,1.2,0.0196078431372549,blur_noise,gradient,0.05,all,measurement_noise_spread,1.0,1024,1024,0.001314693420651818
0804,1.2,0.0196078431372549,blur_noise,gradient,0.05,all,measurement_residual,1.0,1024,1024,0.001314693420651818
0804,1.2,0.0196078431372549,blur_noise,gradient,0.05,all,image_gradient,1.0,1024,1024,0.0013146934206518183
0804,1.2,0.0196078431372549,blur_noise,gradient,0.05,all,random_expected,1.0,1024,1024,0.001314693420651818
0804,1.2,0.0196078431372549,blur_noise,gradient,0.05,all,oracle_error,1.0,1024,1024,0.001314693420651818
0804,1.2,0.0196078431372549,blur_noise,gradient,0.05,textured_quartile,operator_spread,0.5,128,256,0.0024450659733476062
0804,1.2,0.0196078431372549,blur_noise,gradient,0.05,textured_quartile,measurement_noise_spread,0.5,128,256,0.002794952092797621
0804,1.2,0.0196078431372549,blur_noise,gradient,0.05,textured_quartile,measurement_residual,0.5,128,256,0.0024019755946387503
0804,1.2,0.0196078431372549,blur_noise,gradient,0.05,textured_quartile,image_gradient,0.5,128,256,0.0026972318108797843
0804,1.2,0.0196078431372549,blur_noise,gradient,0.05,textured_quartile,random_expected,0.5,128,256,0.0028821872437264926
0804,1.2,0.0196078431372549,blur_noise,gradient,0.05,textured_quartile,oracle_error,0.5,128,256,0.001977707590863942
0804,1.2,0.0196078431372549,blur_noise,gradient,0.05,textured_quartile,operator_spread,0.75,192,256,0.0025538285555783435
0804,1.2,0.0196078431372549,blur_noise,gradient,0.05,textured_quartile,measurement_noise_spread,0.75,192,256,0.0029712263852799286
0804,1.2,0.0196078431372549,blur_noise,gradient,0.05,textured_quartile,measurement_residual,0.75,192,256,0.002567918739174629
0804,1.2,0.0196078431372549,blur_noise,gradient,0.05,textured_quartile,image_gradient,0.75,192,256,0.002603912588584645
0804,1.2,0.0196078431372549,blur_noise,gradient,0.05,textured_quartile,random_expected,0.75,192,256,0.0028821872437264926
0804,1.2,0.0196078431372549,blur_noise,gradient,0.05,textured_quartile,oracle_error,0.75,192,256,0.0023341247909075824
0804,1.2,0.0196078431372549,blur_noise,gradient,0.05,textured_quartile,operator_spread,0.9,231,256,0.002723555436030513
0804,1.2,0.0196078431372549,blur_noise,gradient,0.05,textured_quartile,measurement_noise_spread,0.9,231,256,0.0029070182107293874
0804,1.2,0.0196078431372549,blur_noise,gradient,0.05,textured_quartile,measurement_residual,0.9,231,256,0.0027111410828554263
0804,1.2,0.0196078431372549,blur_noise,gradient,0.05,textured_quartile,image_gradient,0.9,231,256,0.002752066093912921
0804,1.2,0.0196078431372549,blur_noise,gradient,0.05,textured_quartile,random_expected,0.9,231,256,0.0028821872437264926
0804,1.2,0.0196078431372549,blur_noise,gradient,0.05,textured_quartile,oracle_error,0.9,231,256,0.0025949218277410467
0804,1.2,0.0196078431372549,blur_noise,gradient,0.05,textured_quartile,operator_spread,1.0,256,256,0.0028821872437264926
0804,1.2,0.0196078431372549,blur_noise,gradient,0.05,textured_quartile,measurement_noise_spread,1.0,256,256,0.0028821872437264926
0804,1.2,0.0196078431372549,blur_noise,gradient,0.05,textured_quartile,measurement_residual,1.0,256,256,0.0028821872437264926
0804,1.2,0.0196078431372549,blur_noise,gradient,0.05,textured_quartile,image_gradient,1.0,256,256,0.0028821872437264926
0804,1.2,0.0196078431372549,blur_noise,gradient,0.05,textured_quartile,random_expected,1.0,256,256,0.0028821872437264926
0804,1.2,0.0196078431372549,blur_noise,gradient,0.05,textured_quartile,oracle_error,1.0,256,256,0.0028821872437264926
0804,1.2,0.0196078431372549,blur_noise_jpeg,ridge,0.05,all,operator_spread,0.5,512,1024,0.001276361180172539
0804,1.2,0.0196078431372549,blur_noise_jpeg,ridge,0.05,all,measurement_noise_spread,0.5,512,1024,0.0020806265524332106
0804,1.2,0.0196078431372549,blur_noise_jpeg,ridge,0.05,all,measurement_residual,0.5,512,1024,0.001482384585802663
0804,1.2,0.0196078431372549,blur_noise_jpeg,ridge,0.05,all,image_gradient,0.5,512,1024,0.0013237157015052164
0804,1.2,0.0196078431372549,blur_noise_jpeg,ridge,0.05,all,random_expected,0.5,512,1024,0.0020533577575712835
0804,1.2,0.0196078431372549,blur_noise_jpeg,ridge,0.05,all,oracle_error,0.5,512,1024,0.0011223681070869863
0804,1.2,0.0196078431372549,blur_noise_jpeg,ridge,0.05,all,operator_spread,0.75,768,1024,0.0015340298073743166
0804,1.2,0.0196078431372549,blur_noise_jpeg,ridge,0.05,all,measurement_noise_spread,0.75,768,1024,0.0020896081338299846
0804,1.2,0.0196078431372549,blur_noise_jpeg,ridge,0.05,all,measurement_residual,0.75,768,1024,0.0018255053722773982
0804,1.2,0.0196078431372549,blur_noise_jpeg,ridge,0.05,all,image_gradient,0.75,768,1024,0.0016043798581435716
0804,1.2,0.0196078431372549,blur_noise_jpeg,ridge,0.05,all,random_expected,0.75,768,1024,0.0020533577575712835
0804,1.2,0.0196078431372549,blur_noise_jpeg,ridge,0.05,all,oracle_error,0.75,768,1024,0.001450314495492441
0804,1.2,0.0196078431372549,blur_noise_jpeg,ridge,0.05,all,operator_spread,0.9,922,1024,0.0017888026677887793
0804,1.2,0.0196078431372549,blur_noise_jpeg,ridge,0.05,all,measurement_noise_spread,0.9,922,1024,0.0020646452223718114
0804,1.2,0.0196078431372549,blur_noise_jpeg,ridge,0.05,all,measurement_residual,0.9,922,1024,0.0020152586351871106
0804,1.2,0.0196078431372549,blur_noise_jpeg,ridge,0.05,all,image_gradient,0.9,922,1024,0.001815135821462891
0804,1.2,0.0196078431372549,blur_noise_jpeg,ridge,0.05,all,random_expected,0.9,922,1024,0.0020533577575712835
0804,1.2,0.0196078431372549,blur_noise_jpeg,ridge,0.05,all,oracle_error,0.9,922,1024,0.0017345671944103012
0804,1.2,0.0196078431372549,blur_noise_jpeg,ridge,0.05,all,operator_spread,1.0,1024,1024,0.002053357757571284
0804,1.2,0.0196078431372549,blur_noise_jpeg,ridge,0.05,all,measurement_noise_spread,1.0,1024,1024,0.002053357757571284
0804,1.2,0.0196078431372549,blur_noise_jpeg,ridge,0.05,all,measurement_residual,1.0,1024,1024,0.002053357757571284
0804,1.2,0.0196078431372549,blur_noise_jpeg,ridge,0.05,all,image_gradient,1.0,1024,1024,0.0020533577575712835
0804,1.2,0.0196078431372549,blur_noise_jpeg,ridge,0.05,all,random_expected,1.0,1024,1024,0.0020533577575712835
0804,1.2,0.0196078431372549,blur_noise_jpeg,ridge,0.05,all,oracle_error,1.0,1024,1024,0.0020533577575712835
0804,1.2,0.0196078431372549,blur_noise_jpeg,ridge,0.05,textured_quartile,operator_spread,0.5,128,256,0.003072877054379243
0804,1.2,0.0196078431372549,blur_noise_jpeg,ridge,0.05,textured_quartile,measurement_noise_spread,0.5,128,256,0.003728001371243953
0804,1.2,0.0196078431372549,blur_noise_jpeg,ridge,0.05,textured_quartile,measurement_residual,0.5,128,256,0.002973169519549722
0804,1.2,0.0196078431372549,blur_noise_jpeg,ridge,0.05,textured_quartile,image_gradient,0.5,128,256,0.003355700855701238
0804,1.2,0.0196078431372549,blur_noise_jpeg,ridge,0.05,textured_quartile,random_expected,0.5,128,256,0.003683831921675468
0804,1.2,0.0196078431372549,blur_noise_jpeg,ridge,0.05,textured_quartile,oracle_error,0.5,128,256,0.0026758155494600983
0804,1.2,0.0196078431372549,blur_noise_jpeg,ridge,0.05,textured_quartile,operator_spread,0.75,192,256,0.003280385777983759
0804,1.2,0.0196078431372549,blur_noise_jpeg,ridge,0.05,textured_quartile,measurement_noise_spread,0.75,192,256,0.003753069203213076
0804,1.2,0.0196078431372549,blur_noise_jpeg,ridge,0.05,textured_quartile,measurement_residual,0.75,192,256,0.0033757433745956974
0804,1.2,0.0196078431372549,blur_noise_jpeg,ridge,0.05,textured_quartile,image_gradient,0.75,192,256,0.0033696429058260196
0804,1.2,0.0196078431372549,blur_noise_jpeg,ridge,0.05,textured_quartile,random_expected,0.75,192,256,0.003683831921675468
0804,1.2,0.0196078431372549,blur_noise_jpeg,ridge,0.05,textured_quartile,oracle_error,0.75,192,256,0.0031138797534888563
0804,1.2,0.0196078431372549,blur_noise_jpeg,ridge,0.05,textured_quartile,operator_spread,0.9,231,256,0.0034956859134572396
0804,1.2,0.0196078431372549,blur_noise_jpeg,ridge,0.05,textured_quartile,measurement_noise_spread,0.9,231,256,0.003713569251476096
0804,1.2,0.0196078431372549,blur_noise_jpeg,ridge,0.05,textured_quartile,measurement_residual,0.9,231,256,0.0036343083359387167
0804,1.2,0.0196078431372549,blur_noise_jpeg,ridge,0.05,textured_quartile,image_gradient,0.9,231,256,0.003533698918250294
0804,1.2,0.0196078431372549,blur_noise_jpeg,ridge,0.05,textured_quartile,random_expected,0.9,231,256,0.003683831921675468
0804,1.2,0.0196078431372549,blur_noise_jpeg,ridge,0.05,textured_quartile,oracle_error,0.9,231,256,0.0033930328345143706
0804,1.2,0.0196078431372549,blur_noise_jpeg,ridge,0.05,textured_quartile,operator_spread,1.0,256,256,0.003683831921675468
0804,1.2,0.0196078431372549,blur_noise_jpeg,ridge,0.05,textured_quartile,measurement_noise_spread,1.0,256,256,0.003683831921675469
0804,1.2,0.0196078431372549,blur_noise_jpeg,ridge,0.05,textured_quartile,measurement_residual,1.0,256,256,0.003683831921675468
0804,1.2,0.0196078431372549,blur_noise_jpeg,ridge,0.05,textured_quartile,image_gradient,1.0,256,256,0.0036838319216754684
0804,1.2,0.0196078431372549,blur_noise_jpeg,ridge,0.05,textured_quartile,random_expected,1.0,256,256,0.003683831921675468
0804,1.2,0.0196078431372549,blur_noise_jpeg,ridge,0.05,textured_quartile,oracle_error,1.0,256,256,0.003683831921675468
0804,1.2,0.0196078431372549,blur_noise_jpeg,gradient,0.05,all,operator_spread,0.5,512,1024,0.0005315495954634373
0804,1.2,0.0196078431372549,blur_noise_jpeg,gradient,0.05,all,measurement_noise_spread,0.5,512,1024,0.0013278566943327225
0804,1.2,0.0196078431372549,blur_noise_jpeg,gradient,0.05,all,measurement_residual,0.5,512,1024,0.0005693479227702065
0804,1.2,0.0196078431372549,blur_noise_jpeg,gradient,0.05,all,image_gradient,0.5,512,1024,0.0005914360198164039
0804,1.2,0.0196078431372549,blur_noise_jpeg,gradient,0.05,all,random_expected,0.5,512,1024,0.0013537236798051074
0804,1.2,0.0196078431372549,blur_noise_jpeg,gradient,0.05,all,oracle_error,0.5,512,1024,0.00047034472970091784
0804,1.2,0.0196078431372549,blur_noise_jpeg,gradient,0.05,all,operator_spread,0.75,768,1024,0.0008454784386473881
0804,1.2,0.0196078431372549,blur_noise_jpeg,gradient,0.05,all,measurement_noise_spread,0.75,768,1024,0.0013829412758054902
0804,1.2,0.0196078431372549,blur_noise_jpeg,gradient,0.05,all,measurement_residual,0.75,768,1024,0.0008493160836153552
0804,1.2,0.0196078431372549,blur_noise_jpeg,gradient,0.05,all,image_gradient,0.75,768,1024,0.0009259700462687564
0804,1.2,0.0196078431372549,blur_noise_jpeg,gradient,0.05,all,random_expected,0.75,768,1024,0.0013537236798051074
0804,1.2,0.0196078431372549,blur_noise_jpeg,gradient,0.05,all,oracle_error,0.75,768,1024,0.0007584105678825271
0804,1.2,0.0196078431372549,blur_noise_jpeg,gradient,0.05,all,operator_spread,0.9,922,1024,0.0011042771891069184
0804,1.2,0.0196078431372549,blur_noise_jpeg,gradient,0.05,all,measurement_noise_spread,0.9,922,1024,0.0013596859476799478
0804,1.2,0.0196078431372549,blur_noise_jpeg,gradient,0.05,all,measurement_residual,0.9,922,1024,0.0011045997931369012
0804,1.2,0.0196078431372549,blur_noise_jpeg,gradient,0.05,all,image_gradient,0.9,922,1024,0.0011307809773436078
0804,1.2,0.0196078431372549,blur_noise_jpeg,gradient,0.05,all,random_expected,0.9,922,1024,0.0013537236798051074
0804,1.2,0.0196078431372549,blur_noise_jpeg,gradient,0.05,all,oracle_error,0.9,922,1024,0.00103529553738301
0804,1.2,0.0196078431372549,blur_noise_jpeg,gradient,0.05,all,operator_spread,1.0,1024,1024,0.0013537236798051074
0804,1.2,0.0196078431372549,blur_noise_jpeg,gradient,0.05,all,measurement_noise_spread,1.0,1024,1024,0.0013537236798051072
0804,1.2,0.0196078431372549,blur_noise_jpeg,gradient,0.05,all,measurement_residual,1.0,1024,1024,0.0013537236798051072
0804,1.2,0.0196078431372549,blur_noise_jpeg,gradient,0.05,all,image_gradient,1.0,1024,1024,0.0013537236798051074
0804,1.2,0.0196078431372549,blur_noise_jpeg,gradient,0.05,all,random_expected,1.0,1024,1024,0.0013537236798051074
0804,1.2,0.0196078431372549,blur_noise_jpeg,gradient,0.05,all,oracle_error,1.0,1024,1024,0.0013537236798051074
0804,1.2,0.0196078431372549,blur_noise_jpeg,gradient,0.05,textured_quartile,operator_spread,0.5,128,256,0.0025424611849135877
0804,1.2,0.0196078431372549,blur_noise_jpeg,gradient,0.05,textured_quartile,measurement_noise_spread,0.5,128,256,0.002924580785169451
0804,1.2,0.0196078431372549,blur_noise_jpeg,gradient,0.05,textured_quartile,measurement_residual,0.5,128,256,0.0024526972367594907
0804,1.2,0.0196078431372549,blur_noise_jpeg,gradient,0.05,textured_quartile,image_gradient,0.5,128,256,0.0028616460920654115
0804,1.2,0.0196078431372549,blur_noise_jpeg,gradient,0.05,textured_quartile,random_expected,0.5,128,256,0.003023077009232082
0804,1.2,0.0196078431372549,blur_noise_jpeg,gradient,0.05,textured_quartile,oracle_error,0.5,128,256,0.0020772992002909448
0804,1.2,0.0196078431372549,blur_noise_jpeg,gradient,0.05,textured_quartile,operator_spread,0.75,192,256,0.0026735202140459467
0804,1.2,0.0196078431372549,blur_noise_jpeg,gradient,0.05,textured_quartile,measurement_noise_spread,0.75,192,256,0.0031152891573327734
0804,1.2,0.0196078431372549,blur_noise_jpeg,gradient,0.05,textured_quartile,measurement_residual,0.75,192,256,0.002623212006410505
0804,1.2,0.0196078431372549,blur_noise_jpeg,gradient,0.05,textured_quartile,image_gradient,0.75,192,256,0.0027280763703923534
0804,1.2,0.0196078431372549,blur_noise_jpeg,gradient,0.05,textured_quartile,random_expected,0.75,192,256,0.003023077009232082
0804,1.2,0.0196078431372549,blur_noise_jpeg,gradient,0.05,textured_quartile,oracle_error,0.75,192,256,0.0024497960830862212
0804,1.2,0.0196078431372549,blur_noise_jpeg,gradient,0.05,textured_quartile,operator_spread,0.9,231,256,0.0028612548078507543
0804,1.2,0.0196078431372549,blur_noise_jpeg,gradient,0.05,textured_quartile,measurement_noise_spread,0.9,231,256,0.0030464257967579267
0804,1.2,0.0196078431372549,blur_noise_jpeg,gradient,0.05,textured_quartile,measurement_residual,0.9,231,256,0.0028423410392522533
0804,1.2,0.0196078431372549,blur_noise_jpeg,gradient,0.05,textured_quartile,image_gradient,0.9,231,256,0.00288893157974108
0804,1.2,0.0196078431372549,blur_noise_jpeg,gradient,0.05,textured_quartile,random_expected,0.9,231,256,0.003023077009232082
0804,1.2,0.0196078431372549,blur_noise_jpeg,gradient,0.05,textured_quartile,oracle_error,0.9,231,256,0.0027227958184213585
0804,1.2,0.0196078431372549,blur_noise_jpeg,gradient,0.05,textured_quartile,operator_spread,1.0,256,256,0.003023077009232082
0804,1.2,0.0196078431372549,blur_noise_jpeg,gradient,0.05,textured_quartile,measurement_noise_spread,1.0,256,256,0.0030230770092320816
0804,1.2,0.0196078431372549,blur_noise_jpeg,gradient,0.05,textured_quartile,measurement_residual,1.0,256,256,0.0030230770092320816
0804,1.2,0.0196078431372549,blur_noise_jpeg,gradient,0.05,textured_quartile,image_gradient,1.0,256,256,0.003023077009232082
0804,1.2,0.0196078431372549,blur_noise_jpeg,gradient,0.05,textured_quartile,random_expected,1.0,256,256,0.003023077009232082
0804,1.2,0.0196078431372549,blur_noise_jpeg,gradient,0.05,textured_quartile,oracle_error,1.0,256,256,0.003023077009232082
0804,1.6,0.00784313725490196,blur_noise,ridge,0.05,all,operator_spread,0.5,512,1024,0.0012573624899584897
0804,1.6,0.00784313725490196,blur_noise,ridge,0.05,all,measurement_noise_spread,0.5,512,1024,0.0024829218950471986
0804,1.6,0.00784313725490196,blur_noise,ridge,0.05,all,measurement_residual,0.5,512,1024,0.0018317872322859633
0804,1.6,0.00784313725490196,blur_noise,ridge,0.05,all,image_gradient,0.5,512,1024,0.0013976958929673398
0804,1.6,0.00784313725490196,blur_noise,ridge,0.05,all,random_expected,0.5,512,1024,0.0025344723107216414
0804,1.6,0.00784313725490196,blur_noise,ridge,0.05,all,oracle_error,0.5,512,1024,0.001110634544136264
0804,1.6,0.00784313725490196,blur_noise,ridge,0.05,all,operator_spread,0.75,768,1024,0.0017188033047654532
0804,1.6,0.00784313725490196,blur_noise,ridge,0.05,all,measurement_noise_spread,0.75,768,1024,0.002529871245374236
0804,1.6,0.00784313725490196,blur_noise,ridge,0.05,all,measurement_residual,0.75,768,1024,0.002330147061313084
0804,1.6,0.00784313725490196,blur_noise,ridge,0.05,all,image_gradient,0.75,768,1024,0.001893684182361699
0804,1.6,0.00784313725490196,blur_noise,ridge,0.05,all,random_expected,0.75,768,1024,0.0025344723107216414
0804,1.6,0.00784313725490196,blur_noise,ridge,0.05,all,oracle_error,0.75,768,1024,0.0015736009781122861
0804,1.6,0.00784313725490196,blur_noise,ridge,0.05,all,operator_spread,0.9,922,1024,0.002097243100483723
0804,1.6,0.00784313725490196,blur_noise,ridge,0.05,all,measurement_noise_spread,0.9,922,1024,0.002528847139075685
0804,1.6,0.00784313725490196,blur_noise,ridge,0.05,all,measurement_residual,0.9,922,1024,0.002549143272004095
0804,1.6,0.00784313725490196,blur_noise,ridge,0.05,all,image_gradient,0.9,922,1024,0.0022019943641281865
0804,1.6,0.00784313725490196,blur_noise,ridge,0.05,all,random_expected,0.9,922,1024,0.0025344723107216414
0804,1.6,0.00784313725490196,blur_noise,ridge,0.05,all,oracle_error,0.9,922,1024,0.0020224261586565084
0804,1.6,0.00784313725490196,blur_noise,ridge,0.05,all,operator_spread,1.0,1024,1024,0.002534472310721642
0804,1.6,0.00784313725490196,blur_noise,ridge,0.05,all,measurement_noise_spread,1.0,1024,1024,0.002534472310721642
0804,1.6,0.00784313725490196,blur_noise,ridge,0.05,all,measurement_residual,1.0,1024,1024,0.002534472310721642
0804,1.6,0.00784313725490196,blur_noise,ridge,0.05,all,image_gradient,1.0,1024,1024,0.002534472310721642
0804,1.6,0.00784313725490196,blur_noise,ridge,0.05,all,random_expected,1.0,1024,1024,0.0025344723107216414
0804,1.6,0.00784313725490196,blur_noise,ridge,0.05,all,oracle_error,1.0,1024,1024,0.002534472310721642
0804,1.6,0.00784313725490196,blur_noise,ridge,0.05,textured_quartile,operator_spread,0.5,128,256,0.00433902102165931
0804,1.6,0.00784313725490196,blur_noise,ridge,0.05,textured_quartile,measurement_noise_spread,0.5,128,256,0.005194367282174206
0804,1.6,0.00784313725490196,blur_noise,ridge,0.05,textured_quartile,measurement_residual,0.5,128,256,0.004300227251156731
0804,1.6,0.00784313725490196,blur_noise,ridge,0.05,textured_quartile,image_gradient,0.5,128,256,0.004838929591995801
0804,1.6,0.00784313725490196,blur_noise,ridge,0.05,textured_quartile,random_expected,0.5,128,256,0.005230374334775283
0804,1.6,0.00784313725490196,blur_noise,ridge,0.05,textured_quartile,oracle_error,0.5,128,256,0.0037136584357341305
0804,1.6,0.00784313725490196,blur_noise,ridge,0.05,textured_quartile,operator_spread,0.75,192,256,0.004558555540815796
0804,1.6,0.00784313725490196,blur_noise,ridge,0.05,textured_quartile,measurement_noise_spread,0.75,192,256,0.005271715313187625
0804,1.6,0.00784313725490196,blur_noise,ridge,0.05,textured_quartile,measurement_residual,0.75,192,256,0.004885562052918874
0804,1.6,0.00784313725490196,blur_noise,ridge,0.05,textured_quartile,image_gradient,0.75,192,256,0.004994937361411601
0804,1.6,0.00784313725490196,blur_noise,ridge,0.05,textured_quartile,random_expected,0.75,192,256,0.005230374334775283
0804,1.6,0.00784313725490196,blur_noise,ridge,0.05,textured_quartile,oracle_error,0.75,192,256,0.004306642841107243
0804,1.6,0.00784313725490196,blur_noise,ridge,0.05,textured_quartile,operator_spread,0.9,231,256,0.004897926055396834
0804,1.6,0.00784313725490196,blur_noise,ridge,0.05,textured_quartile,measurement_noise_spread,0.9,231,256,0.005225912817863961
0804,1.6,0.00784313725490196,blur_noise,ridge,0.05,textured_quartile,measurement_residual,0.9,231,256,0.005238089818504142
0804,1.6,0.00784313725490196,blur_noise,ridge,0.05,textured_quartile,image_gradient,0.9,231,256,0.005098723577234579
0804,1.6,0.00784313725490196,blur_noise,ridge,0.05,textured_quartile,random_expected,0.9,231,256,0.005230374334775283
0804,1.6,0.00784313725490196,blur_noise,ridge,0.05,textured_quartile,oracle_error,0.9,231,256,0.004729699365561287
0804,1.6,0.00784313725490196,blur_noise,ridge,0.05,textured_quartile,operator_spread,1.0,256,256,0.005230374334775283
0804,1.6,0.00784313725490196,blur_noise,ridge,0.05,textured_quartile,measurement_noise_spread,1.0,256,256,0.005230374334775283
0804,1.6,0.00784313725490196,blur_noise,ridge,0.05,textured_quartile,measurement_residual,1.0,256,256,0.005230374334775283
0804,1.6,0.00784313725490196,blur_noise,ridge,0.05,textured_quartile,image_gradient,1.0,256,256,0.005230374334775283
0804,1.6,0.00784313725490196,blur_noise,ridge,0.05,textured_quartile,random_expected,1.0,256,256,0.005230374334775283
0804,1.6,0.00784313725490196,blur_noise,ridge,0.05,textured_quartile,oracle_error,1.0,256,256,0.005230374334775283
0804,1.6,0.00784313725490196,blur_noise,gradient,0.05,all,operator_spread,0.5,512,1024,0.0005712182645724166
0804,1.6,0.00784313725490196,blur_noise,gradient,0.05,all,measurement_noise_spread,0.5,512,1024,0.0018183543740515622
0804,1.6,0.00784313725490196,blur_noise,gradient,0.05,all,measurement_residual,0.5,512,1024,0.0009676367793782441
0804,1.6,0.00784313725490196,blur_noise,gradient,0.05,all,image_gradient,0.5,512,1024,0.0006945343800151965
0804,1.6,0.00784313725490196,blur_noise,gradient,0.05,all,random_expected,0.5,512,1024,0.001822287606082521
0804,1.6,0.00784313725490196,blur_noise,gradient,0.05,all,oracle_error,0.5,512,1024,0.00043298325817884534
0804,1.6,0.00784313725490196,blur_noise,gradient,0.05,all,operator_spread,0.75,768,1024,0.0010540620965188213
0804,1.6,0.00784313725490196,blur_noise,gradient,0.05,all,measurement_noise_spread,0.75,768,1024,0.001795053961509666
0804,1.6,0.00784313725490196,blur_noise,gradient,0.05,all,measurement_residual,0.75,768,1024,0.001230261519409591
0804,1.6,0.00784313725490196,blur_noise,gradient,0.05,all,image_gradient,0.75,768,1024,0.001227650517572259
0804,1.6,0.00784313725490196,blur_noise,gradient,0.05,all,random_expected,0.75,768,1024,0.001822287606082521
0804,1.6,0.00784313725490196,blur_noise,gradient,0.05,all,oracle_error,0.75,768,1024,0.0008966038839042255
0804,1.6,0.00784313725490196,blur_noise,gradient,0.05,all,operator_spread,0.9,922,1024,0.0014270163257240366
0804,1.6,0.00784313725490196,blur_noise,gradient,0.05,all,measurement_noise_spread,0.9,922,1024,0.0018161667647876771
0804,1.6,0.00784313725490196,blur_noise,gradient,0.05,all,measurement_residual,0.9,922,1024,0.001478617159178892
0804,1.6,0.00784313725490196,blur_noise,gradient,0.05,all,image_gradient,0.9,922,1024,0.0015288377440981855
0804,1.6,0.00784313725490196,blur_noise,gradient,0.05,all,random_expected,0.9,922,1024,0.001822287606082521
0804,1.6,0.00784313725490196,blur_noise,gradient,0.05,all,oracle_error,0.9,922,1024,0.0013226374838629905
0804,1.6,0.00784313725490196,blur_noise,gradient,0.05,all,operator_spread,1.0,1024,1024,0.001822287606082521
0804,1.6,0.00784313725490196,blur_noise,gradient,0.05,all,measurement_noise_spread,1.0,1024,1024,0.001822287606082521
0804,1.6,0.00784313725490196,blur_noise,gradient,0.05,all,measurement_residual,1.0,1024,1024,0.001822287606082521
0804,1.6,0.00784313725490196,blur_noise,gradient,0.05,all,image_gradient,1.0,1024,1024,0.0018222876060825209
0804,1.6,0.00784313725490196,blur_noise,gradient,0.05,all,random_expected,1.0,1024,1024,0.001822287606082521
0804,1.6,0.00784313725490196,blur_noise,gradient,0.05,all,oracle_error,1.0,1024,1024,0.001822287606082521
0804,1.6,0.00784313725490196,blur_noise,gradient,0.05,textured_quartile,operator_spread,0.5,128,256,0.0037529909346339083
0804,1.6,0.00784313725490196,blur_noise,gradient,0.05,textured_quartile,measurement_noise_spread,0.5,128,256,0.004546516402149158
0804,1.6,0.00784313725490196,blur_noise,gradient,0.05,textured_quartile,measurement_residual,0.5,128,256,0.003640882558318418
0804,1.6,0.00784313725490196,blur_noise,gradient,0.05,textured_quartile,image_gradient,0.5,128,256,0.004185280358958363
0804,1.6,0.00784313725490196,blur_noise,gradient,0.05,textured_quartile,random_expected,0.5,128,256,0.004468486231943276
0804,1.6,0.00784313725490196,blur_noise,gradient,0.05,textured_quartile,oracle_error,0.5,128,256,0.0030290404855115405
0804,1.6,0.00784313725490196,blur_noise,gradient,0.05,textured_quartile,operator_spread,0.75,192,256,0.003909919566471634
0804,1.6,0.00784313725490196,blur_noise,gradient,0.05,textured_quartile,measurement_noise_spread,0.75,192,256,0.004483508699952715
0804,1.6,0.00784313725490196,blur_noise,gradient,0.05,textured_quartile,measurement_residual,0.75,192,256,0.003946882708744204
0804,1.6,0.00784313725490196,blur_noise,gradient,0.05,textured_quartile,image_gradient,0.75,192,256,0.004328656489742228
0804,1.6,0.00784313725490196,blur_noise,gradient,0.05,textured_quartile,random_expected,0.75,192,256,0.004468486231943276
0804,1.6,0.00784313725490196,blur_noise,gradient,0.05,textured_quartile,oracle_error,0.75,192,256,0.0035621944261809402
0804,1.6,0.00784313725490196,blur_noise,gradient,0.05,textured_quartile,operator_spread,0.9,231,256,0.004180826225875783
0804,1.6,0.00784313725490196,blur_noise,gradient,0.05,textured_quartile,measurement_noise_spread,0.9,231,256,0.00448610296189387
0804,1.6,0.00784313725490196,blur_noise,gradient,0.05,textured_quartile,measurement_residual,0.9,231,256,0.004215445887319326
0804,1.6,0.00784313725490196,blur_noise,gradient,0.05,textured_quartile,image_gradient,0.9,231,256,0.00436838715253341
0804,1.6,0.00784313725490196,blur_noise,gradient,0.05,textured_quartile,random_expected,0.9,231,256,0.004468486231943276
0804,1.6,0.00784313725490196,blur_noise,gradient,0.05,textured_quartile,oracle_error,0.9,231,256,0.003983396578560027
0804,1.6,0.00784313725490196,blur_noise,gradient,0.05,textured_quartile,operator_spread,1.0,256,256,0.004468486231943276
0804,1.6,0.00784313725490196,blur_noise,gradient,0.05,textured_quartile,measurement_noise_spread,1.0,256,256,0.004468486231943276
0804,1.6,0.00784313725490196,blur_noise,gradient,0.05,textured_quartile,measurement_residual,1.0,256,256,0.004468486231943276
0804,1.6,0.00784313725490196,blur_noise,gradient,0.05,textured_quartile,image_gradient,1.0,256,256,0.004468486231943276
0804,1.6,0.00784313725490196,blur_noise,gradient,0.05,textured_quartile,random_expected,1.0,256,256,0.004468486231943276
0804,1.6,0.00784313725490196,blur_noise,gradient,0.05,textured_quartile,oracle_error,1.0,256,256,0.004468486231943276
0804,1.6,0.00784313725490196,blur_noise_jpeg,ridge,0.05,all,operator_spread,0.5,512,1024,0.001325990969344475
0804,1.6,0.00784313725490196,blur_noise_jpeg,ridge,0.05,all,measurement_noise_spread,0.5,512,1024,0.002564741273383425
0804,1.6,0.00784313725490196,blur_noise_jpeg,ridge,0.05,all,measurement_residual,0.5,512,1024,0.0019062245649811883
0804,1.6,0.00784313725490196,blur_noise_jpeg,ridge,0.05,all,image_gradient,0.5,512,1024,0.001417610190331819
0804,1.6,0.00784313725490196,blur_noise_jpeg,ridge,0.05,all,random_expected,0.5,512,1024,0.0026159040436938025
0804,1.6,0.00784313725490196,blur_noise_jpeg,ridge,0.05,all,oracle_error,0.5,512,1024,0.0011323661028115298
0804,1.6,0.00784313725490196,blur_noise_jpeg,ridge,0.05,all,operator_spread,0.75,768,1024,0.001774246248413952
0804,1.6,0.00784313725490196,blur_noise_jpeg,ridge,0.05,all,measurement_noise_spread,0.75,768,1024,0.0026152270209414395
0804,1.6,0.00784313725490196,blur_noise_jpeg,ridge,0.05,all,measurement_residual,0.75,768,1024,0.0024181932467181567
0804,1.6,0.00784313725490196,blur_noise_jpeg,ridge,0.05,all,image_gradient,0.75,768,1024,0.001943982940609036
0804,1.6,0.00784313725490196,blur_noise_jpeg,ridge,0.05,all,random_expected,0.75,768,1024,0.0026159040436938025
0804,1.6,0.00784313725490196,blur_noise_jpeg,ridge,0.05,all,oracle_error,0.75,768,1024,0.0016178260169883883
0804,1.6,0.00784313725490196,blur_noise_jpeg,ridge,0.05,all,operator_spread,0.9,922,1024,0.002173248087650943
0804,1.6,0.00784313725490196,blur_noise_jpeg,ridge,0.05,all,measurement_noise_spread,0.9,922,1024,0.002609508866313784
0804,1.6,0.00784313725490196,blur_noise_jpeg,ridge,0.05,all,measurement_residual,0.9,922,1024,0.0026314494343286847
0804,1.6,0.00784313725490196,blur_noise_jpeg,ridge,0.05,all,image_gradient,0.9,922,1024,0.0022832959955019277
0804,1.6,0.00784313725490196,blur_noise_jpeg,ridge,0.05,all,random_expected,0.9,922,1024,0.0026159040436938025
0804,1.6,0.00784313725490196,blur_noise_jpeg,ridge,0.05,all,oracle_error,0.9,922,1024,0.002087169298560959
0804,1.6,0.00784313725490196,blur_noise_jpeg,ridge,0.05,all,operator_spread,1.0,1024,1024,0.0026159040436938025
0804,1.6,0.00784313725490196,blur_noise_jpeg,ridge,0.05,all,measurement_noise_spread,1.0,1024,1024,0.002615904043693803
0804,1.6,0.00784313725490196,blur_noise_jpeg,ridge,0.05,all,measurement_residual,1.0,1024,1024,0.0026159040436938025
0804,1.6,0.00784313725490196,blur_noise_jpeg,ridge,0.05,all,image_gradient,1.0,1024,1024,0.0026159040436938025
0804,1.6,0.00784313725490196,blur_noise_jpeg,ridge,0.05,all,random_expected,1.0,1024,1024,0.0026159040436938025
0804,1.6,0.00784313725490196,blur_noise_jpeg,ridge,0.05,all,oracle_error,1.0,1024,1024,0.0026159040436938025
0804,1.6,0.00784313725490196,blur_noise_jpeg,ridge,0.05,textured_quartile,operator_spread,0.5,128,256,0.004577984526171975
0804,1.6,0.00784313725490196,blur_noise_jpeg,ridge,0.05,textured_quartile,measurement_noise_spread,0.5,128,256,0.005370674334351188
0804,1.6,0.00784313725490196,blur_noise_jpeg,ridge,0.05,textured_quartile,measurement_residual,0.5,128,256,0.004465071453786821
0804,1.6,0.00784313725490196,blur_noise_jpeg,ridge,0.05,textured_quartile,image_gradient,0.5,128,256,0.005120321032431846
0804,1.6,0.00784313725490196,blur_noise_jpeg,ridge,0.05,textured_quartile,random_expected,0.5,128,256,0.005423269909592657
0804,1.6,0.00784313725490196,blur_noise_jpeg,ridge,0.05,textured_quartile,oracle_error,0.5,128,256,0.003878684764394877
0804,1.6,0.00784313725490196,blur_noise_jpeg,ridge,0.05,textured_quartile,operator_spread,0.75,192,256,0.0047366298490493786
0804,1.6,0.00784313725490196,blur_noise_jpeg,ridge,0.05,textured_quartile,measurement_noise_spread,0.75,192,256,0.005469407256761902
0804,1.6,0.00784313725490196,blur_noise_jpeg,ridge,0.05,textured_quartile,measurement_residual,0.75,192,256,0.005067040946878884
0804,1.6,0.00784313725490196,blur_noise_jpeg,ridge,0.05,textured_quartile,image_gradient,0.75,192,256,0.005215630346832152
0804,1.6,0.00784313725490196,blur_noise_jpeg,ridge,0.05,textured_quartile,random_expected,0.75,192,256,0.005423269909592657
0804,1.6,0.00784313725490196,blur_noise_jpeg,ridge,0.05,textured_quartile,oracle_error,0.75,192,256,0.004473992521908967
0804,1.6,0.00784313725490196,blur_noise_jpeg,ridge,0.05,textured_quartile,operator_spread,0.9,231,256,0.005112765024451862
0804,1.6,0.00784313725490196,blur_noise_jpeg,ridge,0.05,textured_quartile,measurement_noise_spread,0.9,231,256,0.005417347214315053
0804,1.6,0.00784313725490196,blur_noise_jpeg,ridge,0.05,textured_quartile,measurement_residual,0.9,231,256,0.005417726472291361
0804,1.6,0.00784313725490196,blur_noise_jpeg,ridge,0.05,textured_quartile,image_gradient,0.9,231,256,0.005280947668819644
0804,1.6,0.00784313725490196,blur_noise_jpeg,ridge,0.05,textured_quartile,random_expected,0.9,231,256,0.005423269909592657
0804,1.6,0.00784313725490196,blur_noise_jpeg,ridge,0.05,textured_quartile,oracle_error,0.9,231,256,0.004916958679579099
0804,1.6,0.00784313725490196,blur_noise_jpeg,ridge,0.05,textured_quartile,operator_spread,1.0,256,256,0.005423269909592656
0804,1.6,0.00784313725490196,blur_noise_jpeg,ridge,0.05,textured_quartile,measurement_noise_spread,1.0,256,256,0.005423269909592656
0804,1.6,0.00784313725490196,blur_noise_jpeg,ridge,0.05,textured_quartile,measurement_residual,1.0,256,256,0.005423269909592657
0804,1.6,0.00784313725490196,blur_noise_jpeg,ridge,0.05,textured_quartile,image_gradient,1.0,256,256,0.005423269909592656
0804,1.6,0.00784313725490196,blur_noise_jpeg,ridge,0.05,textured_quartile,random_expected,1.0,256,256,0.005423269909592657
0804,1.6,0.00784313725490196,blur_noise_jpeg,ridge,0.05,textured_quartile,oracle_error,1.0,256,256,0.005423269909592657
0804,1.6,0.00784313725490196,blur_noise_jpeg,gradient,0.05,all,operator_spread,0.5,512,1024,0.0006429919195156419
0804,1.6,0.00784313725490196,blur_noise_jpeg,gradient,0.05,all,measurement_noise_spread,0.5,512,1024,0.0019118619591794856
0804,1.6,0.00784313725490196,blur_noise_jpeg,gradient,0.05,all,measurement_residual,0.5,512,1024,0.0006593250737687086
0804,1.6,0.00784313725490196,blur_noise_jpeg,gradient,0.05,all,image_gradient,0.5,512,1024,0.0007294677572539587
0804,1.6,0.00784313725490196,blur_noise_jpeg,gradient,0.05,all,random_expected,0.5,512,1024,0.0019081243999171525
0804,1.6,0.00784313725490196,blur_noise_jpeg,gradient,0.05,all,oracle_error,0.5,512,1024,0.0004731635492381761
0804,1.6,0.00784313725490196,blur_noise_jpeg,gradient,0.05,all,operator_spread,0.75,768,1024,0.0011137901637669468
0804,1.6,0.00784313725490196,blur_noise_jpeg,gradient,0.05,all,measurement_noise_spread,0.75,768,1024,0.0018814146919179956
0804,1.6,0.00784313725490196,blur_noise_jpeg,gradient,0.05,all,measurement_residual,0.75,768,1024,0.001170281914026349
0804,1.6,0.00784313725490196,blur_noise_jpeg,gradient,0.05,all,image_gradient,0.75,768,1024,0.0012899295104533907
0804,1.6,0.00784313725490196,blur_noise_jpeg,gradient,0.05,all,random_expected,0.75,768,1024,0.0019081243999171525
0804,1.6,0.00784313725490196,blur_noise_jpeg,gradient,0.05,all,oracle_error,0.75,768,1024,0.0009578920143788705
0804,1.6,0.00784313725490196,blur_noise_jpeg,gradient,0.05,all,operator_spread,0.9,922,1024,0.0015124239827176728
0804,1.6,0.00784313725490196,blur_noise_jpeg,gradient,0.05,all,measurement_noise_spread,0.9,922,1024,0.0019023290618136485
0804,1.6,0.00784313725490196,blur_noise_jpeg,gradient,0.05,all,measurement_residual,0.9,922,1024,0.0015412462244569658
0804,1.6,0.00784313725490196,blur_noise_jpeg,gradient,0.05,all,image_gradient,0.9,922,1024,0.0016030736587606912
0804,1.6,0.00784313725490196,blur_noise_jpeg,gradient,0.05,all,random_expected,0.9,922,1024,0.0019081243999171525
0804,1.6,0.00784313725490196,blur_noise_jpeg,gradient,0.05,all,oracle_error,0.9,922,1024,0.0013968441851385106
0804,1.6,0.00784313725490196,blur_noise_jpeg,gradient,0.05,all,operator_spread,1.0,1024,1024,0.0019081243999171528
0804,1.6,0.00784313725490196,blur_noise_jpeg,gradient,0.05,all,measurement_noise_spread,1.0,1024,1024,0.0019081243999171528
0804,1.6,0.00784313725490196,blur_noise_jpeg,gradient,0.05,all,measurement_residual,1.0,1024,1024,0.0019081243999171525
0804,1.6,0.00784313725490196,blur_noise_jpeg,gradient,0.05,all,image_gradient,1.0,1024,1024,0.0019081243999171525
0804,1.6,0.00784313725490196,blur_noise_jpeg,gradient,0.05,all,random_expected,1.0,1024,1024,0.0019081243999171525
0804,1.6,0.00784313725490196,blur_noise_jpeg,gradient,0.05,all,oracle_error,1.0,1024,1024,0.001908124399917153
0804,1.6,0.00784313725490196,blur_noise_jpeg,gradient,0.05,textured_quartile,operator_spread,0.5,128,256,0.0038546357063748166
0804,1.6,0.00784313725490196,blur_noise_jpeg,gradient,0.05,textured_quartile,measurement_noise_spread,0.5,128,256,0.004706161124439456
0804,1.6,0.00784313725490196,blur_noise_jpeg,gradient,0.05,textured_quartile,measurement_residual,0.5,128,256,0.003999886694350056
0804,1.6,0.00784313725490196,blur_noise_jpeg,gradient,0.05,textured_quartile,image_gradient,0.5,128,256,0.004418452055448621
0804,1.6,0.00784313725490196,blur_noise_jpeg,gradient,0.05,textured_quartile,random_expected,0.5,128,256,0.00462831551379402
0804,1.6,0.00784313725490196,blur_noise_jpeg,gradient,0.05,textured_quartile,oracle_error,0.5,128,256,0.0031638583610675832
0804,1.6,0.00784313725490196,blur_noise_jpeg,gradient,0.05,textured_quartile,operator_spread,0.75,192,256,0.004087408084180944
0804,1.6,0.00784313725490196,blur_noise_jpeg,gradient,0.05,textured_quartile,measurement_noise_spread,0.75,192,256,0.0046430851760146585
0804,1.6,0.00784313725490196,blur_noise_jpeg,gradient,0.05,textured_quartile,measurement_residual,0.75,192,256,0.00421056761439997
0804,1.6,0.00784313725490196,blur_noise_jpeg,gradient,0.05,textured_quartile,image_gradient,0.75,192,256,0.004502325299591545
0804,1.6,0.00784313725490196,blur_noise_jpeg,gradient,0.05,textured_quartile,random_expected,0.75,192,256,0.00462831551379402
0804,1.6,0.00784313725490196,blur_noise_jpeg,gradient,0.05,textured_quartile,oracle_error,0.75,192,256,0.003702908262457905
0804,1.6,0.00784313725490196,blur_noise_jpeg,gradient,0.05,textured_quartile,operator_spread,0.9,231,256,0.004338010693212028
0804,1.6,0.00784313725490196,blur_noise_jpeg,gradient,0.05,textured_quartile,measurement_noise_spread,0.9,231,256,0.004647705221418693
0804,1.6,0.00784313725490196,blur_noise_jpeg,gradient,0.05,textured_quartile,measurement_residual,0.9,231,256,0.004403627301051598
0804,1.6,0.00784313725490196,blur_noise_jpeg,gradient,0.05,textured_quartile,image_gradient,0.9,231,256,0.0045266999208974125
0804,1.6,0.00784313725490196,blur_noise_jpeg,gradient,0.05,textured_quartile,random_expected,0.9,231,256,0.00462831551379402
0804,1.6,0.00784313725490196,blur_noise_jpeg,gradient,0.05,textured_quartile,oracle_error,0.9,231,256,0.004137892991634197
0804,1.6,0.00784313725490196,blur_noise_jpeg,gradient,0.05,textured_quartile,operator_spread,1.0,256,256,0.00462831551379402
0804,1.6,0.00784313725490196,blur_noise_jpeg,gradient,0.05,textured_quartile,measurement_noise_spread,1.0,256,256,0.004628315513794021
0804,1.6,0.00784313725490196,blur_noise_jpeg,gradient,0.05,textured_quartile,measurement_residual,1.0,256,256,0.00462831551379402
0804,1.6,0.00784313725490196,blur_noise_jpeg,gradient,0.05,textured_quartile,image_gradient,1.0,256,256,0.00462831551379402
0804,1.6,0.00784313725490196,blur_noise_jpeg,gradient,0.05,textured_quartile,random_expected,1.0,256,256,0.00462831551379402
0804,1.6,0.00784313725490196,blur_noise_jpeg,gradient,0.05,textured_quartile,oracle_error,1.0,256,256,0.00462831551379402
0804,1.6,0.0196078431372549,blur_noise,ridge,0.05,all,operator_spread,0.5,512,1024,0.0020284437316084366
0804,1.6,0.0196078431372549,blur_noise,ridge,0.05,all,measurement_noise_spread,0.5,512,1024,0.0030182928402958838
0804,1.6,0.0196078431372549,blur_noise,ridge,0.05,all,measurement_residual,0.5,512,1024,0.0023047011170024244
0804,1.6,0.0196078431372549,blur_noise,ridge,0.05,all,image_gradient,0.5,512,1024,0.0018748237144229683
0804,1.6,0.0196078431372549,blur_noise,ridge,0.05,all,random_expected,0.5,512,1024,0.003020050720505577
0804,1.6,0.0196078431372549,blur_noise,ridge,0.05,all,oracle_error,0.5,512,1024,0.001591848487667984
0804,1.6,0.0196078431372549,blur_noise,ridge,0.05,all,operator_spread,0.75,768,1024,0.002356694691273946
0804,1.6,0.0196078431372549,blur_noise,ridge,0.05,all,measurement_noise_spread,0.75,768,1024,0.0029903627473615592
0804,1.6,0.0196078431372549,blur_noise,ridge,0.05,all,measurement_residual,0.75,768,1024,0.0028103000972748518
0804,1.6,0.0196078431372549,blur_noise,ridge,0.05,all,image_gradient,0.75,768,1024,0.00238853593760524
0804,1.6,0.0196078431372549,blur_noise,ridge,0.05,all,random_expected,0.75,768,1024,0.003020050720505577
0804,1.6,0.0196078431372549,blur_noise,ridge,0.05,all,oracle_error,0.75,768,1024,0.002059502053457625
0804,1.6,0.0196078431372549,blur_noise,ridge,0.05,all,operator_spread,0.9,922,1024,0.0026467082050780962
0804,1.6,0.0196078431372549,blur_noise,ridge,0.05,all,measurement_noise_spread,0.9,922,1024,0.0030170564037458572
0804,1.6,0.0196078431372549,blur_noise,ridge,0.05,all,measurement_residual,0.9,922,1024,0.0030353389131793657
0804,1.6,0.0196078431372549,blur_noise,ridge,0.05,all,image_gradient,0.9,922,1024,0.0026961124878397483
0804,1.6,0.0196078431372549,blur_noise,ridge,0.05,all,random_expected,0.9,922,1024,0.003020050720505577
0804,1.6,0.0196078431372549,blur_noise,ridge,0.05,all,oracle_error,0.9,922,1024,0.002508654393619274
0804,1.6,0.0196078431372549,blur_noise,ridge,0.05,all,operator_spread,1.0,1024,1024,0.0030200507205055765
0804,1.6,0.0196078431372549,blur_noise,ridge,0.05,all,measurement_noise_spread,1.0,1024,1024,0.0030200507205055765
0804,1.6,0.0196078431372549,blur_noise,ridge,0.05,all,measurement_residual,1.0,1024,1024,0.0030200507205055765
0804,1.6,0.0196078431372549,blur_noise,ridge,0.05,all,image_gradient,1.0,1024,1024,0.0030200507205055765
0804,1.6,0.0196078431372549,blur_noise,ridge,0.05,all,random_expected,1.0,1024,1024,0.003020050720505577
0804,1.6,0.0196078431372549,blur_noise,ridge,0.05,all,oracle_error,1.0,1024,1024,0.0030200507205055765
0804,1.6,0.0196078431372549,blur_noise,ridge,0.05,textured_quartile,operator_spread,0.5,128,256,0.004992726239065283
0804,1.6,0.0196078431372549,blur_noise,ridge,0.05,textured_quartile,measurement_noise_spread,0.5,128,256,0.005817702176113799
0804,1.6,0.0196078431372549,blur_noise,ridge,0.05,textured_quartile,measurement_residual,0.5,128,256,0.0047529297015463535
0804,1.6,0.0196078431372549,blur_noise,ridge,0.05,textured_quartile,image_gradient,0.5,128,256,0.005369875787648968
0804,1.6,0.0196078431372549,blur_noise,ridge,0.05,textured_quartile,random_expected,0.5,128,256,0.005714581408708786
0804,1.6,0.0196078431372549,blur_noise,ridge,0.05,textured_quartile,oracle_error,0.5,128,256,0.004199927019487267
0804,1.6,0.0196078431372549,blur_noise,ridge,0.05,textured_quartile,operator_spread,0.75,192,256,0.005282233366816478
0804,1.6,0.0196078431372549,blur_noise,ridge,0.05,textured_quartile,measurement_noise_spread,0.75,192,256,0.005780612641327791
0804,1.6,0.0196078431372549,blur_noise,ridge,0.05,textured_quartile,measurement_residual,0.75,192,256,0.005364919863697346
0804,1.6,0.0196078431372549,blur_noise,ridge,0.05,textured_quartile,image_gradient,0.75,192,256,0.005553231107931785
0804,1.6,0.0196078431372549,blur_noise,ridge,0.05,textured_quartile,random_expected,0.75,192,256,0.005714581408708786
0804,1.6,0.0196078431372549,blur_noise,ridge,0.05,textured_quartile,oracle_error,0.75,192,256,0.004792804597218168
0804,1.6,0.0196078431372549,blur_noise,ridge,0.05,textured_quartile,operator_spread,0.9,231,256,0.005484554059165668
0804,1.6,0.0196078431372549,blur_noise,ridge,0.05,textured_quartile,measurement_noise_spread,0.9,231,256,0.0057601855843295476
0804,1.6,0.0196078431372549,blur_noise,ridge,0.05,textured_quartile,measurement_residual,0.9,231,256,0.0057230285076574116
0804,1.6,0.0196078431372549,blur_noise,ridge,0.05,textured_quartile,image_gradient,0.9,231,256,0.005603629195294667
0804,1.6,0.0196078431372549,blur_noise,ridge,0.05,textured_quartile,random_expected,0.9,231,256,0.005714581408708786
0804,1.6,0.0196078431372549,blur_noise,ridge,0.05,textured_quartile,oracle_error,0.9,231,256,0.005213282486818444
0804,1.6,0.0196078431372549,blur_noise,ridge,0.05,textured_quartile,operator_spread,1.0,256,256,0.005714581408708786
0804,1.6,0.0196078431372549,blur_noise,ridge,0.05,textured_quartile,measurement_noise_spread,1.0,256,256,0.005714581408708787
0804,1.6,0.0196078431372549,blur_noise,ridge,0.05,textured_quartile,measurement_residual,1.0,256,256,0.005714581408708786
0804,1.6,0.0196078431372549,blur_noise,ridge,0.05,textured_quartile,image_gradient,1.0,256,256,0.005714581408708787
0804,1.6,0.0196078431372549,blur_noise,ridge,0.05,textured_quartile,random_expected,1.0,256,256,0.005714581408708786
0804,1.6,0.0196078431372549,blur_noise,ridge,0.05,textured_quartile,oracle_error,1.0,256,256,0.005714581408708786
0804,1.6,0.0196078431372549,blur_noise,gradient,0.05,all,operator_spread,0.5,512,1024,0.0007894324787781072
0804,1.6,0.0196078431372549,blur_noise,gradient,0.05,all,measurement_noise_spread,0.5,512,1024,0.0019055863786987112
0804,1.6,0.0196078431372549,blur_noise,gradient,0.05,all,measurement_residual,0.5,512,1024,0.001752854395053924
0804,1.6,0.0196078431372549,blur_noise,gradient,0.05,all,image_gradient,0.5,512,1024,0.0008938159282507832
0804,1.6,0.0196078431372549,blur_noise,gradient,0.05,all,random_expected,0.5,512,1024,0.002023651431296177
0804,1.6,0.0196078431372549,blur_noise,gradient,0.05,all,oracle_error,0.5,512,1024,0.0006344997988893011
0804,1.6,0.0196078431372549,blur_noise,gradient,0.05,all,operator_spread,0.75,768,1024,0.001259157135466992
0804,1.6,0.0196078431372549,blur_noise,gradient,0.05,all,measurement_noise_spread,0.75,768,1024,0.0019524739020099257
0804,1.6,0.0196078431372549,blur_noise,gradient,0.05,all,measurement_residual,0.75,768,1024,0.001879438492465148
0804,1.6,0.0196078431372549,blur_noise,gradient,0.05,all,image_gradient,0.75,768,1024,0.0014316247564907208
0804,1.6,0.0196078431372549,blur_noise,gradient,0.05,all,random_expected,0.75,768,1024,0.002023651431296177
0804,1.6,0.0196078431372549,blur_noise,gradient,0.05,all,oracle_error,0.75,768,1024,0.0010982720943467055
0804,1.6,0.0196078431372549,blur_noise,gradient,0.05,all,operator_spread,0.9,922,1024,0.001639242743045736
0804,1.6,0.0196078431372549,blur_noise,gradient,0.05,all,measurement_noise_spread,0.9,922,1024,0.001992432357493622
0804,1.6,0.0196078431372549,blur_noise,gradient,0.05,all,measurement_residual,0.9,922,1024,0.001945661121770592
0804,1.6,0.0196078431372549,blur_noise,gradient,0.05,all,image_gradient,0.9,922,1024,0.0017367322352371106
0804,1.6,0.0196078431372549,blur_noise,gradient,0.05,all,random_expected,0.9,922,1024,0.002023651431296177
0804,1.6,0.0196078431372549,blur_noise,gradient,0.05,all,oracle_error,0.9,922,1024,0.0015243237957786213
0804,1.6,0.0196078431372549,blur_noise,gradient,0.05,all,operator_spread,1.0,1024,1024,0.002023651431296177
0804,1.6,0.0196078431372549,blur_noise,gradient,0.05,all,measurement_noise_spread,1.0,1024,1024,0.002023651431296177
0804,1.6,0.0196078431372549,blur_noise,gradient,0.05,all,measurement_residual,1.0,1024,1024,0.002023651431296177
0804,1.6,0.0196078431372549,blur_noise,gradient,0.05,all,image_gradient,1.0,1024,1024,0.002023651431296177
0804,1.6,0.0196078431372549,blur_noise,gradient,0.05,all,random_expected,1.0,1024,1024,0.002023651431296177
0804,1.6,0.0196078431372549,blur_noise,gradient,0.05,all,oracle_error,1.0,1024,1024,0.0020236514312961767
0804,1.6,0.0196078431372549,blur_noise,gradient,0.05,textured_quartile,operator_spread,0.5,128,256,0.003985110841831478
0804,1.6,0.0196078431372549,blur_noise,gradient,0.05,textured_quartile,measurement_noise_spread,0.5,128,256,0.004596555038604337
0804,1.6,0.0196078431372549,blur_noise,gradient,0.05,textured_quartile,measurement_residual,0.5,128,256,0.004555785337000084
0804,1.6,0.0196078431372549,blur_noise,gradient,0.05,textured_quartile,image_gradient,0.5,128,256,0.004413382112303833
0804,1.6,0.0196078431372549,blur_noise,gradient,0.05,textured_quartile,random_expected,0.5,128,256,0.004667700987110756
0804,1.6,0.0196078431372549,blur_noise,gradient,0.05,textured_quartile,oracle_error,0.5,128,256,0.0032300621978360216
0804,1.6,0.0196078431372549,blur_noise,gradient,0.05,textured_quartile,operator_spread,0.75,192,256,0.004160993563915799
0804,1.6,0.0196078431372549,blur_noise,gradient,0.05,textured_quartile,measurement_noise_spread,0.75,192,256,0.0047074376587401484
0804,1.6,0.0196078431372549,blur_noise,gradient,0.05,textured_quartile,measurement_residual,0.75,192,256,0.004609349525083922
0804,1.6,0.0196078431372549,blur_noise,gradient,0.05,textured_quartile,image_gradient,0.75,192,256,0.0045597044602097465
0804,1.6,0.0196078431372549,blur_noise,gradient,0.05,textured_quartile,random_expected,0.75,192,256,0.004667700987110756
0804,1.6,0.0196078431372549,blur_noise,gradient,0.05,textured_quartile,oracle_error,0.75,192,256,0.003763843318333076
0804,1.6,0.0196078431372549,blur_noise,gradient,0.05,textured_quartile,operator_spread,0.9,231,256,0.004387792771422831
0804,1.6,0.0196078431372549,blur_noise,gradient,0.05,textured_quartile,measurement_noise_spread,0.9,231,256,0.004644000398789048
0804,1.6,0.0196078431372549,blur_noise,gradient,0.05,textured_quartile,measurement_residual,0.9,231,256,0.004571994648804807
0804,1.6,0.0196078431372549,blur_noise,gradient,0.05,textured_quartile,image_gradient,0.9,231,256,0.00458201565791895
0804,1.6,0.0196078431372549,blur_noise,gradient,0.05,textured_quartile,random_expected,0.9,231,256,0.004667700987110756
0804,1.6,0.0196078431372549,blur_noise,gradient,0.05,textured_quartile,oracle_error,0.9,231,256,0.004184018994411282
0804,1.6,0.0196078431372549,blur_noise,gradient,0.05,textured_quartile,operator_spread,1.0,256,256,0.0046677009871107554
0804,1.6,0.0196078431372549,blur_noise,gradient,0.05,textured_quartile,measurement_noise_spread,1.0,256,256,0.0046677009871107554
0804,1.6,0.0196078431372549,blur_noise,gradient,0.05,textured_quartile,measurement_residual,1.0,256,256,0.004667700987110756
0804,1.6,0.0196078431372549,blur_noise,gradient,0.05,textured_quartile,image_gradient,1.0,256,256,0.004667700987110756
0804,1.6,0.0196078431372549,blur_noise,gradient,0.05,textured_quartile,random_expected,1.0,256,256,0.004667700987110756
0804,1.6,0.0196078431372549,blur_noise,gradient,0.05,textured_quartile,oracle_error,1.0,256,256,0.004667700987110756
0804,1.6,0.0196078431372549,blur_noise_jpeg,ridge,0.05,all,operator_spread,0.5,512,1024,0.0015204528935778758
0804,1.6,0.0196078431372549,blur_noise_jpeg,ridge,0.05,all,measurement_noise_spread,0.5,512,1024,0.0028334137958353194
0804,1.6,0.0196078431372549,blur_noise_jpeg,ridge,0.05,all,measurement_residual,0.5,512,1024,0.00208549593261328
0804,1.6,0.0196078431372549,blur_noise_jpeg,ridge,0.05,all,image_gradient,0.5,512,1024,0.0016108458065904024
0804,1.6,0.0196078431372549,blur_noise_jpeg,ridge,0.05,all,random_expected,0.5,512,1024,0.0028154639493096533
0804,1.6,0.0196078431372549,blur_noise_jpeg,ridge,0.05,all,oracle_error,0.5,512,1024,0.001334551157073051
0804,1.6,0.0196078431372549,blur_noise_jpeg,ridge,0.05,all,operator_spread,0.75,768,1024,0.0020089505236866993
0804,1.6,0.0196078431372549,blur_noise_jpeg,ridge,0.05,all,measurement_noise_spread,0.75,768,1024,0.0027994572820483417
0804,1.6,0.0196078431372549,blur_noise_jpeg,ridge,0.05,all,measurement_residual,0.75,768,1024,0.0026136837246996205
0804,1.6,0.0196078431372549,blur_noise_jpeg,ridge,0.05,all,image_gradient,0.75,768,1024,0.002134342422210125
0804,1.6,0.0196078431372549,blur_noise_jpeg,ridge,0.05,all,random_expected,0.75,768,1024,0.0028154639493096533
0804,1.6,0.0196078431372549,blur_noise_jpeg,ridge,0.05,all,oracle_error,0.75,768,1024,0.0018186359081933878
0804,1.6,0.0196078431372549,blur_noise_jpeg,ridge,0.05,all,operator_spread,0.9,922,1024,0.00238015701715025
0804,1.6,0.0196078431372549,blur_noise_jpeg,ridge,0.05,all,measurement_noise_spread,0.9,922,1024,0.00281141318378046
0804,1.6,0.0196078431372549,blur_noise_jpeg,ridge,0.05,all,measurement_residual,0.9,922,1024,0.0028316417614458085
0804,1.6,0.0196078431372549,blur_noise_jpeg,ridge,0.05,all,image_gradient,0.9,922,1024,0.0024955608311060845
0804,1.6,0.0196078431372549,blur_noise_jpeg,ridge,0.05,all,random_expected,0.9,922,1024,0.0028154639493096533
0804,1.6,0.0196078431372549,blur_noise_jpeg,ridge,0.05,all,oracle_error,0.9,922,1024,0.0022858674808978172
0804,1.6,0.0196078431372549,blur_noise_jpeg,ridge,0.05,all,operator_spread,1.0,1024,1024,0.0028154639493096537
0804,1.6,0.0196078431372549,blur_noise_jpeg,ridge,0.05,all,measurement_noise_spread,1.0,1024,1024,0.0028154639493096537
0804,1.6,0.0196078431372549,blur_noise_jpeg,ridge,0.05,all,measurement_residual,1.0,1024,1024,0.0028154639493096533
0804,1.6,0.0196078431372549,blur_noise_jpeg,ridge,0.05,all,image_gradient,1.0,1024,1024,0.0028154639493096537
0804,1.6,0.0196078431372549,blur_noise_jpeg,ridge,0.05,all,random_expected,1.0,1024,1024,0.0028154639493096533
0804,1.6,0.0196078431372549,blur_noise_jpeg,ridge,0.05,all,oracle_error,1.0,1024,1024,0.0028154639493096533
0804,1.6,0.0196078431372549,blur_noise_jpeg,ridge,0.05,textured_quartile,operator_spread,0.5,128,256,0.004650564696458157
0804,1.6,0.0196078431372549,blur_noise_jpeg,ridge,0.05,textured_quartile,measurement_noise_spread,0.5,128,256,0.005734140473553099
0804,1.6,0.0196078431372549,blur_noise_jpeg,ridge,0.05,textured_quartile,measurement_residual,0.5,128,256,0.004594402997393906
0804,1.6,0.0196078431372549,blur_noise_jpeg,ridge,0.05,textured_quartile,image_gradient,0.5,128,256,0.005266465878104353
0804,1.6,0.0196078431372549,blur_noise_jpeg,ridge,0.05,textured_quartile,random_expected,0.5,128,256,0.005609581321084009
0804,1.6,0.0196078431372549,blur_noise_jpeg,ridge,0.05,textured_quartile,oracle_error,0.5,128,256,0.00404066085140896
0804,1.6,0.0196078431372549,blur_noise_jpeg,ridge,0.05,textured_quartile,operator_spread,0.75,192,256,0.004990053762941512
0804,1.6,0.0196078431372549,blur_noise_jpeg,ridge,0.05,textured_quartile,measurement_noise_spread,0.75,192,256,0.005676954441975364
0804,1.6,0.0196078431372549,blur_noise_jpeg,ridge,0.05,textured_quartile,measurement_residual,0.75,192,256,0.005246376170000337
0804,1.6,0.0196078431372549,blur_noise_jpeg,ridge,0.05,textured_quartile,image_gradient,0.75,192,256,0.00541286610012711
0804,1.6,0.0196078431372549,blur_noise_jpeg,ridge,0.05,textured_quartile,random_expected,0.75,192,256,0.005609581321084009
0804,1.6,0.0196078431372549,blur_noise_jpeg,ridge,0.05,textured_quartile,oracle_error,0.75,192,256,0.0046505574749922925
0804,1.6,0.0196078431372549,blur_noise_jpeg,ridge,0.05,textured_quartile,operator_spread,0.9,231,256,0.005293649719432889
0804,1.6,0.0196078431372549,blur_noise_jpeg,ridge,0.05,textured_quartile,measurement_noise_spread,0.9,231,256,0.005652796891171824
0804,1.6,0.0196078431372549,blur_noise_jpeg,ridge,0.05,textured_quartile,measurement_residual,0.9,231,256,0.005604337124423403
0804,1.6,0.0196078431372549,blur_noise_jpeg,ridge,0.05,textured_quartile,image_gradient,0.9,231,256,0.0054759150588630555
0804,1.6,0.0196078431372549,blur_noise_jpeg,ridge,0.05,textured_quartile,random_expected,0.9,231,256,0.005609581321084009
0804,1.6,0.0196078431372549,blur_noise_jpeg,ridge,0.05,textured_quartile,oracle_error,0.9,231,256,0.005099083197708883
0804,1.6,0.0196078431372549,blur_noise_jpeg,ridge,0.05,textured_quartile,operator_spread,1.0,256,256,0.005609581321084009
0804,1.6,0.0196078431372549,blur_noise_jpeg,ridge,0.05,textured_quartile,measurement_noise_spread,1.0,256,256,0.005609581321084009
0804,1.6,0.0196078431372549,blur_noise_jpeg,ridge,0.05,textured_quartile,measurement_residual,1.0,256,256,0.005609581321084009
0804,1.6,0.0196078431372549,blur_noise_jpeg,ridge,0.05,textured_quartile,image_gradient,1.0,256,256,0.005609581321084009
0804,1.6,0.0196078431372549,blur_noise_jpeg,ridge,0.05,textured_quartile,random_expected,1.0,256,256,0.005609581321084009
0804,1.6,0.0196078431372549,blur_noise_jpeg,ridge,0.05,textured_quartile,oracle_error,1.0,256,256,0.005609581321084009
0804,1.6,0.0196078431372549,blur_noise_jpeg,gradient,0.05,all,operator_spread,0.5,512,1024,0.0007284726704866336
0804,1.6,0.0196078431372549,blur_noise_jpeg,gradient,0.05,all,measurement_noise_spread,0.5,512,1024,0.0019078861820011877
0804,1.6,0.0196078431372549,blur_noise_jpeg,gradient,0.05,all,measurement_residual,0.5,512,1024,0.000975354651339665
0804,1.6,0.0196078431372549,blur_noise_jpeg,gradient,0.05,all,image_gradient,0.5,512,1024,0.0008556143141996748
0804,1.6,0.0196078431372549,blur_noise_jpeg,gradient,0.05,all,random_expected,0.5,512,1024,0.0020222588308930847
0804,1.6,0.0196078431372549,blur_noise_jpeg,gradient,0.05,all,oracle_error,0.5,512,1024,0.0005975941882825927
0804,1.6,0.0196078431372549,blur_noise_jpeg,gradient,0.05,all,operator_spread,0.75,768,1024,0.0012335685036144375
0804,1.6,0.0196078431372549,blur_noise_jpeg,gradient,0.05,all,measurement_noise_spread,0.75,768,1024,0.00195145692710346
0804,1.6,0.0196078431372549,blur_noise_jpeg,gradient,0.05,all,measurement_residual,0.75,768,1024,0.0014038618214626435
0804,1.6,0.0196078431372549,blur_noise_jpeg,gradient,0.05,all,image_gradient,0.75,768,1024,0.0014023887417539016
0804,1.6,0.0196078431372549,blur_noise_jpeg,gradient,0.05,all,random_expected,0.75,768,1024,0.0020222588308930847
0804,1.6,0.0196078431372549,blur_noise_jpeg,gradient,0.05,all,oracle_error,0.75,768,1024,0.0010766592006779265
0804,1.6,0.0196078431372549,blur_noise_jpeg,gradient,0.05,all,operator_spread,0.9,922,1024,0.0016185737219562703
0804,1.6,0.0196078431372549,blur_noise_jpeg,gradient,0.05,all,measurement_noise_spread,0.9,922,1024,0.0019888767839907184
0804,1.6,0.0196078431372549,blur_noise_jpeg,gradient,0.05,all,measurement_residual,0.9,922,1024,0.0017197821211816099
0804,1.6,0.0196078431372549,blur_noise_jpeg,gradient,0.05,all,image_gradient,0.9,922,1024,0.0017351295398909505
0804,1.6,0.0196078431372549,blur_noise_jpeg,gradient,0.05,all,random_expected,0.9,922,1024,0.0020222588308930847
0804,1.6,0.0196078431372549,blur_noise_jpeg,gradient,0.05,all,oracle_error,0.9,922,1024,0.0015124315252876266
0804,1.6,0.0196078431372549,blur_noise_jpeg,gradient,0.05,all,operator_spread,1.0,1024,1024,0.0020222588308930847
0804,1.6,0.0196078431372549,blur_noise_jpeg,gradient,0.05,all,measurement_noise_spread,1.0,1024,1024,0.0020222588308930847
0804,1.6,0.0196078431372549,blur_noise_jpeg,gradient,0.05,all,measurement_residual,1.0,1024,1024,0.0020222588308930847
0804,1.6,0.0196078431372549,blur_noise_jpeg,gradient,0.05,all,image_gradient,1.0,1024,1024,0.0020222588308930847
0804,1.6,0.0196078431372549,blur_noise_jpeg,gradient,0.05,all,random_expected,1.0,1024,1024,0.0020222588308930847
0804,1.6,0.0196078431372549,blur_noise_jpeg,gradient,0.05,all,oracle_error,1.0,1024,1024,0.0020222588308930847
0804,1.6,0.0196078431372549,blur_noise_jpeg,gradient,0.05,textured_quartile,operator_spread,0.5,128,256,0.003925520128304759
0804,1.6,0.0196078431372549,blur_noise_jpeg,gradient,0.05,textured_quartile,measurement_noise_spread,0.5,128,256,0.004655684705639502
0804,1.6,0.0196078431372549,blur_noise_jpeg,gradient,0.05,textured_quartile,measurement_residual,0.5,128,256,0.0042018137588391204
0804,1.6,0.0196078431372549,blur_noise_jpeg,gradient,0.05,textured_quartile,image_gradient,0.5,128,256,0.004478162926751395
0804,1.6,0.0196078431372549,blur_noise_jpeg,gradient,0.05,textured_quartile,random_expected,0.5,128,256,0.00472291091155009
0804,1.6,0.0196078431372549,blur_noise_jpeg,gradient,0.05,textured_quartile,oracle_error,0.5,128,256,0.0032538001973574484
0804,1.6,0.0196078431372549,blur_noise_jpeg,gradient,0.05,textured_quartile,operator_spread,0.75,192,256,0.004179824676974757
0804,1.6,0.0196078431372549,blur_noise_jpeg,gradient,0.05,textured_quartile,measurement_noise_spread,0.75,192,256,0.004766535536489415
0804,1.6,0.0196078431372549,blur_noise_jpeg,gradient,0.05,textured_quartile,measurement_residual,0.75,192,256,0.004334860091832325
0804,1.6,0.0196078431372549,blur_noise_jpeg,gradient,0.05,textured_quartile,image_gradient,0.75,192,256,0.00460490519557187
0804,1.6,0.0196078431372549,blur_noise_jpeg,gradient,0.05,textured_quartile,random_expected,0.75,192,256,0.00472291091155009
0804,1.6,0.0196078431372549,blur_noise_jpeg,gradient,0.05,textured_quartile,oracle_error,0.75,192,256,0.003799828535475411
0804,1.6,0.0196078431372549,blur_noise_jpeg,gradient,0.05,textured_quartile,operator_spread,0.9,231,256,0.004434993219308991
0804,1.6,0.0196078431372549,blur_noise_jpeg,gradient,0.05,textured_quartile,measurement_noise_spread,0.9,231,256,0.004694447141076517
0804,1.6,0.0196078431372549,blur_noise_jpeg,gradient,0.05,textured_quartile,measurement_residual,0.9,231,256,0.004547883570184615
0804,1.6,0.0196078431372549,blur_noise_jpeg,gradient,0.05,textured_quartile,image_gradient,0.9,231,256,0.0046397780822018675
0804,1.6,0.0196078431372549,blur_noise_jpeg,gradient,0.05,textured_quartile,random_expected,0.9,231,256,0.00472291091155009
0804,1.6,0.0196078431372549,blur_noise_jpeg,gradient,0.05,textured_quartile,oracle_error,0.9,231,256,0.004233216514475698
0804,1.6,0.0196078431372549,blur_noise_jpeg,gradient,0.05,textured_quartile,operator_spread,1.0,256,256,0.00472291091155009
0804,1.6,0.0196078431372549,blur_noise_jpeg,gradient,0.05,textured_quartile,measurement_noise_spread,1.0,256,256,0.004722910911550089
0804,1.6,0.0196078431372549,blur_noise_jpeg,gradient,0.05,textured_quartile,measurement_residual,1.0,256,256,0.00472291091155009
0804,1.6,0.0196078431372549,blur_noise_jpeg,gradient,0.05,textured_quartile,image_gradient,1.0,256,256,0.004722910911550089
0804,1.6,0.0196078431372549,blur_noise_jpeg,gradient,0.05,textured_quartile,random_expected,1.0,256,256,0.00472291091155009
0804,1.6,0.0196078431372549,blur_noise_jpeg,gradient,0.05,textured_quartile,oracle_error,1.0,256,256,0.004722910911550089
0804,2.0,0.00784313725490196,blur_noise,ridge,0.05,all,operator_spread,0.5,512,1024,0.0015954152326042217
0804,2.0,0.00784313725490196,blur_noise,ridge,0.05,all,measurement_noise_spread,0.5,512,1024,0.003213319361053274
0804,2.0,0.00784313725490196,blur_noise,ridge,0.05,all,measurement_residual,0.5,512,1024,0.0024420465829513857
0804,2.0,0.00784313725490196,blur_noise,ridge,0.05,all,image_gradient,0.5,512,1024,0.0017604376816306156
0804,2.0,0.00784313725490196,blur_noise,ridge,0.05,all,random_expected,0.5,512,1024,0.0032896026819493555
0804,2.0,0.00784313725490196,blur_noise,ridge,0.05,all,oracle_error,0.5,512,1024,0.001300428801882278
0804,2.0,0.00784313725490196,blur_noise,ridge,0.05,all,operator_spread,0.75,768,1024,0.002247756037348407
0804,2.0,0.00784313725490196,blur_noise,ridge,0.05,all,measurement_noise_spread,0.75,768,1024,0.0032246617591660115
0804,2.0,0.00784313725490196,blur_noise,ridge,0.05,all,measurement_residual,0.75,768,1024,0.0031013688804315937
0804,2.0,0.00784313725490196,blur_noise,ridge,0.05,all,image_gradient,0.75,768,1024,0.002487241134252674
0804,2.0,0.00784313725490196,blur_noise,ridge,0.05,all,random_expected,0.75,768,1024,0.0032896026819493555
0804,2.0,0.00784313725490196,blur_noise,ridge,0.05,all,oracle_error,0.75,768,1024,0.001968601538199734
0804,2.0,0.00784313725490196,blur_noise,ridge,0.05,all,operator_spread,0.9,922,1024,0.0027433226648167983
0804,2.0,0.00784313725490196,blur_noise,ridge,0.05,all,measurement_noise_spread,0.9,922,1024,0.003290336630404702
0804,2.0,0.00784313725490196,blur_noise,ridge,0.05,all,measurement_residual,0.9,922,1024,0.0033602172511002903
0804,2.0,0.00784313725490196,blur_noise,ridge,0.05,all,image_gradient,0.9,922,1024,0.00292779040554073
0804,2.0,0.00784313725490196,blur_noise,ridge,0.05,all,random_expected,0.9,922,1024,0.0032896026819493555
0804,2.0,0.00784313725490196,blur_noise,ridge,0.05,all,oracle_error,0.9,922,1024,0.002586647750081974
0804,2.0,0.00784313725490196,blur_noise,ridge,0.05,all,operator_spread,1.0,1024,1024,0.0032896026819493555
0804,2.0,0.00784313725490196,blur_noise,ridge,0.05,all,measurement_noise_spread,1.0,1024,1024,0.0032896026819493555
0804,2.0,0.00784313725490196,blur_noise,ridge,0.05,all,measurement_residual,1.0,1024,1024,0.003289602681949356
0804,2.0,0.00784313725490196,blur_noise,ridge,0.05,all,image_gradient,1.0,1024,1024,0.003289602681949356
0804,2.0,0.00784313725490196,blur_noise,ridge,0.05,all,random_expected,1.0,1024,1024,0.0032896026819493555
0804,2.0,0.00784313725490196,blur_noise,ridge,0.05,all,oracle_error,1.0,1024,1024,0.0032896026819493555
0804,2.0,0.00784313725490196,blur_noise,ridge,0.05,textured_quartile,operator_spread,0.5,128,256,0.005887402636069667
0804,2.0,0.00784313725490196,blur_noise,ridge,0.05,textured_quartile,measurement_noise_spread,0.5,128,256,0.00697563218219391
0804,2.0,0.00784313725490196,blur_noise,ridge,0.05,textured_quartile,measurement_residual,0.5,128,256,0.005847992867593459
0804,2.0,0.00784313725490196,blur_noise,ridge,0.05,textured_quartile,image_gradient,0.5,128,256,0.006752114200241345
0804,2.0,0.00784313725490196,blur_noise,ridge,0.05,textured_quartile,random_expected,0.5,128,256,0.007036332202794954
0804,2.0,0.00784313725490196,blur_noise,ridge,0.05,textured_quartile,oracle_error,0.5,128,256,0.00500996020450797
0804,2.0,0.00784313725490196,blur_noise,ridge,0.05,textured_quartile,operator_spread,0.75,192,256,0.006375143562924175
0804,2.0,0.00784313725490196,blur_noise,ridge,0.05,textured_quartile,measurement_noise_spread,0.75,192,256,0.007053470108704422
0804,2.0,0.00784313725490196,blur_noise,ridge,0.05,textured_quartile,measurement_residual,0.75,192,256,0.00662615779184076
0804,2.0,0.00784313725490196,blur_noise,ridge,0.05,textured_quartile,image_gradient,0.75,192,256,0.00691277919211575
0804,2.0,0.00784313725490196,blur_noise,ridge,0.05,textured_quartile,random_expected,0.75,192,256,0.007036332202794954
0804,2.0,0.00784313725490196,blur_noise,ridge,0.05,textured_quartile,oracle_error,0.75,192,256,0.00577565566048265
0804,2.0,0.00784313725490196,blur_noise,ridge,0.05,textured_quartile,operator_spread,0.9,231,256,0.006631054677331194
0804,2.0,0.00784313725490196,blur_noise,ridge,0.05,textured_quartile,measurement_noise_spread,0.9,231,256,0.0070395843983253326
0804,2.0,0.00784313725490196,blur_noise,ridge,0.05,textured_quartile,measurement_residual,0.9,231,256,0.007088480314730139
0804,2.0,0.00784313725490196,blur_noise,ridge,0.05,textured_quartile,image_gradient,0.9,231,256,0.006975781797827629
0804,2.0,0.00784313725490196,blur_noise,ridge,0.05,textured_quartile,random_expected,0.9,231,256,0.007036332202794954
0804,2.0,0.00784313725490196,blur_noise,ridge,0.05,textured_quartile,oracle_error,0.9,231,256,0.006358345871162455
0804,2.0,0.00784313725490196,blur_noise,ridge,0.05,textured_quartile,operator_spread,1.0,256,256,0.007036332202794953
0804,2.0,0.00784313725490196,blur_noise,ridge,0.05,textured_quartile,measurement_noise_spread,1.0,256,256,0.007036332202794953
0804,2.0,0.00784313725490196,blur_noise,ridge,0.05,textured_quartile,measurement_residual,1.0,256,256,0.007036332202794953
0804,2.0,0.00784313725490196,blur_noise,ridge,0.05,textured_quartile,image_gradient,1.0,256,256,0.007036332202794954
0804,2.0,0.00784313725490196,blur_noise,ridge,0.05,textured_quartile,random_expected,1.0,256,256,0.007036332202794954
0804,2.0,0.00784313725490196,blur_noise,ridge,0.05,textured_quartile,oracle_error,1.0,256,256,0.007036332202794954
0804,2.0,0.00784313725490196,blur_noise,gradient,0.05,all,operator_spread,0.5,512,1024,0.000824135267624454
0804,2.0,0.00784313725490196,blur_noise,gradient,0.05,all,measurement_noise_spread,0.5,512,1024,0.0024205032855341784
0804,2.0,0.00784313725490196,blur_noise,gradient,0.05,all,measurement_residual,0.5,512,1024,0.0019811900984307747
0804,2.0,0.00784313725490196,blur_noise,gradient,0.05,all,image_gradient,0.5,512,1024,0.0010117483847330456
0804,2.0,0.00784313725490196,blur_noise,gradient,0.05,all,random_expected,0.5,512,1024,0.002511405397463576
0804,2.0,0.00784313725490196,blur_noise,gradient,0.05,all,oracle_error,0.5,512,1024,0.0005863123167954019
0804,2.0,0.00784313725490196,blur_noise,gradient,0.05,all,operator_spread,0.75,768,1024,0.0014960416010971619
0804,2.0,0.00784313725490196,blur_noise,gradient,0.05,all,measurement_noise_spread,0.75,768,1024,0.0024738139513509395
0804,2.0,0.00784313725490196,blur_noise,gradient,0.05,all,measurement_residual,0.75,768,1024,0.0022286916247635942
0804,2.0,0.00784313725490196,blur_noise,gradient,0.05,all,image_gradient,0.75,768,1024,0.0017725402492934945
0804,2.0,0.00784313725490196,blur_noise,gradient,0.05,all,random_expected,0.75,768,1024,0.002511405397463576
0804,2.0,0.00784313725490196,blur_noise,gradient,0.05,all,oracle_error,0.75,768,1024,0.0012508633971497999
0804,2.0,0.00784313725490196,blur_noise,gradient,0.05,all,operator_spread,0.9,922,1024,0.0019934795595132446
0804,2.0,0.00784313725490196,blur_noise,gradient,0.05,all,measurement_noise_spread,0.9,922,1024,0.0024739545495705674
0804,2.0,0.00784313725490196,blur_noise,gradient,0.05,all,measurement_residual,0.9,922,1024,0.002370946881067032
0804,2.0,0.00784313725490196,blur_noise,gradient,0.05,all,image_gradient,0.9,922,1024,0.0021773594972848242
0804,2.0,0.00784313725490196,blur_noise,gradient,0.05,all,random_expected,0.9,922,1024,0.002511405397463576
0804,2.0,0.00784313725490196,blur_noise,gradient,0.05,all,oracle_error,0.9,922,1024,0.0018344232630682193
0804,2.0,0.00784313725490196,blur_noise,gradient,0.05,all,operator_spread,1.0,1024,1024,0.0025114053974635755
0804,2.0,0.00784313725490196,blur_noise,gradient,0.05,all,measurement_noise_spread,1.0,1024,1024,0.0025114053974635755
0804,2.0,0.00784313725490196,blur_noise,gradient,0.05,all,measurement_residual,1.0,1024,1024,0.002511405397463576
0804,2.0,0.00784313725490196,blur_noise,gradient,0.05,all,image_gradient,1.0,1024,1024,0.002511405397463576
0804,2.0,0.00784313725490196,blur_noise,gradient,0.05,all,random_expected,1.0,1024,1024,0.002511405397463576
0804,2.0,0.00784313725490196,blur_noise,gradient,0.05,all,oracle_error,1.0,1024,1024,0.002511405397463576
0804,2.0,0.00784313725490196,blur_noise,gradient,0.05,textured_quartile,operator_spread,0.5,128,256,0.005234889694435171
0804,2.0,0.00784313725490196,blur_noise,gradient,0.05,textured_quartile,measurement_noise_spread,0.5,128,256,0.006049339649715885
0804,2.0,0.00784313725490196,blur_noise,gradient,0.05,textured_quartile,measurement_residual,0.5,128,256,0.005872008224684306
0804,2.0,0.00784313725490196,blur_noise,gradient,0.05,textured_quartile,image_gradient,0.5,128,256,0.005945485625908421
0804,2.0,0.00784313725490196,blur_noise,gradient,0.05,textured_quartile,random_expected,0.5,128,256,0.0061411021356404215
0804,2.0,0.00784313725490196,blur_noise,gradient,0.05,textured_quartile,oracle_error,0.5,128,256,0.004250336424643852
0804,2.0,0.00784313725490196,blur_noise,gradient,0.05,textured_quartile,operator_spread,0.75,192,256,0.005480940140596552
0804,2.0,0.00784313725490196,blur_noise,gradient,0.05,textured_quartile,measurement_noise_spread,0.75,192,256,0.00614984712654493
0804,2.0,0.00784313725490196,blur_noise,gradient,0.05,textured_quartile,measurement_residual,0.75,192,256,0.0060179473624625375
0804,2.0,0.00784313725490196,blur_noise,gradient,0.05,textured_quartile,image_gradient,0.75,192,256,0.006074089438525518
0804,2.0,0.00784313725490196,blur_noise,gradient,0.05,textured_quartile,random_expected,0.75,192,256,0.0061411021356404215
0804,2.0,0.00784313725490196,blur_noise,gradient,0.05,textured_quartile,oracle_error,0.75,192,256,0.004920748858242612
0804,2.0,0.00784313725490196,blur_noise,gradient,0.05,textured_quartile,operator_spread,0.9,231,256,0.0057880494525462504
0804,2.0,0.00784313725490196,blur_noise,gradient,0.05,textured_quartile,measurement_noise_spread,0.9,231,256,0.006182728650241539
0804,2.0,0.00784313725490196,blur_noise,gradient,0.05,textured_quartile,measurement_residual,0.9,231,256,0.006035993364467948
0804,2.0,0.00784313725490196,blur_noise,gradient,0.05,textured_quartile,image_gradient,0.9,231,256,0.006121739149868571
0804,2.0,0.00784313725490196,blur_noise,gradient,0.05,textured_quartile,random_expected,0.9,231,256,0.0061411021356404215
0804,2.0,0.00784313725490196,blur_noise,gradient,0.05,textured_quartile,oracle_error,0.9,231,256,0.005495537024488447
0804,2.0,0.00784313725490196,blur_noise,gradient,0.05,textured_quartile,operator_spread,1.0,256,256,0.0061411021356404215
0804,2.0,0.00784313725490196,blur_noise,gradient,0.05,textured_quartile,measurement_noise_spread,1.0,256,256,0.0061411021356404215
0804,2.0,0.00784313725490196,blur_noise,gradient,0.05,textured_quartile,measurement_residual,1.0,256,256,0.006141102135640421
0804,2.0,0.00784313725490196,blur_noise,gradient,0.05,textured_quartile,image_gradient,1.0,256,256,0.0061411021356404215
0804,2.0,0.00784313725490196,blur_noise,gradient,0.05,textured_quartile,random_expected,1.0,256,256,0.0061411021356404215
0804,2.0,0.00784313725490196,blur_noise,gradient,0.05,textured_quartile,oracle_error,1.0,256,256,0.006141102135640421
0804,2.0,0.00784313725490196,blur_noise_jpeg,ridge,0.05,all,operator_spread,0.5,512,1024,0.0015559225562486536
0804,2.0,0.00784313725490196,blur_noise_jpeg,ridge,0.05,all,measurement_noise_spread,0.5,512,1024,0.003248316849467953
0804,2.0,0.00784313725490196,blur_noise_jpeg,ridge,0.05,all,measurement_residual,0.5,512,1024,0.0024739340427688376
0804,2.0,0.00784313725490196,blur_noise_jpeg,ridge,0.05,all,image_gradient,0.5,512,1024,0.0017478771641769968
0804,2.0,0.00784313725490196,blur_noise_jpeg,ridge,0.05,all,random_expected,0.5,512,1024,0.00333009814200878
0804,2.0,0.00784313725490196,blur_noise_jpeg,ridge,0.05,all,oracle_error,0.5,512,1024,0.0012983950105248212
0804,2.0,0.00784313725490196,blur_noise_jpeg,ridge,0.05,all,operator_spread,0.75,768,1024,0.00224726916862672
0804,2.0,0.00784313725490196,blur_noise_jpeg,ridge,0.05,all,measurement_noise_spread,0.75,768,1024,0.0032658842353107745
0804,2.0,0.00784313725490196,blur_noise_jpeg,ridge,0.05,all,measurement_residual,0.75,768,1024,0.0031433879003912816
0804,2.0,0.00784313725490196,blur_noise_jpeg,ridge,0.05,all,image_gradient,0.75,768,1024,0.002513116565745638
0804,2.0,0.00784313725490196,blur_noise_jpeg,ridge,0.05,all,random_expected,0.75,768,1024,0.00333009814200878
0804,2.0,0.00784313725490196,blur_noise_jpeg,ridge,0.05,all,oracle_error,0.75,768,1024,0.001984120172244505
0804,2.0,0.00784313725490196,blur_noise_jpeg,ridge,0.05,all,operator_spread,0.9,922,1024,0.002791476810029413
0804,2.0,0.00784313725490196,blur_noise_jpeg,ridge,0.05,all,measurement_noise_spread,0.9,922,1024,0.0033309881516999074
0804,2.0,0.00784313725490196,blur_noise_jpeg,ridge,0.05,all,measurement_residual,0.9,922,1024,0.003400829326438581
0804,2.0,0.00784313725490196,blur_noise_jpeg,ridge,0.05,all,image_gradient,0.9,922,1024,0.002956557501536075
0804,2.0,0.00784313725490196,blur_noise_jpeg,ridge,0.05,all,random_expected,0.9,922,1024,0.00333009814200878
0804,2.0,0.00784313725490196,blur_noise_jpeg,ridge,0.05,all,oracle_error,0.9,922,1024,0.002614060137238071
0804,2.0,0.00784313725490196,blur_noise_jpeg,ridge,0.05,all,operator_spread,1.0,1024,1024,0.0033300981420087794
0804,2.0,0.00784313725490196,blur_noise_jpeg,ridge,0.05,all,measurement_noise_spread,1.0,1024,1024,0.00333009814200878
0804,2.0,0.00784313725490196,blur_noise_jpeg,ridge,0.05,all,measurement_residual,1.0,1024,1024,0.00333009814200878
0804,2.0,0.00784313725490196,blur_noise_jpeg,ridge,0.05,all,image_gradient,1.0,1024,1024,0.00333009814200878
0804,2.0,0.00784313725490196,blur_noise_jpeg,ridge,0.05,all,random_expected,1.0,1024,1024,0.00333009814200878
0804,2.0,0.00784313725490196,blur_noise_jpeg,ridge,0.05,all,oracle_error,1.0,1024,1024,0.00333009814200878
0804,2.0,0.00784313725490196,blur_noise_jpeg,ridge,0.05,textured_quartile,operator_spread,0.5,128,256,0.006088141541318284
0804,2.0,0.00784313725490196,blur_noise_jpeg,ridge,0.05,textured_quartile,measurement_noise_spread,0.5,128,256,0.007072922933877136
0804,2.0,0.00784313725490196,blur_noise_jpeg,ridge,0.05,textured_quartile,measurement_residual,0.5,128,256,0.005951557195264696
0804,2.0,0.00784313725490196,blur_noise_jpeg,ridge,0.05,textured_quartile,image_gradient,0.5,128,256,0.007020671409318037
0804,2.0,0.00784313725490196,blur_noise_jpeg,ridge,0.05,textured_quartile,random_expected,0.5,128,256,0.007150104623464603
0804,2.0,0.00784313725490196,blur_noise_jpeg,ridge,0.05,textured_quartile,oracle_error,0.5,128,256,0.005090744229721474
0804,2.0,0.00784313725490196,blur_noise_jpeg,ridge,0.05,textured_quartile,operator_spread,0.75,192,256,0.006506938083468434
0804,2.0,0.00784313725490196,blur_noise_jpeg,ridge,0.05,textured_quartile,measurement_noise_spread,0.75,192,256,0.0071698892785459975
0804,2.0,0.00784313725490196,blur_noise_jpeg,ridge,0.05,textured_quartile,measurement_residual,0.75,192,256,0.0067443654660085455
0804,2.0,0.00784313725490196,blur_noise_jpeg,ridge,0.05,textured_quartile,image_gradient,0.75,192,256,0.006999491073692954
0804,2.0,0.00784313725490196,blur_noise_jpeg,ridge,0.05,textured_quartile,random_expected,0.75,192,256,0.007150104623464603
0804,2.0,0.00784313725490196,blur_noise_jpeg,ridge,0.05,textured_quartile,oracle_error,0.75,192,256,0.005872181832292215
0804,2.0,0.00784313725490196,blur_noise_jpeg,ridge,0.05,textured_quartile,operator_spread,0.9,231,256,0.006720899674162643
0804,2.0,0.00784313725490196,blur_noise_jpeg,ridge,0.05,textured_quartile,measurement_noise_spread,0.9,231,256,0.0071548047220603315
0804,2.0,0.00784313725490196,blur_noise_jpeg,ridge,0.05,textured_quartile,measurement_residual,0.9,231,256,0.007197943958383526
0804,2.0,0.00784313725490196,blur_noise_jpeg,ridge,0.05,textured_quartile,image_gradient,0.9,231,256,0.007077686059367725
0804,2.0,0.00784313725490196,blur_noise_jpeg,ridge,0.05,textured_quartile,random_expected,0.9,231,256,0.007150104623464603
0804,2.0,0.00784313725490196,blur_noise_jpeg,ridge,0.05,textured_quartile,oracle_error,0.9,231,256,0.006462944856445573
0804,2.0,0.00784313725490196,blur_noise_jpeg,ridge,0.05,textured_quartile,operator_spread,1.0,256,256,0.007150104623464604
0804,2.0,0.00784313725490196,blur_noise_jpeg,ridge,0.05,textured_quartile,measurement_noise_spread,1.0,256,256,0.007150104623464604
0804,2.0,0.00784313725490196,blur_noise_jpeg,ridge,0.05,textured_quartile,measurement_residual,1.0,256,256,0.007150104623464604
0804,2.0,0.00784313725490196,blur_noise_jpeg,ridge,0.05,textured_quartile,image_gradient,1.0,256,256,0.007150104623464603
0804,2.0,0.00784313725490196,blur_noise_jpeg,ridge,0.05,textured_quartile,random_expected,1.0,256,256,0.007150104623464603
0804,2.0,0.00784313725490196,blur_noise_jpeg,ridge,0.05,textured_quartile,oracle_error,1.0,256,256,0.007150104623464603
0804,2.0,0.00784313725490196,blur_noise_jpeg,gradient,0.05,all,operator_spread,0.5,512,1024,0.0008283758531932099
0804,2.0,0.00784313725490196,blur_noise_jpeg,gradient,0.05,all,measurement_noise_spread,0.5,512,1024,0.0024753112131223375
0804,2.0,0.00784313725490196,blur_noise_jpeg,gradient,0.05,all,measurement_residual,0.5,512,1024,0.0009134427263043796
0804,2.0,0.00784313725490196,blur_noise_jpeg,gradient,0.05,all,image_gradient,0.5,512,1024,0.00103251293556838
0804,2.0,0.00784313725490196,blur_noise_jpeg,gradient,0.05,all,random_expected,0.5,512,1024,0.002570983101897302
0804,2.0,0.00784313725490196,blur_noise_jpeg,gradient,0.05,all,oracle_error,0.5,512,1024,0.0006141757124627641
0804,2.0,0.00784313725490196,blur_noise_jpeg,gradient,0.05,all,operator_spread,0.75,768,1024,0.0015503154460659394
0804,2.0,0.00784313725490196,blur_noise_jpeg,gradient,0.05,all,measurement_noise_spread,0.75,768,1024,0.0025317334868061882
0804,2.0,0.00784313725490196,blur_noise_jpeg,gradient,0.05,all,measurement_residual,0.75,768,1024,0.0017142467449808802
0804,2.0,0.00784313725490196,blur_noise_jpeg,gradient,0.05,all,image_gradient,0.75,768,1024,0.001836393502413119
0804,2.0,0.00784313725490196,blur_noise_jpeg,gradient,0.05,all,random_expected,0.75,768,1024,0.002570983101897302
0804,2.0,0.00784313725490196,blur_noise_jpeg,gradient,0.05,all,oracle_error,0.75,768,1024,0.0012928679625222352
0804,2.0,0.00784313725490196,blur_noise_jpeg,gradient,0.05,all,operator_spread,0.9,922,1024,0.002043803168571477
0804,2.0,0.00784313725490196,blur_noise_jpeg,gradient,0.05,all,measurement_noise_spread,0.9,922,1024,0.00253288687794938
0804,2.0,0.00784313725490196,blur_noise_jpeg,gradient,0.05,all,measurement_residual,0.9,922,1024,0.002173533253500606
0804,2.0,0.00784313725490196,blur_noise_jpeg,gradient,0.05,all,image_gradient,0.9,922,1024,0.0022326750771733857
0804,2.0,0.00784313725490196,blur_noise_jpeg,gradient,0.05,all,random_expected,0.9,922,1024,0.002570983101897302
0804,2.0,0.00784313725490196,blur_noise_jpeg,gradient,0.05,all,oracle_error,0.9,922,1024,0.0018851608980802465
0804,2.0,0.00784313725490196,blur_noise_jpeg,gradient,0.05,all,operator_spread,1.0,1024,1024,0.002570983101897302
0804,2.0,0.00784313725490196,blur_noise_jpeg,gradient,0.05,all,measurement_noise_spread,1.0,1024,1024,0.0025709831018973024
0804,2.0,0.00784313725490196,blur_noise_jpeg,gradient,0.05,all,measurement_residual,1.0,1024,1024,0.002570983101897302
0804,2.0,0.00784313725490196,blur_noise_jpeg,gradient,0.05,all,image_gradient,1.0,1024,1024,0.0025709831018973024
0804,2.0,0.00784313725490196,blur_noise_jpeg,gradient,0.05,all,random_expected,1.0,1024,1024,0.002570983101897302
0804,2.0,0.00784313725490196,blur_noise_jpeg,gradient,0.05,all,oracle_error,1.0,1024,1024,0.002570983101897302
0804,2.0,0.00784313725490196,blur_noise_jpeg,gradient,0.05,textured_quartile,operator_spread,0.5,128,256,0.005368704448508899
0804,2.0,0.00784313725490196,blur_noise_jpeg,gradient,0.05,textured_quartile,measurement_noise_spread,0.5,128,256,0.006151199944609421
0804,2.0,0.00784313725490196,blur_noise_jpeg,gradient,0.05,textured_quartile,measurement_residual,0.5,128,256,0.005631687015462702
0804,2.0,0.00784313725490196,blur_noise_jpeg,gradient,0.05,textured_quartile,image_gradient,0.5,128,256,0.006128346943121147
0804,2.0,0.00784313725490196,blur_noise_jpeg,gradient,0.05,textured_quartile,random_expected,0.5,128,256,0.006253060797736318
0804,2.0,0.00784313725490196,blur_noise_jpeg,gradient,0.05,textured_quartile,oracle_error,0.5,128,256,0.004332176443651949
0804,2.0,0.00784313725490196,blur_noise_jpeg,gradient,0.05,textured_quartile,operator_spread,0.75,192,256,0.005575550122047547
0804,2.0,0.00784313725490196,blur_noise_jpeg,gradient,0.05,textured_quartile,measurement_noise_spread,0.75,192,256,0.006255674391573978
0804,2.0,0.00784313725490196,blur_noise_jpeg,gradient,0.05,textured_quartile,measurement_residual,0.75,192,256,0.005860008422376721
0804,2.0,0.00784313725490196,blur_noise_jpeg,gradient,0.05,textured_quartile,image_gradient,0.75,192,256,0.006163730314817331
0804,2.0,0.00784313725490196,blur_noise_jpeg,gradient,0.05,textured_quartile,random_expected,0.75,192,256,0.006253060797736318
0804,2.0,0.00784313725490196,blur_noise_jpeg,gradient,0.05,textured_quartile,oracle_error,0.75,192,256,0.005021629589865481
0804,2.0,0.00784313725490196,blur_noise_jpeg,gradient,0.05,textured_quartile,operator_spread,0.9,231,256,0.005897425106880299
0804,2.0,0.00784313725490196,blur_noise_jpeg,gradient,0.05,textured_quartile,measurement_noise_spread,0.9,231,256,0.006295579796938906
0804,2.0,0.00784313725490196,blur_noise_jpeg,gradient,0.05,textured_quartile,measurement_residual,0.9,231,256,0.006087852360939243
0804,2.0,0.00784313725490196,blur_noise_jpeg,gradient,0.05,textured_quartile,image_gradient,0.9,231,256,0.0062196403427161795
0804,2.0,0.00784313725490196,blur_noise_jpeg,gradient,0.05,textured_quartile,random_expected,0.9,231,256,0.006253060797736318
0804,2.0,0.00784313725490196,blur_noise_jpeg,gradient,0.05,textured_quartile,oracle_error,0.9,231,256,0.005599723628515195
0804,2.0,0.00784313725490196,blur_noise_jpeg,gradient,0.05,textured_quartile,operator_spread,1.0,256,256,0.006253060797736319
0804,2.0,0.00784313725490196,blur_noise_jpeg,gradient,0.05,textured_quartile,measurement_noise_spread,1.0,256,256,0.006253060797736319
0804,2.0,0.00784313725490196,blur_noise_jpeg,gradient,0.05,textured_quartile,measurement_residual,1.0,256,256,0.006253060797736319
0804,2.0,0.00784313725490196,blur_noise_jpeg,gradient,0.05,textured_quartile,image_gradient,1.0,256,256,0.006253060797736318
0804,2.0,0.00784313725490196,blur_noise_jpeg,gradient,0.05,textured_quartile,random_expected,1.0,256,256,0.006253060797736318
0804,2.0,0.00784313725490196,blur_noise_jpeg,gradient,0.05,textured_quartile,oracle_error,1.0,256,256,0.006253060797736318
0804,2.0,0.0196078431372549,blur_noise,ridge,0.05,all,operator_spread,0.5,512,1024,0.002865959580155898
0804,2.0,0.0196078431372549,blur_noise,ridge,0.05,all,measurement_noise_spread,0.5,512,1024,0.003805216316870228
0804,2.0,0.0196078431372549,blur_noise,ridge,0.05,all,measurement_residual,0.5,512,1024,0.0029160492766702817
0804,2.0,0.0196078431372549,blur_noise,ridge,0.05,all,image_gradient,0.5,512,1024,0.0022511421797205052
0804,2.0,0.0196078431372549,blur_noise,ridge,0.05,all,random_expected,0.5,512,1024,0.0037743201035588575
0804,2.0,0.0196078431372549,blur_noise,ridge,0.05,all,oracle_error,0.5,512,1024,0.0017826731818477628
0804,2.0,0.0196078431372549,blur_noise,ridge,0.05,all,operator_spread,0.75,768,1024,0.0032115264776092847
0804,2.0,0.0196078431372549,blur_noise,ridge,0.05,all,measurement_noise_spread,0.75,768,1024,0.0037614564081427542
0804,2.0,0.0196078431372549,blur_noise,ridge,0.05,all,measurement_residual,0.75,768,1024,0.0035791907023365447
0804,2.0,0.0196078431372549,blur_noise,ridge,0.05,all,image_gradient,0.75,768,1024,0.0030058252180701975
0804,2.0,0.0196078431372549,blur_noise,ridge,0.05,all,random_expected,0.75,768,1024,0.0037743201035588575
0804,2.0,0.0196078431372549,blur_noise,ridge,0.05,all,oracle_error,0.75,768,1024,0.002453976051809427
0804,2.0,0.0196078431372549,blur_noise,ridge,0.05,all,operator_spread,0.9,922,1024,0.0034767544855452684
0804,2.0,0.0196078431372549,blur_noise,ridge,0.05,all,measurement_noise_spread,0.9,922,1024,0.0037984501546996625
0804,2.0,0.0196078431372549,blur_noise,ridge,0.05,all,measurement_residual,0.9,922,1024,0.00384329585185265
0804,2.0,0.0196078431372549,blur_noise,ridge,0.05,all,image_gradient,0.9,922,1024,0.0034338383391491643
0804,2.0,0.0196078431372549,blur_noise,ridge,0.05,all,random_expected,0.9,922,1024,0.0037743201035588575
0804,2.0,0.0196078431372549,blur_noise,ridge,0.05,all,oracle_error,0.9,922,1024,0.0030718764417873917
0804,2.0,0.0196078431372549,blur_noise,ridge,0.05,all,operator_spread,1.0,1024,1024,0.003774320103558858
0804,2.0,0.0196078431372549,blur_noise,ridge,0.05,all,measurement_noise_spread,1.0,1024,1024,0.0037743201035588575
0804,2.0,0.0196078431372549,blur_noise,ridge,0.05,all,measurement_residual,1.0,1024,1024,0.0037743201035588575
0804,2.0,0.0196078431372549,blur_noise,ridge,0.05,all,image_gradient,1.0,1024,1024,0.0037743201035588575
0804,2.0,0.0196078431372549,blur_noise,ridge,0.05,all,random_expected,1.0,1024,1024,0.0037743201035588575
0804,2.0,0.0196078431372549,blur_noise,ridge,0.05,all,oracle_error,1.0,1024,1024,0.0037743201035588575
0804,2.0,0.0196078431372549,blur_noise,ridge,0.05,textured_quartile,operator_spread,0.5,128,256,0.006998763412496459
0804,2.0,0.0196078431372549,blur_noise,ridge,0.05,textured_quartile,measurement_noise_spread,0.5,128,256,0.007651568632675049
0804,2.0,0.0196078431372549,blur_noise,ridge,0.05,textured_quartile,measurement_residual,0.5,128,256,0.006232582237396476
0804,2.0,0.0196078431372549,blur_noise,ridge,0.05,textured_quartile,image_gradient,0.5,128,256,0.007281934715112097
0804,2.0,0.0196078431372549,blur_noise,ridge,0.05,textured_quartile,random_expected,0.5,128,256,0.007517920215568163
0804,2.0,0.0196078431372549,blur_noise,ridge,0.05,textured_quartile,oracle_error,0.5,128,256,0.005489828849867798
0804,2.0,0.0196078431372549,blur_noise,ridge,0.05,textured_quartile,operator_spread,0.75,192,256,0.007125172359574969
0804,2.0,0.0196078431372549,blur_noise,ridge,0.05,textured_quartile,measurement_noise_spread,0.75,192,256,0.00755613708889634
0804,2.0,0.0196078431372549,blur_noise,ridge,0.05,textured_quartile,measurement_residual,0.75,192,256,0.007104616066411118
0804,2.0,0.0196078431372549,blur_noise,ridge,0.05,textured_quartile,image_gradient,0.75,192,256,0.007331528768910717
0804,2.0,0.0196078431372549,blur_noise,ridge,0.05,textured_quartile,random_expected,0.75,192,256,0.007517920215568163
0804,2.0,0.0196078431372549,blur_noise,ridge,0.05,textured_quartile,oracle_error,0.75,192,256,0.00625671813992253
0804,2.0,0.0196078431372549,blur_noise,ridge,0.05,textured_quartile,operator_spread,0.9,231,256,0.007329086377655102
0804,2.0,0.0196078431372549,blur_noise,ridge,0.05,textured_quartile,measurement_noise_spread,0.9,231,256,0.007615378848886729
0804,2.0,0.0196078431372549,blur_noise,ridge,0.05,textured_quartile,measurement_residual,0.9,231,256,0.007567496287313912
0804,2.0,0.0196078431372549,blur_noise,ridge,0.05,textured_quartile,image_gradient,0.9,231,256,0.007458436827700811
0804,2.0,0.0196078431372549,blur_noise,ridge,0.05,textured_quartile,random_expected,0.9,231,256,0.007517920215568163
0804,2.0,0.0196078431372549,blur_noise,ridge,0.05,textured_quartile,oracle_error,0.9,231,256,0.006839217866609546
0804,2.0,0.0196078431372549,blur_noise,ridge,0.05,textured_quartile,operator_spread,1.0,256,256,0.007517920215568163
0804,2.0,0.0196078431372549,blur_noise,ridge,0.05,textured_quartile,measurement_noise_spread,1.0,256,256,0.007517920215568163
0804,2.0,0.0196078431372549,blur_noise,ridge,0.05,textured_quartile,measurement_residual,1.0,256,256,0.007517920215568164
0804,2.0,0.0196078431372549,blur_noise,ridge,0.05,textured_quartile,image_gradient,1.0,256,256,0.007517920215568163
0804,2.0,0.0196078431372549,blur_noise,ridge,0.05,textured_quartile,random_expected,1.0,256,256,0.007517920215568163
0804,2.0,0.0196078431372549,blur_noise,ridge,0.05,textured_quartile,oracle_error,1.0,256,256,0.007517920215568163
0804,2.0,0.0196078431372549,blur_noise,gradient,0.05,all,operator_spread,0.5,512,1024,0.0010907737431139117
0804,2.0,0.0196078431372549,blur_noise,gradient,0.05,all,measurement_noise_spread,0.5,512,1024,0.0027224885447890016
0804,2.0,0.0196078431372549,blur_noise,gradient,0.05,all,measurement_residual,0.5,512,1024,0.002643822933897523
0804,2.0,0.0196078431372549,blur_noise,gradient,0.05,all,image_gradient,0.5,512,1024,0.0012222727238719888
0804,2.0,0.0196078431372549,blur_noise,gradient,0.05,all,random_expected,0.5,512,1024,0.0027118485040771726
0804,2.0,0.0196078431372549,blur_noise,gradient,0.05,all,oracle_error,0.5,512,1024,0.0007875134094983233
0804,2.0,0.0196078431372549,blur_noise,gradient,0.05,all,operator_spread,0.75,768,1024,0.0017347080429625614
0804,2.0,0.0196078431372549,blur_noise,gradient,0.05,all,measurement_noise_spread,0.75,768,1024,0.0026558381908547367
0804,2.0,0.0196078431372549,blur_noise,gradient,0.05,all,measurement_residual,0.75,768,1024,0.002611853215667939
0804,2.0,0.0196078431372549,blur_noise,gradient,0.05,all,image_gradient,0.75,768,1024,0.0019901818138779747
0804,2.0,0.0196078431372549,blur_noise,gradient,0.05,all,random_expected,0.75,768,1024,0.0027118485040771726
0804,2.0,0.0196078431372549,blur_noise,gradient,0.05,all,oracle_error,0.75,768,1024,0.0014517739374926468
0804,2.0,0.0196078431372549,blur_noise,gradient,0.05,all,operator_spread,0.9,922,1024,0.002214016826315521
0804,2.0,0.0196078431372549,blur_noise,gradient,0.05,all,measurement_noise_spread,0.9,922,1024,0.0027128503774804516
0804,2.0,0.0196078431372549,blur_noise,gradient,0.05,all,measurement_residual,0.9,922,1024,0.0026712403890571277
0804,2.0,0.0196078431372549,blur_noise,gradient,0.05,all,image_gradient,0.9,922,1024,0.002385080485783265
0804,2.0,0.0196078431372549,blur_noise,gradient,0.05,all,random_expected,0.9,922,1024,0.0027118485040771726
0804,2.0,0.0196078431372549,blur_noise,gradient,0.05,all,oracle_error,0.9,922,1024,0.0020350274090952477
0804,2.0,0.0196078431372549,blur_noise,gradient,0.05,all,operator_spread,1.0,1024,1024,0.0027118485040771726
0804,2.0,0.0196078431372549,blur_noise,gradient,0.05,all,measurement_noise_spread,1.0,1024,1024,0.002711848504077172
0804,2.0,0.0196078431372549,blur_noise,gradient,0.05,all,measurement_residual,1.0,1024,1024,0.002711848504077172
0804,2.0,0.0196078431372549,blur_noise,gradient,0.05,all,image_gradient,1.0,1024,1024,0.0027118485040771717
0804,2.0,0.0196078431372549,blur_noise,gradient,0.05,all,random_expected,1.0,1024,1024,0.0027118485040771726
0804,2.0,0.0196078431372549,blur_noise,gradient,0.05,all,oracle_error,1.0,1024,1024,0.0027118485040771726
0804,2.0,0.0196078431372549,blur_noise,gradient,0.05,textured_quartile,operator_spread,0.5,128,256,0.005544867850179833
0804,2.0,0.0196078431372549,blur_noise,gradient,0.05,textured_quartile,measurement_noise_spread,0.5,128,256,0.006380480690576304
0804,2.0,0.0196078431372549,blur_noise,gradient,0.05,textured_quartile,measurement_residual,0.5,128,256,0.006442556356882666
0804,2.0,0.0196078431372549,blur_noise,gradient,0.05,textured_quartile,image_gradient,0.5,128,256,0.0061354146513107
0804,2.0,0.0196078431372549,blur_noise,gradient,0.05,textured_quartile,random_expected,0.5,128,256,0.006337996242156221
0804,2.0,0.0196078431372549,blur_noise,gradient,0.05,textured_quartile,oracle_error,0.5,128,256,0.004446374729448562
0804,2.0,0.0196078431372549,blur_noise,gradient,0.05,textured_quartile,operator_spread,0.75,192,256,0.005747032865095207
0804,2.0,0.0196078431372549,blur_noise,gradient,0.05,textured_quartile,measurement_noise_spread,0.75,192,256,0.006384102359633717
0804,2.0,0.0196078431372549,blur_noise,gradient,0.05,textured_quartile,measurement_residual,0.75,192,256,0.006302963377939155
0804,2.0,0.0196078431372549,blur_noise,gradient,0.05,textured_quartile,image_gradient,0.75,192,256,0.006253545562368991
0804,2.0,0.0196078431372549,blur_noise,gradient,0.05,textured_quartile,random_expected,0.75,192,256,0.006337996242156221
0804,2.0,0.0196078431372549,blur_noise,gradient,0.05,textured_quartile,oracle_error,0.75,192,256,0.005119698104720125
0804,2.0,0.0196078431372549,blur_noise,gradient,0.05,textured_quartile,operator_spread,0.9,231,256,0.006011527289482269
0804,2.0,0.0196078431372549,blur_noise,gradient,0.05,textured_quartile,measurement_noise_spread,0.9,231,256,0.006295112065975207
0804,2.0,0.0196078431372549,blur_noise,gradient,0.05,textured_quartile,measurement_residual,0.9,231,256,0.006327734479947197
0804,2.0,0.0196078431372549,blur_noise,gradient,0.05,textured_quartile,image_gradient,0.9,231,256,0.0063190093905450394
0804,2.0,0.0196078431372549,blur_noise,gradient,0.05,textured_quartile,random_expected,0.9,231,256,0.006337996242156221
0804,2.0,0.0196078431372549,blur_noise,gradient,0.05,textured_quartile,oracle_error,0.9,231,256,0.005693521869555145
0804,2.0,0.0196078431372549,blur_noise,gradient,0.05,textured_quartile,operator_spread,1.0,256,256,0.006337996242156221
0804,2.0,0.0196078431372549,blur_noise,gradient,0.05,textured_quartile,measurement_noise_spread,1.0,256,256,0.006337996242156221
0804,2.0,0.0196078431372549,blur_noise,gradient,0.05,textured_quartile,measurement_residual,1.0,256,256,0.006337996242156221
0804,2.0,0.0196078431372549,blur_noise,gradient,0.05,textured_quartile,image_gradient,1.0,256,256,0.006337996242156221
0804,2.0,0.0196078431372549,blur_noise,gradient,0.05,textured_quartile,random_expected,1.0,256,256,0.006337996242156221
0804,2.0,0.0196078431372549,blur_noise,gradient,0.05,textured_quartile,oracle_error,1.0,256,256,0.00633799624215622
0804,2.0,0.0196078431372549,blur_noise_jpeg,ridge,0.05,all,operator_spread,0.5,512,1024,0.001974627692649559
0804,2.0,0.0196078431372549,blur_noise_jpeg,ridge,0.05,all,measurement_noise_spread,0.5,512,1024,0.0035655092848875126
0804,2.0,0.0196078431372549,blur_noise_jpeg,ridge,0.05,all,measurement_residual,0.5,512,1024,0.002678789943126524
0804,2.0,0.0196078431372549,blur_noise_jpeg,ridge,0.05,all,image_gradient,0.5,512,1024,0.0019609674418346107
0804,2.0,0.0196078431372549,blur_noise_jpeg,ridge,0.05,all,random_expected,0.5,512,1024,0.0035334005658004012
0804,2.0,0.0196078431372549,blur_noise_jpeg,ridge,0.05,all,oracle_error,0.5,512,1024,0.0015034305409782488
0804,2.0,0.0196078431372549,blur_noise_jpeg,ridge,0.05,all,operator_spread,0.75,768,1024,0.002565388433681234
0804,2.0,0.0196078431372549,blur_noise_jpeg,ridge,0.05,all,measurement_noise_spread,0.75,768,1024,0.0035257976168110027
0804,2.0,0.0196078431372549,blur_noise_jpeg,ridge,0.05,all,measurement_residual,0.75,768,1024,0.0033426176000319317
0804,2.0,0.0196078431372549,blur_noise_jpeg,ridge,0.05,all,image_gradient,0.75,768,1024,0.0027450230672915917
0804,2.0,0.0196078431372549,blur_noise_jpeg,ridge,0.05,all,random_expected,0.75,768,1024,0.0035334005658004012
0804,2.0,0.0196078431372549,blur_noise_jpeg,ridge,0.05,all,oracle_error,0.75,768,1024,0.0021903290746338204
0804,2.0,0.0196078431372549,blur_noise_jpeg,ridge,0.05,all,operator_spread,0.9,922,1024,0.0030174126185998997
0804,2.0,0.0196078431372549,blur_noise_jpeg,ridge,0.05,all,measurement_noise_spread,0.9,922,1024,0.0035610880802417508
0804,2.0,0.0196078431372549,blur_noise_jpeg,ridge,0.05,all,measurement_residual,0.9,922,1024,0.003596977442699234
0804,2.0,0.0196078431372549,blur_noise_jpeg,ridge,0.05,all,image_gradient,0.9,922,1024,0.0031694815039946273
0804,2.0,0.0196078431372549,blur_noise_jpeg,ridge,0.05,all,random_expected,0.9,922,1024,0.0035334005658004012
0804,2.0,0.0196078431372549,blur_noise_jpeg,ridge,0.05,all,oracle_error,0.9,922,1024,0.0028201750173783868
0804,2.0,0.0196078431372549,blur_noise_jpeg,ridge,0.05,all,operator_spread,1.0,1024,1024,0.003533400565800402
0804,2.0,0.0196078431372549,blur_noise_jpeg,ridge,0.05,all,measurement_noise_spread,1.0,1024,1024,0.0035334005658004017
0804,2.0,0.0196078431372549,blur_noise_jpeg,ridge,0.05,all,measurement_residual,1.0,1024,1024,0.0035334005658004017
0804,2.0,0.0196078431372549,blur_noise_jpeg,ridge,0.05,all,image_gradient,1.0,1024,1024,0.0035334005658004017
0804,2.0,0.0196078431372549,blur_noise_jpeg,ridge,0.05,all,random_expected,1.0,1024,1024,0.0035334005658004012
0804,2.0,0.0196078431372549,blur_noise_jpeg,ridge,0.05,all,oracle_error,1.0,1024,1024,0.0035334005658004012
0804,2.0,0.0196078431372549,blur_noise_jpeg,ridge,0.05,textured_quartile,operator_spread,0.5,128,256,0.006417543935974412
0804,2.0,0.0196078431372549,blur_noise_jpeg,ridge,0.05,textured_quartile,measurement_noise_spread,0.5,128,256,0.007455778528219869
0804,2.0,0.0196078431372549,blur_noise_jpeg,ridge,0.05,textured_quartile,measurement_residual,0.5,128,256,0.006135533924114558
0804,2.0,0.0196078431372549,blur_noise_jpeg,ridge,0.05,textured_quartile,image_gradient,0.5,128,256,0.007029331686095439
0804,2.0,0.0196078431372549,blur_noise_jpeg,ridge,0.05,textured_quartile,random_expected,0.5,128,256,0.0073328945368932325
0804,2.0,0.0196078431372549,blur_noise_jpeg,ridge,0.05,textured_quartile,oracle_error,0.5,128,256,0.005275821522407472
0804,2.0,0.0196078431372549,blur_noise_jpeg,ridge,0.05,textured_quartile,operator_spread,0.75,192,256,0.006669654412684321
0804,2.0,0.0196078431372549,blur_noise_jpeg,ridge,0.05,textured_quartile,measurement_noise_spread,0.75,192,256,0.007367060792794607
0804,2.0,0.0196078431372549,blur_noise_jpeg,ridge,0.05,textured_quartile,measurement_residual,0.75,192,256,0.00690790377738804
0804,2.0,0.0196078431372549,blur_noise_jpeg,ridge,0.05,textured_quartile,image_gradient,0.75,192,256,0.007280645137536498
0804,2.0,0.0196078431372549,blur_noise_jpeg,ridge,0.05,textured_quartile,random_expected,0.75,192,256,0.0073328945368932325
0804,2.0,0.0196078431372549,blur_noise_jpeg,ridge,0.05,textured_quartile,oracle_error,0.75,192,256,0.006058726235833994
0804,2.0,0.0196078431372549,blur_noise_jpeg,ridge,0.05,textured_quartile,operator_spread,0.9,231,256,0.007052997125511012
0804,2.0,0.0196078431372549,blur_noise_jpeg,ridge,0.05,textured_quartile,measurement_noise_spread,0.9,231,256,0.007430429905113281
0804,2.0,0.0196078431372549,blur_noise_jpeg,ridge,0.05,textured_quartile,measurement_residual,0.9,231,256,0.00737653444762122
0804,2.0,0.0196078431372549,blur_noise_jpeg,ridge,0.05,textured_quartile,image_gradient,0.9,231,256,0.007282422740782014
0804,2.0,0.0196078431372549,blur_noise_jpeg,ridge,0.05,textured_quartile,random_expected,0.9,231,256,0.0073328945368932325
0804,2.0,0.0196078431372549,blur_noise_jpeg,ridge,0.05,textured_quartile,oracle_error,0.9,231,256,0.006658336330925427
0804,2.0,0.0196078431372549,blur_noise_jpeg,ridge,0.05,textured_quartile,operator_spread,1.0,256,256,0.007332894536893233
0804,2.0,0.0196078431372549,blur_noise_jpeg,ridge,0.05,textured_quartile,measurement_noise_spread,1.0,256,256,0.007332894536893233
0804,2.0,0.0196078431372549,blur_noise_jpeg,ridge,0.05,textured_quartile,measurement_residual,1.0,256,256,0.007332894536893233
0804,2.0,0.0196078431372549,blur_noise_jpeg,ridge,0.05,textured_quartile,image_gradient,1.0,256,256,0.007332894536893233
0804,2.0,0.0196078431372549,blur_noise_jpeg,ridge,0.05,textured_quartile,random_expected,1.0,256,256,0.0073328945368932325
0804,2.0,0.0196078431372549,blur_noise_jpeg,ridge,0.05,textured_quartile,oracle_error,1.0,256,256,0.007332894536893234
0804,2.0,0.0196078431372549,blur_noise_jpeg,gradient,0.05,all,operator_spread,0.5,512,1024,0.0010198827788215508
0804,2.0,0.0196078431372549,blur_noise_jpeg,gradient,0.05,all,measurement_noise_spread,0.5,512,1024,0.0027123901569158955
0804,2.0,0.0196078431372549,blur_noise_jpeg,gradient,0.05,all,measurement_residual,0.5,512,1024,0.001497131754247526
0804,2.0,0.0196078431372549,blur_noise_jpeg,gradient,0.05,all,image_gradient,0.5,512,1024,0.0011826002292240733
0804,2.0,0.0196078431372549,blur_noise_jpeg,gradient,0.05,all,random_expected,0.5,512,1024,0.0026883111741496752
0804,2.0,0.0196078431372549,blur_noise_jpeg,gradient,0.05,all,oracle_error,0.5,512,1024,0.0007391535618695342
0804,2.0,0.0196078431372549,blur_noise_jpeg,gradient,0.05,all,operator_spread,0.75,768,1024,0.0016888600735575985
0804,2.0,0.0196078431372549,blur_noise_jpeg,gradient,0.05,all,measurement_noise_spread,0.75,768,1024,0.0026354202638838747
0804,2.0,0.0196078431372549,blur_noise_jpeg,gradient,0.05,all,measurement_residual,0.75,768,1024,0.0021228555191586842
0804,2.0,0.0196078431372549,blur_noise_jpeg,gradient,0.05,all,image_gradient,0.75,768,1024,0.001985749043740513
0804,2.0,0.0196078431372549,blur_noise_jpeg,gradient,0.05,all,random_expected,0.75,768,1024,0.0026883111741496752
0804,2.0,0.0196078431372549,blur_noise_jpeg,gradient,0.05,all,oracle_error,0.75,768,1024,0.001414166002514521
0804,2.0,0.0196078431372549,blur_noise_jpeg,gradient,0.05,all,operator_spread,0.9,922,1024,0.002172528966277929
0804,2.0,0.0196078431372549,blur_noise_jpeg,gradient,0.05,all,measurement_noise_spread,0.9,922,1024,0.002690028070271023
0804,2.0,0.0196078431372549,blur_noise_jpeg,gradient,0.05,all,measurement_residual,0.9,922,1024,0.0024497162071000383
0804,2.0,0.0196078431372549,blur_noise_jpeg,gradient,0.05,all,image_gradient,0.9,922,1024,0.0023603677588339643
0804,2.0,0.0196078431372549,blur_noise_jpeg,gradient,0.05,all,random_expected,0.9,922,1024,0.0026883111741496752
0804,2.0,0.0196078431372549,blur_noise_jpeg,gradient,0.05,all,oracle_error,0.9,922,1024,0.0020054518212656415
0804,2.0,0.0196078431372549,blur_noise_jpeg,gradient,0.05,all,operator_spread,1.0,1024,1024,0.0026883111741496752
0804,2.0,0.0196078431372549,blur_noise_jpeg,gradient,0.05,all,measurement_noise_spread,1.0,1024,1024,0.0026883111741496757
0804,2.0,0.0196078431372549,blur_noise_jpeg,gradient,0.05,all,measurement_residual,1.0,1024,1024,0.0026883111741496752
0804,2.0,0.0196078431372549,blur_noise_jpeg,gradient,0.05,all,image_gradient,1.0,1024,1024,0.0026883111741496757
0804,2.0,0.0196078431372549,blur_noise_jpeg,gradient,0.05,all,random_expected,1.0,1024,1024,0.0026883111741496752
0804,2.0,0.0196078431372549,blur_noise_jpeg,gradient,0.05,all,oracle_error,1.0,1024,1024,0.0026883111741496752
0804,2.0,0.0196078431372549,blur_noise_jpeg,gradient,0.05,textured_quartile,operator_spread,0.5,128,256,0.005338979917916415
0804,2.0,0.0196078431372549,blur_noise_jpeg,gradient,0.05,textured_quartile,measurement_noise_spread,0.5,128,256,0.006390025926435124
0804,2.0,0.0196078431372549,blur_noise_jpeg,gradient,0.05,textured_quartile,measurement_residual,0.5,128,256,0.0059143604843269046
0804,2.0,0.0196078431372549,blur_noise_jpeg,gradient,0.05,textured_quartile,image_gradient,0.5,128,256,0.006204760172138248
0804,2.0,0.0196078431372549,blur_noise_jpeg,gradient,0.05,textured_quartile,random_expected,0.5,128,256,0.0063481031168705696
0804,2.0,0.0196078431372549,blur_noise_jpeg,gradient,0.05,textured_quartile,oracle_error,0.5,128,256,0.004433237920724739
0804,2.0,0.0196078431372549,blur_noise_jpeg,gradient,0.05,textured_quartile,operator_spread,0.75,192,256,0.00567110307198219
0804,2.0,0.0196078431372549,blur_noise_jpeg,gradient,0.05,textured_quartile,measurement_noise_spread,0.75,192,256,0.006388877552990339
0804,2.0,0.0196078431372549,blur_noise_jpeg,gradient,0.05,textured_quartile,measurement_residual,0.75,192,256,0.006169375895718363
0804,2.0,0.0196078431372549,blur_noise_jpeg,gradient,0.05,textured_quartile,image_gradient,0.75,192,256,0.006286439651389478
0804,2.0,0.0196078431372549,blur_noise_jpeg,gradient,0.05,textured_quartile,random_expected,0.75,192,256,0.0063481031168705696
0804,2.0,0.0196078431372549,blur_noise_jpeg,gradient,0.05,textured_quartile,oracle_error,0.75,192,256,0.005118460619880615
0804,2.0,0.0196078431372549,blur_noise_jpeg,gradient,0.05,textured_quartile,operator_spread,0.9,231,256,0.006022542987935442
0804,2.0,0.0196078431372549,blur_noise_jpeg,gradient,0.05,textured_quartile,measurement_noise_spread,0.9,231,256,0.00629948814397382
0804,2.0,0.0196078431372549,blur_noise_jpeg,gradient,0.05,textured_quartile,measurement_residual,0.9,231,256,0.006264609148988737
0804,2.0,0.0196078431372549,blur_noise_jpeg,gradient,0.05,textured_quartile,image_gradient,0.9,231,256,0.006331580913255501
0804,2.0,0.0196078431372549,blur_noise_jpeg,gradient,0.05,textured_quartile,random_expected,0.9,231,256,0.0063481031168705696
0804,2.0,0.0196078431372549,blur_noise_jpeg,gradient,0.05,textured_quartile,oracle_error,0.9,231,256,0.005706169092782227
0804,2.0,0.0196078431372549,blur_noise_jpeg,gradient,0.05,textured_quartile,operator_spread,1.0,256,256,0.0063481031168705696
0804,2.0,0.0196078431372549,blur_noise_jpeg,gradient,0.05,textured_quartile,measurement_noise_spread,1.0,256,256,0.00634810311687057
0804,2.0,0.0196078431372549,blur_noise_jpeg,gradient,0.05,textured_quartile,measurement_residual,1.0,256,256,0.0063481031168705696
0804,2.0,0.0196078431372549,blur_noise_jpeg,gradient,0.05,textured_quartile,image_gradient,1.0,256,256,0.0063481031168705696
0804,2.0,0.0196078431372549,blur_noise_jpeg,gradient,0.05,textured_quartile,random_expected,1.0,256,256,0.0063481031168705696
0804,2.0,0.0196078431372549,blur_noise_jpeg,gradient,0.05,textured_quartile,oracle_error,1.0,256,256,0.0063481031168705696
