source_id,true_sigma,noise_std,scenario,model,operator_info,strength,mse,psnr_db,inverse_seconds
0801,1.2,0.00784313725490196,blur_noise,ridge,nominal,1e-05,0.127292174016909,8.951982961558425,0.05268242599777295
0801,1.2,0.00784313725490196,blur_noise,ridge,nominal,0.0001,0.03418649565641949,14.661454149998477,0.025857802997052204
0801,1.2,0.00784313725490196,blur_noise,ridge,nominal,0.0005,0.008920724216179026,20.49599886619072,0.040742851997492835
0801,1.2,0.00784313725490196,blur_noise,ridge,nominal,0.002,0.0024779867403086383,26.059010218607614,0.02058610200037947
0801,1.2,0.00784313725490196,blur_noise,ridge,nominal,0.01,0.0006260357429658914,32.034008704162325,0.02012712800205918
0801,1.2,0.00784313725490196,blur_noise,ridge,nominal,0.05,0.0010555427854123335,29.765241582901133,0.08596433600177988
0801,1.2,0.00784313725490196,blur_noise,ridge,nominal,0.2,0.010062977887667007,19.97273481625459,0.04242988899932243
0801,1.2,0.00784313725490196,blur_noise,gradient,nominal,1e-05,0.05193631010528158,12.845289087275042,0.02625936299955356
0801,1.2,0.00784313725490196,blur_noise,gradient,nominal,0.0001,0.009254326166329672,20.336551979698065,0.021565891001955606
0801,1.2,0.00784313725490196,blur_noise,gradient,nominal,0.0005,0.002293685943901677,26.394660468391425,0.021823127997777192
0801,1.2,0.00784313725490196,blur_noise,gradient,nominal,0.002,0.000726762791744064,31.386073154777677,0.02200225200067507
0801,1.2,0.00784313725490196,blur_noise,gradient,nominal,0.01,0.0002748291043297401,35.60937277505851,0.02103753399933339
0801,1.2,0.00784313725490196,blur_noise,gradient,nominal,0.05,0.00021511488496913357,36.673295373749866,0.021333810000214726
0801,1.2,0.00784313725490196,blur_noise,gradient,nominal,0.2,0.0002839115813081029,35.4681689139237,0.02027248100057477
0801,1.2,0.00784313725490196,blur_noise,ridge,oracle_blur,1e-05,0.13976905010149476,8.545889863745149,0.020867463998001767
0801,1.2,0.00784313725490196,blur_noise,ridge,oracle_blur,0.0001,0.02810789844509423,15.511716242544596,0.022956321998208296
0801,1.2,0.00784313725490196,blur_noise,ridge,oracle_blur,0.0005,0.006506762132078267,21.866350694939094,0.021249806002742844
0801,1.2,0.00784313725490196,blur_noise,ridge,oracle_blur,0.002,0.0017229475860829338,27.63727934055855,0.02119477599990205
0801,1.2,0.00784313725490196,blur_noise,ridge,oracle_blur,0.01,0.0004406070869973286,33.55948521667594,0.10154704500018852
0801,1.2,0.00784313725490196,blur_noise,ridge,oracle_blur,0.05,0.0009946851036727279,30.02314385970184,0.032406549998995615
0801,1.2,0.00784313725490196,blur_noise,ridge,oracle_blur,0.2,0.010034731157978151,19.98494258270726,0.024429304998193402
0801,1.2,0.00784313725490196,blur_noise,gradient,oracle_blur,1e-05,0.053998945312420076,12.676147225746101,0.02068924299965147
0801,1.2,0.00784313725490196,blur_noise,gradient,oracle_blur,0.0001,0.007973043665397911,20.98375857430607,0.022211628998775268
0801,1.2,0.00784313725490196,blur_noise,gradient,oracle_blur,0.0005,0.0019245744897848896,27.156652750726526,0.022386143999028718
0801,1.2,0.00784313725490196,blur_noise,gradient,oracle_blur,0.002,0.0006026958119053954,32.199018264061486,0.023403769002470654
0801,1.2,0.00784313725490196,blur_noise,gradient,oracle_blur,0.01,0.0002280802922568975,36.41912239203171,0.02067488199827494
0801,1.2,0.00784313725490196,blur_noise,gradient,oracle_blur,0.05,0.00019278407638178947,37.149288408954206,0.02162260400291416
0801,1.2,0.00784313725490196,blur_noise,gradient,oracle_blur,0.2,0.00027193181340981763,35.65539981157956,0.021826883999892743
0801,1.2,0.00784313725490196,blur_noise_jpeg,ridge,nominal,1e-05,0.024963580597417726,16.026931224281693,0.020267453000997193
0801,1.2,0.00784313725490196,blur_noise_jpeg,ridge,nominal,0.0001,0.008010809060604621,20.963236196446033,0.030234700003347825
0801,1.2,0.00784313725490196,blur_noise_jpeg,ridge,nominal,0.0005,0.002497554363979351,26.024850497609243,0.019926793000195175
0801,1.2,0.00784313725490196,blur_noise_jpeg,ridge,nominal,0.002,0.0009300537205604694,30.314919655652375,0.02042866000192589
0801,1.2,0.00784313725490196,blur_noise_jpeg,ridge,nominal,0.01,0.00044159947339041697,33.54971453176893,0.020052166997629683
0801,1.2,0.00784313725490196,blur_noise_jpeg,ridge,nominal,0.05,0.0010768522095918316,29.67843896481948,0.017539817999931984
0801,1.2,0.00784313725490196,blur_noise_jpeg,ridge,nominal,0.2,0.010068882301406625,19.970187357296073,0.01905068600171944
0801,1.2,0.00784313725490196,blur_noise_jpeg,gradient,nominal,1e-05,0.012437249147536055,19.05275665638341,0.017603372001758544
0801,1.2,0.00784313725490196,blur_noise_jpeg,gradient,nominal,0.0001,0.002815795005983633,25.503989656558943,0.020059759001014754
0801,1.2,0.00784313725490196,blur_noise_jpeg,gradient,nominal,0.0005,0.0009340787960128178,30.29616486478529,0.018323830001463648
0801,1.2,0.00784313725490196,blur_noise_jpeg,gradient,nominal,0.002,0.0004687809205371803,33.290300724892,0.02069236299939803
0801,1.2,0.00784313725490196,blur_noise_jpeg,gradient,nominal,0.01,0.0002952297649876345,35.298398591856326,0.021010194999689702
0801,1.2,0.00784313725490196,blur_noise_jpeg,gradient,nominal,0.05,0.00026137638827790686,35.82733647450855,0.020408140000654384
0801,1.2,0.00784313725490196,blur_noise_jpeg,gradient,nominal,0.2,0.00031619667461362145,35.00042701780623,0.01965436400132603
0801,1.2,0.00784313725490196,blur_noise_jpeg,ridge,oracle_blur,1e-05,0.04917038704141116,13.082963731764323,0.02479039600075339
0801,1.2,0.00784313725490196,blur_noise_jpeg,ridge,oracle_blur,0.0001,0.00878005579668728,20.565027241717566,0.02074876099868561
0801,1.2,0.00784313725490196,blur_noise_jpeg,ridge,oracle_blur,0.0005,0.0024768674415302744,26.06097235623457,0.020914524000545498
0801,1.2,0.00784313725490196,blur_noise_jpeg,ridge,oracle_blur,0.002,0.0009466574487875284,30.238071435038236,0.019145927002682583
0801,1.2,0.00784313725490196,blur_noise_jpeg,ridge,oracle_blur,0.01,0.0004198489313776106,33.76906947866742,0.02283568599887076
0801,1.2,0.00784313725490196,blur_noise_jpeg,ridge,oracle_blur,0.05,0.0010379792760803125,29.83811317367919,0.020047911999427015
0801,1.2,0.00784313725490196,blur_noise_jpeg,ridge,oracle_blur,0.2,0.010039701900268766,19.982791821103547,0.021583195997664006
0801,1.2,0.00784313725490196,blur_noise_jpeg,gradient,oracle_blur,1e-05,0.01786149407504836,17.48082216141197,0.01895570799752022
0801,1.2,0.00784313725490196,blur_noise_jpeg,gradient,oracle_blur,0.0001,0.0030754333387516346,25.12093682044908,0.02206632500019623
0801,1.2,0.00784313725490196,blur_noise_jpeg,gradient,oracle_blur,0.0005,0.00107009492152348,29.705776970199786,0.019308667000586865
0801,1.2,0.00784313725490196,blur_noise_jpeg,gradient,oracle_blur,0.002,0.0005108681726699677,32.9169115322764,0.05373404299825779
0801,1.2,0.00784313725490196,blur_noise_jpeg,gradient,oracle_blur,0.01,0.00028556536286086076,35.442944706726486,0.019169661001797067
0801,1.2,0.00784313725490196,blur_noise_jpeg,gradient,oracle_blur,0.05,0.00024316335471528754,36.141018736595015,0.019392278998566326
0801,1.2,0.00784313725490196,blur_noise_jpeg,gradient,oracle_blur,0.2,0.0003029308556030049,35.18656488517144,0.0242622810001194
0801,1.2,0.0196078431372549,blur_noise,ridge,nominal,1e-05,0.23007162234806744,6.381369450761022,0.019877350998285692
0801,1.2,0.0196078431372549,blur_noise,ridge,nominal,0.0001,0.1252338894442333,9.022781311333159,0.020660550999309635
0801,1.2,0.0196078431372549,blur_noise,ridge,nominal,0.0005,0.04510044404733177,13.458191821496111,0.02138524600013625
0801,1.2,0.0196078431372549,blur_noise,ridge,nominal,0.002,0.013778280605096194,18.608049747585028,0.020173965996946208
0801,1.2,0.0196078431372549,blur_noise,ridge,nominal,0.01,0.0031164605325444523,25.063383687259993,0.01944089999960852
0801,1.2,0.0196078431372549,blur_noise,ridge,nominal,0.05,0.001540811229490518,28.122505650533967,0.02239170299799298
0801,1.2,0.0196078431372549,blur_noise,ridge,nominal,0.2,0.010167140638726428,19.928011689480847,0.019969416000094498
0801,1.2,0.0196078431372549,blur_noise,gradient,nominal,1e-05,0.15781584806540783,8.018493865400469,0.019925642001908273
0801,1.2,0.0196078431372549,blur_noise,gradient,nominal,0.0001,0.046578386068131104,13.318155637585749,0.019859654999891063
0801,1.2,0.0196078431372549,blur_noise,gradient,nominal,0.0005,0.012788114826977767,18.931934727679657,0.02029847899757442
0801,1.2,0.0196078431372549,blur_noise,gradient,nominal,0.002,0.003945039370029146,24.039486583351458,0.02021687999877031
0801,1.2,0.0196078431372549,blur_noise,gradient,nominal,0.01,0.0010688120209869259,29.71098670307405,0.020002475001092535
0801,1.2,0.0196078431372549,blur_noise,gradient,nominal,0.05,0.00041903878695610536,33.77745776123483,0.021806533997732913
0801,1.2,0.0196078431372549,blur_noise,gradient,nominal,0.2,0.0003492161879940011,34.56905632682624,0.021092785998916952
0801,1.2,0.0196078431372549,blur_noise,ridge,oracle_blur,1e-05,0.23778389345800868,6.238175661143426,0.019638510999357095
0801,1.2,0.0196078431372549,blur_noise,ridge,oracle_blur,0.0001,0.11089256170052457,9.550975838847181,0.019724366000446025
0801,1.2,0.0196078431372549,blur_noise,ridge,oracle_blur,0.0005,0.0341784504213357,14.66247631162343,0.02080603499780409
0801,1.2,0.0196078431372549,blur_noise,ridge,oracle_blur,0.002,0.009882238432251422,20.051446719440822,0.02020361100221635
0801,1.2,0.0196078431372549,blur_noise,ridge,oracle_blur,0.01,0.0021806759344786025,26.614088691873352,0.01938749100008863
0801,1.2,0.0196078431372549,blur_noise,ridge,oracle_blur,0.05,0.001331759507975436,28.755741939262556,0.019581165997806238
0801,1.2,0.0196078431372549,blur_noise,ridge,oracle_blur,0.2,0.010106440058685153,19.954017954607597,0.019347281999216648
0801,1.2,0.0196078431372549,blur_noise,gradient,oracle_blur,1e-05,0.16085256865691447,7.935719994519918,0.01991113099938957
0801,1.2,0.0196078431372549,blur_noise,gradient,oracle_blur,0.0001,0.0409790340820623,13.874382825813395,0.019720189997315174
0801,1.2,0.0196078431372549,blur_noise,gradient,oracle_blur,0.0005,0.01098656037900691,19.591382531843365,0.02169893600148498
0801,1.2,0.0196078431372549,blur_noise,gradient,oracle_blur,0.002,0.0033940541090674466,24.69281238305292,0.02135792599801789
0801,1.2,0.0196078431372549,blur_noise,gradient,oracle_blur,0.01,0.0009276722432982068,30.326054376493357,0.020376463999127736
0801,1.2,0.0196078431372549,blur_noise,gradient,oracle_blur,0.05,0.00037497109229040593,34.26002212119428,0.020640321999962907
0801,1.2,0.0196078431372549,blur_noise,gradient,oracle_blur,0.2,0.00033114963688447196,34.79975716833782,0.06981413600078668
0801,1.2,0.0196078431372549,blur_noise_jpeg,ridge,nominal,1e-05,0.05064042631843513,12.955026468500108,0.017783146002329886
0801,1.2,0.0196078431372549,blur_noise_jpeg,ridge,nominal,0.0001,0.0173649172893638,17.603272809313037,0.015918406999844592
0801,1.2,0.0196078431372549,blur_noise_jpeg,ridge,nominal,0.0005,0.00601168519269048,22.210037697113826,0.020307702998252353
0801,1.2,0.0196078431372549,blur_noise_jpeg,ridge,nominal,0.002,0.002478019453533499,26.058952885454723,0.016092963000119198
0801,1.2,0.0196078431372549,blur_noise_jpeg,ridge,nominal,0.01,0.0010563481755256306,29.761929134432812,0.01876890300263767
0801,1.2,0.0196078431372549,blur_noise_jpeg,ridge,nominal,0.05,0.0012897479515589462,28.894951532219366,0.016639556000882294
0801,1.2,0.0196078431372549,blur_noise_jpeg,ridge,nominal,0.2,0.010142526637048553,19.938538430460653,0.01927360500121722
0801,1.2,0.0196078431372549,blur_noise_jpeg,gradient,nominal,1e-05,0.02607940296322472,15.837023551465952,0.01661392800087924
0801,1.2,0.0196078431372549,blur_noise_jpeg,gradient,nominal,0.0001,0.006585874523962553,21.813865478527454,0.019164073000865756
0801,1.2,0.0196078431372549,blur_noise_jpeg,gradient,nominal,0.0005,0.0024826663601029485,26.050816403737684,0.016282302000035997
0801,1.2,0.0196078431372549,blur_noise_jpeg,gradient,nominal,0.002,0.0012383730278281782,29.071485156348196,0.018915568998636445
0801,1.2,0.0196078431372549,blur_noise_jpeg,gradient,nominal,0.01,0.0006237035669027694,32.05021772251962,0.016276933001790894
0801,1.2,0.0196078431372549,blur_noise_jpeg,gradient,nominal,0.05,0.00038560112519438975,34.13861707484452,0.01878617799957283
0801,1.2,0.0196078431372549,blur_noise_jpeg,gradient,nominal,0.2,0.0003644266059555875,34.38389923691653,0.01647511499686516
0801,1.2,0.0196078431372549,blur_noise_jpeg,ridge,oracle_blur,1e-05,0.08949737309436677,10.481897118054714,0.020385878000524826
0801,1.2,0.0196078431372549,blur_noise_jpeg,ridge,oracle_blur,0.0001,0.02189236794687675,16.597072612441618,0.016666427000018302
0801,1.2,0.0196078431372549,blur_noise_jpeg,ridge,oracle_blur,0.0005,0.007611035095800513,21.185562754469448,0.020337706999271177
0801,1.2,0.0196078431372549,blur_noise_jpeg,ridge,oracle_blur,0.002,0.0031504363412753534,25.016292914534425,0.016734476001147414
0801,1.2,0.0196078431372549,blur_noise_jpeg,ridge,oracle_blur,0.01,0.001147684668960411,29.401774197272893,0.019434711000940297
0801,1.2,0.0196078431372549,blur_noise_jpeg,ridge,oracle_blur,0.05,0.0012414743226322634,29.060622585133157,0.016583404001721647
0801,1.2,0.0196078431372549,blur_noise_jpeg,ridge,oracle_blur,0.2,0.010103653540589392,19.955215543757234,0.01870325799973216
0801,1.2,0.0196078431372549,blur_noise_jpeg,gradient,oracle_blur,1e-05,0.03866153330823189,14.127209259386317,0.017159069000626914
0801,1.2,0.0196078431372549,blur_noise_jpeg,gradient,oracle_blur,0.0001,0.009136901760929248,20.392010445547616,0.01928243700240273
0801,1.2,0.0196078431372549,blur_noise_jpeg,gradient,oracle_blur,0.0005,0.0035742771858109867,24.468117709125522,0.018884312998125097
0801,1.2,0.0196078431372549,blur_noise_jpeg,gradient,oracle_blur,0.002,0.0016122095867147348,27.92578500721378,0.019827808002446545
0801,1.2,0.0196078431372549,blur_noise_jpeg,gradient,oracle_blur,0.01,0.0006760244448263561,31.700375998257382,0.016376630002923775
0801,1.2,0.0196078431372549,blur_noise_jpeg,gradient,oracle_blur,0.05,0.0003748406346417746,34.26153335489361,0.018962447000376415
0801,1.2,0.0196078431372549,blur_noise_jpeg,gradient,oracle_blur,0.2,0.0003515342056872154,34.54032409994252,0.016896623998036375
0801,1.6,0.00784313725490196,blur_noise,ridge,nominal,1e-05,0.12776510110502184,8.93587757032874,0.015762839000672102
0801,1.6,0.00784313725490196,blur_noise,ridge,nominal,0.0001,0.03452835275516016,14.618241400521839,0.015833321998798056
0801,1.6,0.00784313725490196,blur_noise,ridge,nominal,0.0005,0.009172763566416773,20.374998005536547,0.016139071998622967
0801,1.6,0.00784313725490196,blur_noise,ridge,nominal,0.002,0.0027092379254894405,25.671528535161773,0.01572393199967337
0801,1.6,0.00784313725490196,blur_noise,ridge,nominal,0.01,0.0008491185223800346,30.710316854650618,0.01604360100100166
0801,1.6,0.00784313725490196,blur_noise,ridge,nominal,0.05,0.0012811150768180415,28.9241185777882,0.015805701998033328
0801,1.6,0.00784313725490196,blur_noise,ridge,nominal,0.2,0.010310578393652464,19.86716971367706,0.01600067800245597
0801,1.6,0.00784313725490196,blur_noise,gradient,nominal,1e-05,0.05233528910636919,12.812053723951468,0.01654061099907267
0801,1.6,0.00784313725490196,blur_noise,gradient,nominal,0.0001,0.00950758773836702,20.219296581211836,0.016195314001379302
0801,1.6,0.00784313725490196,blur_noise,gradient,nominal,0.0005,0.002523636685852057,25.979731679250698,0.015866640998865478
0801,1.6,0.00784313725490196,blur_noise,gradient,nominal,0.002,0.0009471151170799245,30.235972314780803,0.016026315999624785
0801,1.6,0.00784313725490196,blur_noise,gradient,nominal,0.01,0.000480755099085863,33.18076100759563,0.01657775599960587
0801,1.6,0.00784313725490196,blur_noise,gradient,nominal,0.05,0.0004023844832053559,33.953587749407504,0.01613912200264167
0801,1.6,0.00784313725490196,blur_noise,gradient,nominal,0.2,0.0004561274365546546,33.409138036943496,0.016076629999588476
0801,1.6,0.00784313725490196,blur_noise,ridge,oracle_blur,1e-05,0.10451511930431573,9.808208793570271,0.016049198999098735
0801,1.6,0.00784313725490196,blur_noise,ridge,oracle_blur,0.0001,0.016885550747414074,17.72484769635493,0.017096546998800477
0801,1.6,0.00784313725490196,blur_noise,ridge,oracle_blur,0.0005,0.0038003282654036842,24.201788882000216,0.018610040002386086
0801,1.6,0.00784313725490196,blur_noise,ridge,oracle_blur,0.002,0.001059024023103342,29.750941881617447,0.016208183002163423
0801,1.6,0.00784313725490196,blur_noise,ridge,oracle_blur,0.01,0.0003837226760861972,34.15982535416971,0.016170017002878012
0801,1.6,0.00784313725490196,blur_noise,ridge,oracle_blur,0.05,0.0010913616662040313,29.62031304766211,0.015809897999133682
0801,1.6,0.00784313725490196,blur_noise,ridge,oracle_blur,0.2,0.010215236611078747,19.907515695410034,0.015839161002077162
0801,1.6,0.00784313725490196,blur_noise,gradient,oracle_blur,1e-05,0.04438631183189772,13.52750940074882,0.01660419400286628
0801,1.6,0.00784313725490196,blur_noise,gradient,oracle_blur,0.0001,0.006558314866925573,21.83207736540446,0.016203917002712842
0801,1.6,0.00784313725490196,blur_noise,gradient,oracle_blur,0.0005,0.0016609489776124237,27.796437083563838,0.016515404000529088
0801,1.6,0.00784313725490196,blur_noise,gradient,oracle_blur,0.002,0.0005848548799725406,32.32951882030071,0.016380144999857293
0801,1.6,0.00784313725490196,blur_noise,gradient,oracle_blur,0.01,0.00029229699270451386,35.341756528552004,0.01788560600107303
0801,1.6,0.00784313725490196,blur_noise,gradient,oracle_blur,0.05,0.0002882526822929542,35.40226642751012,0.016300637998938328
0801,1.6,0.00784313725490196,blur_noise,gradient,oracle_blur,0.2,0.0003855002380211304,34.13975349464564,0.01620693099903292
0801,1.6,0.00784313725490196,blur_noise_jpeg,ridge,nominal,1e-05,0.02172190691902695,16.631020516403545,0.018054714000754757
0801,1.6,0.00784313725490196,blur_noise_jpeg,ridge,nominal,0.0001,0.006954288162667063,21.57747317555074,0.01748309499816969
0801,1.6,0.00784313725490196,blur_noise_jpeg,ridge,nominal,0.0005,0.0022733142407497446,26.43340527499482,0.017254629001399735
0801,1.6,0.00784313725490196,blur_noise_jpeg,ridge,nominal,0.002,0.0009777305372066782,30.097808203953875,0.017790406000131043
0801,1.6,0.00784313725490196,blur_noise_jpeg,ridge,nominal,0.01,0.000593553292828188,32.26540281356169,0.01738087500052643
0801,1.6,0.00784313725490196,blur_noise_jpeg,ridge,nominal,0.05,0.0012738864694367695,28.948692752143025,0.017559337000420783
0801,1.6,0.00784313725490196,blur_noise_jpeg,ridge,nominal,0.2,0.010303479170974454,19.87016102516155,0.017764817999704974
0801,1.6,0.00784313725490196,blur_noise_jpeg,gradient,nominal,1e-05,0.010789817379356423,19.669859058091156,0.016758780999225564
0801,1.6,0.00784313725490196,blur_noise_jpeg,gradient,nominal,0.0001,0.0025525698960339577,25.93022356960447,0.016072143000201322
0801,1.6,0.00784313725490196,blur_noise_jpeg,gradient,nominal,0.0005,0.0009828367572660964,30.075186096407545,0.01673496600051294
0801,1.6,0.00784313725490196,blur_noise_jpeg,gradient,nominal,0.002,0.0006032153820839755,32.195275924217455,0.01725175500178011
0801,1.6,0.00784313725490196,blur_noise_jpeg,gradient,nominal,0.01,0.00046249905816519353,33.3488914732295,0.01729768299992429
0801,1.6,0.00784313725490196,blur_noise_jpeg,gradient,nominal,0.05,0.00043308017122319005,33.634317001895525,0.021532891998504056
0801,1.6,0.00784313725490196,blur_noise_jpeg,gradient,nominal,0.2,0.00048233327213486146,33.166527787039286,0.017325544002233073
0801,1.6,0.00784313725490196,blur_noise_jpeg,ridge,oracle_blur,1e-05,0.04381570899982326,13.583701564181123,0.0162406400013424
0801,1.6,0.00784313725490196,blur_noise_jpeg,ridge,oracle_blur,0.0001,0.008255231733698118,20.83270731092429,0.01689113500106032
0801,1.6,0.00784313725490196,blur_noise_jpeg,ridge,oracle_blur,0.0005,0.00242360584397162,26.155380089723526,0.016460995000670664
0801,1.6,0.00784313725490196,blur_noise_jpeg,ridge,oracle_blur,0.002,0.0009438633182198517,30.25090891761982,0.016720363997592358
0801,1.6,0.00784313725490196,blur_noise_jpeg,ridge,oracle_blur,0.01,0.00045378777957112774,33.43147203771239,0.017214651001268066
0801,1.6,0.00784313725490196,blur_noise_jpeg,ridge,oracle_blur,0.05,0.0011275957218010078,29.47846580549406,0.017047606001142412
0801,1.6,0.00784313725490196,blur_noise_jpeg,ridge,oracle_blur,0.2,0.010207643937477289,19.910744873969918,0.016318304999003885
0801,1.6,0.00784313725490196,blur_noise_jpeg,gradient,oracle_blur,1e-05,0.02010940674924208,16.966007414038017,0.015933588998450432
0801,1.6,0.00784313725490196,blur_noise_jpeg,gradient,oracle_blur,0.0001,0.003888371494618488,24.102322493127616,0.016160112001671223
0801,1.6,0.00784313725490196,blur_noise_jpeg,gradient,oracle_blur,0.0005,0.0013539368263453594,28.684015990258175,0.01637423699867213
0801,1.6,0.00784313725490196,blur_noise_jpeg,gradient,oracle_blur,0.002,0.0006424271525120957,31.921761116631117,0.015977073002432007
0801,1.6,0.00784313725490196,blur_noise_jpeg,gradient,oracle_blur,0.01,0.0003693164764669633,34.326013165595214,0.017292335000092862
0801,1.6,0.00784313725490196,blur_noise_jpeg,gradient,oracle_blur,0.05,0.00033297212602005595,34.77592120915172,0.016056009000749327
0801,1.6,0.00784313725490196,blur_noise_jpeg,gradient,oracle_blur,0.2,0.00041108282809368255,33.86070664352994,0.015852029999223305
0801,1.6,0.0196078431372549,blur_noise,ridge,nominal,1e-05,0.2303541143981924,6.376040263265458,0.015543957000772934
0801,1.6,0.0196078431372549,blur_noise,ridge,nominal,0.0001,0.12570412647927148,9.006504655299349,0.016475906002597185
0801,1.6,0.0196078431372549,blur_noise,ridge,nominal,0.0005,0.045477831328382755,13.422002534076224,0.016434414999821456
0801,1.6,0.0196078431372549,blur_noise,ridge,nominal,0.002,0.014041211310375182,18.525954247760286,0.016612526000244543
0801,1.6,0.0196078431372549,blur_noise,ridge,nominal,0.01,0.0033424685127911163,24.75932675250863,0.018864803001633845
0801,1.6,0.0196078431372549,blur_noise,ridge,nominal,0.05,0.0017665373353111056,27.52877179430241,0.016351834001397947
0801,1.6,0.0196078431372549,blur_noise,ridge,nominal,0.2,0.010414799627756079,19.82349081107206,0.01626383400071063
0801,1.6,0.0196078431372549,blur_noise,gradient,nominal,1e-05,0.1582567389749759,8.006377875517973,0.021340539002267178
0801,1.6,0.0196078431372549,blur_noise,gradient,nominal,0.0001,0.046960261837486,13.282694902472754,0.024385582000832073
0801,1.6,0.0196078431372549,blur_noise,gradient,nominal,0.0005,0.013047165460782934,18.844838299696157,0.01711904999683611
0801,1.6,0.0196078431372549,blur_noise,gradient,nominal,0.002,0.004170414986102975,23.798207274705124,0.01633769299951382
0801,1.6,0.0196078431372549,blur_noise,gradient,nominal,0.01,0.0012750012400298476,28.94489392847392,0.01645336299770861
0801,1.6,0.0196078431372549,blur_noise,gradient,nominal,0.05,0.0006064318610494812,32.17217989575077,0.016439562998129986
0801,1.6,0.0196078431372549,blur_noise,gradient,nominal,0.2,0.0005214995338764702,32.827460754157194,0.016837757000757847
0801,1.6,0.0196078431372549,blur_noise,ridge,oracle_blur,1e-05,0.21364885551602994,6.702994292891161,0.0167794920016604
0801,1.6,0.0196078431372549,blur_noise,ridge,oracle_blur,0.0001,0.0768776819164747,11.14199720371527,0.0181480620012735
0801,1.6,0.0196078431372549,blur_noise,ridge,oracle_blur,0.0005,0.02067390551439113,16.84577472906845,0.01638538300176151
0801,1.6,0.0196078431372549,blur_noise,ridge,oracle_blur,0.002,0.00583103997641442,22.342539811348338,0.0173098300001584
0801,1.6,0.0196078431372549,blur_noise,ridge,oracle_blur,0.01,0.0013685534973119813,28.637382211743695,0.016228243002842646
0801,1.6,0.0196078431372549,blur_noise,ridge,oracle_blur,0.05,0.001281122912529598,28.92409201502311,0.016520250999747077
0801,1.6,0.0196078431372549,blur_noise,ridge,oracle_blur,0.2,0.010254871231532969,19.890697886145603,0.015961569999490166
0801,1.6,0.0196078431372549,blur_noise,gradient,oracle_blur,1e-05,0.14535075034678302,8.375827219215806,0.016289000999677228
0801,1.6,0.0196078431372549,blur_noise,gradient,oracle_blur,0.0001,0.034278852202140365,14.649737284822791,0.016299105998768937
0801,1.6,0.0196078431372549,blur_noise,gradient,oracle_blur,0.0005,0.009284743884949721,20.322300715566357,0.015831518998311367
0801,1.6,0.0196078431372549,blur_noise,gradient,oracle_blur,0.002,0.002946581733563126,25.306815077529016,0.016012464999221265
0801,1.6,0.0196078431372549,blur_noise,gradient,oracle_blur,0.01,0.0008865383779272915,30.52302459204312,0.017421635002392577
0801,1.6,0.0196078431372549,blur_noise,gradient,oracle_blur,0.05,0.0004444137819233792,33.52212481413294,0.0174154960004671
0801,1.6,0.0196078431372549,blur_noise,gradient,oracle_blur,0.2,0.0004368730806246937,33.596447149524415,0.019381813999643782
0801,1.6,0.0196078431372549,blur_noise_jpeg,ridge,nominal,1e-05,0.04820044436807205,13.169489579082036,0.017296149999310728
0801,1.6,0.0196078431372549,blur_noise_jpeg,ridge,nominal,0.0001,0.016523835505239313,17.818891370749274,0.016835903999890434
0801,1.6,0.0196078431372549,blur_noise_jpeg,ridge,nominal,0.0005,0.005822804282804478,22.348678072346697,0.017571915999724297
0801,1.6,0.0196078431372549,blur_noise_jpeg,ridge,nominal,0.002,0.002523885753214604,25.979303078555724,0.017448234000767116
0801,1.6,0.0196078431372549,blur_noise_jpeg,ridge,nominal,0.01,0.0012076416934666575,29.18061901503591,0.01656462599930819
0801,1.6,0.0196078431372549,blur_noise_jpeg,ridge,nominal,0.05,0.0014901144815487953,28.2678036461122,0.01653335000082734
0801,1.6,0.0196078431372549,blur_noise_jpeg,ridge,nominal,0.2,0.0103796151884238,19.838187471274445,0.01605309600199689
0801,1.6,0.0196078431372549,blur_noise_jpeg,gradient,nominal,1e-05,0.02480195993709337,16.055139983579913,0.017045841999788536
0801,1.6,0.0196078431372549,blur_noise_jpeg,gradient,nominal,0.0001,0.006368621847868526,21.95954537620804,0.016314068001520354
0801,1.6,0.0196078431372549,blur_noise_jpeg,gradient,nominal,0.0005,0.002529720446265956,25.969274690819457,0.016549845000554342
0801,1.6,0.0196078431372549,blur_noise_jpeg,gradient,nominal,0.002,0.00137069931609631,28.63057803913677,0.017726932997902622
0801,1.6,0.0196078431372549,blur_noise_jpeg,gradient,nominal,0.01,0.0007938758181983047,31.00247426652396,0.017571604999830015
0801,1.6,0.0196078431372549,blur_noise_jpeg,gradient,nominal,0.05,0.0005604860606349335,32.51435183897926,0.01692198099772213
0801,1.6,0.0196078431372549,blur_noise_jpeg,gradient,nominal,0.2,0.0005320560515270581,32.74042612842901,0.01643181200051913
0801,1.6,0.0196078431372549,blur_noise_jpeg,ridge,oracle_blur,1e-05,0.11722247964572592,9.309890960829975,0.016321238999807974
0801,1.6,0.0196078431372549,blur_noise_jpeg,ridge,oracle_blur,0.0001,0.03362818693296162,14.732965470843006,0.016551618002267787
0801,1.6,0.0196078431372549,blur_noise_jpeg,ridge,oracle_blur,0.0005,0.010584912294320405,19.7531273615666,0.017116746999818133
0801,1.6,0.0196078431372549,blur_noise_jpeg,ridge,oracle_blur,0.002,0.003660310800443732,24.364820366856634,0.01643809999950463
0801,1.6,0.0196078431372549,blur_noise_jpeg,ridge,oracle_blur,0.01,0.0011432745202114205,29.41849475380635,0.017587007001566235
0801,1.6,0.0196078431372549,blur_noise_jpeg,ridge,oracle_blur,0.05,0.0012907962993200111,28.891422883775242,0.016005375000531785
0801,1.6,0.0196078431372549,blur_noise_jpeg,ridge,oracle_blur,0.2,0.010256821983112811,19.88987182011548,0.01590127200324787
0801,1.6,0.0196078431372549,blur_noise_jpeg,gradient,oracle_blur,1e-05,0.06869357487682669,11.630838819511167,0.016861792999407044
0801,1.6,0.0196078431372549,blur_noise_jpeg,gradient,oracle_blur,0.0001,0.016865344207397107,17.730047908016267,0.01684627000213368
0801,1.6,0.0196078431372549,blur_noise_jpeg,gradient,oracle_blur,0.0005,0.005575987168702321,22.53678234294586,0.017246727999008726
0801,1.6,0.0196078431372549,blur_noise_jpeg,gradient,oracle_blur,0.002,0.0021660599285199286,26.643295318909985,0.016679124997608596
0801,1.6,0.0196078431372549,blur_noise_jpeg,gradient,oracle_blur,0.01,0.0008324239986171725,30.79655407656986,0.018532575999415712
0801,1.6,0.0196078431372549,blur_noise_jpeg,gradient,oracle_blur,0.05,0.0004751085110899542,33.23207189563337,0.01646421899931738
0801,1.6,0.0196078431372549,blur_noise_jpeg,gradient,oracle_blur,0.2,0.00046006062423384906,33.3718493563272,0.020171183001366444
0801,2.0,0.00784313725490196,blur_noise,ridge,nominal,1e-05,0.12820427360850895,8.920974976435778,0.016993096000078367
0801,2.0,0.00784313725490196,blur_noise,ridge,nominal,0.0001,0.03486530178632827,14.576065712859709,0.018645521999133052
0801,2.0,0.00784313725490196,blur_noise,ridge,nominal,0.0005,0.009433792168398967,20.253136957298892,0.01581805999740027
0801,2.0,0.00784313725490196,blur_noise,ridge,nominal,0.002,0.0029566738325385172,25.29196582319222,0.016670411998347845
0801,2.0,0.00784313725490196,blur_noise,ridge,nominal,0.01,0.0010952104714374957,29.605024125130534,0.01673730900074588
0801,2.0,0.00784313725490196,blur_noise,ridge,nominal,0.05,0.0015333853251044288,28.143486973708146,0.016649181001412217
0801,2.0,0.00784313725490196,blur_noise,ridge,nominal,0.2,0.010581640781327317,19.754469857008928,0.021155168000404956
0801,2.0,0.00784313725490196,blur_noise,gradient,nominal,1e-05,0.05272022787171984,12.780227212665382,0.02225538299899199
0801,2.0,0.00784313725490196,blur_noise,gradient,nominal,0.0001,0.00976944692008659,20.10130022397251,0.017428494997147936
0801,2.0,0.00784313725490196,blur_noise,gradient,nominal,0.0005,0.0027702483944210972,25.57481288159412,0.015848003997234628
0801,2.0,0.00784313725490196,blur_noise,gradient,nominal,0.002,0.0011906760159281836,29.242063943827063,0.01576191699859919
0801,2.0,0.00784313725490196,blur_noise,gradient,nominal,0.01,0.0007187553761770468,31.434188938358183,0.016775977001088904
0801,2.0,0.00784313725490196,blur_noise,gradient,nominal,0.05,0.0006276942818912379,32.02251827625207,0.01702429199940525
0801,2.0,0.00784313725490196,blur_noise,gradient,nominal,0.2,0.0006645456263316543,31.774751959344716,0.016812851001304807
0801,2.0,0.00784313725490196,blur_noise,ridge,oracle_blur,1e-05,0.07830468205259851,11.062122695025252,0.016284704997815425
0801,2.0,0.00784313725490196,blur_noise,ridge,oracle_blur,0.0001,0.011366286721601665,19.443813928066092,0.01688760000251932
0801,2.0,0.00784313725490196,blur_noise,ridge,oracle_blur,0.0005,0.00256620173392541,25.907092059163283,0.015620549998857314
0801,2.0,0.00784313725490196,blur_noise,ridge,oracle_blur,0.002,0.0008040668733879947,30.94707829938574,0.01821375800136593
0801,2.0,0.00784313725490196,blur_noise,ridge,oracle_blur,0.01,0.00041968775846238277,33.77073698193256,0.016663551999954507
0801,2.0,0.00784313725490196,blur_noise,ridge,oracle_blur,0.05,0.0012144751749532364,29.156113581672184,0.016857606002304237
0801,2.0,0.00784313725490196,blur_noise,ridge,oracle_blur,0.2,0.01041453354402009,19.82360176872713,0.017485888998635346
0801,2.0,0.00784313725490196,blur_noise,gradient,oracle_blur,1e-05,0.040149422812804154,13.963206937480892,0.017368987999361707
0801,2.0,0.00784313725490196,blur_noise,gradient,oracle_blur,0.0001,0.005979847915608597,22.233098612042102,0.016815574999782257
0801,2.0,0.00784313725490196,blur_noise,gradient,oracle_blur,0.0005,0.001573225031029444,28.03209152300759,0.01949356700060889
0801,2.0,0.00784313725490196,blur_noise,gradient,oracle_blur,0.002,0.0006185450259980252,32.08628681110453,0.01697276599952602
0801,2.0,0.00784313725490196,blur_noise,gradient,oracle_blur,0.01,0.0003709738114831528,34.30656747877671,0.017291443997237366
0801,2.0,0.00784313725490196,blur_noise,gradient,oracle_blur,0.05,0.0003878409730011447,34.11346312306463,0.016315040000336012
0801,2.0,0.00784313725490196,blur_noise,gradient,oracle_blur,0.2,0.000502908020459369,32.98511438124409,0.016381006000301568
0801,2.0,0.00784313725490196,blur_noise_jpeg,ridge,nominal,1e-05,0.019550978069716483,17.08831511431506,0.01792050800213474
0801,2.0,0.00784313725490196,blur_noise_jpeg,ridge,nominal,0.0001,0.006338363194798069,21.980228789075635,0.01678777400229592
0801,2.0,0.00784313725490196,blur_noise_jpeg,ridge,nominal,0.0005,0.0022334530655158447,26.510231694968883,0.01602868000190938
0801,2.0,0.00784313725490196,blur_noise_jpeg,ridge,nominal,0.002,0.0011179776095998567,29.51566894235466,0.01720576799925766
0801,2.0,0.00784313725490196,blur_noise_jpeg,ridge,nominal,0.01,0.0007988603003829409,30.9752916070774,0.01631290700242971
0801,2.0,0.00784313725490196,blur_noise_jpeg,ridge,nominal,0.05,0.001510462476387274,28.20890059202595,0.016246349001448834
0801,2.0,0.00784313725490196,blur_noise_jpeg,ridge,nominal,0.2,0.01057275900103475,19.758116671323563,0.01638051600093604
0801,2.0,0.00784313725490196,blur_noise_jpeg,gradient,nominal,1e-05,0.009738287842962004,20.115173927843184,0.016093704998638714
0801,2.0,0.00784313725490196,blur_noise_jpeg,gradient,nominal,0.0001,0.0024806590685009142,26.05432919259831,0.017659954002738232
0801,2.0,0.00784313725490196,blur_noise_jpeg,gradient,nominal,0.0005,0.0011223848839269459,29.498581909384654,0.015872899999521906
0801,2.0,0.00784313725490196,blur_noise_jpeg,gradient,nominal,0.002,0.0007966640120056753,30.987248009345464,0.016363809998438228
0801,2.0,0.00784313725490196,blur_noise_jpeg,gradient,nominal,0.01,0.0006760820368760605,31.700006028735874,0.015874402000918053
0801,2.0,0.00784313725490196,blur_noise_jpeg,gradient,nominal,0.05,0.0006471613044299987,31.88987458291539,0.01681883000128437
0801,2.0,0.00784313725490196,blur_noise_jpeg,gradient,nominal,0.2,0.0006859692821390203,31.636953316638202,0.016036339999118354
0801,2.0,0.00784313725490196,blur_noise_jpeg,ridge,oracle_blur,1e-05,0.04358272963111221,13.606855729285543,0.016493702001753263
0801,2.0,0.00784313725490196,blur_noise_jpeg,ridge,oracle_blur,0.0001,0.008253142800151015,20.83380640437598,0.016113674002554035
0801,2.0,0.00784313725490196,blur_noise_jpeg,ridge,oracle_blur,0.0005,0.0024383382680273438,26.129060453349382,0.016835182999784593
0801,2.0,0.00784313725490196,blur_noise_jpeg,ridge,oracle_blur,0.002,0.0009467776871757917,30.237519856929076,0.017418069000996184
0801,2.0,0.00784313725490196,blur_noise_jpeg,ridge,oracle_blur,0.01,0.0005058925070010619,32.959417530725375,0.01805676699950709
0801,2.0,0.00784313725490196,blur_noise_jpeg,ridge,oracle_blur,0.05,0.0012445723051428038,29.049798673861616,0.016842664997966494
0801,2.0,0.00784313725490196,blur_noise_jpeg,ridge,oracle_blur,0.2,0.010407092743805505,19.826705751640883,0.016804839000542415
0801,2.0,0.00784313725490196,blur_noise_jpeg,gradient,oracle_blur,1e-05,0.02481980592534068,16.05201618722992,0.016718171998945763
0801,2.0,0.00784313725490196,blur_noise_jpeg,gradient,oracle_blur,0.0001,0.005008403681669077,23.00300673875942,0.017104290000133915
0801,2.0,0.00784313725490196,blur_noise_jpeg,gradient,oracle_blur,0.0005,0.0016975586079487556,27.701752228387107,0.01615624600162846
0801,2.0,0.00784313725490196,blur_noise_jpeg,gradient,oracle_blur,0.002,0.0007764103830252919,31.09908665374816,0.017634176998399198
0801,2.0,0.00784313725490196,blur_noise_jpeg,gradient,oracle_blur,0.01,0.00045867405075349365,33.38495829158071,0.01583142000163207
0801,2.0,0.00784313725490196,blur_noise_jpeg,gradient,oracle_blur,0.05,0.0004310042092685049,33.65518488416628,0.016098000000056345
0801,2.0,0.00784313725490196,blur_noise_jpeg,gradient,oracle_blur,0.2,0.0005264107006805022,32.78675291128028,0.017137327002274105
0801,2.0,0.0196078431372549,blur_noise,ridge,nominal,1e-05,0.23061343069652654,6.371154034266805,0.01738797500001965
0801,2.0,0.0196078431372549,blur_noise,ridge,nominal,0.0001,0.12614371674350452,8.991343769465177,0.016464368000015384
0801,2.0,0.0196078431372549,blur_noise,ridge,nominal,0.0005,0.04584706017644511,13.38688507105866,0.017488802997831954
0801,2.0,0.0196078431372549,blur_noise,ridge,nominal,0.002,0.01431524420048858,18.442012390485942,0.01682574000005843
0801,2.0,0.0196078431372549,blur_noise,ridge,nominal,0.01,0.0035911664393490027,24.447644662145684,0.016646215997752734
0801,2.0,0.0196078431372549,blur_noise,ridge,nominal,0.05,0.0020190319969265627,26.948567984518373,0.01619691599989892
0801,2.0,0.0196078431372549,blur_noise,ridge,nominal,0.2,0.010685908494345288,19.711885490910742,0.024767432998487493
0801,2.0,0.0196078431372549,blur_noise,gradient,nominal,1e-05,0.15866245083279104,7.995258415225722,0.018424066998704802
0801,2.0,0.0196078431372549,blur_noise,gradient,nominal,0.0001,0.04733336618230541,13.248326089396548,0.019424165999225806
0801,2.0,0.0196078431372549,blur_noise,gradient,nominal,0.0005,0.01331796597021622,18.755620991420926,0.019363847000931855
0801,2.0,0.0196078431372549,blur_noise,gradient,nominal,0.002,0.00441809307079578,23.54765139594668,0.01905246000023908
0801,2.0,0.0196078431372549,blur_noise,gradient,nominal,0.01,0.0015134260938837274,28.200387823731965,0.019639942998765036
0801,2.0,0.0196078431372549,blur_noise,gradient,nominal,0.05,0.0008318501912634467,30.79954879196938,0.018893797001510393
0801,2.0,0.0196078431372549,blur_noise,gradient,nominal,0.2,0.0007299480291743004,31.367080596689885,0.019598540999140823
0801,2.0,0.0196078431372549,blur_noise,ridge,oracle_blur,1e-05,0.19046124725987687,7.201933759635337,0.0167364489971078
0801,2.0,0.0196078431372549,blur_noise,ridge,oracle_blur,0.0001,0.055534822357595374,12.554346129967168,0.016812760000902927
0801,2.0,0.0196078431372549,blur_noise,ridge,oracle_blur,0.0005,0.013947853124057922,18.554926345500775,0.018699911997828167
0801,2.0,0.0196078431372549,blur_noise,ridge,oracle_blur,0.002,0.003915832389109188,24.071759057460312,0.016345665000699228
0801,2.0,0.0196078431372549,blur_noise,ridge,oracle_blur,0.01,0.001050408514591343,29.786417665215392,0.017315699999016942
0801,2.0,0.0196078431372549,blur_noise,ridge,oracle_blur,0.05,0.0013364749931507418,28.740391629368087,0.019530541998392437
0801,2.0,0.0196078431372549,blur_noise,ridge,oracle_blur,0.2,0.010439192772782985,19.813330825483163,0.01710659300078987
0801,2.0,0.0196078431372549,blur_noise,gradient,oracle_blur,1e-05,0.13752895194216344,8.616058665962308,0.017740833001880674
0801,2.0,0.0196078431372549,blur_noise,gradient,oracle_blur,0.0001,0.03128995545798488,15.045950550821592,0.019184202999895206
0801,2.0,0.0196078431372549,blur_noise,gradient,oracle_blur,0.0005,0.008473056282369324,20.719599087776746,0.0174931999972614
0801,2.0,0.0196078431372549,blur_noise,gradient,oracle_blur,0.002,0.0027438413644716142,25.616410010287503,0.016456967998237815
0801,2.0,0.0196078431372549,blur_noise,gradient,oracle_blur,0.01,0.000905700806639831,30.430152454635206,0.016866169000422815
0801,2.0,0.0196078431372549,blur_noise,gradient,oracle_blur,0.05,0.0005288611234298975,32.766583567859364,0.01988301899837097
0801,2.0,0.0196078431372549,blur_noise,gradient,oracle_blur,0.2,0.0005491318719264094,32.60323348860162,0.018937321001430973
0801,2.0,0.0196078431372549,blur_noise_jpeg,ridge,nominal,1e-05,0.047309492327493353,13.250517122885983,0.0209152349998476
0801,2.0,0.0196078431372549,blur_noise_jpeg,ridge,nominal,0.0001,0.016227504501155725,17.897482617330073,0.018971121000504354
0801,2.0,0.0196078431372549,blur_noise_jpeg,ridge,nominal,0.0005,0.00586239343102013,22.31925038987405,0.018420080999931088
0801,2.0,0.0196078431372549,blur_noise_jpeg,ridge,nominal,0.002,0.002690902817700411,25.701019865538125,0.016459121001389576
0801,2.0,0.0196078431372549,blur_noise_jpeg,ridge,nominal,0.01,0.001423291584812474,28.467061183959142,0.018256530001963256
0801,2.0,0.0196078431372549,blur_noise_jpeg,ridge,nominal,0.05,0.001729300427737542,27.62129551101744,0.01823456900092424
0801,2.0,0.0196078431372549,blur_noise_jpeg,ridge,nominal,0.2,0.010643368969444044,19.729208820737036,0.018715094000071986
0801,2.0,0.0196078431372549,blur_noise_jpeg,gradient,nominal,1e-05,0.024298646177784062,16.14417922858349,0.017464117001509294
0801,2.0,0.0196078431372549,blur_noise_jpeg,gradient,nominal,0.0001,0.006385864500830607,21.947803008241166,0.01894304999950691
0801,2.0,0.0196078431372549,blur_noise_jpeg,gradient,nominal,0.0005,0.0026965348728347524,25.6919395884262,0.02279961200110847
0801,2.0,0.0196078431372549,blur_noise_jpeg,gradient,nominal,0.002,0.0015772106480285656,28.02110299589913,0.021235144999081967
0801,2.0,0.0196078431372549,blur_noise_jpeg,gradient,nominal,0.01,0.0010144085304746415,29.937871073305526,0.01851201599856722
0801,2.0,0.0196078431372549,blur_noise_jpeg,gradient,nominal,0.05,0.0007778655507123849,31.090954616602385,0.01817913700142526
0801,2.0,0.0196078431372549,blur_noise_jpeg,gradient,nominal,0.2,0.0007364332382995715,31.32866618206689,0.01709909199780668
0801,2.0,0.0196078431372549,blur_noise_jpeg,ridge,oracle_blur,1e-05,0.13991858041036415,8.541246097834748,0.017463216001488036
0801,2.0,0.0196078431372549,blur_noise_jpeg,ridge,oracle_blur,0.0001,0.036868354226342555,14.333462485173062,0.016394947000662796
0801,2.0,0.0196078431372549,blur_noise_jpeg,ridge,oracle_blur,0.0005,0.010528058253524458,19.776517206987528,0.016292076001263922
0801,2.0,0.0196078431372549,blur_noise_jpeg,ridge,oracle_blur,0.002,0.0034169288711759123,24.663640616394357,0.01711693700053729
0801,2.0,0.0196078431372549,blur_noise_jpeg,ridge,oracle_blur,0.01,0.0010830631983001838,29.653462009257012,0.018083806997310603
0801,2.0,0.0196078431372549,blur_noise_jpeg,ridge,oracle_blur,0.05,0.0013668346169548506,28.642840306326455,0.01760010699945269
0801,2.0,0.0196078431372549,blur_noise_jpeg,ridge,oracle_blur,0.2,0.010436752763636354,19.814346044181786,0.01803347399982158
0801,2.0,0.0196078431372549,blur_noise_jpeg,gradient,oracle_blur,1e-05,0.0946270380778403,10.239847535534006,0.018511926002247492
0801,2.0,0.0196078431372549,blur_noise_jpeg,gradient,oracle_blur,0.0001,0.02216891575312674,16.542555470275484,0.017023189000610728
0801,2.0,0.0196078431372549,blur_noise_jpeg,gradient,oracle_blur,0.0005,0.006897949583183865,21.61279984196674,0.01713504399958765
0801,2.0,0.0196078431372549,blur_noise_jpeg,gradient,oracle_blur,0.002,0.002561163660531855,25.915626688588233,0.016987027000141097
0801,2.0,0.0196078431372549,blur_noise_jpeg,gradient,oracle_blur,0.01,0.0009697043073037395,30.13360675304468,0.017343860999972094
0801,2.0,0.0196078431372549,blur_noise_jpeg,gradient,oracle_blur,0.05,0.0005756332876549756,32.39854099678336,0.017884054002934135
0801,2.0,0.0196078431372549,blur_noise_jpeg,gradient,oracle_blur,0.2,0.0005721647885536316,32.42478872513617,0.01710974700108636
0802,1.2,0.00784313725490196,blur_noise,ridge,nominal,1e-05,0.12726085775389487,8.95305153891497,0.020829850000154693
0802,1.2,0.00784313725490196,blur_noise,ridge,nominal,0.0001,0.03187159631092316,14.965961840423134,0.020577469000272686
0802,1.2,0.00784313725490196,blur_noise,ridge,nominal,0.0005,0.008165462085984851,20.880192333749594,0.02131327999813948
0802,1.2,0.00784313725490196,blur_noise,ridge,nominal,0.002,0.0023257531590149,26.334363804787632,0.023649861999729183
0802,1.2,0.00784313725490196,blur_noise,ridge,nominal,0.01,0.0006473673619263683,31.888492000409347,0.0210248559997126
0802,1.2,0.00784313725490196,blur_noise,ridge,nominal,0.05,0.0007326472249801179,31.35105091012374,0.022330603998852894
0802,1.2,0.00784313725490196,blur_noise,ridge,nominal,0.2,0.005278783101321961,22.77466182256328,0.0228040290021454
0802,1.2,0.00784313725490196,blur_noise,gradient,nominal,1e-05,0.049017164866098285,13.096518117827731,0.020899822000501445
0802,1.2,0.00784313725490196,blur_noise,gradient,nominal,0.0001,0.00847715807859066,20.717497182205932,0.022147125000628876
0802,1.2,0.00784313725490196,blur_noise,gradient,nominal,0.0005,0.002161723305618027,26.651998952732924,0.023898477000329876
0802,1.2,0.00784313725490196,blur_noise,gradient,nominal,0.002,0.0007513920634594388,31.24133396461847,0.022328380997350905
0802,1.2,0.00784313725490196,blur_noise,gradient,nominal,0.01,0.0003395027081799852,34.69156757044945,0.02199000400287332
0802,1.2,0.00784313725490196,blur_noise,gradient,nominal,0.05,0.00030475289924747166,35.160521540567856,0.02171336800165591
0802,1.2,0.00784313725490196,blur_noise,gradient,nominal,0.2,0.0004034236638933062,33.9423863067243,0.02140811999925063
0802,1.2,0.00784313725490196,blur_noise,ridge,oracle_blur,1e-05,0.14031601060968982,8.5289277143262,0.021111253001436125
0802,1.2,0.00784313725490196,blur_noise,ridge,oracle_blur,0.0001,0.02608135907707705,15.836697816404113,0.02084894799918402
0802,1.2,0.00784313725490196,blur_noise,ridge,oracle_blur,0.0005,0.005912029404225769,22.282634145893404,0.021377485001721652
0802,1.2,0.00784313725490196,blur_noise,ridge,oracle_blur,0.002,0.0016207470837178422,27.902847511696912,0.021785574001114583
0802,1.2,0.00784313725490196,blur_noise,ridge,oracle_blur,0.01,0.0004597257535400071,33.37501166671637,0.022355499997502193
0802,1.2,0.00784313725490196,blur_noise,ridge,oracle_blur,0.05,0.0006716960781591291,31.728271874149016,0.023287539999728324
0802,1.2,0.00784313725490196,blur_noise,ridge,oracle_blur,0.2,0.005259772648153677,22.790330276687378,0.02284775400039507
0802,1.2,0.00784313725490196,blur_noise,gradient,oracle_blur,1e-05,0.0509516946809015,12.928413665481484,0.021804520998557564
0802,1.2,0.00784313725490196,blur_noise,gradient,oracle_blur,0.0001,0.007251482655829822,21.395731874409595,0.023992505000933306
0802,1.2,0.00784313725490196,blur_noise,gradient,oracle_blur,0.0005,0.0018006918898619897,27.445605914447814,0.021930877002887428
0802,1.2,0.00784313725490196,blur_noise,gradient,oracle_blur,0.002,0.0006179393793114651,32.09054127697343,0.022115708998171613
0802,1.2,0.00784313725490196,blur_noise,gradient,oracle_blur,0.01,0.0002863142233109519,35.43157076875267,0.020866343002126087
0802,1.2,0.00784313725490196,blur_noise,gradient,oracle_blur,0.05,0.000281838636402436,35.49999471034344,0.022750651001842925
0802,1.2,0.00784313725490196,blur_noise,gradient,oracle_blur,0.2,0.00039784974693034053,34.00280913854734,0.02315373199962778
0802,1.2,0.00784313725490196,blur_noise_jpeg,ridge,nominal,1e-05,0.03572349068275044,14.470461110884242,0.017294678000325803
0802,1.2,0.00784313725490196,blur_noise_jpeg,ridge,nominal,0.0001,0.01142620080586654,19.42098147848246,0.017740503000823082
0802,1.2,0.00784313725490196,blur_noise_jpeg,ridge,nominal,0.0005,0.0036712631628596933,24.35184483357238,0.018153049000829924
0802,1.2,0.00784313725490196,blur_noise_jpeg,ridge,nominal,0.002,0.0014645388799775876,28.34299094357536,0.016977352999674622
0802,1.2,0.00784313725490196,blur_noise_jpeg,ridge,nominal,0.01,0.0006885531790318788,31.620625122433495,0.017129225001554005
0802,1.2,0.00784313725490196,blur_noise_jpeg,ridge,nominal,0.05,0.0008614993292957092,30.64745056327718,0.016875883000466274
0802,1.2,0.00784313725490196,blur_noise_jpeg,ridge,nominal,0.2,0.005357440635190753,22.710426325963375,0.017458518999774242
0802,1.2,0.00784313725490196,blur_noise_jpeg,gradient,nominal,1e-05,0.01781677877364433,17.49170812492624,0.018277240997122135
0802,1.2,0.00784313725490196,blur_noise_jpeg,gradient,nominal,0.0001,0.004107808287212499,23.863898332706146,0.018424978999973973
0802,1.2,0.00784313725490196,blur_noise_jpeg,gradient,nominal,0.0005,0.0014765260156492487,28.307588965801255,0.018109836000803625
0802,1.2,0.00784313725490196,blur_noise_jpeg,gradient,nominal,0.002,0.0007691425379799519,31.13993169012865,0.0188991149989306
0802,1.2,0.00784313725490196,blur_noise_jpeg,gradient,nominal,0.01,0.0004929883539454545,33.071633401080966,0.016844195997691713
0802,1.2,0.00784313725490196,blur_noise_jpeg,gradient,nominal,0.05,0.00042477585754293706,33.71840174680439,0.01844837200042093
0802,1.2,0.00784313725490196,blur_noise_jpeg,gradient,nominal,0.2,0.00047703057726190736,33.21453782153795,0.017600958999537397
0802,1.2,0.00784313725490196,blur_noise_jpeg,ridge,oracle_blur,1e-05,0.06525612911307105,11.85378691422991,0.019984357997600455
0802,1.2,0.00784313725490196,blur_noise_jpeg,ridge,oracle_blur,0.0001,0.012675977265145936,18.9701854840494,0.018158817001676653
0802,1.2,0.00784313725490196,blur_noise_jpeg,ridge,oracle_blur,0.0005,0.0037757070121492305,24.230017135115844,0.01726915100152837
0802,1.2,0.00784313725490196,blur_noise_jpeg,ridge,oracle_blur,0.002,0.0014754762159623145,28.310677867465873,0.018834589998732554
0802,1.2,0.00784313725490196,blur_noise_jpeg,ridge,oracle_blur,0.01,0.0006631196309949788,31.78408115042906,0.02400330000091344
0802,1.2,0.00784313725490196,blur_noise_jpeg,ridge,oracle_blur,0.05,0.0008182034685557319,30.871386837579315,0.017194452000694582
0802,1.2,0.00784313725490196,blur_noise_jpeg,ridge,oracle_blur,0.2,0.005331931525858917,22.731154365523597,0.018036157001915853
0802,1.2,0.00784313725490196,blur_noise_jpeg,gradient,oracle_blur,1e-05,0.024444611397580463,16.118168624389234,0.021120606001204578
0802,1.2,0.00784313725490196,blur_noise_jpeg,gradient,oracle_blur,0.0001,0.004691737731432576,23.28666272979166,0.016549783998925705
0802,1.2,0.00784313725490196,blur_noise_jpeg,gradient,oracle_blur,0.0005,0.0016564947266634385,27.808099423263105,0.01654485699691577
0802,1.2,0.00784313725490196,blur_noise_jpeg,gradient,oracle_blur,0.002,0.0008305210088128913,30.806493771847613,0.016617985002085334
0802,1.2,0.00784313725490196,blur_noise_jpeg,gradient,oracle_blur,0.01,0.0004884656229676834,33.11165995467802,0.017363958999339957
0802,1.2,0.00784313725490196,blur_noise_jpeg,gradient,oracle_blur,0.05,0.000405102306075967,33.92435284554707,0.01755732300080126
0802,1.2,0.00784313725490196,blur_noise_jpeg,gradient,oracle_blur,0.2,0.0004674632533308958,33.30252522765489,0.017258795000088867
0802,1.2,0.0196078431372549,blur_noise,ridge,nominal,1e-05,0.24373923642505732,6.13074553739852,0.0196308990016405
0802,1.2,0.0196078431372549,blur_noise,ridge,nominal,0.0001,0.12450759914427911,9.048041412131283,0.02001632400060771
0802,1.2,0.0196078431372549,blur_noise,ridge,nominal,0.0005,0.042344417304548056,13.732038390203435,0.01954529199792887
0802,1.2,0.0196078431372549,blur_noise,ridge,nominal,0.002,0.012651196807273146,18.978683881475465,0.019845302998874104
0802,1.2,0.0196078431372549,blur_noise,ridge,nominal,0.01,0.002889506812853422,25.3917627722073,0.020669564000854734
0802,1.2,0.0196078431372549,blur_noise,ridge,nominal,0.05,0.0011922661456864245,29.236267876317406,0.021746014997916063
0802,1.2,0.0196078431372549,blur_noise,ridge,nominal,0.2,0.005383632155938307,22.689246215373725,0.022621570999035612
0802,1.2,0.0196078431372549,blur_noise,gradient,nominal,1e-05,0.16042803842662381,7.947197266391076,0.020619701001123758
0802,1.2,0.0196078431372549,blur_noise,gradient,nominal,0.0001,0.04379445597325785,13.585808642131493,0.020814887000597082
0802,1.2,0.0196078431372549,blur_noise,gradient,nominal,0.0005,0.011752113863596475,19.298840094155466,0.02078368200091063
0802,1.2,0.0196078431372549,blur_noise,gradient,nominal,0.002,0.0036493927143541236,24.377793993100806,0.021325326997612137
0802,1.2,0.0196078431372549,blur_noise,gradient,nominal,0.01,0.0010805640048683967,29.663495035258606,0.019823010999971302
0802,1.2,0.0196078431372549,blur_noise,gradient,nominal,0.05,0.0005041792667341004,32.97415017699857,0.019233696002629586
0802,1.2,0.0196078431372549,blur_noise,gradient,nominal,0.2,0.00046867552096609486,33.29127729191492,0.020546773997921264
0802,1.2,0.0196078431372549,blur_noise,ridge,oracle_blur,1e-05,0.2526604983480039,5.974626515920592,0.020846765000896994
0802,1.2,0.0196078431372549,blur_noise,ridge,oracle_blur,0.0001,0.10896219596206048,9.627241528193668,0.024986198000988225
0802,1.2,0.0196078431372549,blur_noise,ridge,oracle_blur,0.0005,0.03183286570106575,14.971242629769135,0.02249403300083941
0802,1.2,0.0196078431372549,blur_noise,ridge,oracle_blur,0.002,0.00899890896560718,20.45810141553894,0.019544012000551447
0802,1.2,0.0196078431372549,blur_noise,ridge,oracle_blur,0.01,0.0020341921593642104,26.91608023974886,0.019192184001440182
0802,1.2,0.0196078431372549,blur_noise,ridge,oracle_blur,0.05,0.000995344901609841,30.02026403765897,0.021530076999624725
0802,1.2,0.0196078431372549,blur_noise,ridge,oracle_blur,0.2,0.005333367582644852,22.7299848314388,0.01953798199974699
0802,1.2,0.0196078431372549,blur_noise,gradient,oracle_blur,1e-05,0.1637590818885,7.8579460520068,0.020788578000065172
0802,1.2,0.0196078431372549,blur_noise,gradient,oracle_blur,0.0001,0.03836719022607271,14.160400046586915,0.020509137997578364
0802,1.2,0.0196078431372549,blur_noise,gradient,oracle_blur,0.0005,0.010031987744552695,19.98613007063238,0.020739906998642255
0802,1.2,0.0196078431372549,blur_noise,gradient,oracle_blur,0.002,0.003124249194673169,25.052543334518063,0.021741819000453688
0802,1.2,0.0196078431372549,blur_noise,gradient,oracle_blur,0.01,0.0009408596132416839,30.264751733239493,0.01987906300200848
0802,1.2,0.0196078431372549,blur_noise,gradient,oracle_blur,0.05,0.0004606743594932417,33.36605959313387,0.02057348300149897
0802,1.2,0.0196078431372549,blur_noise,gradient,oracle_blur,0.2,0.000456937174167717,33.401435084376836,0.020051245999638923
0802,1.2,0.0196078431372549,blur_noise_jpeg,ridge,nominal,1e-05,0.05530354042035953,12.572470651544666,0.01796529199782526
0802,1.2,0.0196078431372549,blur_noise_jpeg,ridge,nominal,0.0001,0.018770081157528467,17.265338495848027,0.019466286998067517
0802,1.2,0.0196078431372549,blur_noise_jpeg,ridge,nominal,0.0005,0.006504774701730284,21.86767740991678,0.01861000900316867
0802,1.2,0.0196078431372549,blur_noise_jpeg,ridge,nominal,0.002,0.002742119881288282,25.61913562440783,0.01709483499871567
0802,1.2,0.0196078431372549,blur_noise_jpeg,ridge,nominal,0.01,0.001214730100523422,29.155202067359646,0.01608216699969489
0802,1.2,0.0196078431372549,blur_noise_jpeg,ridge,nominal,0.05,0.0010447903520487186,29.80970846474198,0.017004041001200676
0802,1.2,0.0196078431372549,blur_noise_jpeg,ridge,nominal,0.2,0.005409289370250973,22.668597853278097,0.017645323001488578
0802,1.2,0.0196078431372549,blur_noise_jpeg,gradient,nominal,1e-05,0.028359151109177336,15.473067732815576,0.017692281999188708
0802,1.2,0.0196078431372549,blur_noise_jpeg,gradient,nominal,0.0001,0.007132694033936224,21.46746405198877,0.017381526002282044
0802,1.2,0.0196078431372549,blur_noise_jpeg,gradient,nominal,0.0005,0.0027555451734409477,25.59792464908762,0.017144436998933088
0802,1.2,0.0196078431372549,blur_noise_jpeg,gradient,nominal,0.002,0.0014248734227500686,28.46223714071464,0.016530264998436905
0802,1.2,0.0196078431372549,blur_noise_jpeg,gradient,nominal,0.01,0.0007805362692051881,31.07606911756327,0.017690399999992223
0802,1.2,0.0196078431372549,blur_noise_jpeg,gradient,nominal,0.05,0.0005350824860636133,32.71579263808792,0.01632081700154231
0802,1.2,0.0196078431372549,blur_noise_jpeg,gradient,nominal,0.2,0.0005189279314682547,32.84892952631215,0.01672887699896819
0802,1.2,0.0196078431372549,blur_noise_jpeg,ridge,oracle_blur,1e-05,0.09713221608392535,10.126367026670572,0.016516325002157828
0802,1.2,0.0196078431372549,blur_noise_jpeg,ridge,oracle_blur,0.0001,0.023648419416557178,16.26197880786912,0.016310802999214502
0802,1.2,0.0196078431372549,blur_noise_jpeg,ridge,oracle_blur,0.0005,0.00806987947600185,20.931329514363192,0.016242451998550678
0802,1.2,0.0196078431372549,blur_noise_jpeg,ridge,oracle_blur,0.002,0.003316613607001848,24.793051218243797,0.015936372998112347
0802,1.2,0.0196078431372549,blur_noise_jpeg,ridge,oracle_blur,0.01,0.001283371575936718,28.916475836754483,0.017779990997951245
0802,1.2,0.0196078431372549,blur_noise_jpeg,ridge,oracle_blur,0.05,0.0009930695029208131,30.030203550507654,0.016638344000966754
0802,1.2,0.0196078431372549,blur_noise_jpeg,ridge,oracle_blur,0.2,0.00537494987037158,22.696255818537573,0.017177885998535203
0802,1.2,0.0196078431372549,blur_noise_jpeg,gradient,oracle_blur,1e-05,0.04172766175639369,13.795759506524616,0.017552025001350557
0802,1.2,0.0196078431372549,blur_noise_jpeg,gradient,oracle_blur,0.0001,0.00976588509189067,20.102883900510147,0.01638346900290344
0802,1.2,0.0196078431372549,blur_noise_jpeg,gradient,oracle_blur,0.0005,0.003747934134942315,24.26208049876695,0.01620888300021761
0802,1.2,0.0196078431372549,blur_noise_jpeg,gradient,oracle_blur,0.002,0.0017608573557699961,27.54275824107179,0.017489953999756835
0802,1.2,0.0196078431372549,blur_noise_jpeg,gradient,oracle_blur,0.01,0.0008278356022233205,30.820559000944186,0.01697493799656513
0802,1.2,0.0196078431372549,blur_noise_jpeg,gradient,oracle_blur,0.05,0.0005218036116632015,32.82492919256552,0.017675466999207856
0802,1.2,0.0196078431372549,blur_noise_jpeg,gradient,oracle_blur,0.2,0.0005094679299396492,32.9288314882851,0.01720836000095005
0802,1.6,0.00784313725490196,blur_noise,ridge,nominal,1e-05,0.1277358828842874,8.936870859034967,0.052261748001910746
0802,1.6,0.00784313725490196,blur_noise,ridge,nominal,0.0001,0.03226406303999365,14.91280942441839,0.016714245000912342
0802,1.6,0.00784313725490196,blur_noise,ridge,nominal,0.0005,0.008495268218572735,20.708229047281694,0.01710227500007022
0802,1.6,0.00784313725490196,blur_noise,ridge,nominal,0.002,0.002626464506551622,25.80628463778797,0.015808836000360316
0802,1.6,0.00784313725490196,blur_noise,ridge,nominal,0.01,0.0009271565714222933,30.328469191857174,0.01697736200003419
0802,1.6,0.00784313725490196,blur_noise,ridge,nominal,0.05,0.0009984418631514675,30.006772179716247,0.016005985002266243
0802,1.6,0.00784313725490196,blur_noise,ridge,nominal,0.2,0.005541309634747241,22.563875818550642,0.01658953200239921
0802,1.6,0.00784313725490196,blur_noise,gradient,nominal,1e-05,0.04944059699171197,13.05916293812426,0.016540489999897545
0802,1.6,0.00784313725490196,blur_noise,gradient,nominal,0.0001,0.008808620653767843,20.550920926500392,0.017186499000672484
0802,1.6,0.00784313725490196,blur_noise,gradient,nominal,0.0005,0.002461279674264315,26.088390347780273,0.017631942999287276
0802,1.6,0.00784313725490196,blur_noise,gradient,nominal,0.002,0.0010322519164948606,29.862143021346654,0.01724212999761221
0802,1.6,0.00784313725490196,blur_noise,gradient,nominal,0.01,0.0005956521476394358,32.25007288017471,0.017032261999702314
0802,1.6,0.00784313725490196,blur_noise,gradient,nominal,0.05,0.000528596443465465,32.768757632408565,0.01670115600063582
0802,1.6,0.00784313725490196,blur_noise,gradient,nominal,0.2,0.0005947202657963603,32.2568726215051,0.01757867400010582
0802,1.6,0.00784313725490196,blur_noise,ridge,oracle_blur,1e-05,0.10240654282150852,9.896722951130956,0.016985322999971686
0802,1.6,0.00784313725490196,blur_noise,ridge,oracle_blur,0.0001,0.015502882010603,18.09587558284328,0.016258116000244627
0802,1.6,0.00784313725490196,blur_noise,ridge,oracle_blur,0.0005,0.003493095655835638,24.567895213670013,0.016178368001419585
0802,1.6,0.00784313725490196,blur_noise,ridge,oracle_blur,0.002,0.0010683361583665178,29.71292072445449,0.01614146399879246
0802,1.6,0.00784313725490196,blur_noise,ridge,oracle_blur,0.01,0.00045511727918348894,33.418766755646146,0.017317161000391934
0802,1.6,0.00784313725490196,blur_noise,ridge,oracle_blur,0.05,0.0008184373643636907,30.87014551868533,0.016786701999080833
0802,1.6,0.00784313725490196,blur_noise,ridge,oracle_blur,0.2,0.005476446517586882,22.615011492490993,0.016565486999752466
0802,1.6,0.00784313725490196,blur_noise,gradient,oracle_blur,1e-05,0.04162470845027361,13.806487953806581,0.016975890001049265
0802,1.6,0.00784313725490196,blur_noise,gradient,oracle_blur,0.0001,0.005968608941442036,22.241268748086803,0.016535221999220084
0802,1.6,0.00784313725490196,blur_noise,gradient,oracle_blur,0.0005,0.0016008965885614325,27.956367208400003,0.01694951099852915
0802,1.6,0.00784313725490196,blur_noise,gradient,oracle_blur,0.002,0.0006454487372653984,31.901382445003193,0.016271025000605732
0802,1.6,0.00784313725490196,blur_noise,gradient,oracle_blur,0.01,0.0003909126108076249,34.0792031903866,0.01746866300163674
0802,1.6,0.00784313725490196,blur_noise,gradient,oracle_blur,0.05,0.0004208609813459688,33.75861336479676,0.019180647999746725
0802,1.6,0.00784313725490196,blur_noise,gradient,oracle_blur,0.2,0.0005502824301068532,32.59414353497142,0.01701448699895991
0802,1.6,0.00784313725490196,blur_noise_jpeg,ridge,nominal,1e-05,0.030343706395077785,15.179313725071665,0.017233867998584174
0802,1.6,0.00784313725490196,blur_noise_jpeg,ridge,nominal,0.0001,0.00953987177324924,20.204574626695468,0.0173087189978105
0802,1.6,0.00784313725490196,blur_noise_jpeg,ridge,nominal,0.0005,0.00320101329297795,24.947125223397837,0.01592333399821655
0802,1.6,0.00784313725490196,blur_noise_jpeg,ridge,nominal,0.002,0.0014371136191560455,28.425088948985746,0.016359525001462316
0802,1.6,0.00784313725490196,blur_noise_jpeg,ridge,nominal,0.01,0.0008373067101656737,30.771154283471258,0.01705263300027582
0802,1.6,0.00784313725490196,blur_noise_jpeg,ridge,nominal,0.05,0.001075206911641923,29.685079525507593,0.017423107001377502
0802,1.6,0.00784313725490196,blur_noise_jpeg,ridge,nominal,0.2,0.005600507126302907,22.517726458182267,0.016707204998965608
0802,1.6,0.00784313725490196,blur_noise_jpeg,gradient,nominal,1e-05,0.01487109348970461,18.276570960991325,0.018463794000126654
0802,1.6,0.00784313725490196,blur_noise_jpeg,gradient,nominal,0.0001,0.003565212457012494,24.47914584701629,0.016718502000003355
0802,1.6,0.00784313725490196,blur_noise_jpeg,gradient,nominal,0.0005,0.0014487813069520405,28.389971661865104,0.017590261999430368
0802,1.6,0.00784313725490196,blur_noise_jpeg,gradient,nominal,0.002,0.0008913425588267282,30.499553567748414,0.01780506700015394
0802,1.6,0.00784313725490196,blur_noise_jpeg,gradient,nominal,0.01,0.0006767813782915223,31.695515994614915,0.016687155002728105
0802,1.6,0.00784313725490196,blur_noise_jpeg,gradient,nominal,0.05,0.0006192831276310665,32.0811075218249,0.016278874998533865
0802,1.6,0.00784313725490196,blur_noise_jpeg,gradient,nominal,0.2,0.0006566048182433845,31.82695934690997,0.01650986499953433
0802,1.6,0.00784313725490196,blur_noise_jpeg,ridge,oracle_blur,1e-05,0.0585844683983641,12.32217506557747,0.01698036699963268
0802,1.6,0.00784313725490196,blur_noise_jpeg,ridge,oracle_blur,0.0001,0.010871554632779492,19.637083473432675,0.016190585996810114
0802,1.6,0.00784313725490196,blur_noise_jpeg,ridge,oracle_blur,0.0005,0.0034762276772684654,24.588917869577745,0.017809954999393085
0802,1.6,0.00784313725490196,blur_noise_jpeg,ridge,oracle_blur,0.002,0.0014472397480943637,28.394595181901217,0.016342299000825733
0802,1.6,0.00784313725490196,blur_noise_jpeg,ridge,oracle_blur,0.01,0.000700095343715184,31.54842810800456,0.0171486229992297
0802,1.6,0.00784313725490196,blur_noise_jpeg,ridge,oracle_blur,0.05,0.0009340484118049141,30.296306136683427,0.017487400000391062
0802,1.6,0.00784313725490196,blur_noise_jpeg,ridge,oracle_blur,0.2,0.005524906093266818,22.576750992759067,0.018193358002463356
0802,1.6,0.00784313725490196,blur_noise_jpeg,gradient,oracle_blur,1e-05,0.025901765691112546,15.86670629595605,0.01685904800251592
0802,1.6,0.00784313725490196,blur_noise_jpeg,gradient,oracle_blur,0.0001,0.005389712921223634,22.684343665477307,0.017537073999847053
0802,1.6,0.00784313725490196,blur_noise_jpeg,gradient,oracle_blur,0.0005,0.0020362537626066254,26.9116810018974,0.017510173998743994
0802,1.6,0.00784313725490196,blur_noise_jpeg,gradient,oracle_blur,0.002,0.0010105895651697898,29.95425190377005,0.016291375002765562
0802,1.6,0.00784313725490196,blur_noise_jpeg,gradient,oracle_blur,0.01,0.0006022121262213208,32.202505037253125,0.01642048400026397
0802,1.6,0.00784313725490196,blur_noise_jpeg,gradient,oracle_blur,0.05,0.0005302566378231912,32.755138862212256,0.016534832000616007
0802,1.6,0.00784313725490196,blur_noise_jpeg,gradient,oracle_blur,0.2,0.0006071805151709847,32.166821736894846,0.016704951998690376
0802,1.6,0.0196078431372549,blur_noise,ridge,nominal,1e-05,0.24402452857697488,6.125665175537829,0.016893408999749226
0802,1.6,0.0196078431372549,blur_noise,ridge,nominal,0.0001,0.12497374782653302,9.031812059636614,0.016912106999370735
0802,1.6,0.0196078431372549,blur_noise,ridge,nominal,0.0005,0.04275326397104914,13.690307237310286,0.01770577099887305
0802,1.6,0.0196078431372549,blur_noise,ridge,nominal,0.002,0.012987508935614553,18.86474140633091,0.015998713999579195
0802,1.6,0.0196078431372549,blur_noise,ridge,nominal,0.01,0.0031790799330514,24.976985522844345,0.01697300500018173
0802,1.6,0.0196078431372549,blur_noise,ridge,nominal,0.05,0.0014595453450453252,28.357824078379736,0.016941288999078097
0802,1.6,0.0196078431372549,blur_noise,ridge,nominal,0.2,0.005646215600802231,22.48242542333101,0.0168740400004026
0802,1.6,0.0196078431372549,blur_noise,gradient,nominal,1e-05,0.160869929614159,7.935251282012729,0.01815685399924405
0802,1.6,0.0196078431372549,blur_noise,gradient,nominal,0.0001,0.04420634641531837,13.545153773636358,0.016651011999783805
0802,1.6,0.0196078431372549,blur_noise,gradient,nominal,0.0005,0.012085900386455671,19.17720989583749,0.016643651000777027
0802,1.6,0.0196078431372549,blur_noise,gradient,nominal,0.002,0.00394295795709378,24.04177853690033,0.018459908998920582
0802,1.6,0.0196078431372549,blur_noise,gradient,nominal,0.01,0.0013396348340082695,28.730135681933188,0.018527768999774707
0802,1.6,0.0196078431372549,blur_noise,gradient,nominal,0.05,0.0007283093924725009,31.376840892319496,0.01770271699933801
0802,1.6,0.0196078431372549,blur_noise,gradient,nominal,0.2,0.0006598323696461132,31.80566382919412,0.01615532499999972
0802,1.6,0.0196078431372549,blur_noise,ridge,oracle_blur,1e-05,0.22464590297043166,6.485014975408378,0.016191507998883026
0802,1.6,0.0196078431372549,blur_noise,ridge,oracle_blur,0.0001,0.07366653135139234,11.327297787729806,0.016853129000082845
0802,1.6,0.0196078431372549,blur_noise,ridge,oracle_blur,0.0005,0.01900757913262356,17.210731927764865,0.017036528999597067
0802,1.6,0.0196078431372549,blur_noise,ridge,oracle_blur,0.002,0.0053493274260121015,22.717008186392373,0.017095114999392536
0802,1.6,0.0196078431372549,blur_noise,ridge,oracle_blur,0.01,0.0013704383579270865,28.63140494173504,0.0188760889977857
0802,1.6,0.0196078431372549,blur_noise,ridge,oracle_blur,0.05,0.0010044297059106162,29.980804515522212,0.015941019999445416
0802,1.6,0.0196078431372549,blur_noise,ridge,oracle_blur,0.2,0.00551805377319703,22.58214071655138,0.016056099000707036
0802,1.6,0.0196078431372549,blur_noise,gradient,oracle_blur,1e-05,0.14655246948196657,8.34006859085967,0.016071531998022692
0802,1.6,0.0196078431372549,blur_noise,gradient,oracle_blur,0.0001,0.031821837736120136,14.972747431177925,0.016644654002448078
0802,1.6,0.0196078431372549,blur_noise,gradient,oracle_blur,0.0005,0.008481632560442065,20.715205458858556,0.016521362998901168
0802,1.6,0.0196078431372549,blur_noise,gradient,oracle_blur,0.002,0.0027846715751549483,25.552260182671596,0.016710410000086995
0802,1.6,0.0196078431372549,blur_noise,gradient,oracle_blur,0.01,0.0009541563634190862,30.203804489798184,0.016664171998854727
0802,1.6,0.0196078431372549,blur_noise,gradient,oracle_blur,0.05,0.000573884551136018,32.411754662213035,0.02035415099817328
0802,1.6,0.0196078431372549,blur_noise,gradient,oracle_blur,0.2,0.0006009205477896978,32.21182945530596,0.01635340500070015
0802,1.6,0.0196078431372549,blur_noise_jpeg,ridge,nominal,1e-05,0.05102887116480914,12.921840388070363,0.017084970000723843
0802,1.6,0.0196078431372549,blur_noise_jpeg,ridge,nominal,0.0001,0.01709456968687691,17.671418270093568,0.016718030001356965
0802,1.6,0.0196078431372549,blur_noise_jpeg,ridge,nominal,0.0005,0.00605201670067762,22.180998822017052,0.015904145999229513
0802,1.6,0.0196078431372549,blur_noise_jpeg,ridge,nominal,0.002,0.002716298217066964,25.660225514324836,0.015771251000842312
0802,1.6,0.0196078431372549,blur_noise_jpeg,ridge,nominal,0.01,0.001364649773944889,28.649787924028924,0.01608894700257224
0802,1.6,0.0196078431372549,blur_noise_jpeg,ridge,nominal,0.05,0.0012584182339246232,29.001749976038763,0.01632178999716416
0802,1.6,0.0196078431372549,blur_noise_jpeg,ridge,nominal,0.2,0.0056510005359092395,22.478746515160438,0.016595831999438815
0802,1.6,0.0196078431372549,blur_noise_jpeg,gradient,nominal,1e-05,0.025848258573887572,15.875687104898379,0.016450197999802185
0802,1.6,0.0196078431372549,blur_noise_jpeg,gradient,nominal,0.0001,0.006616208237994271,21.793908342915707,0.016777717999502784
0802,1.6,0.0196078431372549,blur_noise_jpeg,gradient,nominal,0.0005,0.0027302965635362226,25.637901775335344,0.01628769899980398
0802,1.6,0.0196078431372549,blur_noise_jpeg,gradient,nominal,0.002,0.0015484483495729062,28.10103276500017,0.016147873000591062
0802,1.6,0.0196078431372549,blur_noise_jpeg,gradient,nominal,0.01,0.0009648446493210984,30.155426072508792,0.01672109599894611
0802,1.6,0.0196078431372549,blur_noise_jpeg,gradient,nominal,0.05,0.0007277680848547125,31.38006993645909,0.016549484000279335
0802,1.6,0.0196078431372549,blur_noise_jpeg,gradient,nominal,0.2,0.0006961586011423266,31.572918067196802,0.01810503799788421
0802,1.6,0.0196078431372549,blur_noise_jpeg,ridge,oracle_blur,1e-05,0.12370584051477357,9.076097955733141,0.017008667997288285
0802,1.6,0.0196078431372549,blur_noise_jpeg,ridge,oracle_blur,0.0001,0.03306222011885416,14.806679870321329,0.016169826001714682
0802,1.6,0.0196078431372549,blur_noise_jpeg,ridge,oracle_blur,0.0005,0.010379653416151973,19.83817147640322,0.01582001299902913
0802,1.6,0.0196078431372549,blur_noise_jpeg,ridge,oracle_blur,0.002,0.0037035174650256173,24.313856029642245,0.015884417000052053
0802,1.6,0.0196078431372549,blur_noise_jpeg,ridge,oracle_blur,0.01,0.0012821549169323152,28.92059497824883,0.01671632900252007
0802,1.6,0.0196078431372549,blur_noise_jpeg,ridge,oracle_blur,0.05,0.0010678280964912885,29.71498656253353,0.016079101998911938
0802,1.6,0.0196078431372549,blur_noise_jpeg,ridge,oracle_blur,0.2,0.005550865781903694,22.556392736379305,0.016424581001047045
0802,1.6,0.0196078431372549,blur_noise_jpeg,gradient,oracle_blur,1e-05,0.06951211371644155,11.579395053124038,0.01652983399981167
0802,1.6,0.0196078431372549,blur_noise_jpeg,gradient,oracle_blur,0.0001,0.01648981836506424,17.82784128071962,0.01742015200215974
0802,1.6,0.0196078431372549,blur_noise_jpeg,gradient,oracle_blur,0.0005,0.0055516746988224465,22.555759893553173,0.01745696699799737
0802,1.6,0.0196078431372549,blur_noise_jpeg,gradient,oracle_blur,0.002,0.002279010665567303,26.422536423553034,0.01721016300143674
0802,1.6,0.0196078431372549,blur_noise_jpeg,gradient,oracle_blur,0.01,0.0009969404787186023,30.013307700090245,0.018210653001005994
0802,1.6,0.0196078431372549,blur_noise_jpeg,gradient,oracle_blur,0.05,0.0006499701273310226,31.87106603100874,0.016638063003483694
0802,1.6,0.0196078431372549,blur_noise_jpeg,gradient,oracle_blur,0.2,0.0006455545227351022,31.900670718746813,0.016386514998885104
0802,2.0,0.00784313725490196,blur_noise,ridge,nominal,1e-05,0.128124926489905,8.92366370771197,0.01617294999959995
0802,2.0,0.00784313725490196,blur_noise,ridge,nominal,0.0001,0.03259588035556612,14.868372849596934,0.019695703998877434
0802,2.0,0.00784313725490196,blur_noise,ridge,nominal,0.0005,0.008780383253180838,20.5648652724777,0.017623191000893712
0802,2.0,0.00784313725490196,blur_noise,ridge,nominal,0.002,0.0028938494035439903,25.385240733937632,0.018973473001096863
0802,2.0,0.00784313725490196,blur_noise,ridge,nominal,0.01,0.0011869709877928326,29.255598960373746,0.017773621002561413
0802,2.0,0.00784313725490196,blur_noise,ridge,nominal,0.05,0.0012546057738259738,29.014927181258088,0.018509031000576215
0802,2.0,0.00784313725490196,blur_noise,ridge,nominal,0.2,0.005798306415099108,22.366988378132994,0.018541998997534392
0802,2.0,0.00784313725490196,blur_noise,gradient,nominal,1e-05,0.049796644970790616,13.027999166731325,0.01888347100248211
0802,2.0,0.00784313725490196,blur_noise,gradient,nominal,0.0001,0.009094680161657858,20.412125694393684,0.019315866000397364
0802,2.0,0.00784313725490196,blur_noise,gradient,nominal,0.0005,0.002728037176500853,25.64149715599443,0.018764586002362194
0802,2.0,0.00784313725490196,blur_noise,gradient,nominal,0.002,0.0012920023856515118,28.88736684425818,0.018150995998439612
0802,2.0,0.00784313725490196,blur_noise,gradient,nominal,0.01,0.0008459441220518132,30.726583228782598,0.019389974997466197
0802,2.0,0.00784313725490196,blur_noise,gradient,nominal,0.05,0.0007583373385610572,31.201375599546118,0.018263982001371915
0802,2.0,0.00784313725490196,blur_noise,gradient,nominal,0.2,0.0007944588617619239,30.999285862757965,0.018669616998522542
0802,2.0,0.00784313725490196,blur_noise,ridge,oracle_blur,1e-05,0.07470460698464321,11.266526146998109,0.018089015000441577
0802,2.0,0.00784313725490196,blur_noise,ridge,oracle_blur,0.0001,0.010451651698185552,19.808150715888463,0.018424336001771735
0802,2.0,0.00784313725490196,blur_noise,ridge,oracle_blur,0.0005,0.002468292437307888,26.076033874324494,0.017880638002679916
0802,2.0,0.00784313725490196,blur_noise,ridge,oracle_blur,0.002,0.0008863565321021004,30.523915503718342,0.019175459998223232
0802,2.0,0.00784313725490196,blur_noise,ridge,oracle_blur,0.01,0.0005371826674902806,32.69878008540116,0.017867438997200225
0802,2.0,0.00784313725490196,blur_noise,ridge,oracle_blur,0.05,0.0009823644818161444,30.07727348187955,0.018519306999223772
0802,2.0,0.00784313725490196,blur_noise,ridge,oracle_blur,0.2,0.005683242112053712,22.454038421623448,0.018703566998738097
0802,2.0,0.00784313725490196,blur_noise,gradient,oracle_blur,1e-05,0.03728135997157847,14.285082535771952,0.019103755003015976
0802,2.0,0.00784313725490196,blur_noise,gradient,oracle_blur,0.0001,0.005542246967784517,22.563141255483274,0.019160837997333147
0802,2.0,0.00784313725490196,blur_noise,gradient,oracle_blur,0.0005,0.0015794592665531598,28.01491569847026,0.018572984998172615
0802,2.0,0.00784313725490196,blur_noise,gradient,oracle_blur,0.002,0.0007183493008828231,31.436643265687675,0.01863743900321424
0802,2.0,0.00784313725490196,blur_noise,gradient,oracle_blur,0.01,0.0005091995482479744,32.93111990315906,0.01963108900235966
0802,2.0,0.00784313725490196,blur_noise,gradient,oracle_blur,0.05,0.000557825308477778,32.53501785726292,0.018612583000503946
0802,2.0,0.00784313725490196,blur_noise,gradient,oracle_blur,0.2,0.0006914905364271903,31.602137591635994,0.020009243999083992
0802,2.0,0.00784313725490196,blur_noise_jpeg,ridge,nominal,1e-05,0.027325593141250836,15.634304022903754,0.019746117999602575
0802,2.0,0.00784313725490196,blur_noise_jpeg,ridge,nominal,0.0001,0.008620318803018603,20.644766724778915,0.021207933998084627
0802,2.0,0.00784313725490196,blur_noise_jpeg,ridge,nominal,0.0005,0.003056902180571601,25.147184582702078,0.018689897002332145
0802,2.0,0.00784313725490196,blur_noise_jpeg,ridge,nominal,0.002,0.001531629043849862,28.148464068424136,0.020537259999400703
0802,2.0,0.00784313725490196,blur_noise_jpeg,ridge,nominal,0.01,0.0010233535266159094,29.899743094594125,0.01990456999919843
0802,2.0,0.00784313725490196,blur_noise_jpeg,ridge,nominal,0.05,0.0012954587019825216,28.875764273612784,0.0215943729999708
0802,2.0,0.00784313725490196,blur_noise_jpeg,ridge,nominal,0.2,0.005839640441233747,22.336138924758508,0.02022368899997673
0802,2.0,0.00784313725490196,blur_noise_jpeg,gradient,nominal,1e-05,0.013329200131631061,18.751959112644258,0.020977766002033604
0802,2.0,0.00784313725490196,blur_noise_jpeg,gradient,nominal,0.0001,0.0033818405628277173,24.708468711073877,0.019955865001975326
0802,2.0,0.00784313725490196,blur_noise_jpeg,gradient,nominal,0.0005,0.0015430833247282733,28.11610621900146,0.023464126999897417
0802,2.0,0.00784313725490196,blur_noise_jpeg,gradient,nominal,0.002,0.0010634969229207129,29.732637623296473,0.021682492002582876
0802,2.0,0.00784313725490196,blur_noise_jpeg,gradient,nominal,0.01,0.0008794973167514025,30.55765481188711,0.02446751199749997
0802,2.0,0.00784313725490196,blur_noise_jpeg,gradient,nominal,0.05,0.0008242567869054668,30.839374682024516,0.019647563000035007
0802,2.0,0.00784313725490196,blur_noise_jpeg,gradient,nominal,0.2,0.0008449557246421211,30.73166047319404,0.021114205999765545
0802,2.0,0.00784313725490196,blur_noise_jpeg,ridge,oracle_blur,1e-05,0.06127041519636006,12.127491766800077,0.0199793600004341
0802,2.0,0.00784313725490196,blur_noise_jpeg,ridge,oracle_blur,0.0001,0.011437661174590044,19.41662772991778,0.021126494997588452
0802,2.0,0.00784313725490196,blur_noise_jpeg,ridge,oracle_blur,0.0005,0.003406752311588356,24.676594407264428,0.019937908997235354
0802,2.0,0.00784313725490196,blur_noise_jpeg,ridge,oracle_blur,0.002,0.001408590938890254,28.512151096414154,0.021403381000709487
0802,2.0,0.00784313725490196,blur_noise_jpeg,ridge,oracle_blur,0.01,0.0007646935941445897,31.165125478904592,0.01935691600010614
0802,2.0,0.00784313725490196,blur_noise_jpeg,ridge,oracle_blur,0.05,0.0010700429755102676,29.705987796492156,0.0218100880010752
0802,2.0,0.00784313725490196,blur_noise_jpeg,ridge,oracle_blur,0.2,0.0057148498013966315,22.42995179316263,0.019928314999560826
0802,2.0,0.00784313725490196,blur_noise_jpeg,gradient,oracle_blur,1e-05,0.035043398380300204,14.553937841750216,0.02191682599732303
0802,2.0,0.00784313725490196,blur_noise_jpeg,gradient,oracle_blur,0.0001,0.0069181096145018136,21.600125610559544,0.02022550200126716
0802,2.0,0.00784313725490196,blur_noise_jpeg,gradient,oracle_blur,0.0005,0.002404910953626675,26.189009995664563,0.020926712000800762
0802,2.0,0.00784313725490196,blur_noise_jpeg,gradient,oracle_blur,0.002,0.0011792762838553593,29.283844353653762,0.12534265499925823
0802,2.0,0.00784313725490196,blur_noise_jpeg,gradient,oracle_blur,0.01,0.0007282169597078144,31.37739210843233,0.055118202999437926
0802,2.0,0.00784313725490196,blur_noise_jpeg,gradient,oracle_blur,0.05,0.0006570070737990184,31.82429954496016,0.02096980500209611
0802,2.0,0.00784313725490196,blur_noise_jpeg,gradient,oracle_blur,0.2,0.0007399541767758077,31.30795174038748,0.021497390000149608
0802,2.0,0.0196078431372549,blur_noise,ridge,nominal,1e-05,0.24426011916197057,6.121474353669264,0.019531873000232736
0802,2.0,0.0196078431372549,blur_noise,ridge,nominal,0.0001,0.12535887334635934,9.018449197115938,0.017332143001112854
0802,2.0,0.0196078431372549,blur_noise,ridge,nominal,0.0005,0.04310045976210062,13.655180970996323,0.016443757998786168
0802,2.0,0.0196078431372549,blur_noise,ridge,nominal,0.002,0.01328197018894152,18.76737498859464,0.017313191001449013
0802,2.0,0.0196078431372549,blur_noise,ridge,nominal,0.01,0.0034457570693921975,24.627153441664102,0.01692485400053556
0802,2.0,0.0196078431372549,blur_noise,ridge,nominal,0.05,0.0017165841755362732,27.65334895369845,0.01726773799964576
0802,2.0,0.0196078431372549,blur_noise,ridge,nominal,0.2,0.005903196560457833,22.28912755707999,0.016769126999861328
0802,2.0,0.0196078431372549,blur_noise,gradient,nominal,1e-05,0.16123199173243827,7.925487810522517,0.017385170998750255
0802,2.0,0.0196078431372549,blur_noise,gradient,nominal,0.0001,0.044555594455491,13.510977576516128,0.017834139998740284
0802,2.0,0.0196078431372549,blur_noise,gradient,nominal,0.0005,0.012378346297469254,19.073373716208874,0.016142305001267232
0802,2.0,0.0196078431372549,blur_noise,gradient,nominal,0.002,0.004211693307260198,23.75543261374016,0.016068926997832023
0802,2.0,0.0196078431372549,blur_noise,gradient,nominal,0.01,0.001591679543585309,27.981443652802604,0.01717321900287061
0802,2.0,0.0196078431372549,blur_noise,gradient,nominal,0.05,0.0009581017095757137,30.18588384905987,0.018821841000317363
0802,2.0,0.0196078431372549,blur_noise,gradient,nominal,0.2,0.000859422542116447,30.65793259229739,0.0173476859999937
0802,2.0,0.0196078431372549,blur_noise,ridge,oracle_blur,1e-05,0.19717684500155652,7.0514408675021265,0.01765082100246218
0802,2.0,0.0196078431372549,blur_noise,ridge,oracle_blur,0.0001,0.052491513639277364,12.7991090378534,0.0172106440004427
0802,2.0,0.0196078431372549,blur_noise,ridge,oracle_blur,0.0005,0.0129682691981672,18.871179828861678,0.01721723400260089
0802,2.0,0.0196078431372549,blur_noise,ridge,oracle_blur,0.002,0.0037087623199861097,24.307709980075998,0.029348603999096667
0802,2.0,0.0196078431372549,blur_noise,ridge,oracle_blur,0.01,0.0011314501793035462,29.46364564404711,0.018002701999648707
0802,2.0,0.0196078431372549,blur_noise,ridge,oracle_blur,0.05,0.001101808896610834,29.578937252161065,0.018917700999736553
0802,2.0,0.0196078431372549,blur_noise,ridge,oracle_blur,0.2,0.005709866273226808,22.433740629415013,0.017199166999489535
0802,2.0,0.0196078431372549,blur_noise,gradient,oracle_blur,1e-05,0.13753743812367783,8.615790694160708,0.01773441399927833
0802,2.0,0.0196078431372549,blur_noise,gradient,oracle_blur,0.0001,0.029316878002781054,15.328822802231413,0.01695337599812774
0802,2.0,0.0196078431372549,blur_noise,gradient,oracle_blur,0.0005,0.007884435804371736,21.0322937853225,0.018046891997073544
0802,2.0,0.0196078431372549,blur_noise,gradient,oracle_blur,0.002,0.002655676731580167,25.758247915914577,0.01670006399945123
0802,2.0,0.0196078431372549,blur_noise,gradient,oracle_blur,0.01,0.0010150906420838685,29.934951758795926,0.018141750999348005
0802,2.0,0.0196078431372549,blur_noise,gradient,oracle_blur,0.05,0.0006946901622674642,31.582088512670097,0.017088675002014497
0802,2.0,0.0196078431372549,blur_noise,gradient,oracle_blur,0.2,0.0007368015226762357,31.326494852960018,0.01624457599973539
0802,2.0,0.0196078431372549,blur_noise_jpeg,ridge,nominal,1e-05,0.04932282592168774,13.069520487219588,0.01832567300152732
0802,2.0,0.0196078431372549,blur_noise_jpeg,ridge,nominal,0.0001,0.016511395650730922,17.822162157866533,0.01954951899824664
0802,2.0,0.0196078431372549,blur_noise_jpeg,ridge,nominal,0.0005,0.005988712189956347,22.2266655806578,0.021529846999328583
0802,2.0,0.0196078431372549,blur_noise_jpeg,ridge,nominal,0.002,0.0028314180094295514,25.479960099046135,0.021632227002555737
0802,2.0,0.0196078431372549,blur_noise_jpeg,ridge,nominal,0.01,0.0015570774355447823,28.076897888489896,0.022177463000844
0802,2.0,0.0196078431372549,blur_noise_jpeg,ridge,nominal,0.05,0.001481806924163643,28.292083801845735,0.023858336000557756
0802,2.0,0.0196078431372549,blur_noise_jpeg,ridge,nominal,0.2,0.005889959561526939,22.298876869218958,0.021361019000323722
0802,2.0,0.0196078431372549,blur_noise_jpeg,gradient,nominal,1e-05,0.024881893163080548,16.041165790053405,0.021790569997392595
0802,2.0,0.0196078431372549,blur_noise_jpeg,gradient,nominal,0.0001,0.006518661043604095,21.858416007544903,0.020584049001627136
0802,2.0,0.0196078431372549,blur_noise_jpeg,gradient,nominal,0.0005,0.002843828290010416,25.460966297960912,0.02043593100097496
0802,2.0,0.0196078431372549,blur_noise_jpeg,gradient,nominal,0.002,0.0017277972784761934,27.625072144056453,0.024601147997600492
0802,2.0,0.0196078431372549,blur_noise_jpeg,gradient,nominal,0.01,0.0011726032636139863,29.308489014120326,0.02100018900091527
0802,2.0,0.0196078431372549,blur_noise_jpeg,gradient,nominal,0.05,0.000935255674985869,30.29069647890441,0.023452080000424758
0802,2.0,0.0196078431372549,blur_noise_jpeg,gradient,nominal,0.2,0.0008847155637386857,30.5319633263995,0.022590745000343304
0802,2.0,0.0196078431372549,blur_noise_jpeg,ridge,oracle_blur,1e-05,0.1471671085903461,8.32189242674293,0.022243806000915356
0802,2.0,0.0196078431372549,blur_noise_jpeg,ridge,oracle_blur,0.0001,0.03619310039169626,14.413742125444058,0.02182189700033632
0802,2.0,0.0196078431372549,blur_noise_jpeg,ridge,oracle_blur,0.0005,0.010229705538158185,19.901368672647283,0.021457511000335217
0802,2.0,0.0196078431372549,blur_noise_jpeg,ridge,oracle_blur,0.002,0.0034731210799486966,24.592800760508908,0.02117110100152786
0802,2.0,0.0196078431372549,blur_noise_jpeg,ridge,oracle_blur,0.01,0.0012509036425301016,29.027761428478982,0.023683911000262015
0802,2.0,0.0196078431372549,blur_noise_jpeg,ridge,oracle_blur,0.05,0.0011672217166342515,29.32846640814157,0.024099721002130536
0802,2.0,0.0196078431372549,blur_noise_jpeg,ridge,oracle_blur,0.2,0.005729203447190685,22.41905755438733,0.022379464000550797
0802,2.0,0.0196078431372549,blur_noise_jpeg,gradient,oracle_blur,1e-05,0.09748630168410001,10.110564050292286,0.021197179001319455
0802,2.0,0.0196078431372549,blur_noise_jpeg,gradient,oracle_blur,0.0001,0.02156445944087577,16.66261423898144,0.022884395999426488
0802,2.0,0.0196078431372549,blur_noise_jpeg,gradient,oracle_blur,0.0005,0.0067684274490435155,21.69512221940234,0.020977375999791548
0802,2.0,0.0196078431372549,blur_noise_jpeg,gradient,oracle_blur,0.002,0.0026751751425302932,25.726477796448165,0.021600800999294734
0802,2.0,0.0196078431372549,blur_noise_jpeg,gradient,oracle_blur,0.01,0.0011589109265274582,29.359499424697034,0.02160806200117804
0802,2.0,0.0196078431372549,blur_noise_jpeg,gradient,oracle_blur,0.05,0.0007758728652654563,31.102094365215883,0.02219518400306697
0802,2.0,0.0196078431372549,blur_noise_jpeg,gradient,oracle_blur,0.2,0.0007758310731106982,31.10232830291178,0.02097121699989657
0803,1.2,0.00784313725490196,blur_noise,ridge,nominal,1e-05,0.12719778271444912,8.955204591535837,0.01672362899989821
0803,1.2,0.00784313725490196,blur_noise,ridge,nominal,0.0001,0.03255090991102108,14.874368668865037,0.03397927999685635
0803,1.2,0.00784313725490196,blur_noise,ridge,nominal,0.0005,0.008550087794448635,20.680294258041286,0.021449769999890123
0803,1.2,0.00784313725490196,blur_noise,ridge,nominal,0.002,0.0024309287143369496,26.142277764195292,0.0191598570017959
0803,1.2,0.00784313725490196,blur_noise,ridge,nominal,0.01,0.0006335271552335035,31.982347649710547,0.018108272000972647
0803,1.2,0.00784313725490196,blur_noise,ridge,nominal,0.05,0.0008704940644212248,30.602341858308513,0.01998481899863691
0803,1.2,0.00784313725490196,blur_noise,ridge,nominal,0.2,0.00737505982866149,21.322344522105247,0.01958080500116921
0803,1.2,0.00784313725490196,blur_noise,gradient,nominal,1e-05,0.049725652791901026,13.034195068046422,0.018845736001821933
0803,1.2,0.00784313725490196,blur_noise,gradient,nominal,0.0001,0.008861418773983172,20.524967390177864,0.01877749499908532
0803,1.2,0.00784313725490196,blur_noise,gradient,nominal,0.0005,0.0022518673611706653,26.47457193753253,0.018772367999190465
0803,1.2,0.00784313725490196,blur_noise,gradient,nominal,0.002,0.0007363648236524478,31.329069660378224,0.019446147998678498
0803,1.2,0.00784313725490196,blur_noise,gradient,nominal,0.01,0.0002961586514244727,35.284755761716795,0.01841668499764637
0803,1.2,0.00784313725490196,blur_noise,gradient,nominal,0.05,0.00026086608777842565,35.835823748973255,0.018967935000546277
0803,1.2,0.00784313725490196,blur_noise,gradient,nominal,0.2,0.00038455028328817487,34.15046864375461,0.02237086199966143
0803,1.2,0.00784313725490196,blur_noise,ridge,oracle_blur,1e-05,0.13957820405943877,8.551823940033248,0.019218934001401067
0803,1.2,0.00784313725490196,blur_noise,ridge,oracle_blur,0.0001,0.026570380069529876,15.756022332856572,0.019225934000132838
0803,1.2,0.00784313725490196,blur_noise,ridge,oracle_blur,0.0005,0.006202773577933623,22.074140717527744,0.0182442320001428
0803,1.2,0.00784313725490196,blur_noise,ridge,oracle_blur,0.002,0.0016797899742107877,27.747450151451506,0.01862597299987101
0803,1.2,0.00784313725490196,blur_noise,ridge,oracle_blur,0.01,0.00042642979974690247,33.70152453574754,0.01845596299972385
0803,1.2,0.00784313725490196,blur_noise,ridge,oracle_blur,0.05,0.0007886164184091523,31.031341854795457,0.019062223000219092
0803,1.2,0.00784313725490196,blur_noise,ridge,oracle_blur,0.2,0.00733528892116353,21.345827755635938,0.01802387900170288
0803,1.2,0.00784313725490196,blur_noise,gradient,oracle_blur,1e-05,0.05134302111305975,12.895185802666681,0.01877151699954993
0803,1.2,0.00784313725490196,blur_noise,gradient,oracle_blur,0.0001,0.007580668210805223,21.20292511059901,0.02537835799739696
0803,1.2,0.00784313725490196,blur_noise,gradient,oracle_blur,0.0005,0.0018734394452062087,27.273603399535908,0.018940966001537163
0803,1.2,0.00784313725490196,blur_noise,gradient,oracle_blur,0.002,0.0005921466171222697,32.27570747460441,0.019423564001044724
0803,1.2,0.00784313725490196,blur_noise,gradient,oracle_blur,0.01,0.00023046822605580388,36.37388940989383,0.019306131998746423
0803,1.2,0.00784313725490196,blur_noise,gradient,oracle_blur,0.05,0.00022418769969673015,36.49388219129,0.01887109299786971
0803,1.2,0.00784313725490196,blur_noise,gradient,oracle_blur,0.2,0.00036443284798633657,34.383824850023544,0.021988050000800285
0803,1.2,0.00784313725490196,blur_noise_jpeg,ridge,nominal,1e-05,0.03701469538735528,14.316258202959645,0.018814169001416303
0803,1.2,0.00784313725490196,blur_noise_jpeg,ridge,nominal,0.0001,0.012734529373407612,18.95017100508679,0.01903639600277529
0803,1.2,0.00784313725490196,blur_noise_jpeg,ridge,nominal,0.0005,0.00419206604220736,23.77571884053838,0.019318138998642098
0803,1.2,0.00784313725490196,blur_noise_jpeg,ridge,nominal,0.002,0.001553364184789201,28.08726712396195,0.01885945600224659
0803,1.2,0.00784313725490196,blur_noise_jpeg,ridge,nominal,0.01,0.000652480513336632,31.85432454222241,0.01949800399961532
0803,1.2,0.00784313725490196,blur_noise_jpeg,ridge,nominal,0.05,0.0009669178206287493,30.14610435497231,0.017999302999669453
0803,1.2,0.00784313725490196,blur_noise_jpeg,ridge,nominal,0.2,0.007425679523971714,21.292637979019414,0.0189574790019833
0803,1.2,0.00784313725490196,blur_noise_jpeg,gradient,nominal,1e-05,0.019218486042149634,17.162808273562018,0.021589754996966803
0803,1.2,0.00784313725490196,blur_noise_jpeg,gradient,nominal,0.0001,0.004721679219649232,23.259035212531508,0.020023534998472314
0803,1.2,0.00784313725490196,blur_noise_jpeg,gradient,nominal,0.0005,0.0015653234246646019,28.05395915603043,0.01841750600215164
0803,1.2,0.00784313725490196,blur_noise_jpeg,gradient,nominal,0.002,0.0007383735931204569,31.31723843627787,0.019236429998272797
0803,1.2,0.00784313725490196,blur_noise_jpeg,gradient,nominal,0.01,0.000420610471517535,33.761199193204725,0.017456325000239303
0803,1.2,0.00784313725490196,blur_noise_jpeg,gradient,nominal,0.05,0.0003502720371925537,34.55594531759388,0.019455030000244733
0803,1.2,0.00784313725490196,blur_noise_jpeg,gradient,nominal,0.2,0.0004357278317377951,33.60784698994452,0.01869510399774299
0803,1.2,0.00784313725490196,blur_noise_jpeg,ridge,oracle_blur,1e-05,0.06756473519087101,11.702799210429786,0.01851283599899034
0803,1.2,0.00784313725490196,blur_noise_jpeg,ridge,oracle_blur,0.0001,0.013888060688147496,18.57358394380286,0.018059861999063287
0803,1.2,0.00784313725490196,blur_noise_jpeg,ridge,oracle_blur,0.0005,0.004161766498289293,23.807222901381483,0.01865065899983165
0803,1.2,0.00784313725490196,blur_noise_jpeg,ridge,oracle_blur,0.002,0.0015781940055059516,28.018396105424628,0.018346892997215036
0803,1.2,0.00784313725490196,blur_noise_jpeg,ridge,oracle_blur,0.01,0.0006204778011093302,32.07273751680451,0.019694612998137018
0803,1.2,0.00784313725490196,blur_noise_jpeg,ridge,oracle_blur,0.05,0.000904783612304515,30.43455274075277,0.017879937000543578
0803,1.2,0.00784313725490196,blur_noise_jpeg,ridge,oracle_blur,0.2,0.007382122274591211,21.31818765596546,0.019410335000429768
0803,1.2,0.00784313725490196,blur_noise_jpeg,gradient,oracle_blur,1e-05,0.026733826918455522,15.729388680072184,0.018438298000546638
0803,1.2,0.00784313725490196,blur_noise_jpeg,gradient,oracle_blur,0.0001,0.0051562913151132475,22.87662554279805,0.01949094300289289
0803,1.2,0.00784313725490196,blur_noise_jpeg,gradient,oracle_blur,0.0005,0.0017933676336318956,27.463306725730114,0.018980163000378525
0803,1.2,0.00784313725490196,blur_noise_jpeg,gradient,oracle_blur,0.002,0.0008168034541602643,30.878824343398893,0.018654644998605363
0803,1.2,0.00784313725490196,blur_noise_jpeg,gradient,oracle_blur,0.01,0.0004099694911919181,33.87248461085129,0.018043727999611292
0803,1.2,0.00784313725490196,blur_noise_jpeg,gradient,oracle_blur,0.05,0.00032043431943057496,34.94260975917631,0.01838841399876401
0803,1.2,0.00784313725490196,blur_noise_jpeg,gradient,oracle_blur,0.2,0.00041419934311016904,33.8279059420127,0.017667004001850728
0803,1.2,0.0196078431372549,blur_noise,ridge,nominal,1e-05,0.2394510604878033,6.2078323520111365,0.01780838199920254
0803,1.2,0.0196078431372549,blur_noise,ridge,nominal,0.0001,0.12439415608741734,9.052000218847683,0.01706398899841588
0803,1.2,0.0196078431372549,blur_noise,ridge,nominal,0.0005,0.04288095412882451,13.677355598760737,0.016100754000945017
0803,1.2,0.0196078431372549,blur_noise,ridge,nominal,0.002,0.013107452040230042,18.824817226816855,0.016612266001175158
0803,1.2,0.0196078431372549,blur_noise,ridge,nominal,0.01,0.0030378664762751814,25.17431318653372,0.016570384002989158
0803,1.2,0.0196078431372549,blur_noise,ridge,nominal,0.05,0.0013541154336290783,28.68344311979326,0.016103538997413125
0803,1.2,0.0196078431372549,blur_noise,ridge,nominal,0.2,0.007479982535850485,21.260994161185096,0.01599600099871168
0803,1.2,0.0196078431372549,blur_noise,gradient,nominal,1e-05,0.15955086971260413,7.971008241225839,0.01701723099904484
0803,1.2,0.0196078431372549,blur_noise,gradient,nominal,0.0001,0.04428694464263877,13.537242806683562,0.01600280099955853
0803,1.2,0.0196078431372549,blur_noise,gradient,nominal,0.0005,0.012175524568778176,19.145123186210864,0.016061035999882733
0803,1.2,0.0196078431372549,blur_noise,gradient,nominal,0.002,0.0038264611230687862,24.172026947538335,0.016216424002777785
0803,1.2,0.0196078431372549,blur_noise,gradient,nominal,0.01,0.0010803631085157099,29.664302542158005,0.016277804999845102
0803,1.2,0.0196078431372549,blur_noise,gradient,nominal,0.05,0.00046369670201900894,33.3376599295483,0.016036230001191143
0803,1.2,0.0196078431372549,blur_noise,gradient,nominal,0.2,0.0004496201200402991,33.47154262770477,0.016794813000160502
0803,1.2,0.0196078431372549,blur_noise,ridge,oracle_blur,1e-05,0.2477525270365195,6.0598190708519395,0.018027394002274377
0803,1.2,0.0196078431372549,blur_noise,ridge,oracle_blur,0.0001,0.10866295680183365,9.63918481657817,0.015624294999724953
0803,1.2,0.0196078431372549,blur_noise,ridge,oracle_blur,0.0005,0.03226174787273799,14.913121071602678,0.01607821099969442
0803,1.2,0.0196078431372549,blur_noise,ridge,oracle_blur,0.002,0.009406301401560305,20.265811094792312,0.017882660999021027
0803,1.2,0.0196078431372549,blur_noise,ridge,oracle_blur,0.01,0.002119247937137993,26.738182309098406,0.01619264999681036
0803,1.2,0.0196078431372549,blur_noise,ridge,oracle_blur,0.05,0.0011245721546304691,29.490126741967476,0.015765932999784127
0803,1.2,0.0196078431372549,blur_noise,ridge,oracle_blur,0.2,0.007407770462305985,21.30312483196848,0.015740424998512026
0803,1.2,0.0196078431372549,blur_noise,gradient,oracle_blur,1e-05,0.162260364591944,7.8978755251635935,0.016527592000784352
0803,1.2,0.0196078431372549,blur_noise,gradient,oracle_blur,0.0001,0.03872470474086894,14.120118848637906,0.016755145999923116
0803,1.2,0.0196078431372549,blur_noise,gradient,oracle_blur,0.0005,0.010459859695756737,19.804741408767082,0.016796837000583764
0803,1.2,0.0196078431372549,blur_noise,gradient,oracle_blur,0.002,0.003279990207849746,24.841274528380673,0.016202954997424968
0803,1.2,0.0196078431372549,blur_noise,gradient,oracle_blur,0.01,0.0009195415872476866,30.36428624551227,0.016537016002985183
0803,1.2,0.0196078431372549,blur_noise,gradient,oracle_blur,0.05,0.0004054248076474703,33.920896806682265,0.016271976001007715
0803,1.2,0.0196078431372549,blur_noise,gradient,oracle_blur,0.2,0.0004235630244441055,33.73081959284065,0.0163937649995205
0803,1.2,0.0196078431372549,blur_noise_jpeg,ridge,nominal,1e-05,0.05701404780237792,12.440181244785677,0.019688142001541564
0803,1.2,0.0196078431372549,blur_noise_jpeg,ridge,nominal,0.0001,0.020282618319236983,16.92875981873376,0.019066459997702623
0803,1.2,0.0196078431372549,blur_noise_jpeg,ridge,nominal,0.0005,0.007170521709622142,21.444492449783215,0.018082405000313884
0803,1.2,0.0196078431372549,blur_noise_jpeg,ridge,nominal,0.002,0.0029539053982348164,25.296034175150936,0.017293376000452554
0803,1.2,0.0196078431372549,blur_noise_jpeg,ridge,nominal,0.01,0.0012417793560433434,29.059555643571514,0.01826059700033511
0803,1.2,0.0196078431372549,blur_noise_jpeg,ridge,nominal,0.05,0.001175369894073416,29.298254374987987,0.017704189001960913
0803,1.2,0.0196078431372549,blur_noise_jpeg,ridge,nominal,0.2,0.0074968130427574145,21.251233195542106,0.01883753299989621
0803,1.2,0.0196078431372549,blur_noise_jpeg,gradient,nominal,1e-05,0.030112169521974933,15.212579533056054,0.017757026002072962
0803,1.2,0.0196078431372549,blur_noise_jpeg,gradient,nominal,0.0001,0.007889180279440485,21.029681195548445,0.018857293001929065
0803,1.2,0.0196078431372549,blur_noise_jpeg,gradient,nominal,0.0005,0.002968909225097105,25.274030808283744,0.019201307997718686
0803,1.2,0.0196078431372549,blur_noise_jpeg,gradient,nominal,0.002,0.0014700673039397165,28.32662781537192,0.018648725999810267
0803,1.2,0.0196078431372549,blur_noise_jpeg,gradient,nominal,0.01,0.0007405007595139966,31.304744916970357,0.01863073000276927
0803,1.2,0.0196078431372549,blur_noise_jpeg,gradient,nominal,0.05,0.0004723437984685535,33.25741782241864,0.01872563999859267
0803,1.2,0.0196078431372549,blur_noise_jpeg,gradient,nominal,0.2,0.0004833421828475028,33.15745300912299,0.018164724999223836
0803,1.2,0.0196078431372549,blur_noise_jpeg,ridge,oracle_blur,1e-05,0.09987157475386355,10.005581022061634,0.01872493900009431
0803,1.2,0.0196078431372549,blur_noise_jpeg,ridge,oracle_blur,0.0001,0.025049211151430505,16.012059463626112,0.017209772999194684
0803,1.2,0.0196078431372549,blur_noise_jpeg,ridge,oracle_blur,0.0005,0.00874961484509258,20.580110640442598,0.019005080001079477
0803,1.2,0.0196078431372549,blur_noise_jpeg,ridge,oracle_blur,0.002,0.0036129285485468035,24.42140627216558,0.017699351999908686
0803,1.2,0.0196078431372549,blur_noise_jpeg,ridge,oracle_blur,0.01,0.0013160706905244492,28.807207826976228,0.01836416800142615
0803,1.2,0.0196078431372549,blur_noise_jpeg,ridge,oracle_blur,0.05,0.001102664840325912,29.575564731593182,0.01761638999960269
0803,1.2,0.0196078431372549,blur_noise_jpeg,ridge,oracle_blur,0.2,0.007443262608442257,21.28236658237009,0.018334945998503827
0803,1.2,0.0196078431372549,blur_noise_jpeg,gradient,oracle_blur,1e-05,0.04405971440577052,13.559583222646863,0.0186828459991375
0803,1.2,0.0196078431372549,blur_noise_jpeg,gradient,oracle_blur,0.0001,0.010538518622775467,19.77220432687947,0.02159964900056366
0803,1.2,0.0196078431372549,blur_noise_jpeg,gradient,oracle_blur,0.0005,0.004097162065525842,23.87516856947146,0.01924591300121392
0803,1.2,0.0196078431372549,blur_noise_jpeg,gradient,oracle_blur,0.002,0.0018566523576924005,27.31269406583193,0.019227095999667654
0803,1.2,0.0196078431372549,blur_noise_jpeg,gradient,oracle_blur,0.01,0.0007853408935423233,31.049417877795868,0.018077237000397872
0803,1.2,0.0196078431372549,blur_noise_jpeg,gradient,oracle_blur,0.05,0.0004484989785054698,33.48238541761345,0.018633053001394728
0803,1.2,0.0196078431372549,blur_noise_jpeg,gradient,oracle_blur,0.2,0.000461684742535909,33.35654477499868,0.0176298799997312
0803,1.6,0.00784313725490196,blur_noise,ridge,nominal,1e-05,0.12788242405199124,8.931891401323957,0.01642587199967238
0803,1.6,0.00784313725490196,blur_noise,ridge,nominal,0.0001,0.033044227206328325,14.80904400366459,0.01857030099927215
0803,1.6,0.00784313725490196,blur_noise,ridge,nominal,0.0005,0.008928658933321725,20.49213766374057,0.01711643599992385
0803,1.6,0.00784313725490196,blur_noise,ridge,nominal,0.002,0.0027818435384409346,25.556673000458385,0.016428034999989904
0803,1.6,0.00784313725490196,blur_noise,ridge,nominal,0.01,0.0009750024311323178,30.109943014029668,0.016570744999626186
0803,1.6,0.00784313725490196,blur_noise,ridge,nominal,0.05,0.0012191373573411054,29.139473606862506,0.016629942001600284
0803,1.6,0.00784313725490196,blur_noise,ridge,nominal,0.2,0.007753547314516464,21.10499558570822,0.016790858000604203
0803,1.6,0.00784313725490196,blur_noise,gradient,nominal,1e-05,0.05029153189043975,12.985051354780527,0.016446061999886297
0803,1.6,0.00784313725490196,blur_noise,gradient,nominal,0.0001,0.009241232430027446,20.342701064997563,0.016317642999638338
0803,1.6,0.00784313725490196,blur_noise,gradient,nominal,0.0005,0.0026009422080561866,25.848692975546605,0.016883734002476558
0803,1.6,0.00784313725490196,blur_noise,gradient,nominal,0.002,0.0010732753254290544,29.6928885494326,0.01667970500056981
0803,1.6,0.00784313725490196,blur_noise,gradient,nominal,0.01,0.0006160961572518787,32.10351500003067,0.016787533000751864
0803,1.6,0.00784313725490196,blur_noise,gradient,nominal,0.05,0.0005577622239255963,32.53550902935188,0.01727857399964705
0803,1.6,0.00784313725490196,blur_noise,gradient,nominal,0.2,0.0006612924293759393,31.79606449168201,0.017560317002789816
0803,1.6,0.00784313725490196,blur_noise,ridge,oracle_blur,1e-05,0.10211830792069078,9.90896389978198,0.017221530997630907
0803,1.6,0.00784313725490196,blur_noise,ridge,oracle_blur,0.0001,0.01610854983877347,17.92943554885948,0.017545705999509664
0803,1.6,0.00784313725490196,blur_noise,ridge,oracle_blur,0.0005,0.0036598319327262184,24.365388578748544,0.018787379998684628
0803,1.6,0.00784313725490196,blur_noise,ridge,oracle_blur,0.002,0.001048932889611674,29.792522969386383,0.017108203999669058
0803,1.6,0.00784313725490196,blur_noise,ridge,oracle_blur,0.01,0.0004025211754962304,33.95211267695462,0.01625927699933527
0803,1.6,0.00784313725490196,blur_noise,ridge,oracle_blur,0.05,0.0009502545759693042,30.221600303663394,0.016301910000038333
0803,1.6,0.00784313725490196,blur_noise,ridge,oracle_blur,0.2,0.007625645676880427,21.17723377943884,0.017289859999436885
0803,1.6,0.00784313725490196,blur_noise,gradient,oracle_blur,1e-05,0.04227804534957617,13.738850997353865,0.01673093899808009
0803,1.6,0.00784313725490196,blur_noise,gradient,oracle_blur,0.0001,0.006278147112276912,22.021685119393332,0.01645598699906259
0803,1.6,0.00784313725490196,blur_noise,gradient,oracle_blur,0.0005,0.0016221211150183234,27.899167224920504,0.016999973999190843
0803,1.6,0.00784313725490196,blur_noise,gradient,oracle_blur,0.002,0.0005934601730619801,32.2660842110667,0.016539229000045452
0803,1.6,0.00784313725490196,blur_noise,gradient,oracle_blur,0.01,0.000329655810077567,34.81939265552341,0.017069507000996964
0803,1.6,0.00784313725490196,blur_noise,gradient,oracle_blur,0.05,0.0003752615126067431,34.256659752075834,0.0170455529987521
0803,1.6,0.00784313725490196,blur_noise,gradient,oracle_blur,0.2,0.0005537642264732138,32.56675103388379,0.016268411000055494
0803,1.6,0.00784313725490196,blur_noise_jpeg,ridge,nominal,1e-05,0.03301967404553448,14.812272181999493,0.018359060999500798
0803,1.6,0.00784313725490196,blur_noise_jpeg,ridge,nominal,0.0001,0.011346323794655505,19.451448269562594,0.016672153000399703
0803,1.6,0.00784313725490196,blur_noise_jpeg,ridge,nominal,0.0005,0.0038869757121036633,24.10388173063694,0.01621270900068339
0803,1.6,0.00784313725490196,blur_noise_jpeg,ridge,nominal,0.002,0.0016358507424870548,27.86256324546958,0.016594138000073144
0803,1.6,0.00784313725490196,blur_noise_jpeg,ridge,nominal,0.01,0.0008948977634204641,30.4822657733046,0.016069548997620586
0803,1.6,0.00784313725490196,blur_noise_jpeg,ridge,nominal,0.05,0.0012805962736315028,28.925877662504348,0.01623527199990349
0803,1.6,0.00784313725490196,blur_noise_jpeg,ridge,nominal,0.2,0.007792382803964613,21.08329720712876,0.01603032099956181
0803,1.6,0.00784313725490196,blur_noise_jpeg,gradient,nominal,1e-05,0.017056663396047462,17.681059210236057,0.016203815997869242
0803,1.6,0.00784313725490196,blur_noise_jpeg,gradient,nominal,0.0001,0.004362368931099595,23.602776083663603,0.0172796560000279
0803,1.6,0.00784313725490196,blur_noise_jpeg,gradient,nominal,0.0005,0.0016486180488821868,27.828799498598823,0.017444277997128665
0803,1.6,0.00784313725490196,blur_noise_jpeg,gradient,nominal,0.002,0.0009534850022676184,30.20686133749219,0.01693282700216514
0803,1.6,0.00784313725490196,blur_noise_jpeg,gradient,nominal,0.01,0.0006895004961266603,31.614654169935797,0.05006814700027462
0803,1.6,0.00784313725490196,blur_noise_jpeg,gradient,nominal,0.05,0.0006297656064780769,32.00821061267994,0.020469809998758137
0803,1.6,0.00784313725490196,blur_noise_jpeg,gradient,nominal,0.2,0.0007075219159950098,31.502601030145794,0.016780251997261075
0803,1.6,0.00784313725490196,blur_noise_jpeg,ridge,oracle_blur,1e-05,0.06395080213860076,11.941540037704213,0.018164195000281325
0803,1.6,0.00784313725490196,blur_noise_jpeg,ridge,oracle_blur,0.0001,0.01346531380473693,18.707835210435878,0.017151077001472004
0803,1.6,0.00784313725490196,blur_noise_jpeg,ridge,oracle_blur,0.0005,0.004144278350618856,23.82551082877193,0.016765601001679897
0803,1.6,0.00784313725490196,blur_noise_jpeg,ridge,oracle_blur,0.002,0.0015789926323532943,28.016198964234817,0.016460623002785724
0803,1.6,0.00784313725490196,blur_noise_jpeg,ridge,oracle_blur,0.01,0.0006654471016881718,31.768864621397455,0.016686834998836275
0803,1.6,0.00784313725490196,blur_noise_jpeg,ridge,oracle_blur,0.05,0.0010495083109670182,29.790141179269128,0.016720163999707438
0803,1.6,0.00784313725490196,blur_noise_jpeg,ridge,oracle_blur,0.2,0.007657622039718744,21.159060731039453,0.01650255499771447
0803,1.6,0.00784313725490196,blur_noise_jpeg,gradient,oracle_blur,1e-05,0.03099562361660919,15.086996214344383,0.0166970999998739
0803,1.6,0.00784313725490196,blur_noise_jpeg,gradient,oracle_blur,0.0001,0.006579342079314713,21.81817532770383,0.01732549400185235
0803,1.6,0.00784313725490196,blur_noise_jpeg,gradient,oracle_blur,0.0005,0.0023033053472420865,26.376484841669562,0.016909887999645434
0803,1.6,0.00784313725490196,blur_noise_jpeg,gradient,oracle_blur,0.002,0.0010369623461569243,29.842370132861436,0.017263212001125794
0803,1.6,0.00784313725490196,blur_noise_jpeg,gradient,oracle_blur,0.01,0.0005459501439433131,32.62847015168736,0.016970812001090962
0803,1.6,0.00784313725490196,blur_noise_jpeg,gradient,oracle_blur,0.05,0.00047110720785155494,33.268802510871545,0.016626306001853663
0803,1.6,0.00784313725490196,blur_noise_jpeg,gradient,oracle_blur,0.2,0.0005989899770005791,32.225804446720566,0.016718922997824848
0803,1.6,0.0196078431372549,blur_noise,ridge,nominal,1e-05,0.23985605767412685,6.200493087543694,0.018384777999017388
0803,1.6,0.0196078431372549,blur_noise,ridge,nominal,0.0001,0.1250774481069996,9.028209880331511,0.017092229998525
0803,1.6,0.0196078431372549,blur_noise,ridge,nominal,0.0005,0.04342011484696532,13.623090321635578,0.01607161200081464
0803,1.6,0.0196078431372549,blur_noise,ridge,nominal,0.002,0.013501847832796685,18.696067908627608,0.015805290997377597
0803,1.6,0.0196078431372549,blur_noise,ridge,nominal,0.01,0.0033854287820372707,24.70386317856381,0.016473502000735607
0803,1.6,0.0196078431372549,blur_noise,ridge,nominal,0.05,0.0017029373981462734,27.688013168872804,0.0158668710027996
0803,1.6,0.0196078431372549,blur_noise,ridge,nominal,0.2,0.007858360277718869,21.046680642187297,0.015642962000129046
0803,1.6,0.0196078431372549,blur_noise,gradient,nominal,1e-05,0.1601879129558307,7.953702568824034,0.016562652999709826
0803,1.6,0.0196078431372549,blur_noise,gradient,nominal,0.0001,0.044833440794495506,13.4839792942063,0.01675469399924623
0803,1.6,0.0196078431372549,blur_noise,gradient,nominal,0.0005,0.012564896253513697,19.008410929617774,0.015891816998191644
0803,1.6,0.0196078431372549,blur_noise,gradient,nominal,0.002,0.004172653644786449,23.795876628322013,0.01649692600039998
0803,1.6,0.0196078431372549,blur_noise,gradient,nominal,0.01,0.0014011841462960902,28.53504785153287,0.01623600300081307
0803,1.6,0.0196078431372549,blur_noise,gradient,nominal,0.05,0.0007604852172716309,31.189092235830486,0.018789352998282993
0803,1.6,0.0196078431372549,blur_noise,gradient,nominal,0.2,0.0007262211564090416,31.38931103291665,0.016866078000020934
0803,1.6,0.0196078431372549,blur_noise,ridge,oracle_blur,1e-05,0.22059465262640318,6.56405019379931,0.016477737997774966
0803,1.6,0.0196078431372549,blur_noise,ridge,oracle_blur,0.0001,0.0742980882551991,11.290223608141133,0.016346674998203525
0803,1.6,0.0196078431372549,blur_noise,ridge,oracle_blur,0.0005,0.01953422105446832,17.092039019969583,0.01636724600029993
0803,1.6,0.0196078431372549,blur_noise,ridge,oracle_blur,0.002,0.005560819552129298,22.548611974938623,0.01583653600027901
0803,1.6,0.0196078431372549,blur_noise,ridge,oracle_blur,0.01,0.0013681848122480873,28.638552348392995,0.015777941000123974
0803,1.6,0.0196078431372549,blur_noise,ridge,oracle_blur,0.05,0.0011401786730198212,29.4302708671062,0.016054666997661116
0803,1.6,0.0196078431372549,blur_noise,ridge,oracle_blur,0.2,0.007665972446541765,21.15432746043886,0.017581729000085033
0803,1.6,0.0196078431372549,blur_noise,gradient,oracle_blur,1e-05,0.14592223069851146,8.358785399487083,0.016575130001001526
0803,1.6,0.0196078431372549,blur_noise,gradient,oracle_blur,0.0001,0.03241187286395156,14.892958732880818,0.017101615001593018
0803,1.6,0.0196078431372549,blur_noise,gradient,oracle_blur,0.0005,0.00879505729329382,20.55761327089941,0.016957232997810934
0803,1.6,0.0196078431372549,blur_noise,gradient,oracle_blur,0.002,0.0028557244681304337,25.442836973661333,0.016732102001697058
0803,1.6,0.0196078431372549,blur_noise,gradient,oracle_blur,0.01,0.0009166230039635908,30.378092477140935,0.01677170000039041
0803,1.6,0.0196078431372549,blur_noise,gradient,oracle_blur,0.05,0.0005311671832845664,32.74768764511052,0.017482854000263615
0803,1.6,0.0196078431372549,blur_noise,gradient,oracle_blur,0.2,0.0006050949316385681,32.181764847648466,0.01643761900049867
0803,1.6,0.0196078431372549,blur_noise_jpeg,ridge,nominal,1e-05,0.05390577901762563,12.683646733860186,0.01607010899897432
0803,1.6,0.0196078431372549,blur_noise_jpeg,ridge,nominal,0.0001,0.019072492176600377,17.19592554577039,0.016470075999677647
0803,1.6,0.0196078431372549,blur_noise_jpeg,ridge,nominal,0.0005,0.006897310498949725,21.61320222764835,0.016880510000191862
0803,1.6,0.0196078431372549,blur_noise_jpeg,ridge,nominal,0.002,0.0030345678972150112,25.179031409034764,0.016556784001295455
0803,1.6,0.0196078431372549,blur_noise_jpeg,ridge,nominal,0.01,0.0014808443719428464,28.2949058088318,0.016511056997842388
0803,1.6,0.0196078431372549,blur_noise_jpeg,ridge,nominal,0.05,0.0014873042567863798,28.276001790726028,0.016654658000334166
0803,1.6,0.0196078431372549,blur_noise_jpeg,ridge,nominal,0.2,0.007860577750029404,21.045455322775865,0.018235760002426105
0803,1.6,0.0196078431372549,blur_noise_jpeg,gradient,nominal,1e-05,0.028257763180394257,15.488622188802129,0.01725729299869272
0803,1.6,0.0196078431372549,blur_noise_jpeg,gradient,nominal,0.0001,0.00756722933929295,21.21063103711817,0.01697656000033021
0803,1.6,0.0196078431372549,blur_noise_jpeg,gradient,nominal,0.0005,0.003049982552988832,25.15702644968738,0.016350792000594083
0803,1.6,0.0196078431372549,blur_noise_jpeg,gradient,nominal,0.002,0.0016814332058801452,27.743203801446708,0.01649377200010349
0803,1.6,0.0196078431372549,blur_noise_jpeg,gradient,nominal,0.01,0.001008160851557136,29.96470170895897,0.016231086003244855
0803,1.6,0.0196078431372549,blur_noise_jpeg,gradient,nominal,0.05,0.0007508031095542729,31.244739373566777,0.016816565999761224
0803,1.6,0.0196078431372549,blur_noise_jpeg,gradient,nominal,0.2,0.0007537244667883365,31.227873867864567,0.01603296499888529
0803,1.6,0.0196078431372549,blur_noise_jpeg,ridge,oracle_blur,1e-05,0.12773637109426705,8.936854260214792,0.016262943001493113
0803,1.6,0.0196078431372549,blur_noise_jpeg,ridge,oracle_blur,0.0001,0.036134858042373354,14.420736470905723,0.015842434997466626
0803,1.6,0.0196078431372549,blur_noise_jpeg,ridge,oracle_blur,0.0005,0.011491370514934025,19.396281722187467,0.016760222999437246
0803,1.6,0.0196078431372549,blur_noise_jpeg,ridge,oracle_blur,0.002,0.0040519418628332205,23.923367945140917,0.016377821000787662
0803,1.6,0.0196078431372549,blur_noise_jpeg,ridge,oracle_blur,0.01,0.0013080654307210677,28.83370531630718,0.01578470999811543
0803,1.6,0.0196078431372549,blur_noise_jpeg,ridge,oracle_blur,0.05,0.0012011964625406664,29.20385955445193,0.016606356999545824
0803,1.6,0.0196078431372549,blur_noise_jpeg,ridge,oracle_blur,0.2,0.007699056250568177,21.135625073327297,0.01594999300141353
0803,1.6,0.0196078431372549,blur_noise_jpeg,gradient,oracle_blur,1e-05,0.07425927528221095,11.292492934948928,0.01640096499977517
0803,1.6,0.0196078431372549,blur_noise_jpeg,gradient,oracle_blur,0.0001,0.018192787741783314,17.40100747439603,0.01629184600096778
0803,1.6,0.0196078431372549,blur_noise_jpeg,gradient,oracle_blur,0.0005,0.006117934976830543,22.13395143133255,0.01703421600177535
0803,1.6,0.0196078431372549,blur_noise_jpeg,gradient,oracle_blur,0.002,0.0024306363285893848,26.142800153655422,0.01803096900039236
0803,1.6,0.0196078431372549,blur_noise_jpeg,gradient,oracle_blur,0.01,0.0009772959696088231,30.099738922664976,0.016986405000352534
0803,1.6,0.0196078431372549,blur_noise_jpeg,gradient,oracle_blur,0.05,0.0006034160834224417,32.19383118343119,0.017137155999080278
0803,1.6,0.0196078431372549,blur_noise_jpeg,gradient,oracle_blur,0.2,0.0006437795815708948,31.912628017288654,0.016412772001785925
0803,2.0,0.00784313725490196,blur_noise,ridge,nominal,1e-05,0.12851492096898598,8.91046446509329,0.018680723002034938
0803,2.0,0.00784313725490196,blur_noise,ridge,nominal,0.0001,0.03354877572044084,14.743233237083492,0.01888842799962731
0803,2.0,0.00784313725490196,blur_noise,ridge,nominal,0.0005,0.009340218658771042,20.296429566193584,0.03504211000108626
0803,2.0,0.00784313725490196,blur_noise,ridge,nominal,0.002,0.0031743336960462633,24.98347420765194,0.020351536997623043
0803,2.0,0.00784313725490196,blur_noise,ridge,nominal,0.01,0.0013641761357506676,28.651295520797948,0.020470883002417395
0803,2.0,0.00784313725490196,blur_noise,ridge,nominal,0.05,0.0016140210959696508,27.920907931558723,0.020396572999743512
0803,2.0,0.00784313725490196,blur_noise,ridge,nominal,0.2,0.008164951513461664,20.880463899228513,0.0213549010004499
0803,2.0,0.00784313725490196,blur_noise,gradient,nominal,1e-05,0.05085379327217035,12.936766467583592,0.02028947600047104
0803,2.0,0.00784313725490196,blur_noise,gradient,nominal,0.0001,0.009653763421012923,20.153033483811726,0.020774226999492384
0803,2.0,0.00784313725490196,blur_noise,gradient,nominal,0.0005,0.002992406695877827,25.239793821403076,0.022223545998713234
0803,2.0,0.00784313725490196,blur_noise,gradient,nominal,0.002,0.0014596283941867392,28.357576968840704,0.022094816999015165
0803,2.0,0.00784313725490196,blur_noise,gradient,nominal,0.01,0.0009944725386448118,30.02407204977644,0.020887353999569314
0803,2.0,0.00784313725490196,blur_noise,gradient,nominal,0.05,0.0009169292582195491,30.376641691827615,0.021158191997528775
0803,2.0,0.00784313725490196,blur_noise,gradient,nominal,0.2,0.0009922504275652634,30.03378705281273,0.02048176799871726
0803,2.0,0.00784313725490196,blur_noise,ridge,oracle_blur,1e-05,0.07494516183984647,11.252563982270143,0.02093486399826361
0803,2.0,0.00784313725490196,blur_noise,ridge,oracle_blur,0.0001,0.010728473838428558,19.694620534944175,0.019736283997190185
0803,2.0,0.00784313725490196,blur_noise,ridge,oracle_blur,0.0005,0.0025079097001271555,26.006881047801187,0.021145091999642318
0803,2.0,0.00784313725490196,blur_noise,ridge,oracle_blur,0.002,0.0008422486718630742,30.7455966518269,0.020053899999766145
0803,2.0,0.00784313725490196,blur_noise,ridge,oracle_blur,0.01,0.0004986452927506573,33.02208276377157,0.02028370699918014
0803,2.0,0.00784313725490196,blur_noise,ridge,oracle_blur,0.05,0.0011638892193647317,29.340883544869744,0.020290306998504093
0803,2.0,0.00784313725490196,blur_noise,ridge,oracle_blur,0.2,0.007948561622107322,20.997114545007026,0.021689580997190205
0803,2.0,0.00784313725490196,blur_noise,gradient,oracle_blur,1e-05,0.03765941633033637,14.241264152401849,0.021086946999275824
0803,2.0,0.00784313725490196,blur_noise,gradient,oracle_blur,0.0001,0.0056999842193034165,22.441263466922337,0.020469260001846123
0803,2.0,0.00784313725490196,blur_noise,gradient,oracle_blur,0.0005,0.0015707433281307518,28.038947763117857,0.021550377998210024
0803,2.0,0.00784313725490196,blur_noise,gradient,oracle_blur,0.002,0.0006674717021632045,31.755671417309955,0.020720258999062935
0803,2.0,0.00784313725490196,blur_noise,gradient,oracle_blur,0.01,0.00046248476896207456,33.34902565334993,0.02030810300129815
0803,2.0,0.00784313725490196,blur_noise,gradient,oracle_blur,0.05,0.0005454431940180669,32.63250472956707,0.020650867001677398
0803,2.0,0.00784313725490196,blur_noise,gradient,oracle_blur,0.2,0.000755444586650389,31.21797386513006,0.019747450001887046
0803,2.0,0.00784313725490196,blur_noise_jpeg,ridge,nominal,1e-05,0.030604334553495594,15.142170591606043,0.018093571001372766
0803,2.0,0.00784313725490196,blur_noise_jpeg,ridge,nominal,0.0001,0.010572058430457713,19.758404452418752,0.019298470000649104
0803,2.0,0.00784313725490196,blur_noise_jpeg,ridge,nominal,0.0005,0.003839493163942462,24.157261013175475,0.018446469999616966
0803,2.0,0.00784313725490196,blur_noise_jpeg,ridge,nominal,0.002,0.0018593477135132868,27.306393859466848,0.01994200499757426
0803,2.0,0.00784313725490196,blur_noise_jpeg,ridge,nominal,0.01,0.0012244824282463703,29.12047442773154,0.018754661999992095
0803,2.0,0.00784313725490196,blur_noise_jpeg,ridge,nominal,0.05,0.0016551881380421254,27.811526347162395,0.01941248799994355
0803,2.0,0.00784313725490196,blur_noise_jpeg,ridge,nominal,0.2,0.00819869186721582,20.862554354418698,0.019237771000916837
0803,2.0,0.00784313725490196,blur_noise_jpeg,gradient,nominal,1e-05,0.015786188590453467,18.0172271317996,0.019090273999609053
0803,2.0,0.00784313725490196,blur_noise_jpeg,gradient,nominal,0.0001,0.004267056713936085,23.69871584844976,0.020708611998998094
0803,2.0,0.00784313725490196,blur_noise_jpeg,gradient,nominal,0.0005,0.0018710082133656179,27.279243060266943,0.01944588699916494
0803,2.0,0.00784313725490196,blur_noise_jpeg,gradient,nominal,0.002,0.001265260533042346,28.978200385889217,0.019445196001470322
0803,2.0,0.00784313725490196,blur_noise_jpeg,gradient,nominal,0.01,0.0010363418371468055,29.8449696901216,0.01951198399910936
0803,2.0,0.00784313725490196,blur_noise_jpeg,gradient,nominal,0.05,0.0009773433204245893,30.099528508415045,0.019403745001909556
0803,2.0,0.00784313725490196,blur_noise_jpeg,gradient,nominal,0.2,0.0010344558474556986,29.852880411176894,0.020388581997394795
0803,2.0,0.00784313725490196,blur_noise_jpeg,ridge,oracle_blur,1e-05,0.06568626727585651,11.825254168894029,0.019333010997797828
0803,2.0,0.00784313725490196,blur_noise_jpeg,ridge,oracle_blur,0.0001,0.0133363326516861,18.749635803223807,0.019653101997391786
0803,2.0,0.00784313725490196,blur_noise_jpeg,ridge,oracle_blur,0.0005,0.004089544953650597,23.883250135361862,0.0193372880021343
0803,2.0,0.00784313725490196,blur_noise_jpeg,ridge,oracle_blur,0.002,0.001591015464216897,27.98325599114307,0.01942340399909881
0803,2.0,0.00784313725490196,blur_noise_jpeg,ridge,oracle_blur,0.01,0.000764179631789969,31.168045420455535,0.01995943099973374
0803,2.0,0.00784313725490196,blur_noise_jpeg,ridge,oracle_blur,0.05,0.0012451470957710105,29.047793400476806,0.019337166999321198
0803,2.0,0.00784313725490196,blur_noise_jpeg,ridge,oracle_blur,0.2,0.0079728065422807,20.98388773801951,0.019207607001590077
0803,2.0,0.00784313725490196,blur_noise_jpeg,gradient,oracle_blur,1e-05,0.03845253693556659,14.150750020063363,0.019390205001400318
0803,2.0,0.00784313725490196,blur_noise_jpeg,gradient,oracle_blur,0.0001,0.008238140056766678,20.84170828868571,0.019419108000874985
0803,2.0,0.00784313725490196,blur_noise_jpeg,gradient,oracle_blur,0.0005,0.0028557062144509426,25.442864733684058,0.01944354299848783
0803,2.0,0.00784313725490196,blur_noise_jpeg,gradient,oracle_blur,0.002,0.0012958933852075208,28.87430726953606,0.019596919002651703
0803,2.0,0.00784313725490196,blur_noise_jpeg,gradient,oracle_blur,0.01,0.0007129014260853104,31.469705165251057,0.020339188999059843
0803,2.0,0.00784313725490196,blur_noise_jpeg,gradient,oracle_blur,0.05,0.0006401913963329755,31.936901667276892,0.020595796002453426
0803,2.0,0.00784313725490196,blur_noise_jpeg,gradient,oracle_blur,0.2,0.0007972347134166828,30.984137993881454,0.02080047599883983
0803,2.0,0.0196078431372549,blur_noise,ridge,nominal,1e-05,0.24022423502157056,6.19383180924766,0.0208557469995867
0803,2.0,0.0196078431372549,blur_noise,ridge,nominal,0.0001,0.12571462403755435,9.006141990889557,0.020518732999335043
0803,2.0,0.0196078431372549,blur_noise,ridge,nominal,0.0005,0.04396371614265702,13.569056048736945,0.02117893200193066
0803,2.0,0.0196078431372549,blur_noise,ridge,nominal,0.002,0.013928584224007853,18.56093025352703,0.020580492997396505
0803,2.0,0.0196078431372549,blur_noise,ridge,nominal,0.01,0.003778980999062487,24.226252917355545,0.02076132900037919
0803,2.0,0.0196078431372549,blur_noise,ridge,nominal,0.05,0.00209792160507595,26.78210744511879,0.020467866997933015
0803,2.0,0.0196078431372549,blur_noise,ridge,nominal,0.2,0.008269647145169265,20.825130208193023,0.021911728003033204
0803,2.0,0.0196078431372549,blur_noise,gradient,nominal,1e-05,0.16077051433370268,7.937935988485835,0.020962945000064792
0803,2.0,0.0196078431372549,blur_noise,gradient,nominal,0.0001,0.04538155279075965,13.431206482280524,0.022021538999979384
0803,2.0,0.0196078431372549,blur_noise,gradient,nominal,0.0005,0.012987915356945929,18.864605503610267,0.020907513000565814
0803,2.0,0.0196078431372549,blur_noise,gradient,nominal,0.002,0.004565795543776944,23.40483540107618,0.02435085999968578
0803,2.0,0.0196078431372549,blur_noise,gradient,nominal,0.01,0.0017801160997288912,27.495516719454205,0.021730401000240818
0803,2.0,0.0196078431372549,blur_noise,gradient,nominal,0.05,0.001119518349092956,29.509687838674317,0.021219831996859284
0803,2.0,0.0196078431372549,blur_noise,gradient,nominal,0.2,0.0010569905957247122,29.759288766878743,0.020952358998329146
0803,2.0,0.0196078431372549,blur_noise,ridge,oracle_blur,1e-05,0.19420261019324456,7.117449372245911,0.02186319699831074
0803,2.0,0.0196078431372549,blur_noise,ridge,oracle_blur,0.0001,0.0524171420927165,12.80526661512239,0.020848185999057023
0803,2.0,0.0196078431372549,blur_noise,ridge,oracle_blur,0.0005,0.013186165516825395,18.798814771595254,0.021187103000556817
0803,2.0,0.0196078431372549,blur_noise,ridge,oracle_blur,0.002,0.0038160652719033653,24.18384205512748,0.020030534997204086
0803,2.0,0.0196078431372549,blur_noise,ridge,oracle_blur,0.01,0.0011257083728376455,29.485741036865146,0.021393726998212514
0803,2.0,0.0196078431372549,blur_noise,ridge,oracle_blur,0.05,0.0012862699020321116,28.90667892481517,0.020528686996840406
0803,2.0,0.0196078431372549,blur_noise,ridge,oracle_blur,0.2,0.00797374915842287,20.983374306784256,0.02072519500143244
0803,2.0,0.0196078431372549,blur_noise,gradient,oracle_blur,1e-05,0.13636137754788508,8.65308620097714,0.021158941999601666
0803,2.0,0.0196078431372549,blur_noise,gradient,oracle_blur,0.0001,0.02938845758874024,15.31823206655423,0.022269894001510693
0803,2.0,0.0196078431372549,blur_noise,gradient,oracle_blur,0.0005,0.008079110865442647,20.926364322303055,0.021183718999964185
0803,2.0,0.0196078431372549,blur_noise,gradient,oracle_blur,0.002,0.0027199432705069665,25.65440153893269,0.021377553999627708
0803,2.0,0.0196078431372549,blur_noise,gradient,oracle_blur,0.01,0.0009945447371555304,30.023756764281416,0.020551600002363557
0803,2.0,0.0196078431372549,blur_noise,gradient,oracle_blur,0.05,0.0006861757052533567,31.63564662644156,0.021464871999341995
0803,2.0,0.0196078431372549,blur_noise,gradient,oracle_blur,0.2,0.0008015925067767233,30.960463512082804,0.1417851670012169
0803,2.0,0.0196078431372549,blur_noise_jpeg,ridge,nominal,1e-05,0.05209900250396982,12.831705916941171,0.03757087399935699
0803,2.0,0.0196078431372549,blur_noise_jpeg,ridge,nominal,0.0001,0.018410304742995213,17.349390226254886,0.03762785800063284
0803,2.0,0.0196078431372549,blur_noise_jpeg,ridge,nominal,0.0005,0.006878407043783892,21.625121274906604,0.024291412999446038
0803,2.0,0.0196078431372549,blur_noise_jpeg,ridge,nominal,0.002,0.003261633486588511,24.86564842711789,0.02125604499815381
0803,2.0,0.0196078431372549,blur_noise_jpeg,ridge,nominal,0.01,0.001808696634266611,27.426342695759836,0.019639461999759078
0803,2.0,0.0196078431372549,blur_noise_jpeg,ridge,nominal,0.05,0.001860887863730792,27.30279796471723,0.01982664599927375
0803,2.0,0.0196078431372549,blur_noise_jpeg,ridge,nominal,0.2,0.008262917894990217,20.828665626168878,0.020381991998874582
0803,2.0,0.0196078431372549,blur_noise_jpeg,gradient,nominal,1e-05,0.027215941246261827,15.651766412848506,0.020492845000262605
0803,2.0,0.0196078431372549,blur_noise_jpeg,gradient,nominal,0.0001,0.00750693156799252,21.24537543075761,0.02265691200227593
0803,2.0,0.0196078431372549,blur_noise_jpeg,gradient,nominal,0.0005,0.0032764788750684424,24.84592627790486,0.019479305999993812
0803,2.0,0.0196078431372549,blur_noise_jpeg,gradient,nominal,0.002,0.001991878823192917,27.007370856007707,0.02191563400265295
0803,2.0,0.0196078431372549,blur_noise_jpeg,gradient,nominal,0.01,0.001355251489739546,28.679801066555154,0.022466553000413114
0803,2.0,0.0196078431372549,blur_noise_jpeg,gradient,nominal,0.05,0.0010994713825810208,29.58816070122102,0.0217614479988697
0803,2.0,0.0196078431372549,blur_noise_jpeg,gradient,nominal,0.2,0.0010813718535026462,29.660249386512476,0.019317588998092106
0803,2.0,0.0196078431372549,blur_noise_jpeg,ridge,oracle_blur,1e-05,0.14946154583831922,8.254705302721412,0.023195452999061672
0803,2.0,0.0196078431372549,blur_noise_jpeg,ridge,oracle_blur,0.0001,0.03819384200036846,14.180066528171853,0.019446166999841807
0803,2.0,0.0196078431372549,blur_noise_jpeg,ridge,oracle_blur,0.0005,0.011045379747067615,19.568193482198083,0.021374279000156093
0803,2.0,0.0196078431372549,blur_noise_jpeg,ridge,oracle_blur,0.002,0.0037613040266266384,24.24661561087074,0.018233847000374226
0803,2.0,0.0196078431372549,blur_noise_jpeg,ridge,oracle_blur,0.01,0.0012955125417242878,28.87558378297387,0.018493218001822243
0803,2.0,0.0196078431372549,blur_noise_jpeg,ridge,oracle_blur,0.05,0.001358844111371628,28.668303633222205,0.017820078999648103
0803,2.0,0.0196078431372549,blur_noise_jpeg,ridge,oracle_blur,0.2,0.007998424439315078,20.969955535956526,0.018830813001841307
0803,2.0,0.0196078431372549,blur_noise_jpeg,gradient,oracle_blur,1e-05,0.10033774470271528,9.985356648607235,0.017570894000527915
0803,2.0,0.0196078431372549,blur_noise_jpeg,gradient,oracle_blur,0.0001,0.022948233773491405,16.392507346123175,0.01876066099794116
0803,2.0,0.0196078431372549,blur_noise_jpeg,gradient,oracle_blur,0.0005,0.007337819055839182,21.344330017677873,0.017500269997981377
0803,2.0,0.0196078431372549,blur_noise_jpeg,gradient,oracle_blur,0.002,0.0028804119243499896,25.405453998519967,0.018249049000587547
0803,2.0,0.0196078431372549,blur_noise_jpeg,gradient,oracle_blur,0.01,0.001185336227645402,29.261584419752893,0.023290983997867443
0803,2.0,0.0196078431372549,blur_noise_jpeg,gradient,oracle_blur,0.05,0.0007751522050574833,31.10613013201503,0.019711576998815872
0803,2.0,0.0196078431372549,blur_noise_jpeg,gradient,oracle_blur,0.2,0.0008394009173688129,30.76030560490271,0.01811192800232675
0804,1.2,0.00784313725490196,blur_noise,ridge,nominal,1e-05,0.1291061869628695,8.890529451894182,0.01592022000113502
0804,1.2,0.00784313725490196,blur_noise,ridge,nominal,0.0001,0.035453319777188026,14.503430921195603,0.037961477999488125
0804,1.2,0.00784313725490196,blur_noise,ridge,nominal,0.0005,0.009485657787348023,20.229325473783547,0.01826180799980648
0804,1.2,0.00784313725490196,blur_noise,ridge,nominal,0.002,0.002964724037216008,25.28015725467351,0.018725699999777135
0804,1.2,0.00784313725490196,blur_noise,ridge,nominal,0.01,0.0012043014473134457,29.192647917172167,0.018128602001524996
0804,1.2,0.00784313725490196,blur_noise,ridge,nominal,0.05,0.0016898890993606705,27.721417954549985,0.018488911002350505
0804,1.2,0.00784313725490196,blur_noise,ridge,nominal,0.2,0.009155968598753507,20.38295705448288,0.018207077999250032
0804,1.2,0.00784313725490196,blur_noise,gradient,nominal,1e-05,0.05360454800420291,12.707983616255845,0.01908335500047542
0804,1.2,0.00784313725490196,blur_noise,gradient,nominal,0.0001,0.00982387255965815,20.077172800583867,0.018834610000340035
0804,1.2,0.00784313725490196,blur_noise,gradient,nominal,0.0005,0.002771148201592733,25.57340247435803,0.01866968700051075
0804,1.2,0.00784313725490196,blur_noise,gradient,nominal,0.002,0.0012656739785395583,28.976781486278952,0.018930980000732234
0804,1.2,0.00784313725490196,blur_noise,gradient,nominal,0.01,0.000942455859154551,30.257389812542904,0.01956996899752994
0804,1.2,0.00784313725490196,blur_noise,gradient,nominal,0.05,0.0011119667964254384,29.53908180689666,0.01841938999859849
0804,1.2,0.00784313725490196,blur_noise,gradient,nominal,0.2,0.0014969581657724908,28.247903363490167,0.01922401699994225
0804,1.2,0.00784313725490196,blur_noise,ridge,oracle_blur,1e-05,0.13996433344950518,8.539826197467683,0.01967827800035593
0804,1.2,0.00784313725490196,blur_noise,ridge,oracle_blur,0.0001,0.02869374504932475,15.422127648208953,0.020363404000818264
0804,1.2,0.00784313725490196,blur_noise,ridge,oracle_blur,0.0005,0.0067447401538561465,21.710347771885488,0.019451744999969378
0804,1.2,0.00784313725490196,blur_noise,ridge,oracle_blur,0.002,0.0020271607735789492,26.931118061618132,0.01841232899823808
0804,1.2,0.00784313725490196,blur_noise,ridge,oracle_blur,0.01,0.0009041038047504819,30.437817031062806,0.019946633001381997
0804,1.2,0.00784313725490196,blur_noise,ridge,oracle_blur,0.05,0.0015814805535884116,28.009361439450142,0.021407568001450272
0804,1.2,0.00784313725490196,blur_noise,ridge,oracle_blur,0.2,0.009139940445446514,20.390566340580957,0.01894689399705385
0804,1.2,0.00784313725490196,blur_noise,gradient,oracle_blur,1e-05,0.05471306816138757,12.619089304757127,0.019689985001605237
0804,1.2,0.00784313725490196,blur_noise,gradient,oracle_blur,0.0001,0.008219843839182306,20.85136433120002,0.02091657699929783
0804,1.2,0.00784313725490196,blur_noise,gradient,oracle_blur,0.0005,0.002214341882631856,26.547553255179118,0.019608315000368748
0804,1.2,0.00784313725490196,blur_noise,gradient,oracle_blur,0.002,0.0010068074843350152,29.970535646837497,0.018405078000796493
0804,1.2,0.00784313725490196,blur_noise,gradient,oracle_blur,0.01,0.0008189411175102539,30.86747323220889,0.021501465002074838
0804,1.2,0.00784313725490196,blur_noise,gradient,oracle_blur,0.05,0.0010680839829339892,29.713945975969494,0.023024341997370357
0804,1.2,0.00784313725490196,blur_noise,gradient,oracle_blur,0.2,0.0014944935303681229,28.255059606725467,0.01920803699977114
0804,1.2,0.00784313725490196,blur_noise_jpeg,ridge,nominal,1e-05,0.04103190003703467,13.868783719803492,0.021181246000196552
0804,1.2,0.00784313725490196,blur_noise_jpeg,ridge,nominal,0.0001,0.014758423224220918,18.30960039640324,0.020731835000333376
0804,1.2,0.00784313725490196,blur_noise_jpeg,ridge,nominal,0.0005,0.005143539494343353,22.887379211138047,0.020773386997461785
0804,1.2,0.00784313725490196,blur_noise_jpeg,ridge,nominal,0.002,0.0022935691210616235,26.394881670457096,0.020883447999949567
0804,1.2,0.00784313725490196,blur_noise_jpeg,ridge,nominal,0.01,0.001365774144855547,28.64621113065006,0.020415710998349823
0804,1.2,0.00784313725490196,blur_noise_jpeg,ridge,nominal,0.05,0.0018575437481986494,27.310609491003458,0.020516098997177323
0804,1.2,0.00784313725490196,blur_noise_jpeg,ridge,nominal,0.2,0.009246935877084151,20.340021539776906,0.02094926499921712
0804,1.2,0.00784313725490196,blur_noise_jpeg,gradient,nominal,1e-05,0.022188498255917403,16.53872090342963,0.0208054139984597
0804,1.2,0.00784313725490196,blur_noise_jpeg,gradient,nominal,0.0001,0.005713943389849023,22.430640666480567,0.02098376600042684
0804,1.2,0.00784313725490196,blur_noise_jpeg,gradient,nominal,0.0005,0.0022989825610638687,26.384643230597582,0.022301290999166667
0804,1.2,0.00784313725490196,blur_noise_jpeg,gradient,nominal,0.002,0.0014293155234920837,28.448718894836198,0.020922013998642797
0804,1.2,0.00784313725490196,blur_noise_jpeg,gradient,nominal,0.01,0.0011526692155124807,29.38295305444759,0.020604167999408673
0804,1.2,0.00784313725490196,blur_noise_jpeg,gradient,nominal,0.05,0.0012394870460727817,29.06758007700926,0.021044143999461085
0804,1.2,0.00784313725490196,blur_noise_jpeg,gradient,nominal,0.2,0.0015653729351554424,28.053821792769998,0.02328478500203346
0804,1.2,0.00784313725490196,blur_noise_jpeg,ridge,oracle_blur,1e-05,0.07348132871868644,11.338229992092312,0.021820534002472414
0804,1.2,0.00784313725490196,blur_noise_jpeg,ridge,oracle_blur,0.0001,0.01619433894526057,17.90636775241644,0.021207583999057533
0804,1.2,0.00784313725490196,blur_noise_jpeg,ridge,oracle_blur,0.0005,0.005121028921988481,22.90642771397681,0.020768248999956995
0804,1.2,0.00784313725490196,blur_noise_jpeg,ridge,oracle_blur,0.002,0.002196792219230111,26.582110183226387,0.020560693999868818
0804,1.2,0.00784313725490196,blur_noise_jpeg,ridge,oracle_blur,0.01,0.00121175658066875,29.16584613082104,0.021923775999312056
0804,1.2,0.00784313725490196,blur_noise_jpeg,ridge,oracle_blur,0.05,0.0017457283681853923,27.58023330719524,0.02099279799949727
0804,1.2,0.00784313725490196,blur_noise_jpeg,ridge,oracle_blur,0.2,0.009216007057455749,20.35457201345677,0.021034289999079192
0804,1.2,0.00784313725490196,blur_noise_jpeg,gradient,oracle_blur,1e-05,0.030496859692079232,15.157448783127643,0.021849085002031643
0804,1.2,0.00784313725490196,blur_noise_jpeg,gradient,oracle_blur,0.0001,0.0062508000061256485,22.040643960940788,0.05617316300049424
0804,1.2,0.00784313725490196,blur_noise_jpeg,gradient,oracle_blur,0.0005,0.002428810067284301,26.14606445654114,0.033375553000951186
0804,1.2,0.00784313725490196,blur_noise_jpeg,gradient,oracle_blur,0.002,0.0013784774242686256,28.60600342068796,0.022202174997801194
0804,1.2,0.00784313725490196,blur_noise_jpeg,gradient,oracle_blur,0.01,0.001056536859503974,29.761153470736232,0.022143479000078514
0804,1.2,0.00784313725490196,blur_noise_jpeg,gradient,oracle_blur,0.05,0.001188288257600432,29.25078194456061,0.022072163999837358
0804,1.2,0.00784313725490196,blur_noise_jpeg,gradient,oracle_blur,0.2,0.0015553672462679507,28.081670508835725,0.023335338999459054
0804,1.2,0.0196078431372549,blur_noise,ridge,nominal,1e-05,0.22902229190231296,6.401222435160607,0.017606696997972904
0804,1.2,0.0196078431372549,blur_noise,ridge,nominal,0.0001,0.12675293016692757,8.97041992226432,0.015889964997768402
0804,1.2,0.0196078431372549,blur_noise,ridge,nominal,0.0005,0.04641029106054312,13.333857079095328,0.01615643599870964
0804,1.2,0.0196078431372549,blur_noise,ridge,nominal,0.002,0.014496525860108229,18.387360653901506,0.01579725800183951
0804,1.2,0.0196078431372549,blur_noise,ridge,nominal,0.01,0.0036988414003094263,24.319342900544708,0.01788538599794265
0804,1.2,0.0196078431372549,blur_noise,ridge,nominal,0.05,0.002176818012443046,26.621778775714375,0.01609673799976008
0804,1.2,0.0196078431372549,blur_noise,ridge,nominal,0.2,0.009263439284398654,20.332277406483136,0.016372052999940934
0804,1.2,0.0196078431372549,blur_noise,gradient,nominal,1e-05,0.1587071090530611,7.994036192226775,0.017040364000422414
0804,1.2,0.0196078431372549,blur_noise,gradient,nominal,0.0001,0.0479020176336216,13.196461937108161,0.019881456999428337
0804,1.2,0.0196078431372549,blur_noise,gradient,nominal,0.0005,0.013476875486195314,18.7041078409093,0.017919344998517772
0804,1.2,0.0196078431372549,blur_noise,gradient,nominal,0.002,0.004491630019739112,23.47596024227864,0.017289299998083152
0804,1.2,0.0196078431372549,blur_noise,gradient,nominal,0.01,0.0017368798941428496,27.60230212131168,0.01668132700069691
0804,1.2,0.0196078431372549,blur_noise,gradient,nominal,0.05,0.0013146934206518183,28.81175510476431,0.016908281002542935
0804,1.2,0.0196078431372549,blur_noise,gradient,nominal,0.2,0.0015605661361511793,28.06717821387064,0.016424068999185693
0804,1.2,0.0196078431372549,blur_noise,ridge,oracle_blur,1e-05,0.23576558632130076,6.275195866942177,0.017695006001304137
0804,1.2,0.0196078431372549,blur_noise,ridge,oracle_blur,0.0001,0.11152210076808904,9.526390582615278,0.016898886999115348
0804,1.2,0.0196078431372549,blur_noise,ridge,oracle_blur,0.0005,0.034882368938557035,14.573940288424554,0.016899878999538487
0804,1.2,0.0196078431372549,blur_noise,ridge,oracle_blur,0.002,0.010286393217527723,19.87736877940421,0.016188132998649962
0804,1.2,0.0196078431372549,blur_noise,ridge,oracle_blur,0.01,0.00264706663393949,25.77235126175799,0.016908590998355066
0804,1.2,0.0196078431372549,blur_noise,ridge,oracle_blur,0.05,0.001920010700072604,27.16696350999815,0.016537445000722073
0804,1.2,0.0196078431372549,blur_noise,ridge,oracle_blur,0.2,0.009214879834367118,20.355103237776852,0.016317132001859136
0804,1.2,0.0196078431372549,blur_noise,gradient,oracle_blur,1e-05,0.1608239663800504,7.936492311409196,0.016937513999437215
0804,1.2,0.0196078431372549,blur_noise,gradient,oracle_blur,0.0001,0.04171618719973765,13.796953923304704,0.01643614799831994
0804,1.2,0.0196078431372549,blur_noise,gradient,oracle_blur,0.0005,0.011410641545063216,19.42689937382992,0.016878296999493614
0804,1.2,0.0196078431372549,blur_noise,gradient,oracle_blur,0.002,0.0038015695081239803,24.200370644383824,0.017422525997972116
0804,1.2,0.0196078431372549,blur_noise,gradient,oracle_blur,0.01,0.0015194838236750458,28.183039190299482,0.0175470679969294
0804,1.2,0.0196078431372549,blur_noise,gradient,oracle_blur,0.05,0.001249470159005843,29.032741116334527,0.01710536999962642
0804,1.2,0.0196078431372549,blur_noise,gradient,oracle_blur,0.2,0.0015520787444325565,28.0908624866739,0.018196001001342665
0804,1.2,0.0196078431372549,blur_noise_jpeg,ridge,nominal,1e-05,0.06255624293797334,12.037293424338797,0.018645661999471486
0804,1.2,0.0196078431372549,blur_noise_jpeg,ridge,nominal,0.0001,0.0232563498209494,16.3345844855078,0.02079614000103902
0804,1.2,0.0196078431372549,blur_noise_jpeg,ridge,nominal,0.0005,0.008559587543784655,20.675471619319637,0.022237846998905297
0804,1.2,0.0196078431372549,blur_noise_jpeg,ridge,nominal,0.002,0.0038426631993977917,24.15367678781292,0.020855186998232966
0804,1.2,0.0196078431372549,blur_noise_jpeg,ridge,nominal,0.01,0.0019754866036842543,27.043259110423847,0.02074229999925592
0804,1.2,0.0196078431372549,blur_noise_jpeg,ridge,nominal,0.05,0.0020533577575712835,26.875353766873733,0.020467277001444018
0804,1.2,0.0196078431372549,blur_noise_jpeg,ridge,nominal,0.2,0.009294479588037132,20.31774922015918,0.020464012002776144
0804,1.2,0.0196078431372549,blur_noise_jpeg,gradient,nominal,1e-05,0.03416894167576761,14.663684725179522,0.02180851699813502
0804,1.2,0.0196078431372549,blur_noise_jpeg,gradient,nominal,0.0001,0.009358024325587987,20.288158302215365,0.021254743998724734
0804,1.2,0.0196078431372549,blur_noise_jpeg,gradient,nominal,0.0005,0.003852077258363193,24.143050111258155,0.021030684998549987
0804,1.2,0.0196078431372549,blur_noise_jpeg,gradient,nominal,0.002,0.002199069745478489,26.577609963799546,0.020834416001889622
0804,1.2,0.0196078431372549,blur_noise_jpeg,gradient,nominal,0.01,0.0014694221987973438,28.328534034855387,0.022133253998617874
0804,1.2,0.0196078431372549,blur_noise_jpeg,gradient,nominal,0.05,0.0013537236798051074,28.68469974190465,0.02223471300021629
0804,1.2,0.0196078431372549,blur_noise_jpeg,gradient,nominal,0.2,0.0016070282903214714,27.939764777964808,0.021663103998434963
0804,1.2,0.0196078431372549,blur_noise_jpeg,ridge,oracle_blur,1e-05,0.10498792745812868,9.788606374991447,0.021904451998125296
0804,1.2,0.0196078431372549,blur_noise_jpeg,ridge,oracle_blur,0.0001,0.02874665841980155,15.414126314677407,0.024634777000756003
0804,1.2,0.0196078431372549,blur_noise_jpeg,ridge,oracle_blur,0.0005,0.010359924941192741,19.84643391091162,0.022314368998195278
0804,1.2,0.0196078431372549,blur_noise_jpeg,ridge,oracle_blur,0.002,0.004436463182397332,23.52963118280738,0.022544466999534052
0804,1.2,0.0196078431372549,blur_noise_jpeg,ridge,oracle_blur,0.01,0.0019273457694644017,27.1504036510605,0.0216972939997504
0804,1.2,0.0196078431372549,blur_noise_jpeg,ridge,oracle_blur,0.05,0.001932172572191562,27.139540871319802,0.02164953399915248
0804,1.2,0.0196078431372549,blur_noise_jpeg,ridge,oracle_blur,0.2,0.009254943600451445,20.336262234899376,0.021308441999281058
0804,1.2,0.0196078431372549,blur_noise_jpeg,gradient,oracle_blur,1e-05,0.04922988480020454,13.077711804915957,0.022655409997241804
0804,1.2,0.0196078431372549,blur_noise_jpeg,gradient,oracle_blur,0.0001,0.012417064367561353,19.05981067578599,0.02128092199927778
0804,1.2,0.0196078431372549,blur_noise_jpeg,gradient,oracle_blur,0.0005,0.004982950475697824,23.025134291520487,0.021065205000923015
0804,1.2,0.0196078431372549,blur_noise_jpeg,gradient,oracle_blur,0.002,0.0024710505518481776,26.07118369869412,0.02079958499962231
0804,1.2,0.0196078431372549,blur_noise_jpeg,gradient,oracle_blur,0.01,0.0014332511966051642,28.436776869655993,0.02004098199904547
0804,1.2,0.0196078431372549,blur_noise_jpeg,gradient,oracle_blur,0.05,0.0013109363357018157,28.824183988703727,0.023428476000844967
0804,1.2,0.0196078431372549,blur_noise_jpeg,gradient,oracle_blur,0.2,0.001598078691687297,27.964018392121844,0.02475894900271669
0804,1.6,0.00784313725490196,blur_noise,ridge,nominal,1e-05,0.13059376466354264,8.840775584121142,0.017264915000851033
0804,1.6,0.00784313725490196,blur_noise,ridge,nominal,0.0001,0.036760756801317344,14.346155562834033,0.016143517001182772
0804,1.6,0.00784313725490196,blur_noise,ridge,nominal,0.0005,0.010566629458438755,19.760635217785527,0.01856787799988524
0804,1.6,0.00784313725490196,blur_noise,ridge,nominal,0.002,0.003977037334427214,24.004403320566098,0.017741043997375527
0804,1.6,0.00784313725490196,blur_noise,ridge,nominal,0.01,0.0021414291007692357,26.692962998125477,0.017310811999777798
0804,1.6,0.00784313725490196,blur_noise,ridge,nominal,0.05,0.002534472310721642,25.961124491107263,0.01701238299938268
0804,1.6,0.00784313725490196,blur_noise,ridge,nominal,0.2,0.009921882528568135,20.034059191559763,0.017034094998962246
0804,1.6,0.00784313725490196,blur_noise,gradient,nominal,1e-05,0.05504153457786327,12.593094663167417,0.01770122500238358
0804,1.6,0.00784313725490196,blur_noise,gradient,nominal,0.0001,0.010910734571756711,19.62146009290564,0.01628242199876695
0804,1.6,0.00784313725490196,blur_noise,gradient,nominal,0.0005,0.0037844823968772915,24.219935104972517,0.016158909998921445
0804,1.6,0.00784313725490196,blur_noise,gradient,nominal,0.002,0.002217962157920754,26.540458679011962,0.0186121130027459
0804,1.6,0.00784313725490196,blur_noise,gradient,nominal,0.01,0.0017909086549393576,27.469265647190685,0.01689628299936885
0804,1.6,0.00784313725490196,blur_noise,gradient,nominal,0.05,0.0018222876060825209,27.393830785829234,0.016688056999555556
0804,1.6,0.00784313725490196,blur_noise,gradient,nominal,0.2,0.0020783932111404584,26.822722848473816,0.017116856997745344
0804,1.6,0.00784313725490196,blur_noise,ridge,oracle_blur,1e-05,0.10536618211769018,9.772987560717679,0.015819160998944426
0804,1.6,0.00784313725490196,blur_noise,ridge,oracle_blur,0.0001,0.01760838787866774,17.542804036833726,0.01638394999827142
0804,1.6,0.00784313725490196,blur_noise,ridge,oracle_blur,0.0005,0.004347458738346506,23.617645311868863,0.01672848599991994
0804,1.6,0.00784313725490196,blur_noise,ridge,oracle_blur,0.002,0.0017393315929317803,27.596176145168837,0.016344042000127956
0804,1.6,0.00784313725490196,blur_noise,ridge,oracle_blur,0.01,0.0012818300776956972,28.921695420638464,0.016328789002727717
0804,1.6,0.00784313725490196,blur_noise,ridge,oracle_blur,0.05,0.002154509595803008,26.666515673008323,0.016756588000134798
0804,1.6,0.00784313725490196,blur_noise,ridge,oracle_blur,0.2,0.009803339652543451,20.08625950267282,0.016878857000847347
0804,1.6,0.00784313725490196,blur_noise,gradient,oracle_blur,1e-05,0.045372883748473807,13.43203617554581,0.016876723999303067
0804,1.6,0.00784313725490196,blur_noise,gradient,oracle_blur,0.0001,0.007095390973822527,21.490236688329393,0.01698251999914646
0804,1.6,0.00784313725490196,blur_noise,gradient,oracle_blur,0.0005,0.0022790690067769717,26.422425248377305,0.020526643998891814
0804,1.6,0.00784313725490196,blur_noise,gradient,oracle_blur,0.002,0.0013500688788023012,28.69644073785981,0.01753513100265991
0804,1.6,0.00784313725490196,blur_noise,gradient,oracle_blur,0.01,0.0012749666824598109,28.945011641028998,0.04910988000119687
0804,1.6,0.00784313725490196,blur_noise,gradient,oracle_blur,0.05,0.0015465169217034008,28.10645323664549,0.02774775899888482
0804,1.6,0.00784313725490196,blur_noise,gradient,oracle_blur,0.2,0.0019519810205172246,27.095244093766585,0.01861624899902381
0804,1.6,0.00784313725490196,blur_noise_jpeg,ridge,nominal,1e-05,0.034329275494802365,14.643353620834162,0.019452097003522795
0804,1.6,0.00784313725490196,blur_noise_jpeg,ridge,nominal,0.0001,0.012487140618292383,19.03536997643916,0.016517115996975917
0804,1.6,0.00784313725490196,blur_noise_jpeg,ridge,nominal,0.0005,0.004908398227127361,23.090602094275145,0.017136716000095475
0804,1.6,0.00784313725490196,blur_noise_jpeg,ridge,nominal,0.002,0.0027472526039801375,25.61101406298048,0.017750948001776123
0804,1.6,0.00784313725490196,blur_noise_jpeg,ridge,nominal,0.01,0.0020759241761846656,26.827885132831057,0.01814380499854451
0804,1.6,0.00784313725490196,blur_noise_jpeg,ridge,nominal,0.05,0.002615904043693803,25.82378190798307,0.017483255000115605
0804,1.6,0.00784313725490196,blur_noise_jpeg,ridge,nominal,0.2,0.009978079034593768,20.009530604136728,0.016755034997913754
0804,1.6,0.00784313725490196,blur_noise_jpeg,gradient,nominal,1e-05,0.01854911076982831,17.31676905294937,0.01776414800042403
0804,1.6,0.00784313725490196,blur_noise_jpeg,gradient,nominal,0.0001,0.005376591121221578,22.694929894758523,0.017282330001762602
0804,1.6,0.00784313725490196,blur_noise_jpeg,gradient,nominal,0.0005,0.0027553472384731167,25.598236620572155,0.017264874000829877
0804,1.6,0.00784313725490196,blur_noise_jpeg,gradient,nominal,0.002,0.002106915258447365,26.763529316575877,0.016462986000988167
0804,1.6,0.00784313725490196,blur_noise_jpeg,gradient,nominal,0.01,0.0018837872231374413,27.249681530483944,0.01764715599711053
0804,1.6,0.00784313725490196,blur_noise_jpeg,gradient,nominal,0.05,0.0019081243999171528,27.19393314937786,0.019482081002934137
0804,1.6,0.00784313725490196,blur_noise_jpeg,gradient,nominal,0.2,0.002133855160137874,26.708350625533832,0.020365628002764424
0804,1.6,0.00784313725490196,blur_noise_jpeg,ridge,oracle_blur,1e-05,0.06618407572552353,11.792464917757165,0.01902788300139946
0804,1.6,0.00784313725490196,blur_noise_jpeg,ridge,oracle_blur,0.0001,0.01460892647370444,18.35381696706092,0.017869071001769044
0804,1.6,0.00784313725490196,blur_noise_jpeg,ridge,oracle_blur,0.0005,0.004785273133799704,23.20093268521065,0.01819987800263334
0804,1.6,0.00784313725490196,blur_noise_jpeg,ridge,oracle_blur,0.002,0.002217365129713762,26.541627864691343,0.017107743999076774
0804,1.6,0.00784313725490196,blur_noise_jpeg,ridge,oracle_blur,0.01,0.0015204695787313092,28.180222647150437,0.017392060999554815
0804,1.6,0.00784313725490196,blur_noise_jpeg,ridge,oracle_blur,0.05,0.0022548393669810374,26.468843914882754,0.017723397999361623
0804,1.6,0.00784313725490196,blur_noise_jpeg,ridge,oracle_blur,0.2,0.009844709875088864,20.067970780534978,0.017179858998133568
0804,1.6,0.00784313725490196,blur_noise_jpeg,gradient,oracle_blur,1e-05,0.03287290186649446,14.83161956734348,0.01770767500056536
0804,1.6,0.00784313725490196,blur_noise_jpeg,gradient,oracle_blur,0.0001,0.007349557669988518,21.33738797958502,0.017269321000640048
0804,1.6,0.00784313725490196,blur_noise_jpeg,gradient,oracle_blur,0.0005,0.002902244178431722,25.372660512765243,0.01792065700283274
0804,1.6,0.00784313725490196,blur_noise_jpeg,gradient,oracle_blur,0.002,0.0017402475459191863,27.593889700047587,0.01780431699808105
0804,1.6,0.00784313725490196,blur_noise_jpeg,gradient,oracle_blur,0.01,0.0014683330745659834,28.331754185081962,0.017543362999276724
0804,1.6,0.00784313725490196,blur_noise_jpeg,gradient,oracle_blur,0.05,0.0016387119364576375,27.85497382855418,0.01705203199890093
0804,1.6,0.00784313725490196,blur_noise_jpeg,gradient,oracle_blur,0.2,0.0019998908009092116,26.989937172646613,0.017707112998323282
0804,1.6,0.0196078431372549,blur_noise,ridge,nominal,1e-05,0.22986576024708497,6.385257144340332,0.01714994500071043
0804,1.6,0.0196078431372549,blur_noise,ridge,nominal,0.0001,0.12825129775067376,8.919382316500254,0.044551797000167426
0804,1.6,0.0196078431372549,blur_noise,ridge,nominal,0.0005,0.047771281019275726,13.20833112659638,0.016248762000032002
0804,1.6,0.0196078431372549,blur_noise,ridge,nominal,0.002,0.015572352661188999,18.076457695394083,0.01615978100016946
0804,1.6,0.0196078431372549,blur_noise,ridge,nominal,0.01,0.004638044952962809,23.336650463989624,0.016263784000329906
0804,1.6,0.0196078431372549,blur_noise,ridge,nominal,0.05,0.0030200507205055765,25.19985763184996,0.018077537999488413
0804,1.6,0.0196078431372549,blur_noise,ridge,nominal,0.2,0.010028637979407135,19.987580458623192,0.01671673000237206
0804,1.6,0.0196078431372549,blur_noise,gradient,nominal,1e-05,0.16005733700827335,7.957244130589112,0.017526657997223083
0804,1.6,0.0196078431372549,blur_noise,gradient,nominal,0.0001,0.049278524556861235,13.073423038145348,0.01634954999826732
0804,1.6,0.0196078431372549,blur_noise,gradient,nominal,0.0005,0.014548128810593702,18.371928623133392,0.016872827996849082
0804,1.6,0.0196078431372549,blur_noise,gradient,nominal,0.002,0.005449280595095536,22.63660828769749,0.01911908700276399
0804,1.6,0.0196078431372549,blur_noise,gradient,nominal,0.01,0.002583828873228664,25.877362530119097,0.016673034999257652
0804,1.6,0.0196078431372549,blur_noise,gradient,nominal,0.05,0.0020236514312961767,26.93864291487089,0.016410118998464895
0804,1.6,0.0196078431372549,blur_noise,gradient,nominal,0.2,0.0021412752523372568,26.693275023049814,0.016783818002295448
0804,1.6,0.0196078431372549,blur_noise,ridge,oracle_blur,1e-05,0.21267072939686252,6.722922794258408,0.017849933999968925
0804,1.6,0.0196078431372549,blur_noise,ridge,oracle_blur,0.0001,0.07800522430402505,11.078763099963115,0.016356480002286844
0804,1.6,0.0196078431372549,blur_noise,ridge,oracle_blur,0.0005,0.021563581134893095,16.662791127816018,0.01648416699754307
0804,1.6,0.0196078431372549,blur_noise,ridge,oracle_blur,0.002,0.006531756245166953,21.84970030817518,0.017359153000143124
0804,1.6,0.0196078431372549,blur_noise,ridge,oracle_blur,0.01,0.002269322649135124,26.441037523402148,0.016988938998110825
0804,1.6,0.0196078431372549,blur_noise,ridge,oracle_blur,0.05,0.0023437667469348587,26.30085611749363,0.017390568998962408
0804,1.6,0.0196078431372549,blur_noise,ridge,oracle_blur,0.2,0.009845590332492911,20.0675823884959,0.017359453002427472
0804,1.6,0.0196078431372549,blur_noise,gradient,oracle_blur,1e-05,0.1459836156894292,8.356958840440726,0.016201201997319004
0804,1.6,0.0196078431372549,blur_noise,gradient,oracle_blur,0.0001,0.035296787004064946,14.522648257711763,0.016296781999699306
0804,1.6,0.0196078431372549,blur_noise,gradient,oracle_blur,0.0005,0.00998761089499332,20.00538385568686,0.019254566002928186
0804,1.6,0.0196078431372549,blur_noise,gradient,oracle_blur,0.002,0.0037128727013199508,24.302899406370337,0.017365943000186235
0804,1.6,0.0196078431372549,blur_noise,gradient,oracle_blur,0.01,0.001870603474303066,27.28018263367453,0.018144034998840652
0804,1.6,0.0196078431372549,blur_noise,gradient,oracle_blur,0.05,0.001700490127653486,27.694258850591392,0.016467072997329524
0804,1.6,0.0196078431372549,blur_noise,gradient,oracle_blur,0.2,0.0020012275032478956,26.98703537156449,0.01807306099726702
0804,1.6,0.0196078431372549,blur_noise_jpeg,ridge,nominal,1e-05,0.057776647627473636,12.382476608152377,0.018049827001959784
0804,1.6,0.0196078431372549,blur_noise_jpeg,ridge,nominal,0.0001,0.021336891278429127,16.708688557162372,0.017979593001655303
0804,1.6,0.0196078431372549,blur_noise_jpeg,ridge,nominal,0.0005,0.008356726457657537,20.779638134453897,0.05447494899999583
0804,1.6,0.0196078431372549,blur_noise_jpeg,ridge,nominal,0.002,0.004283675595910279,23.681834258515366,0.017667044998233905
0804,1.6,0.0196078431372549,blur_noise_jpeg,ridge,nominal,0.01,0.0026822300033282156,25.715039837948773,0.019659990997752175
0804,1.6,0.0196078431372549,blur_noise_jpeg,ridge,nominal,0.05,0.0028154639493096537,25.504500292237445,0.01764017499954207
0804,1.6,0.0196078431372549,blur_noise_jpeg,ridge,nominal,0.2,0.010031564849500746,19.986313149861896,0.016907368997635785
0804,1.6,0.0196078431372549,blur_noise_jpeg,gradient,nominal,1e-05,0.031195593279015884,15.05906750525596,0.020304507997934707
0804,1.6,0.0196078431372549,blur_noise_jpeg,gradient,nominal,0.0001,0.00906028167158175,20.42858300500656,0.021049601997219725
0804,1.6,0.0196078431372549,blur_noise_jpeg,gradient,nominal,0.0005,0.004294239075874847,23.671137804766516,0.017968027001188602
0804,1.6,0.0196078431372549,blur_noise_jpeg,gradient,nominal,0.002,0.0028699659536679818,25.421232552596756,0.01947886599737103
0804,1.6,0.0196078431372549,blur_noise_jpeg,gradient,nominal,0.01,0.002202080223467621,26.571668633957547,0.018521999998483807
0804,1.6,0.0196078431372549,blur_noise_jpeg,gradient,nominal,0.05,0.0020222588308930847,26.94163259410375,0.01854409299994586
0804,1.6,0.0196078431372549,blur_noise_jpeg,gradient,nominal,0.2,0.002173459417737426,26.628484644297764,0.020372117000079015
0804,1.6,0.0196078431372549,blur_noise_jpeg,ridge,oracle_blur,1e-05,0.129753180364413,8.868819884098516,0.01830127700304729
0804,1.6,0.0196078431372549,blur_noise_jpeg,ridge,oracle_blur,0.0001,0.039553844875818076,14.028112940325254,0.01689193600032013
0804,1.6,0.0196078431372549,blur_noise_jpeg,ridge,oracle_blur,0.0005,0.012921137291876716,18.886992589532532,0.020165033001831034
0804,1.6,0.0196078431372549,blur_noise_jpeg,ridge,oracle_blur,0.002,0.004905228670995333,23.093407419564915,0.020981271998607554
0804,1.6,0.0196078431372549,blur_noise_jpeg,ridge,oracle_blur,0.01,0.0021935736554469444,26.588477783471976,0.018411859000480035
0804,1.6,0.0196078431372549,blur_noise_jpeg,ridge,oracle_blur,0.05,0.0024000334037786344,26.19782713715152,0.021210818998952163
0804,1.6,0.0196078431372549,blur_noise_jpeg,ridge,oracle_blur,0.2,0.009872917234366419,20.055545037039444,0.02666490900082863
0804,1.6,0.0196078431372549,blur_noise_jpeg,gradient,oracle_blur,1e-05,0.07866268694131374,11.04231223145497,0.01927526600047713
0804,1.6,0.0196078431372549,blur_noise_jpeg,gradient,oracle_blur,0.0001,0.020246459851753728,16.93650903375523,0.019813447001070017
0804,1.6,0.0196078431372549,blur_noise_jpeg,gradient,oracle_blur,0.0005,0.007084191735865913,21.497096930068533,0.019955334999394836
0804,1.6,0.0196078431372549,blur_noise_jpeg,gradient,oracle_blur,0.002,0.0032427544812864174,24.890859318262418,0.019245723000494763
0804,1.6,0.0196078431372549,blur_noise_jpeg,gradient,oracle_blur,0.01,0.0019165064379967304,27.17489717509677,0.01948212000206695
0804,1.6,0.0196078431372549,blur_noise_jpeg,gradient,oracle_blur,0.05,0.001767542522555833,27.526301293900644,0.02190956000049482
0804,1.6,0.0196078431372549,blur_noise_jpeg,gradient,oracle_blur,0.2,0.0020399546849798503,26.90379479771053,0.016345523999916622
0804,2.0,0.00784313725490196,blur_noise,ridge,nominal,1e-05,0.13165971294237946,8.805470961349965,0.016276413000014145
0804,2.0,0.00784313725490196,blur_noise,ridge,nominal,0.0001,0.037729987944710525,14.23313333562496,0.01669799199953559
0804,2.0,0.00784313725490196,blur_noise,ridge,nominal,0.0005,0.011397874001250119,19.431761482802663,0.016290152998408303
0804,2.0,0.00784313725490196,blur_noise,ridge,nominal,0.002,0.0047825323127222465,23.203420870216156,0.01778277499761316
0804,2.0,0.00784313725490196,blur_noise,ridge,nominal,0.01,0.0029301690822568544,25.331073184266224,0.01721735400133184
0804,2.0,0.00784313725490196,blur_noise,ridge,nominal,0.05,0.0032896026819493555,24.82856552948813,0.016460573002405
0804,2.0,0.00784313725490196,blur_noise,ridge,nominal,0.2,0.010631672256700303,19.733984198851545,0.016563854998821625
0804,2.0,0.00784313725490196,blur_noise,gradient,nominal,1e-05,0.056092000458365814,12.510990710880552,0.022889343999850098
0804,2.0,0.00784313725490196,blur_noise,gradient,nominal,0.0001,0.011744238143822541,19.301751509311188,0.017495733001851477
0804,2.0,0.00784313725490196,blur_noise,gradient,nominal,0.0005,0.0045906524622496905,23.38125584480838,0.017045131000486435
0804,2.0,0.00784313725490196,blur_noise,gradient,nominal,0.002,0.0030121540762889343,25.21122817076032,0.015862365002249135
0804,2.0,0.00784313725490196,blur_noise,gradient,nominal,0.01,0.0025526104485508786,25.930154574062144,0.016442496002127882
0804,2.0,0.00784313725490196,blur_noise,gradient,nominal,0.05,0.002511405397463576,26.000831767054507,0.01660845000151312
0804,2.0,0.00784313725490196,blur_noise,gradient,nominal,0.2,0.0026713838326252967,25.732637067315878,0.016379063999920618
0804,2.0,0.00784313725490196,blur_noise,ridge,oracle_blur,1e-05,0.0793380803762086,11.005183117028757,0.01624792100119521
0804,2.0,0.00784313725490196,blur_noise,ridge,oracle_blur,0.0001,0.012226760452127457,19.12688596449714,0.01731107200248516
0804,2.0,0.00784313725490196,blur_noise,ridge,oracle_blur,0.0005,0.0034703141087858384,24.59631214102925,0.017206368000188377
0804,2.0,0.00784313725490196,blur_noise,ridge,oracle_blur,0.002,0.0018649951322202002,27.293222973955963,0.016663139998854604
0804,2.0,0.00784313725490196,blur_noise,ridge,oracle_blur,0.01,0.0016997369660355134,27.696182804086284,0.0165351819996431
0804,2.0,0.00784313725490196,blur_noise,ridge,oracle_blur,0.05,0.0026544170110860198,25.760308480929524,0.017040975999407237
0804,2.0,0.00784313725490196,blur_noise,ridge,oracle_blur,0.2,0.010394207214794891,19.832086295042156,0.016796746000181884
0804,2.0,0.00784313725490196,blur_noise,gradient,oracle_blur,1e-05,0.041190700811411185,13.852008189700314,0.021406466003099922
0804,2.0,0.00784313725490196,blur_noise,gradient,oracle_blur,0.0001,0.006813817738676629,21.666094874610742,0.016365193001547595
0804,2.0,0.00784313725490196,blur_noise,gradient,oracle_blur,0.0005,0.002534071995727527,25.961810505011126,0.017202693001308944
0804,2.0,0.00784313725490196,blur_noise,gradient,oracle_blur,0.002,0.001725675393015701,27.630408936035682,0.016375246999814408
0804,2.0,0.00784313725490196,blur_noise,gradient,oracle_blur,0.01,0.0016780917888007927,27.751842876792878,0.01711782799975481
0804,2.0,0.00784313725490196,blur_noise,gradient,oracle_blur,0.05,0.001940609524435741,27.12061841449714,0.01638607399945613
0804,2.0,0.00784313725490196,blur_noise,gradient,oracle_blur,0.2,0.0023531556986747157,26.28349336386163,0.01764745599939488
0804,2.0,0.00784313725490196,blur_noise_jpeg,ridge,nominal,1e-05,0.030610172340224184,15.141342252475633,0.017155654000816867
0804,2.0,0.00784313725490196,blur_noise_jpeg,ridge,nominal,0.0001,0.011541447131725011,19.37739733474928,0.016362258000299335
0804,2.0,0.00784313725490196,blur_noise_jpeg,ridge,nominal,0.0005,0.005099121469697676,22.925046422802076,0.016157999001734424
0804,2.0,0.00784313725490196,blur_noise_jpeg,ridge,nominal,0.002,0.0032964846804592694,24.819489381843354,0.016921960999752628
0804,2.0,0.00784313725490196,blur_noise_jpeg,ridge,nominal,0.01,0.0027604234787860656,25.590242873579584,0.016418912000517594
0804,2.0,0.00784313725490196,blur_noise_jpeg,ridge,nominal,0.05,0.00333009814200878,24.77542967122875,0.017086322000977816
0804,2.0,0.00784313725490196,blur_noise_jpeg,ridge,nominal,0.2,0.010678500083843445,19.714897445974053,0.01669782099997974
0804,2.0,0.00784313725490196,blur_noise_jpeg,gradient,nominal,1e-05,0.0167321633651884,17.76447903818069,0.016725731999031268
0804,2.0,0.00784313725490196,blur_noise_jpeg,gradient,nominal,0.0001,0.005502825272886389,22.59414276799237,0.0196247099993343
0804,2.0,0.00784313725490196,blur_noise_jpeg,gradient,nominal,0.0005,0.003303561914030188,24.810175494066876,0.017474262000177987
0804,2.0,0.00784313725490196,blur_noise_jpeg,gradient,nominal,0.002,0.0027734091985664503,25.56986048356293,0.017411779997928534
0804,2.0,0.00784313725490196,blur_noise_jpeg,gradient,nominal,0.01,0.0025841612990869845,25.876803818854967,0.01714922400060459
0804,2.0,0.00784313725490196,blur_noise_jpeg,gradient,nominal,0.05,0.0025709831018973024,25.899007778016646,0.016280047999316594
0804,2.0,0.00784313725490196,blur_noise_jpeg,gradient,nominal,0.2,0.0027160980980701615,25.660545485737206,0.01743159900070168
0804,2.0,0.00784313725490196,blur_noise_jpeg,ridge,oracle_blur,1e-05,0.06503748637399481,11.868362520849438,0.016327107001416152
0804,2.0,0.00784313725490196,blur_noise_jpeg,ridge,oracle_blur,0.0001,0.013632769144299298,18.654159195182594,0.01694385299924761
0804,2.0,0.00784313725490196,blur_noise_jpeg,ridge,oracle_blur,0.0005,0.004602416955752686,23.370140389964057,0.01627467000071192
0804,2.0,0.00784313725490196,blur_noise_jpeg,ridge,oracle_blur,0.002,0.0024113261802293363,26.177440386096002,0.016493120998347877
0804,2.0,0.00784313725490196,blur_noise_jpeg,ridge,oracle_blur,0.01,0.0019034568858874706,27.204569556939624,0.01709747799759498
0804,2.0,0.00784313725490196,blur_noise_jpeg,ridge,oracle_blur,0.05,0.0027304839776209483,25.637603675449277,0.016929460998653667
0804,2.0,0.00784313725490196,blur_noise_jpeg,ridge,oracle_blur,0.2,0.010430822765042152,19.816814338337892,0.016911185000935802
0804,2.0,0.00784313725490196,blur_noise_jpeg,gradient,oracle_blur,1e-05,0.03859352498213309,14.134855528519058,0.017670670000370592
0804,2.0,0.00784313725490196,blur_noise_jpeg,gradient,oracle_blur,0.0001,0.008563832965256583,20.67331812065923,0.017509684003016446
0804,2.0,0.00784313725490196,blur_noise_jpeg,gradient,oracle_blur,0.0005,0.003476490828085784,24.588589120620522,0.016619106001598993
0804,2.0,0.00784313725490196,blur_noise_jpeg,gradient,oracle_blur,0.002,0.0021851130941859882,26.605260804739515,0.016800912999315187
0804,2.0,0.00784313725490196,blur_noise_jpeg,gradient,oracle_blur,0.01,0.0018688973943513472,27.28414541473088,0.016932526999880793
0804,2.0,0.00784313725490196,blur_noise_jpeg,gradient,oracle_blur,0.05,0.0020224067592383307,26.941314919069043,0.017638002002058784
0804,2.0,0.00784313725490196,blur_noise_jpeg,gradient,oracle_blur,0.2,0.002394554538431067,26.20775267007288,0.02506771299886168
0804,2.0,0.0196078431372549,blur_noise,ridge,nominal,1e-05,0.23047057591373732,6.37384512938069,0.016728246002458036
0804,2.0,0.0196078431372549,blur_noise,ridge,nominal,0.0001,0.12932757878675386,8.883088530179231,0.016146231999300653
0804,2.0,0.0196078431372549,blur_noise,ridge,nominal,0.0005,0.04878897423573014,13.11678312620366,0.016301720002957154
0804,2.0,0.0196078431372549,blur_noise,ridge,nominal,0.002,0.016422327556030663,17.845652897803454,0.015581080999254482
0804,2.0,0.0196078431372549,blur_noise,ridge,nominal,0.01,0.005428286875507806,22.653372086987716,0.016201802998693893
0804,2.0,0.0196078431372549,blur_noise,ridge,nominal,0.05,0.0037743201035588575,24.23161269694694,0.016439691997220507
0804,2.0,0.0196078431372549,blur_noise,ridge,nominal,0.2,0.010737913623425646,19.69080093855784,0.01630662699972163
0804,2.0,0.0196078431372549,blur_noise,gradient,nominal,1e-05,0.16102576743928576,7.9310462234529915,0.01748201300142682
0804,2.0,0.0196078431372549,blur_noise,gradient,nominal,0.0001,0.05030252746593331,12.984101931362929,0.016756949000409804
0804,2.0,0.0196078431372549,blur_noise,gradient,nominal,0.0005,0.015394291419266576,18.126402963538123,0.016366955002013128
0804,2.0,0.0196078431372549,blur_noise,gradient,nominal,0.002,0.00624720957318179,22.043139246687154,0.016508463999343803
0804,2.0,0.0196078431372549,blur_noise,gradient,nominal,0.01,0.0033446147883549084,24.756538943163275,0.01753399000153877
0804,2.0,0.0196078431372549,blur_noise,gradient,nominal,0.05,0.002711848504077172,25.667345757493138,0.016932446000282653
0804,2.0,0.0196078431372549,blur_noise,gradient,nominal,0.2,0.002733677997246643,25.632526427509337,0.017598364000150468
0804,2.0,0.0196078431372549,blur_noise,ridge,oracle_blur,1e-05,0.1896582515401659,7.220282575200962,0.01578862599853892
0804,2.0,0.0196078431372549,blur_noise,ridge,oracle_blur,0.0001,0.056802016758824396,12.456362443650423,0.016128956001921324
0804,2.0,0.0196078431372549,blur_noise,ridge,oracle_blur,0.0005,0.015091798289942254,18.21259008013213,0.016720435000024736
0804,2.0,0.0196078431372549,blur_noise,ridge,oracle_blur,0.002,0.0049971663737753864,23.01276191079776,0.016379734999645734
0804,2.0,0.0196078431372549,blur_noise,ridge,oracle_blur,0.01,0.002330544961923566,26.325425140457316,0.01662899999791989
0804,2.0,0.0196078431372549,blur_noise,ridge,oracle_blur,0.05,0.002774503644158427,25.568147004274486,0.016587129000981804
0804,2.0,0.0196078431372549,blur_noise,ridge,oracle_blur,0.2,0.0104215972075066,19.820657162333248,0.01611039799900027
0804,2.0,0.0196078431372549,blur_noise,gradient,oracle_blur,1e-05,0.13772458022278938,8.609885426591537,0.016226418996666325
0804,2.0,0.0196078431372549,blur_noise,gradient,oracle_blur,0.0001,0.03261754369883809,14.865487471034136,0.017489032998128096
0804,2.0,0.0196078431372549,blur_noise,gradient,oracle_blur,0.0005,0.009543352754219483,20.202990229004627,0.01683160800166661
0804,2.0,0.0196078431372549,blur_noise,gradient,oracle_blur,0.002,0.0038623357809161227,24.13149972540083,0.017306245001236675
0804,2.0,0.0196078431372549,blur_noise,gradient,oracle_blur,0.01,0.002211505296490687,26.553120161705138,0.01676026299901423
0804,2.0,0.0196078431372549,blur_noise,gradient,oracle_blur,0.05,0.002078206105544643,26.823113836017527,0.016835524002090096
0804,2.0,0.0196078431372549,blur_noise,gradient,oracle_blur,0.2,0.0023970967276169468,26.203144409672984,0.01772032299777493
0804,2.0,0.0196078431372549,blur_noise_jpeg,ridge,nominal,1e-05,0.05557575808748822,12.55114604544987,0.01564016799966339
0804,2.0,0.0196078431372549,blur_noise_jpeg,ridge,nominal,0.0001,0.020675186314802307,16.845505681054785,0.018664379997062497
0804,2.0,0.0196078431372549,blur_noise_jpeg,ridge,nominal,0.0005,0.008577792524653911,20.66624462467153,0.01792795700021088
0804,2.0,0.0196078431372549,blur_noise_jpeg,ridge,nominal,0.002,0.004831398118006835,23.159271742026487,0.016141834999871207
0804,2.0,0.0196078431372549,blur_noise_jpeg,ridge,nominal,0.01,0.0033693411100523137,24.72455019082912,0.016741384999477305
0804,2.0,0.0196078431372549,blur_noise_jpeg,ridge,nominal,0.05,0.003533400565800402,24.518071257534793,0.016216845000599278
0804,2.0,0.0196078431372549,blur_noise_jpeg,ridge,nominal,0.2,0.01073237327795743,19.693042307319367,0.016819689997646492
0804,2.0,0.0196078431372549,blur_noise_jpeg,gradient,nominal,1e-05,0.029951907037946313,15.235755208643178,0.01697764300115523
0804,2.0,0.0196078431372549,blur_noise_jpeg,gradient,nominal,0.0001,0.00922211984034464,20.35169238475078,0.01673820100040757
0804,2.0,0.0196078431372549,blur_noise_jpeg,gradient,nominal,0.0005,0.004839708555327307,23.151807905506555,0.016079033997812076
0804,2.0,0.0196078431372549,blur_noise_jpeg,gradient,nominal,0.002,0.003537716048522911,24.512770282687267,0.01673170099820709
0804,2.0,0.0196078431372549,blur_noise_jpeg,gradient,nominal,0.01,0.002907483855560939,25.364826881077732,0.016893709998839768
0804,2.0,0.0196078431372549,blur_noise_jpeg,gradient,nominal,0.05,0.0026883111741496757,25.705204627780105,0.016577405000134604
0804,2.0,0.0196078431372549,blur_noise_jpeg,gradient,nominal,0.2,0.0027572406821750814,25.59525322259018,0.017055256001185626
0804,2.0,0.0196078431372549,blur_noise_jpeg,ridge,oracle_blur,1e-05,0.14800974769085037,8.29709681706779,0.01578597299885587
0804,2.0,0.0196078431372549,blur_noise_jpeg,ridge,oracle_blur,0.0001,0.04124031567345646,13.846780190743715,0.01622364500144613
0804,2.0,0.0196078431372549,blur_noise_jpeg,ridge,oracle_blur,0.0005,0.012424271178304266,19.05729078049308,0.016498559001774993
0804,2.0,0.0196078431372549,blur_noise_jpeg,ridge,oracle_blur,0.002,0.004773939924949958,23.211230504375365,0.016744930999266217
0804,2.0,0.0196078431372549,blur_noise_jpeg,ridge,oracle_blur,0.01,0.0024459414228099187,26.115539479763648,0.01578944799985038
0804,2.0,0.0196078431372549,blur_noise_jpeg,ridge,oracle_blur,0.05,0.0028365873291828236,25.472038413965166,0.01652525800091098
0804,2.0,0.0196078431372549,blur_noise_jpeg,ridge,oracle_blur,0.2,0.010446858838744418,19.810142735789245,0.01618922499983455
0804,2.0,0.0196078431372549,blur_noise_jpeg,gradient,oracle_blur,1e-05,0.10249860884187541,9.892820290121001,0.01754158999756328
0804,2.0,0.0196078431372549,blur_noise_jpeg,gradient,oracle_blur,0.0001,0.025148296769636248,15.994914232759243,0.017280546999245416
0804,2.0,0.0196078431372549,blur_noise_jpeg,gradient,oracle_blur,0.0005,0.008469745019894243,20.7212966382747,0.01684396600103355
0804,2.0,0.0196078431372549,blur_noise_jpeg,gradient,oracle_blur,0.002,0.003889344566961328,24.101235798915983,0.016914589003135916
0804,2.0,0.0196078431372549,blur_noise_jpeg,gradient,oracle_blur,0.01,0.0023490524421707977,26.29107287568428,0.01720659900092869
0804,2.0,0.0196078431372549,blur_noise_jpeg,gradient,oracle_blur,0.05,0.0021524654854339293,26.670638036865103,0.01736511100170901
0804,2.0,0.0196078431372549,blur_noise_jpeg,gradient,oracle_blur,0.2,0.0024325340626027456,26.13941069622062,0.0158558160001121
