test_source_id,test_member_path,development_source_id,development_member_path,exact_sha256_match,phash64_hamming,dhash64_hamming,near_duplicate_candidate,manual_adjudication,decision
img_2400x2400_3x8bit_C00C00_RGB_almonds,SAMPLING/8BIT/RGB/2400x2400/C00C00/img_2400x2400_3x8bit_C00C00_RGB_almonds.png,0805,DIV2K_valid_HR/0805.png,false,38,38,false,not_required,retain
img_2400x2400_3x8bit_C00C00_RGB_almonds,SAMPLING/8BIT/RGB/2400x2400/C00C00/img_2400x2400_3x8bit_C00C00_RGB_almonds.png,0806,DIV2K_valid_HR/0806.png,false,30,40,false,not_required,retain
img_2400x2400_3x8bit_C00C00_RGB_almonds,SAMPLING/8BIT/RGB/2400x2400/C00C00/img_2400x2400_3x8bit_C00C00_RGB_almonds.png,0807,DIV2K_valid_HR/0807.png,false,30,36,false,not_required,retain
img_2400x2400_3x8bit_C00C00_RGB_almonds,SAMPLING/8BIT/RGB/2400x2400/C00C00/img_2400x2400_3x8bit_C00C00_RGB_almonds.png,0808,DIV2K_valid_HR/0808.png,false,32,37,false,not_required,retain
img_2400x2400_3x8bit_C00C00_RGB_almonds,SAMPLING/8BIT/RGB/2400x2400/C00C00/img_2400x2400_3x8bit_C00C00_RGB_almonds.png,0809,DIV2K_valid_HR/0809.png,false,32,33,false,not_required,retain
img_2400x2400_3x8bit_C00C00_RGB_almonds,SAMPLING/8BIT/RGB/2400x2400/C00C00/img_2400x2400_3x8bit_C00C00_RGB_almonds.png,0810,DIV2K_valid_HR/0810.png,false,32,34,false,not_required,retain
img_2400x2400_3x8bit_C00C00_RGB_almonds,SAMPLING/8BIT/RGB/2400x2400/C00C00/img_2400x2400_3x8bit_C00C00_RGB_almonds.png,0811,DIV2K_valid_HR/0811.png,false,30,35,false,not_required,retain
img_2400x2400_3x8bit_C00C00_RGB_almonds,SAMPLING/8BIT/RGB/2400x2400/C00C00/img_2400x2400_3x8bit_C00C00_RGB_almonds.png,0812,DIV2K_valid_HR/0812.png,false,32,27,false,not_required,retain
img_2400x2400_3x8bit_C00C00_RGB_almonds,SAMPLING/8BIT/RGB/2400x2400/C00C00/img_2400x2400_3x8bit_C00C00_RGB_almonds.png,0813,DIV2K_valid_HR/0813.png,false,32,34,false,not_required,retain
img_2400x2400_3x8bit_C00C00_RGB_almonds,SAMPLING/8BIT/RGB/2400x2400/C00C00/img_2400x2400_3x8bit_C00C00_RGB_almonds.png,0814,DIV2K_valid_HR/0814.png,false,28,35,false,not_required,retain
img_2400x2400_3x8bit_C00C00_RGB_almonds,SAMPLING/8BIT/RGB/2400x2400/C00C00/img_2400x2400_3x8bit_C00C00_RGB_almonds.png,0815,DIV2K_valid_HR/0815.png,false,30,31,false,not_required,retain
img_2400x2400_3x8bit_C00C00_RGB_almonds,SAMPLING/8BIT/RGB/2400x2400/C00C00/img_2400x2400_3x8bit_C00C00_RGB_almonds.png,0816,DIV2K_valid_HR/0816.png,false,26,27,false,not_required,retain
img_2400x2400_3x8bit_C00C00_RGB_almonds,SAMPLING/8BIT/RGB/2400x2400/C00C00/img_2400x2400_3x8bit_C00C00_RGB_almonds.png,0817,DIV2K_valid_HR/0817.png,false,30,32,false,not_required,retain
img_2400x2400_3x8bit_C00C00_RGB_almonds,SAMPLING/8BIT/RGB/2400x2400/C00C00/img_2400x2400_3x8bit_C00C00_RGB_almonds.png,0818,DIV2K_valid_HR/0818.png,false,36,29,false,not_required,retain
img_2400x2400_3x8bit_C00C00_RGB_almonds,SAMPLING/8BIT/RGB/2400x2400/C00C00/img_2400x2400_3x8bit_C00C00_RGB_almonds.png,0819,DIV2K_valid_HR/0819.png,false,28,30,false,not_required,retain
img_2400x2400_3x8bit_C00C00_RGB_almonds,SAMPLING/8BIT/RGB/2400x2400/C00C00/img_2400x2400_3x8bit_C00C00_RGB_almonds.png,0820,DIV2K_valid_HR/0820.png,false,32,35,false,not_required,retain
img_2400x2400_3x8bit_C00C00_RGB_almonds,SAMPLING/8BIT/RGB/2400x2400/C00C00/img_2400x2400_3x8bit_C00C00_RGB_almonds.png,0821,DIV2K_valid_HR/0821.png,false,32,26,false,not_required,retain
img_2400x2400_3x8bit_C00C00_RGB_almonds,SAMPLING/8BIT/RGB/2400x2400/C00C00/img_2400x2400_3x8bit_C00C00_RGB_almonds.png,0822,DIV2K_valid_HR/0822.png,false,32,28,false,not_required,retain
img_2400x2400_3x8bit_C00C00_RGB_almonds,SAMPLING/8BIT/RGB/2400x2400/C00C00/img_2400x2400_3x8bit_C00C00_RGB_almonds.png,0823,DIV2K_valid_HR/0823.png,false,32,36,false,not_required,retain
img_2400x2400_3x8bit_C00C00_RGB_almonds,SAMPLING/8BIT/RGB/2400x2400/C00C00/img_2400x2400_3x8bit_C00C00_RGB_almonds.png,0824,DIV2K_valid_HR/0824.png,false,32,32,false,not_required,retain
img_2400x2400_3x8bit_C00C00_RGB_almonds,SAMPLING/8BIT/RGB/2400x2400/C00C00/img_2400x2400_3x8bit_C00C00_RGB_almonds.png,0825,DIV2K_valid_HR/0825.png,false,34,41,false,not_required,retain
img_2400x2400_3x8bit_C00C00_RGB_almonds,SAMPLING/8BIT/RGB/2400x2400/C00C00/img_2400x2400_3x8bit_C00C00_RGB_almonds.png,0826,DIV2K_valid_HR/0826.png,false,32,31,false,not_required,retain
img_2400x2400_3x8bit_C00C00_RGB_almonds,SAMPLING/8BIT/RGB/2400x2400/C00C00/img_2400x2400_3x8bit_C00C00_RGB_almonds.png,0827,DIV2K_valid_HR/0827.png,false,34,32,false,not_required,retain
img_2400x2400_3x8bit_C00C00_RGB_almonds,SAMPLING/8BIT/RGB/2400x2400/C00C00/img_2400x2400_3x8bit_C00C00_RGB_almonds.png,0828,DIV2K_valid_HR/0828.png,false,28,31,false,not_required,retain
img_2400x2400_3x8bit_C00C00_RGB_almonds,SAMPLING/8BIT/RGB/2400x2400/C00C00/img_2400x2400_3x8bit_C00C00_RGB_almonds.png,0829,DIV2K_valid_HR/0829.png,false,32,39,false,not_required,retain
img_2400x2400_3x8bit_C00C00_RGB_almonds,SAMPLING/8BIT/RGB/2400x2400/C00C00/img_2400x2400_3x8bit_C00C00_RGB_almonds.png,0830,DIV2K_valid_HR/0830.png,false,36,29,false,not_required,retain
img_2400x2400_3x8bit_C00C00_RGB_almonds,SAMPLING/8BIT/RGB/2400x2400/C00C00/img_2400x2400_3x8bit_C00C00_RGB_almonds.png,0831,DIV2K_valid_HR/0831.png,false,36,37,false,not_required,retain
img_2400x2400_3x8bit_C00C00_RGB_almonds,SAMPLING/8BIT/RGB/2400x2400/C00C00/img_2400x2400_3x8bit_C00C00_RGB_almonds.png,0832,DIV2K_valid_HR/0832.png,false,34,27,false,not_required,retain
img_2400x2400_3x8bit_C00C00_RGB_almonds,SAMPLING/8BIT/RGB/2400x2400/C00C00/img_2400x2400_3x8bit_C00C00_RGB_almonds.png,0833,DIV2K_valid_HR/0833.png,false,26,33,false,not_required,retain
img_2400x2400_3x8bit_C00C00_RGB_almonds,SAMPLING/8BIT/RGB/2400x2400/C00C00/img_2400x2400_3x8bit_C00C00_RGB_almonds.png,0834,DIV2K_valid_HR/0834.png,false,28,23,false,not_required,retain
img_2400x2400_3x8bit_C00C00_RGB_almonds,SAMPLING/8BIT/RGB/2400x2400/C00C00/img_2400x2400_3x8bit_C00C00_RGB_almonds.png,0835,DIV2K_valid_HR/0835.png,false,38,31,false,not_required,retain
img_2400x2400_3x8bit_C00C00_RGB_almonds,SAMPLING/8BIT/RGB/2400x2400/C00C00/img_2400x2400_3x8bit_C00C00_RGB_almonds.png,0836,DIV2K_valid_HR/0836.png,false,30,38,false,not_required,retain
img_2400x2400_3x8bit_C00C00_RGB_almonds,SAMPLING/8BIT/RGB/2400x2400/C00C00/img_2400x2400_3x8bit_C00C00_RGB_almonds.png,0837,DIV2K_valid_HR/0837.png,false,38,35,false,not_required,retain
img_2400x2400_3x8bit_C00C00_RGB_almonds,SAMPLING/8BIT/RGB/2400x2400/C00C00/img_2400x2400_3x8bit_C00C00_RGB_almonds.png,0838,DIV2K_valid_HR/0838.png,false,26,31,false,not_required,retain
img_2400x2400_3x8bit_C00C00_RGB_almonds,SAMPLING/8BIT/RGB/2400x2400/C00C00/img_2400x2400_3x8bit_C00C00_RGB_almonds.png,0839,DIV2K_valid_HR/0839.png,false,28,38,false,not_required,retain
img_2400x2400_3x8bit_C00C00_RGB_almonds,SAMPLING/8BIT/RGB/2400x2400/C00C00/img_2400x2400_3x8bit_C00C00_RGB_almonds.png,0840,DIV2K_valid_HR/0840.png,false,32,30,false,not_required,retain
img_2400x2400_3x8bit_C00C00_RGB_almonds,SAMPLING/8BIT/RGB/2400x2400/C00C00/img_2400x2400_3x8bit_C00C00_RGB_almonds.png,0841,DIV2K_valid_HR/0841.png,false,32,31,false,not_required,retain
img_2400x2400_3x8bit_C00C00_RGB_almonds,SAMPLING/8BIT/RGB/2400x2400/C00C00/img_2400x2400_3x8bit_C00C00_RGB_almonds.png,0842,DIV2K_valid_HR/0842.png,false,26,25,false,not_required,retain
img_2400x2400_3x8bit_C00C00_RGB_almonds,SAMPLING/8BIT/RGB/2400x2400/C00C00/img_2400x2400_3x8bit_C00C00_RGB_almonds.png,0843,DIV2K_valid_HR/0843.png,false,32,35,false,not_required,retain
img_2400x2400_3x8bit_C00C00_RGB_almonds,SAMPLING/8BIT/RGB/2400x2400/C00C00/img_2400x2400_3x8bit_C00C00_RGB_almonds.png,0844,DIV2K_valid_HR/0844.png,false,34,35,false,not_required,retain
img_2400x2400_3x8bit_C00C00_RGB_almonds,SAMPLING/8BIT/RGB/2400x2400/C00C00/img_2400x2400_3x8bit_C00C00_RGB_almonds.png,0845,DIV2K_valid_HR/0845.png,false,32,38,false,not_required,retain
img_2400x2400_3x8bit_C00C00_RGB_almonds,SAMPLING/8BIT/RGB/2400x2400/C00C00/img_2400x2400_3x8bit_C00C00_RGB_almonds.png,0846,DIV2K_valid_HR/0846.png,false,30,30,false,not_required,retain
img_2400x2400_3x8bit_C00C00_RGB_almonds,SAMPLING/8BIT/RGB/2400x2400/C00C00/img_2400x2400_3x8bit_C00C00_RGB_almonds.png,0847,DIV2K_valid_HR/0847.png,false,32,34,false,not_required,retain
img_2400x2400_3x8bit_C00C00_RGB_almonds,SAMPLING/8BIT/RGB/2400x2400/C00C00/img_2400x2400_3x8bit_C00C00_RGB_almonds.png,0848,DIV2K_valid_HR/0848.png,false,30,34,false,not_required,retain
img_2400x2400_3x8bit_C00C00_RGB_almonds,SAMPLING/8BIT/RGB/2400x2400/C00C00/img_2400x2400_3x8bit_C00C00_RGB_almonds.png,0849,DIV2K_valid_HR/0849.png,false,36,31,false,not_required,retain
img_2400x2400_3x8bit_C00C00_RGB_almonds,SAMPLING/8BIT/RGB/2400x2400/C00C00/img_2400x2400_3x8bit_C00C00_RGB_almonds.png,0850,DIV2K_valid_HR/0850.png,false,34,38,false,not_required,retain
img_2400x2400_3x8bit_C00C00_RGB_almonds,SAMPLING/8BIT/RGB/2400x2400/C00C00/img_2400x2400_3x8bit_C00C00_RGB_almonds.png,0851,DIV2K_valid_HR/0851.png,false,32,27,false,not_required,retain
img_2400x2400_3x8bit_C00C00_RGB_almonds,SAMPLING/8BIT/RGB/2400x2400/C00C00/img_2400x2400_3x8bit_C00C00_RGB_almonds.png,0852,DIV2K_valid_HR/0852.png,false,26,25,false,not_required,retain
img_2400x2400_3x8bit_C00C00_RGB_almonds,SAMPLING/8BIT/RGB/2400x2400/C00C00/img_2400x2400_3x8bit_C00C00_RGB_almonds.png,0853,DIV2K_valid_HR/0853.png,false,32,34,false,not_required,retain
img_2400x2400_3x8bit_C00C00_RGB_almonds,SAMPLING/8BIT/RGB/2400x2400/C00C00/img_2400x2400_3x8bit_C00C00_RGB_almonds.png,0854,DIV2K_valid_HR/0854.png,false,34,37,false,not_required,retain
img_2400x2400_3x8bit_C00C00_RGB_almonds,SAMPLING/8BIT/RGB/2400x2400/C00C00/img_2400x2400_3x8bit_C00C00_RGB_almonds.png,0855,DIV2K_valid_HR/0855.png,false,32,27,false,not_required,retain
img_2400x2400_3x8bit_C00C00_RGB_almonds,SAMPLING/8BIT/RGB/2400x2400/C00C00/img_2400x2400_3x8bit_C00C00_RGB_almonds.png,0856,DIV2K_valid_HR/0856.png,false,32,34,false,not_required,retain
img_2400x2400_3x8bit_C00C00_RGB_almonds,SAMPLING/8BIT/RGB/2400x2400/C00C00/img_2400x2400_3x8bit_C00C00_RGB_almonds.png,0857,DIV2K_valid_HR/0857.png,false,28,39,false,not_required,retain
img_2400x2400_3x8bit_C00C00_RGB_almonds,SAMPLING/8BIT/RGB/2400x2400/C00C00/img_2400x2400_3x8bit_C00C00_RGB_almonds.png,0858,DIV2K_valid_HR/0858.png,false,30,27,false,not_required,retain
img_2400x2400_3x8bit_C00C00_RGB_almonds,SAMPLING/8BIT/RGB/2400x2400/C00C00/img_2400x2400_3x8bit_C00C00_RGB_almonds.png,0859,DIV2K_valid_HR/0859.png,false,34,30,false,not_required,retain
img_2400x2400_3x8bit_C00C00_RGB_almonds,SAMPLING/8BIT/RGB/2400x2400/C00C00/img_2400x2400_3x8bit_C00C00_RGB_almonds.png,0860,DIV2K_valid_HR/0860.png,false,38,27,false,not_required,retain
img_2400x2400_3x8bit_C00C00_RGB_almonds,SAMPLING/8BIT/RGB/2400x2400/C00C00/img_2400x2400_3x8bit_C00C00_RGB_almonds.png,0861,DIV2K_valid_HR/0861.png,false,32,34,false,not_required,retain
img_2400x2400_3x8bit_C00C00_RGB_almonds,SAMPLING/8BIT/RGB/2400x2400/C00C00/img_2400x2400_3x8bit_C00C00_RGB_almonds.png,0862,DIV2K_valid_HR/0862.png,false,26,38,false,not_required,retain
img_2400x2400_3x8bit_C00C00_RGB_almonds,SAMPLING/8BIT/RGB/2400x2400/C00C00/img_2400x2400_3x8bit_C00C00_RGB_almonds.png,0863,DIV2K_valid_HR/0863.png,false,34,34,false,not_required,retain
img_2400x2400_3x8bit_C00C00_RGB_almonds,SAMPLING/8BIT/RGB/2400x2400/C00C00/img_2400x2400_3x8bit_C00C00_RGB_almonds.png,0864,DIV2K_valid_HR/0864.png,false,32,35,false,not_required,retain
img_2400x2400_3x8bit_C00C00_RGB_almonds,SAMPLING/8BIT/RGB/2400x2400/C00C00/img_2400x2400_3x8bit_C00C00_RGB_almonds.png,0865,DIV2K_valid_HR/0865.png,false,28,27,false,not_required,retain
img_2400x2400_3x8bit_C00C00_RGB_almonds,SAMPLING/8BIT/RGB/2400x2400/C00C00/img_2400x2400_3x8bit_C00C00_RGB_almonds.png,0866,DIV2K_valid_HR/0866.png,false,34,36,false,not_required,retain
img_2400x2400_3x8bit_C00C00_RGB_almonds,SAMPLING/8BIT/RGB/2400x2400/C00C00/img_2400x2400_3x8bit_C00C00_RGB_almonds.png,0867,DIV2K_valid_HR/0867.png,false,30,32,false,not_required,retain
img_2400x2400_3x8bit_C00C00_RGB_almonds,SAMPLING/8BIT/RGB/2400x2400/C00C00/img_2400x2400_3x8bit_C00C00_RGB_almonds.png,0868,DIV2K_valid_HR/0868.png,false,30,31,false,not_required,retain
img_2400x2400_3x8bit_C00C00_RGB_almonds,SAMPLING/8BIT/RGB/2400x2400/C00C00/img_2400x2400_3x8bit_C00C00_RGB_almonds.png,0869,DIV2K_valid_HR/0869.png,false,32,33,false,not_required,retain
img_2400x2400_3x8bit_C00C00_RGB_almonds,SAMPLING/8BIT/RGB/2400x2400/C00C00/img_2400x2400_3x8bit_C00C00_RGB_almonds.png,0870,DIV2K_valid_HR/0870.png,false,28,28,false,not_required,retain
img_2400x2400_3x8bit_C00C00_RGB_almonds,SAMPLING/8BIT/RGB/2400x2400/C00C00/img_2400x2400_3x8bit_C00C00_RGB_almonds.png,0871,DIV2K_valid_HR/0871.png,false,26,25,false,not_required,retain
img_2400x2400_3x8bit_C00C00_RGB_almonds,SAMPLING/8BIT/RGB/2400x2400/C00C00/img_2400x2400_3x8bit_C00C00_RGB_almonds.png,0872,DIV2K_valid_HR/0872.png,false,28,34,false,not_required,retain
img_2400x2400_3x8bit_C00C00_RGB_almonds,SAMPLING/8BIT/RGB/2400x2400/C00C00/img_2400x2400_3x8bit_C00C00_RGB_almonds.png,0873,DIV2K_valid_HR/0873.png,false,30,40,false,not_required,retain
img_2400x2400_3x8bit_C00C00_RGB_almonds,SAMPLING/8BIT/RGB/2400x2400/C00C00/img_2400x2400_3x8bit_C00C00_RGB_almonds.png,0874,DIV2K_valid_HR/0874.png,false,30,31,false,not_required,retain
img_2400x2400_3x8bit_C00C00_RGB_almonds,SAMPLING/8BIT/RGB/2400x2400/C00C00/img_2400x2400_3x8bit_C00C00_RGB_almonds.png,0875,DIV2K_valid_HR/0875.png,false,34,27,false,not_required,retain
img_2400x2400_3x8bit_C00C00_RGB_almonds,SAMPLING/8BIT/RGB/2400x2400/C00C00/img_2400x2400_3x8bit_C00C00_RGB_almonds.png,0876,DIV2K_valid_HR/0876.png,false,34,31,false,not_required,retain
img_2400x2400_3x8bit_C00C00_RGB_almonds,SAMPLING/8BIT/RGB/2400x2400/C00C00/img_2400x2400_3x8bit_C00C00_RGB_almonds.png,0877,DIV2K_valid_HR/0877.png,false,30,38,false,not_required,retain
img_2400x2400_3x8bit_C00C00_RGB_almonds,SAMPLING/8BIT/RGB/2400x2400/C00C00/img_2400x2400_3x8bit_C00C00_RGB_almonds.png,0878,DIV2K_valid_HR/0878.png,false,28,36,false,not_required,retain
img_2400x2400_3x8bit_C00C00_RGB_almonds,SAMPLING/8BIT/RGB/2400x2400/C00C00/img_2400x2400_3x8bit_C00C00_RGB_almonds.png,0879,DIV2K_valid_HR/0879.png,false,28,28,false,not_required,retain
img_2400x2400_3x8bit_C00C00_RGB_almonds,SAMPLING/8BIT/RGB/2400x2400/C00C00/img_2400x2400_3x8bit_C00C00_RGB_almonds.png,0880,DIV2K_valid_HR/0880.png,false,38,33,false,not_required,retain
img_2400x2400_3x8bit_C00C00_RGB_almonds,SAMPLING/8BIT/RGB/2400x2400/C00C00/img_2400x2400_3x8bit_C00C00_RGB_almonds.png,0881,DIV2K_valid_HR/0881.png,false,32,35,false,not_required,retain
img_2400x2400_3x8bit_C00C00_RGB_almonds,SAMPLING/8BIT/RGB/2400x2400/C00C00/img_2400x2400_3x8bit_C00C00_RGB_almonds.png,0882,DIV2K_valid_HR/0882.png,false,36,39,false,not_required,retain
img_2400x2400_3x8bit_C00C00_RGB_almonds,SAMPLING/8BIT/RGB/2400x2400/C00C00/img_2400x2400_3x8bit_C00C00_RGB_almonds.png,0883,DIV2K_valid_HR/0883.png,false,24,36,false,not_required,retain
img_2400x2400_3x8bit_C00C00_RGB_almonds,SAMPLING/8BIT/RGB/2400x2400/C00C00/img_2400x2400_3x8bit_C00C00_RGB_almonds.png,0884,DIV2K_valid_HR/0884.png,false,32,31,false,not_required,retain
img_2400x2400_3x8bit_C00C00_RGB_almonds,SAMPLING/8BIT/RGB/2400x2400/C00C00/img_2400x2400_3x8bit_C00C00_RGB_almonds.png,0885,DIV2K_valid_HR/0885.png,false,28,36,false,not_required,retain
img_2400x2400_3x8bit_C00C00_RGB_almonds,SAMPLING/8BIT/RGB/2400x2400/C00C00/img_2400x2400_3x8bit_C00C00_RGB_almonds.png,0886,DIV2K_valid_HR/0886.png,false,36,39,false,not_required,retain
img_2400x2400_3x8bit_C00C00_RGB_almonds,SAMPLING/8BIT/RGB/2400x2400/C00C00/img_2400x2400_3x8bit_C00C00_RGB_almonds.png,0887,DIV2K_valid_HR/0887.png,false,32,39,false,not_required,retain
img_2400x2400_3x8bit_C00C00_RGB_almonds,SAMPLING/8BIT/RGB/2400x2400/C00C00/img_2400x2400_3x8bit_C00C00_RGB_almonds.png,0888,DIV2K_valid_HR/0888.png,false,32,27,false,not_required,retain
img_2400x2400_3x8bit_C00C00_RGB_almonds,SAMPLING/8BIT/RGB/2400x2400/C00C00/img_2400x2400_3x8bit_C00C00_RGB_almonds.png,0889,DIV2K_valid_HR/0889.png,false,36,33,false,not_required,retain
img_2400x2400_3x8bit_C00C00_RGB_almonds,SAMPLING/8BIT/RGB/2400x2400/C00C00/img_2400x2400_3x8bit_C00C00_RGB_almonds.png,0890,DIV2K_valid_HR/0890.png,false,26,38,false,not_required,retain
img_2400x2400_3x8bit_C00C00_RGB_almonds,SAMPLING/8BIT/RGB/2400x2400/C00C00/img_2400x2400_3x8bit_C00C00_RGB_almonds.png,0891,DIV2K_valid_HR/0891.png,false,26,38,false,not_required,retain
img_2400x2400_3x8bit_C00C00_RGB_almonds,SAMPLING/8BIT/RGB/2400x2400/C00C00/img_2400x2400_3x8bit_C00C00_RGB_almonds.png,0892,DIV2K_valid_HR/0892.png,false,32,33,false,not_required,retain
img_2400x2400_3x8bit_C00C00_RGB_almonds,SAMPLING/8BIT/RGB/2400x2400/C00C00/img_2400x2400_3x8bit_C00C00_RGB_almonds.png,0893,DIV2K_valid_HR/0893.png,false,34,35,false,not_required,retain
img_2400x2400_3x8bit_C00C00_RGB_almonds,SAMPLING/8BIT/RGB/2400x2400/C00C00/img_2400x2400_3x8bit_C00C00_RGB_almonds.png,0894,DIV2K_valid_HR/0894.png,false,40,35,false,not_required,retain
img_2400x2400_3x8bit_C00C00_RGB_almonds,SAMPLING/8BIT/RGB/2400x2400/C00C00/img_2400x2400_3x8bit_C00C00_RGB_almonds.png,0895,DIV2K_valid_HR/0895.png,false,26,24,false,not_required,retain
img_2400x2400_3x8bit_C00C00_RGB_almonds,SAMPLING/8BIT/RGB/2400x2400/C00C00/img_2400x2400_3x8bit_C00C00_RGB_almonds.png,0896,DIV2K_valid_HR/0896.png,false,26,30,false,not_required,retain
img_2400x2400_3x8bit_C00C00_RGB_almonds,SAMPLING/8BIT/RGB/2400x2400/C00C00/img_2400x2400_3x8bit_C00C00_RGB_almonds.png,0897,DIV2K_valid_HR/0897.png,false,36,32,false,not_required,retain
img_2400x2400_3x8bit_C00C00_RGB_almonds,SAMPLING/8BIT/RGB/2400x2400/C00C00/img_2400x2400_3x8bit_C00C00_RGB_almonds.png,0898,DIV2K_valid_HR/0898.png,false,32,36,false,not_required,retain
img_2400x2400_3x8bit_C00C00_RGB_almonds,SAMPLING/8BIT/RGB/2400x2400/C00C00/img_2400x2400_3x8bit_C00C00_RGB_almonds.png,0899,DIV2K_valid_HR/0899.png,false,32,35,false,not_required,retain
img_2400x2400_3x8bit_C00C00_RGB_almonds,SAMPLING/8BIT/RGB/2400x2400/C00C00/img_2400x2400_3x8bit_C00C00_RGB_almonds.png,0900,DIV2K_valid_HR/0900.png,false,28,39,false,not_required,retain
img_2400x2400_3x8bit_C00C00_RGB_apples,SAMPLING/8BIT/RGB/2400x2400/C00C00/img_2400x2400_3x8bit_C00C00_RGB_apples.png,0805,DIV2K_valid_HR/0805.png,false,30,41,false,not_required,retain
img_2400x2400_3x8bit_C00C00_RGB_apples,SAMPLING/8BIT/RGB/2400x2400/C00C00/img_2400x2400_3x8bit_C00C00_RGB_apples.png,0806,DIV2K_valid_HR/0806.png,false,30,33,false,not_required,retain
img_2400x2400_3x8bit_C00C00_RGB_apples,SAMPLING/8BIT/RGB/2400x2400/C00C00/img_2400x2400_3x8bit_C00C00_RGB_apples.png,0807,DIV2K_valid_HR/0807.png,false,28,29,false,not_required,retain
img_2400x2400_3x8bit_C00C00_RGB_apples,SAMPLING/8BIT/RGB/2400x2400/C00C00/img_2400x2400_3x8bit_C00C00_RGB_apples.png,0808,DIV2K_valid_HR/0808.png,false,36,36,false,not_required,retain
img_2400x2400_3x8bit_C00C00_RGB_apples,SAMPLING/8BIT/RGB/2400x2400/C00C00/img_2400x2400_3x8bit_C00C00_RGB_apples.png,0809,DIV2K_valid_HR/0809.png,false,38,32,false,not_required,retain
img_2400x2400_3x8bit_C00C00_RGB_apples,SAMPLING/8BIT/RGB/2400x2400/C00C00/img_2400x2400_3x8bit_C00C00_RGB_apples.png,0810,DIV2K_valid_HR/0810.png,false,26,25,false,not_required,retain
img_2400x2400_3x8bit_C00C00_RGB_apples,SAMPLING/8BIT/RGB/2400x2400/C00C00/img_2400x2400_3x8bit_C00C00_RGB_apples.png,0811,DIV2K_valid_HR/0811.png,false,28,36,false,not_required,retain
img_2400x2400_3x8bit_C00C00_RGB_apples,SAMPLING/8BIT/RGB/2400x2400/C00C00/img_2400x2400_3x8bit_C00C00_RGB_apples.png,0812,DIV2K_valid_HR/0812.png,false,28,30,false,not_required,retain
img_2400x2400_3x8bit_C00C00_RGB_apples,SAMPLING/8BIT/RGB/2400x2400/C00C00/img_2400x2400_3x8bit_C00C00_RGB_apples.png,0813,DIV2K_valid_HR/0813.png,false,28,37,false,not_required,retain
img_2400x2400_3x8bit_C00C00_RGB_apples,SAMPLING/8BIT/RGB/2400x2400/C00C00/img_2400x2400_3x8bit_C00C00_RGB_apples.png,0814,DIV2K_valid_HR/0814.png,false,34,34,false,not_required,retain
img_2400x2400_3x8bit_C00C00_RGB_apples,SAMPLING/8BIT/RGB/2400x2400/C00C00/img_2400x2400_3x8bit_C00C00_RGB_apples.png,0815,DIV2K_valid_HR/0815.png,false,34,40,false,not_required,retain
img_2400x2400_3x8bit_C00C00_RGB_apples,SAMPLING/8BIT/RGB/2400x2400/C00C00/img_2400x2400_3x8bit_C00C00_RGB_apples.png,0816,DIV2K_valid_HR/0816.png,false,30,24,false,not_required,retain
img_2400x2400_3x8bit_C00C00_RGB_apples,SAMPLING/8BIT/RGB/2400x2400/C00C00/img_2400x2400_3x8bit_C00C00_RGB_apples.png,0817,DIV2K_valid_HR/0817.png,false,38,29,false,not_required,retain
img_2400x2400_3x8bit_C00C00_RGB_apples,SAMPLING/8BIT/RGB/2400x2400/C00C00/img_2400x2400_3x8bit_C00C00_RGB_apples.png,0818,DIV2K_valid_HR/0818.png,false,36,36,false,not_required,retain
img_2400x2400_3x8bit_C00C00_RGB_apples,SAMPLING/8BIT/RGB/2400x2400/C00C00/img_2400x2400_3x8bit_C00C00_RGB_apples.png,0819,DIV2K_valid_HR/0819.png,false,26,23,false,not_required,retain
img_2400x2400_3x8bit_C00C00_RGB_apples,SAMPLING/8BIT/RGB/2400x2400/C00C00/img_2400x2400_3x8bit_C00C00_RGB_apples.png,0820,DIV2K_valid_HR/0820.png,false,28,38,false,not_required,retain
img_2400x2400_3x8bit_C00C00_RGB_apples,SAMPLING/8BIT/RGB/2400x2400/C00C00/img_2400x2400_3x8bit_C00C00_RGB_apples.png,0821,DIV2K_valid_HR/0821.png,false,30,27,false,not_required,retain
img_2400x2400_3x8bit_C00C00_RGB_apples,SAMPLING/8BIT/RGB/2400x2400/C00C00/img_2400x2400_3x8bit_C00C00_RGB_apples.png,0822,DIV2K_valid_HR/0822.png,false,34,31,false,not_required,retain
img_2400x2400_3x8bit_C00C00_RGB_apples,SAMPLING/8BIT/RGB/2400x2400/C00C00/img_2400x2400_3x8bit_C00C00_RGB_apples.png,0823,DIV2K_valid_HR/0823.png,false,36,37,false,not_required,retain
img_2400x2400_3x8bit_C00C00_RGB_apples,SAMPLING/8BIT/RGB/2400x2400/C00C00/img_2400x2400_3x8bit_C00C00_RGB_apples.png,0824,DIV2K_valid_HR/0824.png,false,32,43,false,not_required,retain
img_2400x2400_3x8bit_C00C00_RGB_apples,SAMPLING/8BIT/RGB/2400x2400/C00C00/img_2400x2400_3x8bit_C00C00_RGB_apples.png,0825,DIV2K_valid_HR/0825.png,false,36,40,false,not_required,retain
img_2400x2400_3x8bit_C00C00_RGB_apples,SAMPLING/8BIT/RGB/2400x2400/C00C00/img_2400x2400_3x8bit_C00C00_RGB_apples.png,0826,DIV2K_valid_HR/0826.png,false,26,28,false,not_required,retain
img_2400x2400_3x8bit_C00C00_RGB_apples,SAMPLING/8BIT/RGB/2400x2400/C00C00/img_2400x2400_3x8bit_C00C00_RGB_apples.png,0827,DIV2K_valid_HR/0827.png,false,34,29,false,not_required,retain
img_2400x2400_3x8bit_C00C00_RGB_apples,SAMPLING/8BIT/RGB/2400x2400/C00C00/img_2400x2400_3x8bit_C00C00_RGB_apples.png,0828,DIV2K_valid_HR/0828.png,false,26,32,false,not_required,retain
img_2400x2400_3x8bit_C00C00_RGB_apples,SAMPLING/8BIT/RGB/2400x2400/C00C00/img_2400x2400_3x8bit_C00C00_RGB_apples.png,0829,DIV2K_valid_HR/0829.png,false,34,44,false,not_required,retain
img_2400x2400_3x8bit_C00C00_RGB_apples,SAMPLING/8BIT/RGB/2400x2400/C00C00/img_2400x2400_3x8bit_C00C00_RGB_apples.png,0830,DIV2K_valid_HR/0830.png,false,30,32,false,not_required,retain
img_2400x2400_3x8bit_C00C00_RGB_apples,SAMPLING/8BIT/RGB/2400x2400/C00C00/img_2400x2400_3x8bit_C00C00_RGB_apples.png,0831,DIV2K_valid_HR/0831.png,false,32,34,false,not_required,retain
img_2400x2400_3x8bit_C00C00_RGB_apples,SAMPLING/8BIT/RGB/2400x2400/C00C00/img_2400x2400_3x8bit_C00C00_RGB_apples.png,0832,DIV2K_valid_HR/0832.png,false,32,36,false,not_required,retain
img_2400x2400_3x8bit_C00C00_RGB_apples,SAMPLING/8BIT/RGB/2400x2400/C00C00/img_2400x2400_3x8bit_C00C00_RGB_apples.png,0833,DIV2K_valid_HR/0833.png,false,32,32,false,not_required,retain
img_2400x2400_3x8bit_C00C00_RGB_apples,SAMPLING/8BIT/RGB/2400x2400/C00C00/img_2400x2400_3x8bit_C00C00_RGB_apples.png,0834,DIV2K_valid_HR/0834.png,false,26,32,false,not_required,retain
img_2400x2400_3x8bit_C00C00_RGB_apples,SAMPLING/8BIT/RGB/2400x2400/C00C00/img_2400x2400_3x8bit_C00C00_RGB_apples.png,0835,DIV2K_valid_HR/0835.png,false,34,44,false,not_required,retain
img_2400x2400_3x8bit_C00C00_RGB_apples,SAMPLING/8BIT/RGB/2400x2400/C00C00/img_2400x2400_3x8bit_C00C00_RGB_apples.png,0836,DIV2K_valid_HR/0836.png,false,30,31,false,not_required,retain
img_2400x2400_3x8bit_C00C00_RGB_apples,SAMPLING/8BIT/RGB/2400x2400/C00C00/img_2400x2400_3x8bit_C00C00_RGB_apples.png,0837,DIV2K_valid_HR/0837.png,false,20,30,false,not_required,retain
img_2400x2400_3x8bit_C00C00_RGB_apples,SAMPLING/8BIT/RGB/2400x2400/C00C00/img_2400x2400_3x8bit_C00C00_RGB_apples.png,0838,DIV2K_valid_HR/0838.png,false,34,36,false,not_required,retain
img_2400x2400_3x8bit_C00C00_RGB_apples,SAMPLING/8BIT/RGB/2400x2400/C00C00/img_2400x2400_3x8bit_C00C00_RGB_apples.png,0839,DIV2K_valid_HR/0839.png,false,40,45,false,not_required,retain
img_2400x2400_3x8bit_C00C00_RGB_apples,SAMPLING/8BIT/RGB/2400x2400/C00C00/img_2400x2400_3x8bit_C00C00_RGB_apples.png,0840,DIV2K_valid_HR/0840.png,false,34,35,false,not_required,retain
img_2400x2400_3x8bit_C00C00_RGB_apples,SAMPLING/8BIT/RGB/2400x2400/C00C00/img_2400x2400_3x8bit_C00C00_RGB_apples.png,0841,DIV2K_valid_HR/0841.png,false,40,40,false,not_required,retain
img_2400x2400_3x8bit_C00C00_RGB_apples,SAMPLING/8BIT/RGB/2400x2400/C00C00/img_2400x2400_3x8bit_C00C00_RGB_apples.png,0842,DIV2K_valid_HR/0842.png,false,30,32,false,not_required,retain
img_2400x2400_3x8bit_C00C00_RGB_apples,SAMPLING/8BIT/RGB/2400x2400/C00C00/img_2400x2400_3x8bit_C00C00_RGB_apples.png,0843,DIV2K_valid_HR/0843.png,false,28,30,false,not_required,retain
img_2400x2400_3x8bit_C00C00_RGB_apples,SAMPLING/8BIT/RGB/2400x2400/C00C00/img_2400x2400_3x8bit_C00C00_RGB_apples.png,0844,DIV2K_valid_HR/0844.png,false,32,30,false,not_required,retain
img_2400x2400_3x8bit_C00C00_RGB_apples,SAMPLING/8BIT/RGB/2400x2400/C00C00/img_2400x2400_3x8bit_C00C00_RGB_apples.png,0845,DIV2K_valid_HR/0845.png,false,26,43,false,not_required,retain
img_2400x2400_3x8bit_C00C00_RGB_apples,SAMPLING/8BIT/RGB/2400x2400/C00C00/img_2400x2400_3x8bit_C00C00_RGB_apples.png,0846,DIV2K_valid_HR/0846.png,false,26,33,false,not_required,retain
img_2400x2400_3x8bit_C00C00_RGB_apples,SAMPLING/8BIT/RGB/2400x2400/C00C00/img_2400x2400_3x8bit_C00C00_RGB_apples.png,0847,DIV2K_valid_HR/0847.png,false,22,33,false,not_required,retain
img_2400x2400_3x8bit_C00C00_RGB_apples,SAMPLING/8BIT/RGB/2400x2400/C00C00/img_2400x2400_3x8bit_C00C00_RGB_apples.png,0848,DIV2K_valid_HR/0848.png,false,32,35,false,not_required,retain
img_2400x2400_3x8bit_C00C00_RGB_apples,SAMPLING/8BIT/RGB/2400x2400/C00C00/img_2400x2400_3x8bit_C00C00_RGB_apples.png,0849,DIV2K_valid_HR/0849.png,false,30,36,false,not_required,retain
img_2400x2400_3x8bit_C00C00_RGB_apples,SAMPLING/8BIT/RGB/2400x2400/C00C00/img_2400x2400_3x8bit_C00C00_RGB_apples.png,0850,DIV2K_valid_HR/0850.png,false,34,35,false,not_required,retain
img_2400x2400_3x8bit_C00C00_RGB_apples,SAMPLING/8BIT/RGB/2400x2400/C00C00/img_2400x2400_3x8bit_C00C00_RGB_apples.png,0851,DIV2K_valid_HR/0851.png,false,32,32,false,not_required,retain
img_2400x2400_3x8bit_C00C00_RGB_apples,SAMPLING/8BIT/RGB/2400x2400/C00C00/img_2400x2400_3x8bit_C00C00_RGB_apples.png,0852,DIV2K_valid_HR/0852.png,false,36,34,false,not_required,retain
img_2400x2400_3x8bit_C00C00_RGB_apples,SAMPLING/8BIT/RGB/2400x2400/C00C00/img_2400x2400_3x8bit_C00C00_RGB_apples.png,0853,DIV2K_valid_HR/0853.png,false,34,39,false,not_required,retain
img_2400x2400_3x8bit_C00C00_RGB_apples,SAMPLING/8BIT/RGB/2400x2400/C00C00/img_2400x2400_3x8bit_C00C00_RGB_apples.png,0854,DIV2K_valid_HR/0854.png,false,34,34,false,not_required,retain
img_2400x2400_3x8bit_C00C00_RGB_apples,SAMPLING/8BIT/RGB/2400x2400/C00C00/img_2400x2400_3x8bit_C00C00_RGB_apples.png,0855,DIV2K_valid_HR/0855.png,false,30,32,false,not_required,retain
img_2400x2400_3x8bit_C00C00_RGB_apples,SAMPLING/8BIT/RGB/2400x2400/C00C00/img_2400x2400_3x8bit_C00C00_RGB_apples.png,0856,DIV2K_valid_HR/0856.png,false,34,39,false,not_required,retain
img_2400x2400_3x8bit_C00C00_RGB_apples,SAMPLING/8BIT/RGB/2400x2400/C00C00/img_2400x2400_3x8bit_C00C00_RGB_apples.png,0857,DIV2K_valid_HR/0857.png,false,32,34,false,not_required,retain
img_2400x2400_3x8bit_C00C00_RGB_apples,SAMPLING/8BIT/RGB/2400x2400/C00C00/img_2400x2400_3x8bit_C00C00_RGB_apples.png,0858,DIV2K_valid_HR/0858.png,false,26,26,false,not_required,retain
img_2400x2400_3x8bit_C00C00_RGB_apples,SAMPLING/8BIT/RGB/2400x2400/C00C00/img_2400x2400_3x8bit_C00C00_RGB_apples.png,0859,DIV2K_valid_HR/0859.png,false,22,27,false,not_required,retain
img_2400x2400_3x8bit_C00C00_RGB_apples,SAMPLING/8BIT/RGB/2400x2400/C00C00/img_2400x2400_3x8bit_C00C00_RGB_apples.png,0860,DIV2K_valid_HR/0860.png,false,38,32,false,not_required,retain
img_2400x2400_3x8bit_C00C00_RGB_apples,SAMPLING/8BIT/RGB/2400x2400/C00C00/img_2400x2400_3x8bit_C00C00_RGB_apples.png,0861,DIV2K_valid_HR/0861.png,false,32,35,false,not_required,retain
img_2400x2400_3x8bit_C00C00_RGB_apples,SAMPLING/8BIT/RGB/2400x2400/C00C00/img_2400x2400_3x8bit_C00C00_RGB_apples.png,0862,DIV2K_valid_HR/0862.png,false,26,31,false,not_required,retain
img_2400x2400_3x8bit_C00C00_RGB_apples,SAMPLING/8BIT/RGB/2400x2400/C00C00/img_2400x2400_3x8bit_C00C00_RGB_apples.png,0863,DIV2K_valid_HR/0863.png,false,34,35,false,not_required,retain
img_2400x2400_3x8bit_C00C00_RGB_apples,SAMPLING/8BIT/RGB/2400x2400/C00C00/img_2400x2400_3x8bit_C00C00_RGB_apples.png,0864,DIV2K_valid_HR/0864.png,false,26,34,false,not_required,retain
img_2400x2400_3x8bit_C00C00_RGB_apples,SAMPLING/8BIT/RGB/2400x2400/C00C00/img_2400x2400_3x8bit_C00C00_RGB_apples.png,0865,DIV2K_valid_HR/0865.png,false,32,26,false,not_required,retain
img_2400x2400_3x8bit_C00C00_RGB_apples,SAMPLING/8BIT/RGB/2400x2400/C00C00/img_2400x2400_3x8bit_C00C00_RGB_apples.png,0866,DIV2K_valid_HR/0866.png,false,30,29,false,not_required,retain
img_2400x2400_3x8bit_C00C00_RGB_apples,SAMPLING/8BIT/RGB/2400x2400/C00C00/img_2400x2400_3x8bit_C00C00_RGB_apples.png,0867,DIV2K_valid_HR/0867.png,false,32,35,false,not_required,retain
img_2400x2400_3x8bit_C00C00_RGB_apples,SAMPLING/8BIT/RGB/2400x2400/C00C00/img_2400x2400_3x8bit_C00C00_RGB_apples.png,0868,DIV2K_valid_HR/0868.png,false,32,42,false,not_required,retain
img_2400x2400_3x8bit_C00C00_RGB_apples,SAMPLING/8BIT/RGB/2400x2400/C00C00/img_2400x2400_3x8bit_C00C00_RGB_apples.png,0869,DIV2K_valid_HR/0869.png,false,36,38,false,not_required,retain
img_2400x2400_3x8bit_C00C00_RGB_apples,SAMPLING/8BIT/RGB/2400x2400/C00C00/img_2400x2400_3x8bit_C00C00_RGB_apples.png,0870,DIV2K_valid_HR/0870.png,false,30,31,false,not_required,retain
img_2400x2400_3x8bit_C00C00_RGB_apples,SAMPLING/8BIT/RGB/2400x2400/C00C00/img_2400x2400_3x8bit_C00C00_RGB_apples.png,0871,DIV2K_valid_HR/0871.png,false,40,32,false,not_required,retain
img_2400x2400_3x8bit_C00C00_RGB_apples,SAMPLING/8BIT/RGB/2400x2400/C00C00/img_2400x2400_3x8bit_C00C00_RGB_apples.png,0872,DIV2K_valid_HR/0872.png,false,28,31,false,not_required,retain
img_2400x2400_3x8bit_C00C00_RGB_apples,SAMPLING/8BIT/RGB/2400x2400/C00C00/img_2400x2400_3x8bit_C00C00_RGB_apples.png,0873,DIV2K_valid_HR/0873.png,false,34,37,false,not_required,retain
img_2400x2400_3x8bit_C00C00_RGB_apples,SAMPLING/8BIT/RGB/2400x2400/C00C00/img_2400x2400_3x8bit_C00C00_RGB_apples.png,0874,DIV2K_valid_HR/0874.png,false,24,20,false,not_required,retain
img_2400x2400_3x8bit_C00C00_RGB_apples,SAMPLING/8BIT/RGB/2400x2400/C00C00/img_2400x2400_3x8bit_C00C00_RGB_apples.png,0875,DIV2K_valid_HR/0875.png,false,28,30,false,not_required,retain
img_2400x2400_3x8bit_C00C00_RGB_apples,SAMPLING/8BIT/RGB/2400x2400/C00C00/img_2400x2400_3x8bit_C00C00_RGB_apples.png,0876,DIV2K_valid_HR/0876.png,false,30,30,false,not_required,retain
img_2400x2400_3x8bit_C00C00_RGB_apples,SAMPLING/8BIT/RGB/2400x2400/C00C00/img_2400x2400_3x8bit_C00C00_RGB_apples.png,0877,DIV2K_valid_HR/0877.png,false,32,31,false,not_required,retain
img_2400x2400_3x8bit_C00C00_RGB_apples,SAMPLING/8BIT/RGB/2400x2400/C00C00/img_2400x2400_3x8bit_C00C00_RGB_apples.png,0878,DIV2K_valid_HR/0878.png,false,32,41,false,not_required,retain
img_2400x2400_3x8bit_C00C00_RGB_apples,SAMPLING/8BIT/RGB/2400x2400/C00C00/img_2400x2400_3x8bit_C00C00_RGB_apples.png,0879,DIV2K_valid_HR/0879.png,false,32,35,false,not_required,retain
img_2400x2400_3x8bit_C00C00_RGB_apples,SAMPLING/8BIT/RGB/2400x2400/C00C00/img_2400x2400_3x8bit_C00C00_RGB_apples.png,0880,DIV2K_valid_HR/0880.png,false,38,26,false,not_required,retain
img_2400x2400_3x8bit_C00C00_RGB_apples,SAMPLING/8BIT/RGB/2400x2400/C00C00/img_2400x2400_3x8bit_C00C00_RGB_apples.png,0881,DIV2K_valid_HR/0881.png,false,30,28,false,not_required,retain
img_2400x2400_3x8bit_C00C00_RGB_apples,SAMPLING/8BIT/RGB/2400x2400/C00C00/img_2400x2400_3x8bit_C00C00_RGB_apples.png,0882,DIV2K_valid_HR/0882.png,false,32,26,false,not_required,retain
img_2400x2400_3x8bit_C00C00_RGB_apples,SAMPLING/8BIT/RGB/2400x2400/C00C00/img_2400x2400_3x8bit_C00C00_RGB_apples.png,0883,DIV2K_valid_HR/0883.png,false,34,31,false,not_required,retain
img_2400x2400_3x8bit_C00C00_RGB_apples,SAMPLING/8BIT/RGB/2400x2400/C00C00/img_2400x2400_3x8bit_C00C00_RGB_apples.png,0884,DIV2K_valid_HR/0884.png,false,38,40,false,not_required,retain
img_2400x2400_3x8bit_C00C00_RGB_apples,SAMPLING/8BIT/RGB/2400x2400/C00C00/img_2400x2400_3x8bit_C00C00_RGB_apples.png,0885,DIV2K_valid_HR/0885.png,false,36,39,false,not_required,retain
img_2400x2400_3x8bit_C00C00_RGB_apples,SAMPLING/8BIT/RGB/2400x2400/C00C00/img_2400x2400_3x8bit_C00C00_RGB_apples.png,0886,DIV2K_valid_HR/0886.png,false,30,36,false,not_required,retain
img_2400x2400_3x8bit_C00C00_RGB_apples,SAMPLING/8BIT/RGB/2400x2400/C00C00/img_2400x2400_3x8bit_C00C00_RGB_apples.png,0887,DIV2K_valid_HR/0887.png,false,36,42,false,not_required,retain
img_2400x2400_3x8bit_C00C00_RGB_apples,SAMPLING/8BIT/RGB/2400x2400/C00C00/img_2400x2400_3x8bit_C00C00_RGB_apples.png,0888,DIV2K_valid_HR/0888.png,false,30,26,false,not_required,retain
img_2400x2400_3x8bit_C00C00_RGB_apples,SAMPLING/8BIT/RGB/2400x2400/C00C00/img_2400x2400_3x8bit_C00C00_RGB_apples.png,0889,DIV2K_valid_HR/0889.png,false,38,22,false,not_required,retain
img_2400x2400_3x8bit_C00C00_RGB_apples,SAMPLING/8BIT/RGB/2400x2400/C00C00/img_2400x2400_3x8bit_C00C00_RGB_apples.png,0890,DIV2K_valid_HR/0890.png,false,34,41,false,not_required,retain
img_2400x2400_3x8bit_C00C00_RGB_apples,SAMPLING/8BIT/RGB/2400x2400/C00C00/img_2400x2400_3x8bit_C00C00_RGB_apples.png,0891,DIV2K_valid_HR/0891.png,false,30,33,false,not_required,retain
img_2400x2400_3x8bit_C00C00_RGB_apples,SAMPLING/8BIT/RGB/2400x2400/C00C00/img_2400x2400_3x8bit_C00C00_RGB_apples.png,0892,DIV2K_valid_HR/0892.png,false,34,38,false,not_required,retain
img_2400x2400_3x8bit_C00C00_RGB_apples,SAMPLING/8BIT/RGB/2400x2400/C00C00/img_2400x2400_3x8bit_C00C00_RGB_apples.png,0893,DIV2K_valid_HR/0893.png,false,30,34,false,not_required,retain
img_2400x2400_3x8bit_C00C00_RGB_apples,SAMPLING/8BIT/RGB/2400x2400/C00C00/img_2400x2400_3x8bit_C00C00_RGB_apples.png,0894,DIV2K_valid_HR/0894.png,false,28,34,false,not_required,retain
img_2400x2400_3x8bit_C00C00_RGB_apples,SAMPLING/8BIT/RGB/2400x2400/C00C00/img_2400x2400_3x8bit_C00C00_RGB_apples.png,0895,DIV2K_valid_HR/0895.png,false,32,23,false,not_required,retain
img_2400x2400_3x8bit_C00C00_RGB_apples,SAMPLING/8BIT/RGB/2400x2400/C00C00/img_2400x2400_3x8bit_C00C00_RGB_apples.png,0896,DIV2K_valid_HR/0896.png,false,26,39,false,not_required,retain
img_2400x2400_3x8bit_C00C00_RGB_apples,SAMPLING/8BIT/RGB/2400x2400/C00C00/img_2400x2400_3x8bit_C00C00_RGB_apples.png,0897,DIV2K_valid_HR/0897.png,false,32,31,false,not_required,retain
img_2400x2400_3x8bit_C00C00_RGB_apples,SAMPLING/8BIT/RGB/2400x2400/C00C00/img_2400x2400_3x8bit_C00C00_RGB_apples.png,0898,DIV2K_valid_HR/0898.png,false,38,43,false,not_required,retain
img_2400x2400_3x8bit_C00C00_RGB_apples,SAMPLING/8BIT/RGB/2400x2400/C00C00/img_2400x2400_3x8bit_C00C00_RGB_apples.png,0899,DIV2K_valid_HR/0899.png,false,34,38,false,not_required,retain
img_2400x2400_3x8bit_C00C00_RGB_apples,SAMPLING/8BIT/RGB/2400x2400/C00C00/img_2400x2400_3x8bit_C00C00_RGB_apples.png,0900,DIV2K_valid_HR/0900.png,false,30,34,false,not_required,retain
img_2400x2400_3x8bit_C00C00_RGB_baloons,SAMPLING/8BIT/RGB/2400x2400/C00C00/img_2400x2400_3x8bit_C00C00_RGB_baloons.png,0805,DIV2K_valid_HR/0805.png,false,34,37,false,not_required,retain
img_2400x2400_3x8bit_C00C00_RGB_baloons,SAMPLING/8BIT/RGB/2400x2400/C00C00/img_2400x2400_3x8bit_C00C00_RGB_baloons.png,0806,DIV2K_valid_HR/0806.png,false,26,21,false,not_required,retain
img_2400x2400_3x8bit_C00C00_RGB_baloons,SAMPLING/8BIT/RGB/2400x2400/C00C00/img_2400x2400_3x8bit_C00C00_RGB_baloons.png,0807,DIV2K_valid_HR/0807.png,false,30,23,false,not_required,retain
img_2400x2400_3x8bit_C00C00_RGB_baloons,SAMPLING/8BIT/RGB/2400x2400/C00C00/img_2400x2400_3x8bit_C00C00_RGB_baloons.png,0808,DIV2K_valid_HR/0808.png,false,32,30,false,not_required,retain
img_2400x2400_3x8bit_C00C00_RGB_baloons,SAMPLING/8BIT/RGB/2400x2400/C00C00/img_2400x2400_3x8bit_C00C00_RGB_baloons.png,0809,DIV2K_valid_HR/0809.png,false,26,32,false,not_required,retain
img_2400x2400_3x8bit_C00C00_RGB_baloons,SAMPLING/8BIT/RGB/2400x2400/C00C00/img_2400x2400_3x8bit_C00C00_RGB_baloons.png,0810,DIV2K_valid_HR/0810.png,false,34,27,false,not_required,retain
img_2400x2400_3x8bit_C00C00_RGB_baloons,SAMPLING/8BIT/RGB/2400x2400/C00C00/img_2400x2400_3x8bit_C00C00_RGB_baloons.png,0811,DIV2K_valid_HR/0811.png,false,28,38,false,not_required,retain
img_2400x2400_3x8bit_C00C00_RGB_baloons,SAMPLING/8BIT/RGB/2400x2400/C00C00/img_2400x2400_3x8bit_C00C00_RGB_baloons.png,0812,DIV2K_valid_HR/0812.png,false,30,28,false,not_required,retain
img_2400x2400_3x8bit_C00C00_RGB_baloons,SAMPLING/8BIT/RGB/2400x2400/C00C00/img_2400x2400_3x8bit_C00C00_RGB_baloons.png,0813,DIV2K_valid_HR/0813.png,false,36,37,false,not_required,retain
img_2400x2400_3x8bit_C00C00_RGB_baloons,SAMPLING/8BIT/RGB/2400x2400/C00C00/img_2400x2400_3x8bit_C00C00_RGB_baloons.png,0814,DIV2K_valid_HR/0814.png,false,32,24,false,not_required,retain
img_2400x2400_3x8bit_C00C00_RGB_baloons,SAMPLING/8BIT/RGB/2400x2400/C00C00/img_2400x2400_3x8bit_C00C00_RGB_baloons.png,0815,DIV2K_valid_HR/0815.png,false,34,36,false,not_required,retain
img_2400x2400_3x8bit_C00C00_RGB_baloons,SAMPLING/8BIT/RGB/2400x2400/C00C00/img_2400x2400_3x8bit_C00C00_RGB_baloons.png,0816,DIV2K_valid_HR/0816.png,false,30,30,false,not_required,retain
img_2400x2400_3x8bit_C00C00_RGB_baloons,SAMPLING/8BIT/RGB/2400x2400/C00C00/img_2400x2400_3x8bit_C00C00_RGB_baloons.png,0817,DIV2K_valid_HR/0817.png,false,26,33,false,not_required,retain
img_2400x2400_3x8bit_C00C00_RGB_baloons,SAMPLING/8BIT/RGB/2400x2400/C00C00/img_2400x2400_3x8bit_C00C00_RGB_baloons.png,0818,DIV2K_valid_HR/0818.png,false,40,34,false,not_required,retain
img_2400x2400_3x8bit_C00C00_RGB_baloons,SAMPLING/8BIT/RGB/2400x2400/C00C00/img_2400x2400_3x8bit_C00C00_RGB_baloons.png,0819,DIV2K_valid_HR/0819.png,false,28,29,false,not_required,retain
img_2400x2400_3x8bit_C00C00_RGB_baloons,SAMPLING/8BIT/RGB/2400x2400/C00C00/img_2400x2400_3x8bit_C00C00_RGB_baloons.png,0820,DIV2K_valid_HR/0820.png,false,44,38,false,not_required,retain
img_2400x2400_3x8bit_C00C00_RGB_baloons,SAMPLING/8BIT/RGB/2400x2400/C00C00/img_2400x2400_3x8bit_C00C00_RGB_baloons.png,0821,DIV2K_valid_HR/0821.png,false,30,31,false,not_required,retain
img_2400x2400_3x8bit_C00C00_RGB_baloons,SAMPLING/8BIT/RGB/2400x2400/C00C00/img_2400x2400_3x8bit_C00C00_RGB_baloons.png,0822,DIV2K_valid_HR/0822.png,false,28,29,false,not_required,retain
img_2400x2400_3x8bit_C00C00_RGB_baloons,SAMPLING/8BIT/RGB/2400x2400/C00C00/img_2400x2400_3x8bit_C00C00_RGB_baloons.png,0823,DIV2K_valid_HR/0823.png,false,28,39,false,not_required,retain
img_2400x2400_3x8bit_C00C00_RGB_baloons,SAMPLING/8BIT/RGB/2400x2400/C00C00/img_2400x2400_3x8bit_C00C00_RGB_baloons.png,0824,DIV2K_valid_HR/0824.png,false,26,27,false,not_required,retain
img_2400x2400_3x8bit_C00C00_RGB_baloons,SAMPLING/8BIT/RGB/2400x2400/C00C00/img_2400x2400_3x8bit_C00C00_RGB_baloons.png,0825,DIV2K_valid_HR/0825.png,false,34,32,false,not_required,retain
img_2400x2400_3x8bit_C00C00_RGB_baloons,SAMPLING/8BIT/RGB/2400x2400/C00C00/img_2400x2400_3x8bit_C00C00_RGB_baloons.png,0826,DIV2K_valid_HR/0826.png,false,30,36,false,not_required,retain
img_2400x2400_3x8bit_C00C00_RGB_baloons,SAMPLING/8BIT/RGB/2400x2400/C00C00/img_2400x2400_3x8bit_C00C00_RGB_baloons.png,0827,DIV2K_valid_HR/0827.png,false,32,27,false,not_required,retain
img_2400x2400_3x8bit_C00C00_RGB_baloons,SAMPLING/8BIT/RGB/2400x2400/C00C00/img_2400x2400_3x8bit_C00C00_RGB_baloons.png,0828,DIV2K_valid_HR/0828.png,false,32,38,false,not_required,retain
img_2400x2400_3x8bit_C00C00_RGB_baloons,SAMPLING/8BIT/RGB/2400x2400/C00C00/img_2400x2400_3x8bit_C00C00_RGB_baloons.png,0829,DIV2K_valid_HR/0829.png,false,34,32,false,not_required,retain
img_2400x2400_3x8bit_C00C00_RGB_baloons,SAMPLING/8BIT/RGB/2400x2400/C00C00/img_2400x2400_3x8bit_C00C00_RGB_baloons.png,0830,DIV2K_valid_HR/0830.png,false,30,26,false,not_required,retain
img_2400x2400_3x8bit_C00C00_RGB_baloons,SAMPLING/8BIT/RGB/2400x2400/C00C00/img_2400x2400_3x8bit_C00C00_RGB_baloons.png,0831,DIV2K_valid_HR/0831.png,false,30,32,false,not_required,retain
img_2400x2400_3x8bit_C00C00_RGB_baloons,SAMPLING/8BIT/RGB/2400x2400/C00C00/img_2400x2400_3x8bit_C00C00_RGB_baloons.png,0832,DIV2K_valid_HR/0832.png,false,34,32,false,not_required,retain
img_2400x2400_3x8bit_C00C00_RGB_baloons,SAMPLING/8BIT/RGB/2400x2400/C00C00/img_2400x2400_3x8bit_C00C00_RGB_baloons.png,0833,DIV2K_valid_HR/0833.png,false,22,22,false,not_required,retain
img_2400x2400_3x8bit_C00C00_RGB_baloons,SAMPLING/8BIT/RGB/2400x2400/C00C00/img_2400x2400_3x8bit_C00C00_RGB_baloons.png,0834,DIV2K_valid_HR/0834.png,false,26,32,false,not_required,retain
img_2400x2400_3x8bit_C00C00_RGB_baloons,SAMPLING/8BIT/RGB/2400x2400/C00C00/img_2400x2400_3x8bit_C00C00_RGB_baloons.png,0835,DIV2K_valid_HR/0835.png,false,30,34,false,not_required,retain
img_2400x2400_3x8bit_C00C00_RGB_baloons,SAMPLING/8BIT/RGB/2400x2400/C00C00/img_2400x2400_3x8bit_C00C00_RGB_baloons.png,0836,DIV2K_valid_HR/0836.png,false,22,29,false,not_required,retain
img_2400x2400_3x8bit_C00C00_RGB_baloons,SAMPLING/8BIT/RGB/2400x2400/C00C00/img_2400x2400_3x8bit_C00C00_RGB_baloons.png,0837,DIV2K_valid_HR/0837.png,false,42,34,false,not_required,retain
img_2400x2400_3x8bit_C00C00_RGB_baloons,SAMPLING/8BIT/RGB/2400x2400/C00C00/img_2400x2400_3x8bit_C00C00_RGB_baloons.png,0838,DIV2K_valid_HR/0838.png,false,24,32,false,not_required,retain
img_2400x2400_3x8bit_C00C00_RGB_baloons,SAMPLING/8BIT/RGB/2400x2400/C00C00/img_2400x2400_3x8bit_C00C00_RGB_baloons.png,0839,DIV2K_valid_HR/0839.png,false,32,37,false,not_required,retain
img_2400x2400_3x8bit_C00C00_RGB_baloons,SAMPLING/8BIT/RGB/2400x2400/C00C00/img_2400x2400_3x8bit_C00C00_RGB_baloons.png,0840,DIV2K_valid_HR/0840.png,false,34,39,false,not_required,retain
img_2400x2400_3x8bit_C00C00_RGB_baloons,SAMPLING/8BIT/RGB/2400x2400/C00C00/img_2400x2400_3x8bit_C00C00_RGB_baloons.png,0841,DIV2K_valid_HR/0841.png,false,34,34,false,not_required,retain
img_2400x2400_3x8bit_C00C00_RGB_baloons,SAMPLING/8BIT/RGB/2400x2400/C00C00/img_2400x2400_3x8bit_C00C00_RGB_baloons.png,0842,DIV2K_valid_HR/0842.png,false,30,36,false,not_required,retain
img_2400x2400_3x8bit_C00C00_RGB_baloons,SAMPLING/8BIT/RGB/2400x2400/C00C00/img_2400x2400_3x8bit_C00C00_RGB_baloons.png,0843,DIV2K_valid_HR/0843.png,false,34,34,false,not_required,retain
img_2400x2400_3x8bit_C00C00_RGB_baloons,SAMPLING/8BIT/RGB/2400x2400/C00C00/img_2400x2400_3x8bit_C00C00_RGB_baloons.png,0844,DIV2K_valid_HR/0844.png,false,38,34,false,not_required,retain
img_2400x2400_3x8bit_C00C00_RGB_baloons,SAMPLING/8BIT/RGB/2400x2400/C00C00/img_2400x2400_3x8bit_C00C00_RGB_baloons.png,0845,DIV2K_valid_HR/0845.png,false,34,27,false,not_required,retain
img_2400x2400_3x8bit_C00C00_RGB_baloons,SAMPLING/8BIT/RGB/2400x2400/C00C00/img_2400x2400_3x8bit_C00C00_RGB_baloons.png,0846,DIV2K_valid_HR/0846.png,false,28,31,false,not_required,retain
img_2400x2400_3x8bit_C00C00_RGB_baloons,SAMPLING/8BIT/RGB/2400x2400/C00C00/img_2400x2400_3x8bit_C00C00_RGB_baloons.png,0847,DIV2K_valid_HR/0847.png,false,38,31,false,not_required,retain
img_2400x2400_3x8bit_C00C00_RGB_baloons,SAMPLING/8BIT/RGB/2400x2400/C00C00/img_2400x2400_3x8bit_C00C00_RGB_baloons.png,0848,DIV2K_valid_HR/0848.png,false,34,29,false,not_required,retain
img_2400x2400_3x8bit_C00C00_RGB_baloons,SAMPLING/8BIT/RGB/2400x2400/C00C00/img_2400x2400_3x8bit_C00C00_RGB_baloons.png,0849,DIV2K_valid_HR/0849.png,false,32,34,false,not_required,retain
img_2400x2400_3x8bit_C00C00_RGB_baloons,SAMPLING/8BIT/RGB/2400x2400/C00C00/img_2400x2400_3x8bit_C00C00_RGB_baloons.png,0850,DIV2K_valid_HR/0850.png,false,32,37,false,not_required,retain
img_2400x2400_3x8bit_C00C00_RGB_baloons,SAMPLING/8BIT/RGB/2400x2400/C00C00/img_2400x2400_3x8bit_C00C00_RGB_baloons.png,0851,DIV2K_valid_HR/0851.png,false,32,28,false,not_required,retain
img_2400x2400_3x8bit_C00C00_RGB_baloons,SAMPLING/8BIT/RGB/2400x2400/C00C00/img_2400x2400_3x8bit_C00C00_RGB_baloons.png,0852,DIV2K_valid_HR/0852.png,false,34,30,false,not_required,retain
img_2400x2400_3x8bit_C00C00_RGB_baloons,SAMPLING/8BIT/RGB/2400x2400/C00C00/img_2400x2400_3x8bit_C00C00_RGB_baloons.png,0853,DIV2K_valid_HR/0853.png,false,34,39,false,not_required,retain
img_2400x2400_3x8bit_C00C00_RGB_baloons,SAMPLING/8BIT/RGB/2400x2400/C00C00/img_2400x2400_3x8bit_C00C00_RGB_baloons.png,0854,DIV2K_valid_HR/0854.png,false,38,40,false,not_required,retain
img_2400x2400_3x8bit_C00C00_RGB_baloons,SAMPLING/8BIT/RGB/2400x2400/C00C00/img_2400x2400_3x8bit_C00C00_RGB_baloons.png,0855,DIV2K_valid_HR/0855.png,false,30,30,false,not_required,retain
img_2400x2400_3x8bit_C00C00_RGB_baloons,SAMPLING/8BIT/RGB/2400x2400/C00C00/img_2400x2400_3x8bit_C00C00_RGB_baloons.png,0856,DIV2K_valid_HR/0856.png,false,30,35,false,not_required,retain
img_2400x2400_3x8bit_C00C00_RGB_baloons,SAMPLING/8BIT/RGB/2400x2400/C00C00/img_2400x2400_3x8bit_C00C00_RGB_baloons.png,0857,DIV2K_valid_HR/0857.png,false,28,28,false,not_required,retain
img_2400x2400_3x8bit_C00C00_RGB_baloons,SAMPLING/8BIT/RGB/2400x2400/C00C00/img_2400x2400_3x8bit_C00C00_RGB_baloons.png,0858,DIV2K_valid_HR/0858.png,false,26,28,false,not_required,retain
img_2400x2400_3x8bit_C00C00_RGB_baloons,SAMPLING/8BIT/RGB/2400x2400/C00C00/img_2400x2400_3x8bit_C00C00_RGB_baloons.png,0859,DIV2K_valid_HR/0859.png,false,38,33,false,not_required,retain
img_2400x2400_3x8bit_C00C00_RGB_baloons,SAMPLING/8BIT/RGB/2400x2400/C00C00/img_2400x2400_3x8bit_C00C00_RGB_baloons.png,0860,DIV2K_valid_HR/0860.png,false,26,26,false,not_required,retain
img_2400x2400_3x8bit_C00C00_RGB_baloons,SAMPLING/8BIT/RGB/2400x2400/C00C00/img_2400x2400_3x8bit_C00C00_RGB_baloons.png,0861,DIV2K_valid_HR/0861.png,false,32,33,false,not_required,retain
img_2400x2400_3x8bit_C00C00_RGB_baloons,SAMPLING/8BIT/RGB/2400x2400/C00C00/img_2400x2400_3x8bit_C00C00_RGB_baloons.png,0862,DIV2K_valid_HR/0862.png,false,30,29,false,not_required,retain
img_2400x2400_3x8bit_C00C00_RGB_baloons,SAMPLING/8BIT/RGB/2400x2400/C00C00/img_2400x2400_3x8bit_C00C00_RGB_baloons.png,0863,DIV2K_valid_HR/0863.png,false,26,29,false,not_required,retain
img_2400x2400_3x8bit_C00C00_RGB_baloons,SAMPLING/8BIT/RGB/2400x2400/C00C00/img_2400x2400_3x8bit_C00C00_RGB_baloons.png,0864,DIV2K_valid_HR/0864.png,false,34,34,false,not_required,retain
img_2400x2400_3x8bit_C00C00_RGB_baloons,SAMPLING/8BIT/RGB/2400x2400/C00C00/img_2400x2400_3x8bit_C00C00_RGB_baloons.png,0865,DIV2K_valid_HR/0865.png,false,28,36,false,not_required,retain
img_2400x2400_3x8bit_C00C00_RGB_baloons,SAMPLING/8BIT/RGB/2400x2400/C00C00/img_2400x2400_3x8bit_C00C00_RGB_baloons.png,0866,DIV2K_valid_HR/0866.png,false,24,27,false,not_required,retain
img_2400x2400_3x8bit_C00C00_RGB_baloons,SAMPLING/8BIT/RGB/2400x2400/C00C00/img_2400x2400_3x8bit_C00C00_RGB_baloons.png,0867,DIV2K_valid_HR/0867.png,false,36,37,false,not_required,retain
img_2400x2400_3x8bit_C00C00_RGB_baloons,SAMPLING/8BIT/RGB/2400x2400/C00C00/img_2400x2400_3x8bit_C00C00_RGB_baloons.png,0868,DIV2K_valid_HR/0868.png,false,26,38,false,not_required,retain
img_2400x2400_3x8bit_C00C00_RGB_baloons,SAMPLING/8BIT/RGB/2400x2400/C00C00/img_2400x2400_3x8bit_C00C00_RGB_baloons.png,0869,DIV2K_valid_HR/0869.png,false,32,32,false,not_required,retain
img_2400x2400_3x8bit_C00C00_RGB_baloons,SAMPLING/8BIT/RGB/2400x2400/C00C00/img_2400x2400_3x8bit_C00C00_RGB_baloons.png,0870,DIV2K_valid_HR/0870.png,false,26,35,false,not_required,retain
img_2400x2400_3x8bit_C00C00_RGB_baloons,SAMPLING/8BIT/RGB/2400x2400/C00C00/img_2400x2400_3x8bit_C00C00_RGB_baloons.png,0871,DIV2K_valid_HR/0871.png,false,34,36,false,not_required,retain
img_2400x2400_3x8bit_C00C00_RGB_baloons,SAMPLING/8BIT/RGB/2400x2400/C00C00/img_2400x2400_3x8bit_C00C00_RGB_baloons.png,0872,DIV2K_valid_HR/0872.png,false,36,25,false,not_required,retain
img_2400x2400_3x8bit_C00C00_RGB_baloons,SAMPLING/8BIT/RGB/2400x2400/C00C00/img_2400x2400_3x8bit_C00C00_RGB_baloons.png,0873,DIV2K_valid_HR/0873.png,false,26,27,false,not_required,retain
img_2400x2400_3x8bit_C00C00_RGB_baloons,SAMPLING/8BIT/RGB/2400x2400/C00C00/img_2400x2400_3x8bit_C00C00_RGB_baloons.png,0874,DIV2K_valid_HR/0874.png,false,30,34,false,not_required,retain
img_2400x2400_3x8bit_C00C00_RGB_baloons,SAMPLING/8BIT/RGB/2400x2400/C00C00/img_2400x2400_3x8bit_C00C00_RGB_baloons.png,0875,DIV2K_valid_HR/0875.png,false,42,28,false,not_required,retain
img_2400x2400_3x8bit_C00C00_RGB_baloons,SAMPLING/8BIT/RGB/2400x2400/C00C00/img_2400x2400_3x8bit_C00C00_RGB_baloons.png,0876,DIV2K_valid_HR/0876.png,false,30,34,false,not_required,retain
img_2400x2400_3x8bit_C00C00_RGB_baloons,SAMPLING/8BIT/RGB/2400x2400/C00C00/img_2400x2400_3x8bit_C00C00_RGB_baloons.png,0877,DIV2K_valid_HR/0877.png,false,32,31,false,not_required,retain
img_2400x2400_3x8bit_C00C00_RGB_baloons,SAMPLING/8BIT/RGB/2400x2400/C00C00/img_2400x2400_3x8bit_C00C00_RGB_baloons.png,0878,DIV2K_valid_HR/0878.png,false,36,37,false,not_required,retain
img_2400x2400_3x8bit_C00C00_RGB_baloons,SAMPLING/8BIT/RGB/2400x2400/C00C00/img_2400x2400_3x8bit_C00C00_RGB_baloons.png,0879,DIV2K_valid_HR/0879.png,false,24,33,false,not_required,retain
img_2400x2400_3x8bit_C00C00_RGB_baloons,SAMPLING/8BIT/RGB/2400x2400/C00C00/img_2400x2400_3x8bit_C00C00_RGB_baloons.png,0880,DIV2K_valid_HR/0880.png,false,32,28,false,not_required,retain
img_2400x2400_3x8bit_C00C00_RGB_baloons,SAMPLING/8BIT/RGB/2400x2400/C00C00/img_2400x2400_3x8bit_C00C00_RGB_baloons.png,0881,DIV2K_valid_HR/0881.png,false,28,40,false,not_required,retain
img_2400x2400_3x8bit_C00C00_RGB_baloons,SAMPLING/8BIT/RGB/2400x2400/C00C00/img_2400x2400_3x8bit_C00C00_RGB_baloons.png,0882,DIV2K_valid_HR/0882.png,false,28,26,false,not_required,retain
img_2400x2400_3x8bit_C00C00_RGB_baloons,SAMPLING/8BIT/RGB/2400x2400/C00C00/img_2400x2400_3x8bit_C00C00_RGB_baloons.png,0883,DIV2K_valid_HR/0883.png,false,28,29,false,not_required,retain
img_2400x2400_3x8bit_C00C00_RGB_baloons,SAMPLING/8BIT/RGB/2400x2400/C00C00/img_2400x2400_3x8bit_C00C00_RGB_baloons.png,0884,DIV2K_valid_HR/0884.png,false,34,34,false,not_required,retain
img_2400x2400_3x8bit_C00C00_RGB_baloons,SAMPLING/8BIT/RGB/2400x2400/C00C00/img_2400x2400_3x8bit_C00C00_RGB_baloons.png,0885,DIV2K_valid_HR/0885.png,false,32,31,false,not_required,retain
img_2400x2400_3x8bit_C00C00_RGB_baloons,SAMPLING/8BIT/RGB/2400x2400/C00C00/img_2400x2400_3x8bit_C00C00_RGB_baloons.png,0886,DIV2K_valid_HR/0886.png,false,40,34,false,not_required,retain
img_2400x2400_3x8bit_C00C00_RGB_baloons,SAMPLING/8BIT/RGB/2400x2400/C00C00/img_2400x2400_3x8bit_C00C00_RGB_baloons.png,0887,DIV2K_valid_HR/0887.png,false,28,34,false,not_required,retain
img_2400x2400_3x8bit_C00C00_RGB_baloons,SAMPLING/8BIT/RGB/2400x2400/C00C00/img_2400x2400_3x8bit_C00C00_RGB_baloons.png,0888,DIV2K_valid_HR/0888.png,false,34,26,false,not_required,retain
img_2400x2400_3x8bit_C00C00_RGB_baloons,SAMPLING/8BIT/RGB/2400x2400/C00C00/img_2400x2400_3x8bit_C00C00_RGB_baloons.png,0889,DIV2K_valid_HR/0889.png,false,30,28,false,not_required,retain
img_2400x2400_3x8bit_C00C00_RGB_baloons,SAMPLING/8BIT/RGB/2400x2400/C00C00/img_2400x2400_3x8bit_C00C00_RGB_baloons.png,0890,DIV2K_valid_HR/0890.png,false,22,33,false,not_required,retain
img_2400x2400_3x8bit_C00C00_RGB_baloons,SAMPLING/8BIT/RGB/2400x2400/C00C00/img_2400x2400_3x8bit_C00C00_RGB_baloons.png,0891,DIV2K_valid_HR/0891.png,false,28,35,false,not_required,retain
img_2400x2400_3x8bit_C00C00_RGB_baloons,SAMPLING/8BIT/RGB/2400x2400/C00C00/img_2400x2400_3x8bit_C00C00_RGB_baloons.png,0892,DIV2K_valid_HR/0892.png,false,36,34,false,not_required,retain
img_2400x2400_3x8bit_C00C00_RGB_baloons,SAMPLING/8BIT/RGB/2400x2400/C00C00/img_2400x2400_3x8bit_C00C00_RGB_baloons.png,0893,DIV2K_valid_HR/0893.png,false,30,32,false,not_required,retain
img_2400x2400_3x8bit_C00C00_RGB_baloons,SAMPLING/8BIT/RGB/2400x2400/C00C00/img_2400x2400_3x8bit_C00C00_RGB_baloons.png,0894,DIV2K_valid_HR/0894.png,false,34,32,false,not_required,retain
img_2400x2400_3x8bit_C00C00_RGB_baloons,SAMPLING/8BIT/RGB/2400x2400/C00C00/img_2400x2400_3x8bit_C00C00_RGB_baloons.png,0895,DIV2K_valid_HR/0895.png,false,26,37,false,not_required,retain
img_2400x2400_3x8bit_C00C00_RGB_baloons,SAMPLING/8BIT/RGB/2400x2400/C00C00/img_2400x2400_3x8bit_C00C00_RGB_baloons.png,0896,DIV2K_valid_HR/0896.png,false,24,35,false,not_required,retain
img_2400x2400_3x8bit_C00C00_RGB_baloons,SAMPLING/8BIT/RGB/2400x2400/C00C00/img_2400x2400_3x8bit_C00C00_RGB_baloons.png,0897,DIV2K_valid_HR/0897.png,false,34,33,false,not_required,retain
img_2400x2400_3x8bit_C00C00_RGB_baloons,SAMPLING/8BIT/RGB/2400x2400/C00C00/img_2400x2400_3x8bit_C00C00_RGB_baloons.png,0898,DIV2K_valid_HR/0898.png,false,36,29,false,not_required,retain
img_2400x2400_3x8bit_C00C00_RGB_baloons,SAMPLING/8BIT/RGB/2400x2400/C00C00/img_2400x2400_3x8bit_C00C00_RGB_baloons.png,0899,DIV2K_valid_HR/0899.png,false,24,36,false,not_required,retain
img_2400x2400_3x8bit_C00C00_RGB_baloons,SAMPLING/8BIT/RGB/2400x2400/C00C00/img_2400x2400_3x8bit_C00C00_RGB_baloons.png,0900,DIV2K_valid_HR/0900.png,false,26,32,false,not_required,retain
img_2400x2400_3x8bit_C00C00_RGB_bananas,SAMPLING/8BIT/RGB/2400x2400/C00C00/img_2400x2400_3x8bit_C00C00_RGB_bananas.png,0805,DIV2K_valid_HR/0805.png,false,28,27,false,not_required,retain
img_2400x2400_3x8bit_C00C00_RGB_bananas,SAMPLING/8BIT/RGB/2400x2400/C00C00/img_2400x2400_3x8bit_C00C00_RGB_bananas.png,0806,DIV2K_valid_HR/0806.png,false,30,25,false,not_required,retain
img_2400x2400_3x8bit_C00C00_RGB_bananas,SAMPLING/8BIT/RGB/2400x2400/C00C00/img_2400x2400_3x8bit_C00C00_RGB_bananas.png,0807,DIV2K_valid_HR/0807.png,false,28,39,false,not_required,retain
img_2400x2400_3x8bit_C00C00_RGB_bananas,SAMPLING/8BIT/RGB/2400x2400/C00C00/img_2400x2400_3x8bit_C00C00_RGB_bananas.png,0808,DIV2K_valid_HR/0808.png,false,32,28,false,not_required,retain
img_2400x2400_3x8bit_C00C00_RGB_bananas,SAMPLING/8BIT/RGB/2400x2400/C00C00/img_2400x2400_3x8bit_C00C00_RGB_bananas.png,0809,DIV2K_valid_HR/0809.png,false,32,34,false,not_required,retain
img_2400x2400_3x8bit_C00C00_RGB_bananas,SAMPLING/8BIT/RGB/2400x2400/C00C00/img_2400x2400_3x8bit_C00C00_RGB_bananas.png,0810,DIV2K_valid_HR/0810.png,false,32,31,false,not_required,retain
img_2400x2400_3x8bit_C00C00_RGB_bananas,SAMPLING/8BIT/RGB/2400x2400/C00C00/img_2400x2400_3x8bit_C00C00_RGB_bananas.png,0811,DIV2K_valid_HR/0811.png,false,38,28,false,not_required,retain
img_2400x2400_3x8bit_C00C00_RGB_bananas,SAMPLING/8BIT/RGB/2400x2400/C00C00/img_2400x2400_3x8bit_C00C00_RGB_bananas.png,0812,DIV2K_valid_HR/0812.png,false,22,34,false,not_required,retain
img_2400x2400_3x8bit_C00C00_RGB_bananas,SAMPLING/8BIT/RGB/2400x2400/C00C00/img_2400x2400_3x8bit_C00C00_RGB_bananas.png,0813,DIV2K_valid_HR/0813.png,false,30,29,false,not_required,retain
img_2400x2400_3x8bit_C00C00_RGB_bananas,SAMPLING/8BIT/RGB/2400x2400/C00C00/img_2400x2400_3x8bit_C00C00_RGB_bananas.png,0814,DIV2K_valid_HR/0814.png,false,26,34,false,not_required,retain
img_2400x2400_3x8bit_C00C00_RGB_bananas,SAMPLING/8BIT/RGB/2400x2400/C00C00/img_2400x2400_3x8bit_C00C00_RGB_bananas.png,0815,DIV2K_valid_HR/0815.png,false,32,32,false,not_required,retain
img_2400x2400_3x8bit_C00C00_RGB_bananas,SAMPLING/8BIT/RGB/2400x2400/C00C00/img_2400x2400_3x8bit_C00C00_RGB_bananas.png,0816,DIV2K_valid_HR/0816.png,false,30,26,false,not_required,retain
img_2400x2400_3x8bit_C00C00_RGB_bananas,SAMPLING/8BIT/RGB/2400x2400/C00C00/img_2400x2400_3x8bit_C00C00_RGB_bananas.png,0817,DIV2K_valid_HR/0817.png,false,36,31,false,not_required,retain
img_2400x2400_3x8bit_C00C00_RGB_bananas,SAMPLING/8BIT/RGB/2400x2400/C00C00/img_2400x2400_3x8bit_C00C00_RGB_bananas.png,0818,DIV2K_valid_HR/0818.png,false,36,30,false,not_required,retain
img_2400x2400_3x8bit_C00C00_RGB_bananas,SAMPLING/8BIT/RGB/2400x2400/C00C00/img_2400x2400_3x8bit_C00C00_RGB_bananas.png,0819,DIV2K_valid_HR/0819.png,false,36,41,false,not_required,retain
img_2400x2400_3x8bit_C00C00_RGB_bananas,SAMPLING/8BIT/RGB/2400x2400/C00C00/img_2400x2400_3x8bit_C00C00_RGB_bananas.png,0820,DIV2K_valid_HR/0820.png,false,36,30,false,not_required,retain
img_2400x2400_3x8bit_C00C00_RGB_bananas,SAMPLING/8BIT/RGB/2400x2400/C00C00/img_2400x2400_3x8bit_C00C00_RGB_bananas.png,0821,DIV2K_valid_HR/0821.png,false,34,33,false,not_required,retain
img_2400x2400_3x8bit_C00C00_RGB_bananas,SAMPLING/8BIT/RGB/2400x2400/C00C00/img_2400x2400_3x8bit_C00C00_RGB_bananas.png,0822,DIV2K_valid_HR/0822.png,false,34,27,false,not_required,retain
img_2400x2400_3x8bit_C00C00_RGB_bananas,SAMPLING/8BIT/RGB/2400x2400/C00C00/img_2400x2400_3x8bit_C00C00_RGB_bananas.png,0823,DIV2K_valid_HR/0823.png,false,32,41,false,not_required,retain
img_2400x2400_3x8bit_C00C00_RGB_bananas,SAMPLING/8BIT/RGB/2400x2400/C00C00/img_2400x2400_3x8bit_C00C00_RGB_bananas.png,0824,DIV2K_valid_HR/0824.png,false,36,31,false,not_required,retain
img_2400x2400_3x8bit_C00C00_RGB_bananas,SAMPLING/8BIT/RGB/2400x2400/C00C00/img_2400x2400_3x8bit_C00C00_RGB_bananas.png,0825,DIV2K_valid_HR/0825.png,false,32,30,false,not_required,retain
img_2400x2400_3x8bit_C00C00_RGB_bananas,SAMPLING/8BIT/RGB/2400x2400/C00C00/img_2400x2400_3x8bit_C00C00_RGB_bananas.png,0826,DIV2K_valid_HR/0826.png,false,36,24,false,not_required,retain
img_2400x2400_3x8bit_C00C00_RGB_bananas,SAMPLING/8BIT/RGB/2400x2400/C00C00/img_2400x2400_3x8bit_C00C00_RGB_bananas.png,0827,DIV2K_valid_HR/0827.png,false,32,37,false,not_required,retain
img_2400x2400_3x8bit_C00C00_RGB_bananas,SAMPLING/8BIT/RGB/2400x2400/C00C00/img_2400x2400_3x8bit_C00C00_RGB_bananas.png,0828,DIV2K_valid_HR/0828.png,false,26,30,false,not_required,retain
img_2400x2400_3x8bit_C00C00_RGB_bananas,SAMPLING/8BIT/RGB/2400x2400/C00C00/img_2400x2400_3x8bit_C00C00_RGB_bananas.png,0829,DIV2K_valid_HR/0829.png,false,32,30,false,not_required,retain
img_2400x2400_3x8bit_C00C00_RGB_bananas,SAMPLING/8BIT/RGB/2400x2400/C00C00/img_2400x2400_3x8bit_C00C00_RGB_bananas.png,0830,DIV2K_valid_HR/0830.png,false,26,34,false,not_required,retain
img_2400x2400_3x8bit_C00C00_RGB_bananas,SAMPLING/8BIT/RGB/2400x2400/C00C00/img_2400x2400_3x8bit_C00C00_RGB_bananas.png,0831,DIV2K_valid_HR/0831.png,false,32,32,false,not_required,retain
img_2400x2400_3x8bit_C00C00_RGB_bananas,SAMPLING/8BIT/RGB/2400x2400/C00C00/img_2400x2400_3x8bit_C00C00_RGB_bananas.png,0832,DIV2K_valid_HR/0832.png,false,32,30,false,not_required,retain
img_2400x2400_3x8bit_C00C00_RGB_bananas,SAMPLING/8BIT/RGB/2400x2400/C00C00/img_2400x2400_3x8bit_C00C00_RGB_bananas.png,0833,DIV2K_valid_HR/0833.png,false,40,30,false,not_required,retain
img_2400x2400_3x8bit_C00C00_RGB_bananas,SAMPLING/8BIT/RGB/2400x2400/C00C00/img_2400x2400_3x8bit_C00C00_RGB_bananas.png,0834,DIV2K_valid_HR/0834.png,false,28,30,false,not_required,retain
img_2400x2400_3x8bit_C00C00_RGB_bananas,SAMPLING/8BIT/RGB/2400x2400/C00C00/img_2400x2400_3x8bit_C00C00_RGB_bananas.png,0835,DIV2K_valid_HR/0835.png,false,28,28,false,not_required,retain
img_2400x2400_3x8bit_C00C00_RGB_bananas,SAMPLING/8BIT/RGB/2400x2400/C00C00/img_2400x2400_3x8bit_C00C00_RGB_bananas.png,0836,DIV2K_valid_HR/0836.png,false,32,33,false,not_required,retain
img_2400x2400_3x8bit_C00C00_RGB_bananas,SAMPLING/8BIT/RGB/2400x2400/C00C00/img_2400x2400_3x8bit_C00C00_RGB_bananas.png,0837,DIV2K_valid_HR/0837.png,false,32,30,false,not_required,retain
img_2400x2400_3x8bit_C00C00_RGB_bananas,SAMPLING/8BIT/RGB/2400x2400/C00C00/img_2400x2400_3x8bit_C00C00_RGB_bananas.png,0838,DIV2K_valid_HR/0838.png,false,36,34,false,not_required,retain
img_2400x2400_3x8bit_C00C00_RGB_bananas,SAMPLING/8BIT/RGB/2400x2400/C00C00/img_2400x2400_3x8bit_C00C00_RGB_bananas.png,0839,DIV2K_valid_HR/0839.png,false,34,39,false,not_required,retain
img_2400x2400_3x8bit_C00C00_RGB_bananas,SAMPLING/8BIT/RGB/2400x2400/C00C00/img_2400x2400_3x8bit_C00C00_RGB_bananas.png,0840,DIV2K_valid_HR/0840.png,false,34,31,false,not_required,retain
img_2400x2400_3x8bit_C00C00_RGB_bananas,SAMPLING/8BIT/RGB/2400x2400/C00C00/img_2400x2400_3x8bit_C00C00_RGB_bananas.png,0841,DIV2K_valid_HR/0841.png,false,34,32,false,not_required,retain
img_2400x2400_3x8bit_C00C00_RGB_bananas,SAMPLING/8BIT/RGB/2400x2400/C00C00/img_2400x2400_3x8bit_C00C00_RGB_bananas.png,0842,DIV2K_valid_HR/0842.png,false,36,36,false,not_required,retain
img_2400x2400_3x8bit_C00C00_RGB_bananas,SAMPLING/8BIT/RGB/2400x2400/C00C00/img_2400x2400_3x8bit_C00C00_RGB_bananas.png,0843,DIV2K_valid_HR/0843.png,false,30,34,false,not_required,retain
img_2400x2400_3x8bit_C00C00_RGB_bananas,SAMPLING/8BIT/RGB/2400x2400/C00C00/img_2400x2400_3x8bit_C00C00_RGB_bananas.png,0844,DIV2K_valid_HR/0844.png,false,30,36,false,not_required,retain
img_2400x2400_3x8bit_C00C00_RGB_bananas,SAMPLING/8BIT/RGB/2400x2400/C00C00/img_2400x2400_3x8bit_C00C00_RGB_bananas.png,0845,DIV2K_valid_HR/0845.png,false,32,23,false,not_required,retain
img_2400x2400_3x8bit_C00C00_RGB_bananas,SAMPLING/8BIT/RGB/2400x2400/C00C00/img_2400x2400_3x8bit_C00C00_RGB_bananas.png,0846,DIV2K_valid_HR/0846.png,false,32,35,false,not_required,retain
img_2400x2400_3x8bit_C00C00_RGB_bananas,SAMPLING/8BIT/RGB/2400x2400/C00C00/img_2400x2400_3x8bit_C00C00_RGB_bananas.png,0847,DIV2K_valid_HR/0847.png,false,34,31,false,not_required,retain
img_2400x2400_3x8bit_C00C00_RGB_bananas,SAMPLING/8BIT/RGB/2400x2400/C00C00/img_2400x2400_3x8bit_C00C00_RGB_bananas.png,0848,DIV2K_valid_HR/0848.png,false,26,29,false,not_required,retain
img_2400x2400_3x8bit_C00C00_RGB_bananas,SAMPLING/8BIT/RGB/2400x2400/C00C00/img_2400x2400_3x8bit_C00C00_RGB_bananas.png,0849,DIV2K_valid_HR/0849.png,false,22,24,false,not_required,retain
img_2400x2400_3x8bit_C00C00_RGB_bananas,SAMPLING/8BIT/RGB/2400x2400/C00C00/img_2400x2400_3x8bit_C00C00_RGB_bananas.png,0850,DIV2K_valid_HR/0850.png,false,34,29,false,not_required,retain
img_2400x2400_3x8bit_C00C00_RGB_bananas,SAMPLING/8BIT/RGB/2400x2400/C00C00/img_2400x2400_3x8bit_C00C00_RGB_bananas.png,0851,DIV2K_valid_HR/0851.png,false,30,34,false,not_required,retain
img_2400x2400_3x8bit_C00C00_RGB_bananas,SAMPLING/8BIT/RGB/2400x2400/C00C00/img_2400x2400_3x8bit_C00C00_RGB_bananas.png,0852,DIV2K_valid_HR/0852.png,false,28,34,false,not_required,retain
img_2400x2400_3x8bit_C00C00_RGB_bananas,SAMPLING/8BIT/RGB/2400x2400/C00C00/img_2400x2400_3x8bit_C00C00_RGB_bananas.png,0853,DIV2K_valid_HR/0853.png,false,30,35,false,not_required,retain
img_2400x2400_3x8bit_C00C00_RGB_bananas,SAMPLING/8BIT/RGB/2400x2400/C00C00/img_2400x2400_3x8bit_C00C00_RGB_bananas.png,0854,DIV2K_valid_HR/0854.png,false,36,34,false,not_required,retain
img_2400x2400_3x8bit_C00C00_RGB_bananas,SAMPLING/8BIT/RGB/2400x2400/C00C00/img_2400x2400_3x8bit_C00C00_RGB_bananas.png,0855,DIV2K_valid_HR/0855.png,false,32,34,false,not_required,retain
img_2400x2400_3x8bit_C00C00_RGB_bananas,SAMPLING/8BIT/RGB/2400x2400/C00C00/img_2400x2400_3x8bit_C00C00_RGB_bananas.png,0856,DIV2K_valid_HR/0856.png,false,34,29,false,not_required,retain
img_2400x2400_3x8bit_C00C00_RGB_bananas,SAMPLING/8BIT/RGB/2400x2400/C00C00/img_2400x2400_3x8bit_C00C00_RGB_bananas.png,0857,DIV2K_valid_HR/0857.png,false,26,32,false,not_required,retain
img_2400x2400_3x8bit_C00C00_RGB_bananas,SAMPLING/8BIT/RGB/2400x2400/C00C00/img_2400x2400_3x8bit_C00C00_RGB_bananas.png,0858,DIV2K_valid_HR/0858.png,false,28,26,false,not_required,retain
img_2400x2400_3x8bit_C00C00_RGB_bananas,SAMPLING/8BIT/RGB/2400x2400/C00C00/img_2400x2400_3x8bit_C00C00_RGB_bananas.png,0859,DIV2K_valid_HR/0859.png,false,32,31,false,not_required,retain
img_2400x2400_3x8bit_C00C00_RGB_bananas,SAMPLING/8BIT/RGB/2400x2400/C00C00/img_2400x2400_3x8bit_C00C00_RGB_bananas.png,0860,DIV2K_valid_HR/0860.png,false,24,34,false,not_required,retain
img_2400x2400_3x8bit_C00C00_RGB_bananas,SAMPLING/8BIT/RGB/2400x2400/C00C00/img_2400x2400_3x8bit_C00C00_RGB_bananas.png,0861,DIV2K_valid_HR/0861.png,false,36,31,false,not_required,retain
img_2400x2400_3x8bit_C00C00_RGB_bananas,SAMPLING/8BIT/RGB/2400x2400/C00C00/img_2400x2400_3x8bit_C00C00_RGB_bananas.png,0862,DIV2K_valid_HR/0862.png,false,34,33,false,not_required,retain
img_2400x2400_3x8bit_C00C00_RGB_bananas,SAMPLING/8BIT/RGB/2400x2400/C00C00/img_2400x2400_3x8bit_C00C00_RGB_bananas.png,0863,DIV2K_valid_HR/0863.png,false,36,31,false,not_required,retain
img_2400x2400_3x8bit_C00C00_RGB_bananas,SAMPLING/8BIT/RGB/2400x2400/C00C00/img_2400x2400_3x8bit_C00C00_RGB_bananas.png,0864,DIV2K_valid_HR/0864.png,false,34,28,false,not_required,retain
img_2400x2400_3x8bit_C00C00_RGB_bananas,SAMPLING/8BIT/RGB/2400x2400/C00C00/img_2400x2400_3x8bit_C00C00_RGB_bananas.png,0865,DIV2K_valid_HR/0865.png,false,32,30,false,not_required,retain
img_2400x2400_3x8bit_C00C00_RGB_bananas,SAMPLING/8BIT/RGB/2400x2400/C00C00/img_2400x2400_3x8bit_C00C00_RGB_bananas.png,0866,DIV2K_valid_HR/0866.png,false,26,33,false,not_required,retain
img_2400x2400_3x8bit_C00C00_RGB_bananas,SAMPLING/8BIT/RGB/2400x2400/C00C00/img_2400x2400_3x8bit_C00C00_RGB_bananas.png,0867,DIV2K_valid_HR/0867.png,false,38,35,false,not_required,retain
img_2400x2400_3x8bit_C00C00_RGB_bananas,SAMPLING/8BIT/RGB/2400x2400/C00C00/img_2400x2400_3x8bit_C00C00_RGB_bananas.png,0868,DIV2K_valid_HR/0868.png,false,32,36,false,not_required,retain
img_2400x2400_3x8bit_C00C00_RGB_bananas,SAMPLING/8BIT/RGB/2400x2400/C00C00/img_2400x2400_3x8bit_C00C00_RGB_bananas.png,0869,DIV2K_valid_HR/0869.png,false,36,36,false,not_required,retain
img_2400x2400_3x8bit_C00C00_RGB_bananas,SAMPLING/8BIT/RGB/2400x2400/C00C00/img_2400x2400_3x8bit_C00C00_RGB_bananas.png,0870,DIV2K_valid_HR/0870.png,false,40,41,false,not_required,retain
img_2400x2400_3x8bit_C00C00_RGB_bananas,SAMPLING/8BIT/RGB/2400x2400/C00C00/img_2400x2400_3x8bit_C00C00_RGB_bananas.png,0871,DIV2K_valid_HR/0871.png,false,26,26,false,not_required,retain
img_2400x2400_3x8bit_C00C00_RGB_bananas,SAMPLING/8BIT/RGB/2400x2400/C00C00/img_2400x2400_3x8bit_C00C00_RGB_bananas.png,0872,DIV2K_valid_HR/0872.png,false,34,33,false,not_required,retain
img_2400x2400_3x8bit_C00C00_RGB_bananas,SAMPLING/8BIT/RGB/2400x2400/C00C00/img_2400x2400_3x8bit_C00C00_RGB_bananas.png,0873,DIV2K_valid_HR/0873.png,false,34,27,false,not_required,retain
img_2400x2400_3x8bit_C00C00_RGB_bananas,SAMPLING/8BIT/RGB/2400x2400/C00C00/img_2400x2400_3x8bit_C00C00_RGB_bananas.png,0874,DIV2K_valid_HR/0874.png,false,36,34,false,not_required,retain
img_2400x2400_3x8bit_C00C00_RGB_bananas,SAMPLING/8BIT/RGB/2400x2400/C00C00/img_2400x2400_3x8bit_C00C00_RGB_bananas.png,0875,DIV2K_valid_HR/0875.png,false,32,38,false,not_required,retain
img_2400x2400_3x8bit_C00C00_RGB_bananas,SAMPLING/8BIT/RGB/2400x2400/C00C00/img_2400x2400_3x8bit_C00C00_RGB_bananas.png,0876,DIV2K_valid_HR/0876.png,false,28,34,false,not_required,retain
img_2400x2400_3x8bit_C00C00_RGB_bananas,SAMPLING/8BIT/RGB/2400x2400/C00C00/img_2400x2400_3x8bit_C00C00_RGB_bananas.png,0877,DIV2K_valid_HR/0877.png,false,38,37,false,not_required,retain
img_2400x2400_3x8bit_C00C00_RGB_bananas,SAMPLING/8BIT/RGB/2400x2400/C00C00/img_2400x2400_3x8bit_C00C00_RGB_bananas.png,0878,DIV2K_valid_HR/0878.png,false,34,35,false,not_required,retain
img_2400x2400_3x8bit_C00C00_RGB_bananas,SAMPLING/8BIT/RGB/2400x2400/C00C00/img_2400x2400_3x8bit_C00C00_RGB_bananas.png,0879,DIV2K_valid_HR/0879.png,false,28,29,false,not_required,retain
img_2400x2400_3x8bit_C00C00_RGB_bananas,SAMPLING/8BIT/RGB/2400x2400/C00C00/img_2400x2400_3x8bit_C00C00_RGB_bananas.png,0880,DIV2K_valid_HR/0880.png,false,36,36,false,not_required,retain
img_2400x2400_3x8bit_C00C00_RGB_bananas,SAMPLING/8BIT/RGB/2400x2400/C00C00/img_2400x2400_3x8bit_C00C00_RGB_bananas.png,0881,DIV2K_valid_HR/0881.png,false,40,30,false,not_required,retain
img_2400x2400_3x8bit_C00C00_RGB_bananas,SAMPLING/8BIT/RGB/2400x2400/C00C00/img_2400x2400_3x8bit_C00C00_RGB_bananas.png,0882,DIV2K_valid_HR/0882.png,false,28,34,false,not_required,retain
img_2400x2400_3x8bit_C00C00_RGB_bananas,SAMPLING/8BIT/RGB/2400x2400/C00C00/img_2400x2400_3x8bit_C00C00_RGB_bananas.png,0883,DIV2K_valid_HR/0883.png,false,34,39,false,not_required,retain
img_2400x2400_3x8bit_C00C00_RGB_bananas,SAMPLING/8BIT/RGB/2400x2400/C00C00/img_2400x2400_3x8bit_C00C00_RGB_bananas.png,0884,DIV2K_valid_HR/0884.png,false,36,34,false,not_required,retain
img_2400x2400_3x8bit_C00C00_RGB_bananas,SAMPLING/8BIT/RGB/2400x2400/C00C00/img_2400x2400_3x8bit_C00C00_RGB_bananas.png,0885,DIV2K_valid_HR/0885.png,false,34,31,false,not_required,retain
img_2400x2400_3x8bit_C00C00_RGB_bananas,SAMPLING/8BIT/RGB/2400x2400/C00C00/img_2400x2400_3x8bit_C00C00_RGB_bananas.png,0886,DIV2K_valid_HR/0886.png,false,32,32,false,not_required,retain
img_2400x2400_3x8bit_C00C00_RGB_bananas,SAMPLING/8BIT/RGB/2400x2400/C00C00/img_2400x2400_3x8bit_C00C00_RGB_bananas.png,0887,DIV2K_valid_HR/0887.png,false,32,24,false,not_required,retain
img_2400x2400_3x8bit_C00C00_RGB_bananas,SAMPLING/8BIT/RGB/2400x2400/C00C00/img_2400x2400_3x8bit_C00C00_RGB_bananas.png,0888,DIV2K_valid_HR/0888.png,false,28,30,false,not_required,retain
img_2400x2400_3x8bit_C00C00_RGB_bananas,SAMPLING/8BIT/RGB/2400x2400/C00C00/img_2400x2400_3x8bit_C00C00_RGB_bananas.png,0889,DIV2K_valid_HR/0889.png,false,32,32,false,not_required,retain
img_2400x2400_3x8bit_C00C00_RGB_bananas,SAMPLING/8BIT/RGB/2400x2400/C00C00/img_2400x2400_3x8bit_C00C00_RGB_bananas.png,0890,DIV2K_valid_HR/0890.png,false,30,29,false,not_required,retain
img_2400x2400_3x8bit_C00C00_RGB_bananas,SAMPLING/8BIT/RGB/2400x2400/C00C00/img_2400x2400_3x8bit_C00C00_RGB_bananas.png,0891,DIV2K_valid_HR/0891.png,false,26,29,false,not_required,retain
img_2400x2400_3x8bit_C00C00_RGB_bananas,SAMPLING/8BIT/RGB/2400x2400/C00C00/img_2400x2400_3x8bit_C00C00_RGB_bananas.png,0892,DIV2K_valid_HR/0892.png,false,32,34,false,not_required,retain
img_2400x2400_3x8bit_C00C00_RGB_bananas,SAMPLING/8BIT/RGB/2400x2400/C00C00/img_2400x2400_3x8bit_C00C00_RGB_bananas.png,0893,DIV2K_valid_HR/0893.png,false,38,32,false,not_required,retain
img_2400x2400_3x8bit_C00C00_RGB_bananas,SAMPLING/8BIT/RGB/2400x2400/C00C00/img_2400x2400_3x8bit_C00C00_RGB_bananas.png,0894,DIV2K_valid_HR/0894.png,false,32,30,false,not_required,retain
img_2400x2400_3x8bit_C00C00_RGB_bananas,SAMPLING/8BIT/RGB/2400x2400/C00C00/img_2400x2400_3x8bit_C00C00_RGB_bananas.png,0895,DIV2K_valid_HR/0895.png,false,34,31,false,not_required,retain
img_2400x2400_3x8bit_C00C00_RGB_bananas,SAMPLING/8BIT/RGB/2400x2400/C00C00/img_2400x2400_3x8bit_C00C00_RGB_bananas.png,0896,DIV2K_valid_HR/0896.png,false,40,33,false,not_required,retain
img_2400x2400_3x8bit_C00C00_RGB_bananas,SAMPLING/8BIT/RGB/2400x2400/C00C00/img_2400x2400_3x8bit_C00C00_RGB_bananas.png,0897,DIV2K_valid_HR/0897.png,false,26,31,false,not_required,retain
img_2400x2400_3x8bit_C00C00_RGB_bananas,SAMPLING/8BIT/RGB/2400x2400/C00C00/img_2400x2400_3x8bit_C00C00_RGB_bananas.png,0898,DIV2K_valid_HR/0898.png,false,30,31,false,not_required,retain
img_2400x2400_3x8bit_C00C00_RGB_bananas,SAMPLING/8BIT/RGB/2400x2400/C00C00/img_2400x2400_3x8bit_C00C00_RGB_bananas.png,0899,DIV2K_valid_HR/0899.png,false,32,32,false,not_required,retain
img_2400x2400_3x8bit_C00C00_RGB_bananas,SAMPLING/8BIT/RGB/2400x2400/C00C00/img_2400x2400_3x8bit_C00C00_RGB_bananas.png,0900,DIV2K_valid_HR/0900.png,false,40,28,false,not_required,retain
img_2400x2400_3x8bit_C00C00_RGB_billiard_balls_a,SAMPLING/8BIT/RGB/2400x2400/C00C00/img_2400x2400_3x8bit_C00C00_RGB_billiard_balls_a.png,0805,DIV2K_valid_HR/0805.png,false,28,35,false,not_required,retain
img_2400x2400_3x8bit_C00C00_RGB_billiard_balls_a,SAMPLING/8BIT/RGB/2400x2400/C00C00/img_2400x2400_3x8bit_C00C00_RGB_billiard_balls_a.png,0806,DIV2K_valid_HR/0806.png,false,32,27,false,not_required,retain
img_2400x2400_3x8bit_C00C00_RGB_billiard_balls_a,SAMPLING/8BIT/RGB/2400x2400/C00C00/img_2400x2400_3x8bit_C00C00_RGB_billiard_balls_a.png,0807,DIV2K_valid_HR/0807.png,false,30,25,false,not_required,retain
img_2400x2400_3x8bit_C00C00_RGB_billiard_balls_a,SAMPLING/8BIT/RGB/2400x2400/C00C00/img_2400x2400_3x8bit_C00C00_RGB_billiard_balls_a.png,0808,DIV2K_valid_HR/0808.png,false,26,26,false,not_required,retain
img_2400x2400_3x8bit_C00C00_RGB_billiard_balls_a,SAMPLING/8BIT/RGB/2400x2400/C00C00/img_2400x2400_3x8bit_C00C00_RGB_billiard_balls_a.png,0809,DIV2K_valid_HR/0809.png,false,32,40,false,not_required,retain
img_2400x2400_3x8bit_C00C00_RGB_billiard_balls_a,SAMPLING/8BIT/RGB/2400x2400/C00C00/img_2400x2400_3x8bit_C00C00_RGB_billiard_balls_a.png,0810,DIV2K_valid_HR/0810.png,false,30,33,false,not_required,retain
img_2400x2400_3x8bit_C00C00_RGB_billiard_balls_a,SAMPLING/8BIT/RGB/2400x2400/C00C00/img_2400x2400_3x8bit_C00C00_RGB_billiard_balls_a.png,0811,DIV2K_valid_HR/0811.png,false,30,22,false,not_required,retain
img_2400x2400_3x8bit_C00C00_RGB_billiard_balls_a,SAMPLING/8BIT/RGB/2400x2400/C00C00/img_2400x2400_3x8bit_C00C00_RGB_billiard_balls_a.png,0812,DIV2K_valid_HR/0812.png,false,28,30,false,not_required,retain
img_2400x2400_3x8bit_C00C00_RGB_billiard_balls_a,SAMPLING/8BIT/RGB/2400x2400/C00C00/img_2400x2400_3x8bit_C00C00_RGB_billiard_balls_a.png,0813,DIV2K_valid_HR/0813.png,false,32,31,false,not_required,retain
img_2400x2400_3x8bit_C00C00_RGB_billiard_balls_a,SAMPLING/8BIT/RGB/2400x2400/C00C00/img_2400x2400_3x8bit_C00C00_RGB_billiard_balls_a.png,0814,DIV2K_valid_HR/0814.png,false,34,30,false,not_required,retain
img_2400x2400_3x8bit_C00C00_RGB_billiard_balls_a,SAMPLING/8BIT/RGB/2400x2400/C00C00/img_2400x2400_3x8bit_C00C00_RGB_billiard_balls_a.png,0815,DIV2K_valid_HR/0815.png,false,28,36,false,not_required,retain
img_2400x2400_3x8bit_C00C00_RGB_billiard_balls_a,SAMPLING/8BIT/RGB/2400x2400/C00C00/img_2400x2400_3x8bit_C00C00_RGB_billiard_balls_a.png,0816,DIV2K_valid_HR/0816.png,false,34,26,false,not_required,retain
img_2400x2400_3x8bit_C00C00_RGB_billiard_balls_a,SAMPLING/8BIT/RGB/2400x2400/C00C00/img_2400x2400_3x8bit_C00C00_RGB_billiard_balls_a.png,0817,DIV2K_valid_HR/0817.png,false,30,33,false,not_required,retain
img_2400x2400_3x8bit_C00C00_RGB_billiard_balls_a,SAMPLING/8BIT/RGB/2400x2400/C00C00/img_2400x2400_3x8bit_C00C00_RGB_billiard_balls_a.png,0818,DIV2K_valid_HR/0818.png,false,30,32,false,not_required,retain
img_2400x2400_3x8bit_C00C00_RGB_billiard_balls_a,SAMPLING/8BIT/RGB/2400x2400/C00C00/img_2400x2400_3x8bit_C00C00_RGB_billiard_balls_a.png,0819,DIV2K_valid_HR/0819.png,false,28,31,false,not_required,retain
img_2400x2400_3x8bit_C00C00_RGB_billiard_balls_a,SAMPLING/8BIT/RGB/2400x2400/C00C00/img_2400x2400_3x8bit_C00C00_RGB_billiard_balls_a.png,0820,DIV2K_valid_HR/0820.png,false,36,40,false,not_required,retain
img_2400x2400_3x8bit_C00C00_RGB_billiard_balls_a,SAMPLING/8BIT/RGB/2400x2400/C00C00/img_2400x2400_3x8bit_C00C00_RGB_billiard_balls_a.png,0821,DIV2K_valid_HR/0821.png,false,30,27,false,not_required,retain
img_2400x2400_3x8bit_C00C00_RGB_billiard_balls_a,SAMPLING/8BIT/RGB/2400x2400/C00C00/img_2400x2400_3x8bit_C00C00_RGB_billiard_balls_a.png,0822,DIV2K_valid_HR/0822.png,false,32,25,false,not_required,retain
img_2400x2400_3x8bit_C00C00_RGB_billiard_balls_a,SAMPLING/8BIT/RGB/2400x2400/C00C00/img_2400x2400_3x8bit_C00C00_RGB_billiard_balls_a.png,0823,DIV2K_valid_HR/0823.png,false,38,33,false,not_required,retain
img_2400x2400_3x8bit_C00C00_RGB_billiard_balls_a,SAMPLING/8BIT/RGB/2400x2400/C00C00/img_2400x2400_3x8bit_C00C00_RGB_billiard_balls_a.png,0824,DIV2K_valid_HR/0824.png,false,36,33,false,not_required,retain
img_2400x2400_3x8bit_C00C00_RGB_billiard_balls_a,SAMPLING/8BIT/RGB/2400x2400/C00C00/img_2400x2400_3x8bit_C00C00_RGB_billiard_balls_a.png,0825,DIV2K_valid_HR/0825.png,false,34,30,false,not_required,retain
img_2400x2400_3x8bit_C00C00_RGB_billiard_balls_a,SAMPLING/8BIT/RGB/2400x2400/C00C00/img_2400x2400_3x8bit_C00C00_RGB_billiard_balls_a.png,0826,DIV2K_valid_HR/0826.png,false,38,30,false,not_required,retain
img_2400x2400_3x8bit_C00C00_RGB_billiard_balls_a,SAMPLING/8BIT/RGB/2400x2400/C00C00/img_2400x2400_3x8bit_C00C00_RGB_billiard_balls_a.png,0827,DIV2K_valid_HR/0827.png,false,26,25,false,not_required,retain
img_2400x2400_3x8bit_C00C00_RGB_billiard_balls_a,SAMPLING/8BIT/RGB/2400x2400/C00C00/img_2400x2400_3x8bit_C00C00_RGB_billiard_balls_a.png,0828,DIV2K_valid_HR/0828.png,false,34,34,false,not_required,retain
img_2400x2400_3x8bit_C00C00_RGB_billiard_balls_a,SAMPLING/8BIT/RGB/2400x2400/C00C00/img_2400x2400_3x8bit_C00C00_RGB_billiard_balls_a.png,0829,DIV2K_valid_HR/0829.png,false,30,32,false,not_required,retain
img_2400x2400_3x8bit_C00C00_RGB_billiard_balls_a,SAMPLING/8BIT/RGB/2400x2400/C00C00/img_2400x2400_3x8bit_C00C00_RGB_billiard_balls_a.png,0830,DIV2K_valid_HR/0830.png,false,36,32,false,not_required,retain
img_2400x2400_3x8bit_C00C00_RGB_billiard_balls_a,SAMPLING/8BIT/RGB/2400x2400/C00C00/img_2400x2400_3x8bit_C00C00_RGB_billiard_balls_a.png,0831,DIV2K_valid_HR/0831.png,false,28,20,false,not_required,retain
img_2400x2400_3x8bit_C00C00_RGB_billiard_balls_a,SAMPLING/8BIT/RGB/2400x2400/C00C00/img_2400x2400_3x8bit_C00C00_RGB_billiard_balls_a.png,0832,DIV2K_valid_HR/0832.png,false,36,34,false,not_required,retain
img_2400x2400_3x8bit_C00C00_RGB_billiard_balls_a,SAMPLING/8BIT/RGB/2400x2400/C00C00/img_2400x2400_3x8bit_C00C00_RGB_billiard_balls_a.png,0833,DIV2K_valid_HR/0833.png,false,34,32,false,not_required,retain
img_2400x2400_3x8bit_C00C00_RGB_billiard_balls_a,SAMPLING/8BIT/RGB/2400x2400/C00C00/img_2400x2400_3x8bit_C00C00_RGB_billiard_balls_a.png,0834,DIV2K_valid_HR/0834.png,false,40,32,false,not_required,retain
img_2400x2400_3x8bit_C00C00_RGB_billiard_balls_a,SAMPLING/8BIT/RGB/2400x2400/C00C00/img_2400x2400_3x8bit_C00C00_RGB_billiard_balls_a.png,0835,DIV2K_valid_HR/0835.png,false,32,36,false,not_required,retain
img_2400x2400_3x8bit_C00C00_RGB_billiard_balls_a,SAMPLING/8BIT/RGB/2400x2400/C00C00/img_2400x2400_3x8bit_C00C00_RGB_billiard_balls_a.png,0836,DIV2K_valid_HR/0836.png,false,36,35,false,not_required,retain
img_2400x2400_3x8bit_C00C00_RGB_billiard_balls_a,SAMPLING/8BIT/RGB/2400x2400/C00C00/img_2400x2400_3x8bit_C00C00_RGB_billiard_balls_a.png,0837,DIV2K_valid_HR/0837.png,false,26,30,false,not_required,retain
img_2400x2400_3x8bit_C00C00_RGB_billiard_balls_a,SAMPLING/8BIT/RGB/2400x2400/C00C00/img_2400x2400_3x8bit_C00C00_RGB_billiard_balls_a.png,0838,DIV2K_valid_HR/0838.png,false,30,26,false,not_required,retain
img_2400x2400_3x8bit_C00C00_RGB_billiard_balls_a,SAMPLING/8BIT/RGB/2400x2400/C00C00/img_2400x2400_3x8bit_C00C00_RGB_billiard_balls_a.png,0839,DIV2K_valid_HR/0839.png,false,30,33,false,not_required,retain
img_2400x2400_3x8bit_C00C00_RGB_billiard_balls_a,SAMPLING/8BIT/RGB/2400x2400/C00C00/img_2400x2400_3x8bit_C00C00_RGB_billiard_balls_a.png,0840,DIV2K_valid_HR/0840.png,false,28,33,false,not_required,retain
img_2400x2400_3x8bit_C00C00_RGB_billiard_balls_a,SAMPLING/8BIT/RGB/2400x2400/C00C00/img_2400x2400_3x8bit_C00C00_RGB_billiard_balls_a.png,0841,DIV2K_valid_HR/0841.png,false,30,38,false,not_required,retain
img_2400x2400_3x8bit_C00C00_RGB_billiard_balls_a,SAMPLING/8BIT/RGB/2400x2400/C00C00/img_2400x2400_3x8bit_C00C00_RGB_billiard_balls_a.png,0842,DIV2K_valid_HR/0842.png,false,38,34,false,not_required,retain
img_2400x2400_3x8bit_C00C00_RGB_billiard_balls_a,SAMPLING/8BIT/RGB/2400x2400/C00C00/img_2400x2400_3x8bit_C00C00_RGB_billiard_balls_a.png,0843,DIV2K_valid_HR/0843.png,false,30,28,false,not_required,retain
img_2400x2400_3x8bit_C00C00_RGB_billiard_balls_a,SAMPLING/8BIT/RGB/2400x2400/C00C00/img_2400x2400_3x8bit_C00C00_RGB_billiard_balls_a.png,0844,DIV2K_valid_HR/0844.png,false,28,34,false,not_required,retain
img_2400x2400_3x8bit_C00C00_RGB_billiard_balls_a,SAMPLING/8BIT/RGB/2400x2400/C00C00/img_2400x2400_3x8bit_C00C00_RGB_billiard_balls_a.png,0845,DIV2K_valid_HR/0845.png,false,28,35,false,not_required,retain
img_2400x2400_3x8bit_C00C00_RGB_billiard_balls_a,SAMPLING/8BIT/RGB/2400x2400/C00C00/img_2400x2400_3x8bit_C00C00_RGB_billiard_balls_a.png,0846,DIV2K_valid_HR/0846.png,false,38,33,false,not_required,retain
img_2400x2400_3x8bit_C00C00_RGB_billiard_balls_a,SAMPLING/8BIT/RGB/2400x2400/C00C00/img_2400x2400_3x8bit_C00C00_RGB_billiard_balls_a.png,0847,DIV2K_valid_HR/0847.png,false,38,37,false,not_required,retain
img_2400x2400_3x8bit_C00C00_RGB_billiard_balls_a,SAMPLING/8BIT/RGB/2400x2400/C00C00/img_2400x2400_3x8bit_C00C00_RGB_billiard_balls_a.png,0848,DIV2K_valid_HR/0848.png,false,28,31,false,not_required,retain
img_2400x2400_3x8bit_C00C00_RGB_billiard_balls_a,SAMPLING/8BIT/RGB/2400x2400/C00C00/img_2400x2400_3x8bit_C00C00_RGB_billiard_balls_a.png,0849,DIV2K_valid_HR/0849.png,false,34,30,false,not_required,retain
img_2400x2400_3x8bit_C00C00_RGB_billiard_balls_a,SAMPLING/8BIT/RGB/2400x2400/C00C00/img_2400x2400_3x8bit_C00C00_RGB_billiard_balls_a.png,0850,DIV2K_valid_HR/0850.png,false,32,33,false,not_required,retain
img_2400x2400_3x8bit_C00C00_RGB_billiard_balls_a,SAMPLING/8BIT/RGB/2400x2400/C00C00/img_2400x2400_3x8bit_C00C00_RGB_billiard_balls_a.png,0851,DIV2K_valid_HR/0851.png,false,24,24,false,not_required,retain
img_2400x2400_3x8bit_C00C00_RGB_billiard_balls_a,SAMPLING/8BIT/RGB/2400x2400/C00C00/img_2400x2400_3x8bit_C00C00_RGB_billiard_balls_a.png,0852,DIV2K_valid_HR/0852.png,false,32,30,false,not_required,retain
img_2400x2400_3x8bit_C00C00_RGB_billiard_balls_a,SAMPLING/8BIT/RGB/2400x2400/C00C00/img_2400x2400_3x8bit_C00C00_RGB_billiard_balls_a.png,0853,DIV2K_valid_HR/0853.png,false,34,37,false,not_required,retain
img_2400x2400_3x8bit_C00C00_RGB_billiard_balls_a,SAMPLING/8BIT/RGB/2400x2400/C00C00/img_2400x2400_3x8bit_C00C00_RGB_billiard_balls_a.png,0854,DIV2K_valid_HR/0854.png,false,32,34,false,not_required,retain
img_2400x2400_3x8bit_C00C00_RGB_billiard_balls_a,SAMPLING/8BIT/RGB/2400x2400/C00C00/img_2400x2400_3x8bit_C00C00_RGB_billiard_balls_a.png,0855,DIV2K_valid_HR/0855.png,false,28,34,false,not_required,retain
img_2400x2400_3x8bit_C00C00_RGB_billiard_balls_a,SAMPLING/8BIT/RGB/2400x2400/C00C00/img_2400x2400_3x8bit_C00C00_RGB_billiard_balls_a.png,0856,DIV2K_valid_HR/0856.png,false,30,25,false,not_required,retain
img_2400x2400_3x8bit_C00C00_RGB_billiard_balls_a,SAMPLING/8BIT/RGB/2400x2400/C00C00/img_2400x2400_3x8bit_C00C00_RGB_billiard_balls_a.png,0857,DIV2K_valid_HR/0857.png,false,32,38,false,not_required,retain
img_2400x2400_3x8bit_C00C00_RGB_billiard_balls_a,SAMPLING/8BIT/RGB/2400x2400/C00C00/img_2400x2400_3x8bit_C00C00_RGB_billiard_balls_a.png,0858,DIV2K_valid_HR/0858.png,false,36,32,false,not_required,retain
img_2400x2400_3x8bit_C00C00_RGB_billiard_balls_a,SAMPLING/8BIT/RGB/2400x2400/C00C00/img_2400x2400_3x8bit_C00C00_RGB_billiard_balls_a.png,0859,DIV2K_valid_HR/0859.png,false,28,27,false,not_required,retain
img_2400x2400_3x8bit_C00C00_RGB_billiard_balls_a,SAMPLING/8BIT/RGB/2400x2400/C00C00/img_2400x2400_3x8bit_C00C00_RGB_billiard_balls_a.png,0860,DIV2K_valid_HR/0860.png,false,26,26,false,not_required,retain
img_2400x2400_3x8bit_C00C00_RGB_billiard_balls_a,SAMPLING/8BIT/RGB/2400x2400/C00C00/img_2400x2400_3x8bit_C00C00_RGB_billiard_balls_a.png,0861,DIV2K_valid_HR/0861.png,false,26,23,false,not_required,retain
img_2400x2400_3x8bit_C00C00_RGB_billiard_balls_a,SAMPLING/8BIT/RGB/2400x2400/C00C00/img_2400x2400_3x8bit_C00C00_RGB_billiard_balls_a.png,0862,DIV2K_valid_HR/0862.png,false,34,29,false,not_required,retain
img_2400x2400_3x8bit_C00C00_RGB_billiard_balls_a,SAMPLING/8BIT/RGB/2400x2400/C00C00/img_2400x2400_3x8bit_C00C00_RGB_billiard_balls_a.png,0863,DIV2K_valid_HR/0863.png,false,38,39,false,not_required,retain
img_2400x2400_3x8bit_C00C00_RGB_billiard_balls_a,SAMPLING/8BIT/RGB/2400x2400/C00C00/img_2400x2400_3x8bit_C00C00_RGB_billiard_balls_a.png,0864,DIV2K_valid_HR/0864.png,false,32,30,false,not_required,retain
img_2400x2400_3x8bit_C00C00_RGB_billiard_balls_a,SAMPLING/8BIT/RGB/2400x2400/C00C00/img_2400x2400_3x8bit_C00C00_RGB_billiard_balls_a.png,0865,DIV2K_valid_HR/0865.png,false,40,32,false,not_required,retain
img_2400x2400_3x8bit_C00C00_RGB_billiard_balls_a,SAMPLING/8BIT/RGB/2400x2400/C00C00/img_2400x2400_3x8bit_C00C00_RGB_billiard_balls_a.png,0866,DIV2K_valid_HR/0866.png,false,30,37,false,not_required,retain
img_2400x2400_3x8bit_C00C00_RGB_billiard_balls_a,SAMPLING/8BIT/RGB/2400x2400/C00C00/img_2400x2400_3x8bit_C00C00_RGB_billiard_balls_a.png,0867,DIV2K_valid_HR/0867.png,false,26,25,false,not_required,retain
img_2400x2400_3x8bit_C00C00_RGB_billiard_balls_a,SAMPLING/8BIT/RGB/2400x2400/C00C00/img_2400x2400_3x8bit_C00C00_RGB_billiard_balls_a.png,0868,DIV2K_valid_HR/0868.png,false,30,34,false,not_required,retain
img_2400x2400_3x8bit_C00C00_RGB_billiard_balls_a,SAMPLING/8BIT/RGB/2400x2400/C00C00/img_2400x2400_3x8bit_C00C00_RGB_billiard_balls_a.png,0869,DIV2K_valid_HR/0869.png,false,28,36,false,not_required,retain
img_2400x2400_3x8bit_C00C00_RGB_billiard_balls_a,SAMPLING/8BIT/RGB/2400x2400/C00C00/img_2400x2400_3x8bit_C00C00_RGB_billiard_balls_a.png,0870,DIV2K_valid_HR/0870.png,false,34,29,false,not_required,retain
img_2400x2400_3x8bit_C00C00_RGB_billiard_balls_a,SAMPLING/8BIT/RGB/2400x2400/C00C00/img_2400x2400_3x8bit_C00C00_RGB_billiard_balls_a.png,0871,DIV2K_valid_HR/0871.png,false,28,34,false,not_required,retain
img_2400x2400_3x8bit_C00C00_RGB_billiard_balls_a,SAMPLING/8BIT/RGB/2400x2400/C00C00/img_2400x2400_3x8bit_C00C00_RGB_billiard_balls_a.png,0872,DIV2K_valid_HR/0872.png,false,36,35,false,not_required,retain
img_2400x2400_3x8bit_C00C00_RGB_billiard_balls_a,SAMPLING/8BIT/RGB/2400x2400/C00C00/img_2400x2400_3x8bit_C00C00_RGB_billiard_balls_a.png,0873,DIV2K_valid_HR/0873.png,false,38,39,false,not_required,retain
img_2400x2400_3x8bit_C00C00_RGB_billiard_balls_a,SAMPLING/8BIT/RGB/2400x2400/C00C00/img_2400x2400_3x8bit_C00C00_RGB_billiard_balls_a.png,0874,DIV2K_valid_HR/0874.png,false,28,20,false,not_required,retain
img_2400x2400_3x8bit_C00C00_RGB_billiard_balls_a,SAMPLING/8BIT/RGB/2400x2400/C00C00/img_2400x2400_3x8bit_C00C00_RGB_billiard_balls_a.png,0875,DIV2K_valid_HR/0875.png,false,28,34,false,not_required,retain
img_2400x2400_3x8bit_C00C00_RGB_billiard_balls_a,SAMPLING/8BIT/RGB/2400x2400/C00C00/img_2400x2400_3x8bit_C00C00_RGB_billiard_balls_a.png,0876,DIV2K_valid_HR/0876.png,false,28,28,false,not_required,retain
img_2400x2400_3x8bit_C00C00_RGB_billiard_balls_a,SAMPLING/8BIT/RGB/2400x2400/C00C00/img_2400x2400_3x8bit_C00C00_RGB_billiard_balls_a.png,0877,DIV2K_valid_HR/0877.png,false,28,29,false,not_required,retain
img_2400x2400_3x8bit_C00C00_RGB_billiard_balls_a,SAMPLING/8BIT/RGB/2400x2400/C00C00/img_2400x2400_3x8bit_C00C00_RGB_billiard_balls_a.png,0878,DIV2K_valid_HR/0878.png,false,28,31,false,not_required,retain
img_2400x2400_3x8bit_C00C00_RGB_billiard_balls_a,SAMPLING/8BIT/RGB/2400x2400/C00C00/img_2400x2400_3x8bit_C00C00_RGB_billiard_balls_a.png,0879,DIV2K_valid_HR/0879.png,false,30,25,false,not_required,retain
img_2400x2400_3x8bit_C00C00_RGB_billiard_balls_a,SAMPLING/8BIT/RGB/2400x2400/C00C00/img_2400x2400_3x8bit_C00C00_RGB_billiard_balls_a.png,0880,DIV2K_valid_HR/0880.png,false,22,30,false,not_required,retain
img_2400x2400_3x8bit_C00C00_RGB_billiard_balls_a,SAMPLING/8BIT/RGB/2400x2400/C00C00/img_2400x2400_3x8bit_C00C00_RGB_billiard_balls_a.png,0881,DIV2K_valid_HR/0881.png,false,34,36,false,not_required,retain
img_2400x2400_3x8bit_C00C00_RGB_billiard_balls_a,SAMPLING/8BIT/RGB/2400x2400/C00C00/img_2400x2400_3x8bit_C00C00_RGB_billiard_balls_a.png,0882,DIV2K_valid_HR/0882.png,false,34,26,false,not_required,retain
img_2400x2400_3x8bit_C00C00_RGB_billiard_balls_a,SAMPLING/8BIT/RGB/2400x2400/C00C00/img_2400x2400_3x8bit_C00C00_RGB_billiard_balls_a.png,0883,DIV2K_valid_HR/0883.png,false,36,33,false,not_required,retain
img_2400x2400_3x8bit_C00C00_RGB_billiard_balls_a,SAMPLING/8BIT/RGB/2400x2400/C00C00/img_2400x2400_3x8bit_C00C00_RGB_billiard_balls_a.png,0884,DIV2K_valid_HR/0884.png,false,28,34,false,not_required,retain
img_2400x2400_3x8bit_C00C00_RGB_billiard_balls_a,SAMPLING/8BIT/RGB/2400x2400/C00C00/img_2400x2400_3x8bit_C00C00_RGB_billiard_balls_a.png,0885,DIV2K_valid_HR/0885.png,false,24,29,false,not_required,retain
img_2400x2400_3x8bit_C00C00_RGB_billiard_balls_a,SAMPLING/8BIT/RGB/2400x2400/C00C00/img_2400x2400_3x8bit_C00C00_RGB_billiard_balls_a.png,0886,DIV2K_valid_HR/0886.png,false,32,32,false,not_required,retain
img_2400x2400_3x8bit_C00C00_RGB_billiard_balls_a,SAMPLING/8BIT/RGB/2400x2400/C00C00/img_2400x2400_3x8bit_C00C00_RGB_billiard_balls_a.png,0887,DIV2K_valid_HR/0887.png,false,30,32,false,not_required,retain
img_2400x2400_3x8bit_C00C00_RGB_billiard_balls_a,SAMPLING/8BIT/RGB/2400x2400/C00C00/img_2400x2400_3x8bit_C00C00_RGB_billiard_balls_a.png,0888,DIV2K_valid_HR/0888.png,false,34,26,false,not_required,retain
img_2400x2400_3x8bit_C00C00_RGB_billiard_balls_a,SAMPLING/8BIT/RGB/2400x2400/C00C00/img_2400x2400_3x8bit_C00C00_RGB_billiard_balls_a.png,0889,DIV2K_valid_HR/0889.png,false,34,32,false,not_required,retain
img_2400x2400_3x8bit_C00C00_RGB_billiard_balls_a,SAMPLING/8BIT/RGB/2400x2400/C00C00/img_2400x2400_3x8bit_C00C00_RGB_billiard_balls_a.png,0890,DIV2K_valid_HR/0890.png,false,38,27,false,not_required,retain
img_2400x2400_3x8bit_C00C00_RGB_billiard_balls_a,SAMPLING/8BIT/RGB/2400x2400/C00C00/img_2400x2400_3x8bit_C00C00_RGB_billiard_balls_a.png,0891,DIV2K_valid_HR/0891.png,false,32,37,false,not_required,retain
img_2400x2400_3x8bit_C00C00_RGB_billiard_balls_a,SAMPLING/8BIT/RGB/2400x2400/C00C00/img_2400x2400_3x8bit_C00C00_RGB_billiard_balls_a.png,0892,DIV2K_valid_HR/0892.png,false,34,34,false,not_required,retain
img_2400x2400_3x8bit_C00C00_RGB_billiard_balls_a,SAMPLING/8BIT/RGB/2400x2400/C00C00/img_2400x2400_3x8bit_C00C00_RGB_billiard_balls_a.png,0893,DIV2K_valid_HR/0893.png,false,28,30,false,not_required,retain
img_2400x2400_3x8bit_C00C00_RGB_billiard_balls_a,SAMPLING/8BIT/RGB/2400x2400/C00C00/img_2400x2400_3x8bit_C00C00_RGB_billiard_balls_a.png,0894,DIV2K_valid_HR/0894.png,false,30,26,false,not_required,retain
img_2400x2400_3x8bit_C00C00_RGB_billiard_balls_a,SAMPLING/8BIT/RGB/2400x2400/C00C00/img_2400x2400_3x8bit_C00C00_RGB_billiard_balls_a.png,0895,DIV2K_valid_HR/0895.png,false,28,29,false,not_required,retain
img_2400x2400_3x8bit_C00C00_RGB_billiard_balls_a,SAMPLING/8BIT/RGB/2400x2400/C00C00/img_2400x2400_3x8bit_C00C00_RGB_billiard_balls_a.png,0896,DIV2K_valid_HR/0896.png,false,32,33,false,not_required,retain
img_2400x2400_3x8bit_C00C00_RGB_billiard_balls_a,SAMPLING/8BIT/RGB/2400x2400/C00C00/img_2400x2400_3x8bit_C00C00_RGB_billiard_balls_a.png,0897,DIV2K_valid_HR/0897.png,false,36,45,false,not_required,retain
img_2400x2400_3x8bit_C00C00_RGB_billiard_balls_a,SAMPLING/8BIT/RGB/2400x2400/C00C00/img_2400x2400_3x8bit_C00C00_RGB_billiard_balls_a.png,0898,DIV2K_valid_HR/0898.png,false,28,33,false,not_required,retain
img_2400x2400_3x8bit_C00C00_RGB_billiard_balls_a,SAMPLING/8BIT/RGB/2400x2400/C00C00/img_2400x2400_3x8bit_C00C00_RGB_billiard_balls_a.png,0899,DIV2K_valid_HR/0899.png,false,36,30,false,not_required,retain
img_2400x2400_3x8bit_C00C00_RGB_billiard_balls_a,SAMPLING/8BIT/RGB/2400x2400/C00C00/img_2400x2400_3x8bit_C00C00_RGB_billiard_balls_a.png,0900,DIV2K_valid_HR/0900.png,false,36,30,false,not_required,retain
img_2400x2400_3x8bit_C00C00_RGB_billiard_balls_b,SAMPLING/8BIT/RGB/2400x2400/C00C00/img_2400x2400_3x8bit_C00C00_RGB_billiard_balls_b.png,0805,DIV2K_valid_HR/0805.png,false,22,30,false,not_required,retain
img_2400x2400_3x8bit_C00C00_RGB_billiard_balls_b,SAMPLING/8BIT/RGB/2400x2400/C00C00/img_2400x2400_3x8bit_C00C00_RGB_billiard_balls_b.png,0806,DIV2K_valid_HR/0806.png,false,32,34,false,not_required,retain
img_2400x2400_3x8bit_C00C00_RGB_billiard_balls_b,SAMPLING/8BIT/RGB/2400x2400/C00C00/img_2400x2400_3x8bit_C00C00_RGB_billiard_balls_b.png,0807,DIV2K_valid_HR/0807.png,false,36,34,false,not_required,retain
img_2400x2400_3x8bit_C00C00_RGB_billiard_balls_b,SAMPLING/8BIT/RGB/2400x2400/C00C00/img_2400x2400_3x8bit_C00C00_RGB_billiard_balls_b.png,0808,DIV2K_valid_HR/0808.png,false,28,29,false,not_required,retain
img_2400x2400_3x8bit_C00C00_RGB_billiard_balls_b,SAMPLING/8BIT/RGB/2400x2400/C00C00/img_2400x2400_3x8bit_C00C00_RGB_billiard_balls_b.png,0809,DIV2K_valid_HR/0809.png,false,30,33,false,not_required,retain
img_2400x2400_3x8bit_C00C00_RGB_billiard_balls_b,SAMPLING/8BIT/RGB/2400x2400/C00C00/img_2400x2400_3x8bit_C00C00_RGB_billiard_balls_b.png,0810,DIV2K_valid_HR/0810.png,false,22,28,false,not_required,retain
img_2400x2400_3x8bit_C00C00_RGB_billiard_balls_b,SAMPLING/8BIT/RGB/2400x2400/C00C00/img_2400x2400_3x8bit_C00C00_RGB_billiard_balls_b.png,0811,DIV2K_valid_HR/0811.png,false,28,27,false,not_required,retain
img_2400x2400_3x8bit_C00C00_RGB_billiard_balls_b,SAMPLING/8BIT/RGB/2400x2400/C00C00/img_2400x2400_3x8bit_C00C00_RGB_billiard_balls_b.png,0812,DIV2K_valid_HR/0812.png,false,24,25,false,not_required,retain
img_2400x2400_3x8bit_C00C00_RGB_billiard_balls_b,SAMPLING/8BIT/RGB/2400x2400/C00C00/img_2400x2400_3x8bit_C00C00_RGB_billiard_balls_b.png,0813,DIV2K_valid_HR/0813.png,false,32,38,false,not_required,retain
img_2400x2400_3x8bit_C00C00_RGB_billiard_balls_b,SAMPLING/8BIT/RGB/2400x2400/C00C00/img_2400x2400_3x8bit_C00C00_RGB_billiard_balls_b.png,0814,DIV2K_valid_HR/0814.png,false,28,33,false,not_required,retain
img_2400x2400_3x8bit_C00C00_RGB_billiard_balls_b,SAMPLING/8BIT/RGB/2400x2400/C00C00/img_2400x2400_3x8bit_C00C00_RGB_billiard_balls_b.png,0815,DIV2K_valid_HR/0815.png,false,36,31,false,not_required,retain
img_2400x2400_3x8bit_C00C00_RGB_billiard_balls_b,SAMPLING/8BIT/RGB/2400x2400/C00C00/img_2400x2400_3x8bit_C00C00_RGB_billiard_balls_b.png,0816,DIV2K_valid_HR/0816.png,false,26,31,false,not_required,retain
img_2400x2400_3x8bit_C00C00_RGB_billiard_balls_b,SAMPLING/8BIT/RGB/2400x2400/C00C00/img_2400x2400_3x8bit_C00C00_RGB_billiard_balls_b.png,0817,DIV2K_valid_HR/0817.png,false,40,32,false,not_required,retain
img_2400x2400_3x8bit_C00C00_RGB_billiard_balls_b,SAMPLING/8BIT/RGB/2400x2400/C00C00/img_2400x2400_3x8bit_C00C00_RGB_billiard_balls_b.png,0818,DIV2K_valid_HR/0818.png,false,32,35,false,not_required,retain
img_2400x2400_3x8bit_C00C00_RGB_billiard_balls_b,SAMPLING/8BIT/RGB/2400x2400/C00C00/img_2400x2400_3x8bit_C00C00_RGB_billiard_balls_b.png,0819,DIV2K_valid_HR/0819.png,false,30,36,false,not_required,retain
img_2400x2400_3x8bit_C00C00_RGB_billiard_balls_b,SAMPLING/8BIT/RGB/2400x2400/C00C00/img_2400x2400_3x8bit_C00C00_RGB_billiard_balls_b.png,0820,DIV2K_valid_HR/0820.png,false,32,35,false,not_required,retain
img_2400x2400_3x8bit_C00C00_RGB_billiard_balls_b,SAMPLING/8BIT/RGB/2400x2400/C00C00/img_2400x2400_3x8bit_C00C00_RGB_billiard_balls_b.png,0821,DIV2K_valid_HR/0821.png,false,34,38,false,not_required,retain
img_2400x2400_3x8bit_C00C00_RGB_billiard_balls_b,SAMPLING/8BIT/RGB/2400x2400/C00C00/img_2400x2400_3x8bit_C00C00_RGB_billiard_balls_b.png,0822,DIV2K_valid_HR/0822.png,false,22,30,false,not_required,retain
img_2400x2400_3x8bit_C00C00_RGB_billiard_balls_b,SAMPLING/8BIT/RGB/2400x2400/C00C00/img_2400x2400_3x8bit_C00C00_RGB_billiard_balls_b.png,0823,DIV2K_valid_HR/0823.png,false,32,24,false,not_required,retain
img_2400x2400_3x8bit_C00C00_RGB_billiard_balls_b,SAMPLING/8BIT/RGB/2400x2400/C00C00/img_2400x2400_3x8bit_C00C00_RGB_billiard_balls_b.png,0824,DIV2K_valid_HR/0824.png,false,36,32,false,not_required,retain
img_2400x2400_3x8bit_C00C00_RGB_billiard_balls_b,SAMPLING/8BIT/RGB/2400x2400/C00C00/img_2400x2400_3x8bit_C00C00_RGB_billiard_balls_b.png,0825,DIV2K_valid_HR/0825.png,false,28,29,false,not_required,retain
img_2400x2400_3x8bit_C00C00_RGB_billiard_balls_b,SAMPLING/8BIT/RGB/2400x2400/C00C00/img_2400x2400_3x8bit_C00C00_RGB_billiard_balls_b.png,0826,DIV2K_valid_HR/0826.png,false,30,31,false,not_required,retain
img_2400x2400_3x8bit_C00C00_RGB_billiard_balls_b,SAMPLING/8BIT/RGB/2400x2400/C00C00/img_2400x2400_3x8bit_C00C00_RGB_billiard_balls_b.png,0827,DIV2K_valid_HR/0827.png,false,32,28,false,not_required,retain
img_2400x2400_3x8bit_C00C00_RGB_billiard_balls_b,SAMPLING/8BIT/RGB/2400x2400/C00C00/img_2400x2400_3x8bit_C00C00_RGB_billiard_balls_b.png,0828,DIV2K_valid_HR/0828.png,false,24,27,false,not_required,retain
img_2400x2400_3x8bit_C00C00_RGB_billiard_balls_b,SAMPLING/8BIT/RGB/2400x2400/C00C00/img_2400x2400_3x8bit_C00C00_RGB_billiard_balls_b.png,0829,DIV2K_valid_HR/0829.png,false,24,35,false,not_required,retain
img_2400x2400_3x8bit_C00C00_RGB_billiard_balls_b,SAMPLING/8BIT/RGB/2400x2400/C00C00/img_2400x2400_3x8bit_C00C00_RGB_billiard_balls_b.png,0830,DIV2K_valid_HR/0830.png,false,34,31,false,not_required,retain
img_2400x2400_3x8bit_C00C00_RGB_billiard_balls_b,SAMPLING/8BIT/RGB/2400x2400/C00C00/img_2400x2400_3x8bit_C00C00_RGB_billiard_balls_b.png,0831,DIV2K_valid_HR/0831.png,false,34,33,false,not_required,retain
img_2400x2400_3x8bit_C00C00_RGB_billiard_balls_b,SAMPLING/8BIT/RGB/2400x2400/C00C00/img_2400x2400_3x8bit_C00C00_RGB_billiard_balls_b.png,0832,DIV2K_valid_HR/0832.png,false,24,25,false,not_required,retain
img_2400x2400_3x8bit_C00C00_RGB_billiard_balls_b,SAMPLING/8BIT/RGB/2400x2400/C00C00/img_2400x2400_3x8bit_C00C00_RGB_billiard_balls_b.png,0833,DIV2K_valid_HR/0833.png,false,32,39,false,not_required,retain
img_2400x2400_3x8bit_C00C00_RGB_billiard_balls_b,SAMPLING/8BIT/RGB/2400x2400/C00C00/img_2400x2400_3x8bit_C00C00_RGB_billiard_balls_b.png,0834,DIV2K_valid_HR/0834.png,false,30,31,false,not_required,retain
img_2400x2400_3x8bit_C00C00_RGB_billiard_balls_b,SAMPLING/8BIT/RGB/2400x2400/C00C00/img_2400x2400_3x8bit_C00C00_RGB_billiard_balls_b.png,0835,DIV2K_valid_HR/0835.png,false,32,25,false,not_required,retain
img_2400x2400_3x8bit_C00C00_RGB_billiard_balls_b,SAMPLING/8BIT/RGB/2400x2400/C00C00/img_2400x2400_3x8bit_C00C00_RGB_billiard_balls_b.png,0836,DIV2K_valid_HR/0836.png,false,36,36,false,not_required,retain
img_2400x2400_3x8bit_C00C00_RGB_billiard_balls_b,SAMPLING/8BIT/RGB/2400x2400/C00C00/img_2400x2400_3x8bit_C00C00_RGB_billiard_balls_b.png,0837,DIV2K_valid_HR/0837.png,false,26,31,false,not_required,retain
img_2400x2400_3x8bit_C00C00_RGB_billiard_balls_b,SAMPLING/8BIT/RGB/2400x2400/C00C00/img_2400x2400_3x8bit_C00C00_RGB_billiard_balls_b.png,0838,DIV2K_valid_HR/0838.png,false,32,31,false,not_required,retain
img_2400x2400_3x8bit_C00C00_RGB_billiard_balls_b,SAMPLING/8BIT/RGB/2400x2400/C00C00/img_2400x2400_3x8bit_C00C00_RGB_billiard_balls_b.png,0839,DIV2K_valid_HR/0839.png,false,28,30,false,not_required,retain
img_2400x2400_3x8bit_C00C00_RGB_billiard_balls_b,SAMPLING/8BIT/RGB/2400x2400/C00C00/img_2400x2400_3x8bit_C00C00_RGB_billiard_balls_b.png,0840,DIV2K_valid_HR/0840.png,false,30,30,false,not_required,retain
img_2400x2400_3x8bit_C00C00_RGB_billiard_balls_b,SAMPLING/8BIT/RGB/2400x2400/C00C00/img_2400x2400_3x8bit_C00C00_RGB_billiard_balls_b.png,0841,DIV2K_valid_HR/0841.png,false,28,25,false,not_required,retain
img_2400x2400_3x8bit_C00C00_RGB_billiard_balls_b,SAMPLING/8BIT/RGB/2400x2400/C00C00/img_2400x2400_3x8bit_C00C00_RGB_billiard_balls_b.png,0842,DIV2K_valid_HR/0842.png,false,38,41,false,not_required,retain
img_2400x2400_3x8bit_C00C00_RGB_billiard_balls_b,SAMPLING/8BIT/RGB/2400x2400/C00C00/img_2400x2400_3x8bit_C00C00_RGB_billiard_balls_b.png,0843,DIV2K_valid_HR/0843.png,false,18,37,false,not_required,retain
img_2400x2400_3x8bit_C00C00_RGB_billiard_balls_b,SAMPLING/8BIT/RGB/2400x2400/C00C00/img_2400x2400_3x8bit_C00C00_RGB_billiard_balls_b.png,0844,DIV2K_valid_HR/0844.png,false,32,31,false,not_required,retain
img_2400x2400_3x8bit_C00C00_RGB_billiard_balls_b,SAMPLING/8BIT/RGB/2400x2400/C00C00/img_2400x2400_3x8bit_C00C00_RGB_billiard_balls_b.png,0845,DIV2K_valid_HR/0845.png,false,26,30,false,not_required,retain
img_2400x2400_3x8bit_C00C00_RGB_billiard_balls_b,SAMPLING/8BIT/RGB/2400x2400/C00C00/img_2400x2400_3x8bit_C00C00_RGB_billiard_balls_b.png,0846,DIV2K_valid_HR/0846.png,false,36,32,false,not_required,retain
img_2400x2400_3x8bit_C00C00_RGB_billiard_balls_b,SAMPLING/8BIT/RGB/2400x2400/C00C00/img_2400x2400_3x8bit_C00C00_RGB_billiard_balls_b.png,0847,DIV2K_valid_HR/0847.png,false,40,32,false,not_required,retain
img_2400x2400_3x8bit_C00C00_RGB_billiard_balls_b,SAMPLING/8BIT/RGB/2400x2400/C00C00/img_2400x2400_3x8bit_C00C00_RGB_billiard_balls_b.png,0848,DIV2K_valid_HR/0848.png,false,24,20,false,not_required,retain
img_2400x2400_3x8bit_C00C00_RGB_billiard_balls_b,SAMPLING/8BIT/RGB/2400x2400/C00C00/img_2400x2400_3x8bit_C00C00_RGB_billiard_balls_b.png,0849,DIV2K_valid_HR/0849.png,false,28,29,false,not_required,retain
img_2400x2400_3x8bit_C00C00_RGB_billiard_balls_b,SAMPLING/8BIT/RGB/2400x2400/C00C00/img_2400x2400_3x8bit_C00C00_RGB_billiard_balls_b.png,0850,DIV2K_valid_HR/0850.png,false,30,34,false,not_required,retain
img_2400x2400_3x8bit_C00C00_RGB_billiard_balls_b,SAMPLING/8BIT/RGB/2400x2400/C00C00/img_2400x2400_3x8bit_C00C00_RGB_billiard_balls_b.png,0851,DIV2K_valid_HR/0851.png,false,26,29,false,not_required,retain
img_2400x2400_3x8bit_C00C00_RGB_billiard_balls_b,SAMPLING/8BIT/RGB/2400x2400/C00C00/img_2400x2400_3x8bit_C00C00_RGB_billiard_balls_b.png,0852,DIV2K_valid_HR/0852.png,false,34,33,false,not_required,retain
img_2400x2400_3x8bit_C00C00_RGB_billiard_balls_b,SAMPLING/8BIT/RGB/2400x2400/C00C00/img_2400x2400_3x8bit_C00C00_RGB_billiard_balls_b.png,0853,DIV2K_valid_HR/0853.png,false,30,30,false,not_required,retain
img_2400x2400_3x8bit_C00C00_RGB_billiard_balls_b,SAMPLING/8BIT/RGB/2400x2400/C00C00/img_2400x2400_3x8bit_C00C00_RGB_billiard_balls_b.png,0854,DIV2K_valid_HR/0854.png,false,32,41,false,not_required,retain
img_2400x2400_3x8bit_C00C00_RGB_billiard_balls_b,SAMPLING/8BIT/RGB/2400x2400/C00C00/img_2400x2400_3x8bit_C00C00_RGB_billiard_balls_b.png,0855,DIV2K_valid_HR/0855.png,false,32,29,false,not_required,retain
img_2400x2400_3x8bit_C00C00_RGB_billiard_balls_b,SAMPLING/8BIT/RGB/2400x2400/C00C00/img_2400x2400_3x8bit_C00C00_RGB_billiard_balls_b.png,0856,DIV2K_valid_HR/0856.png,false,30,34,false,not_required,retain
img_2400x2400_3x8bit_C00C00_RGB_billiard_balls_b,SAMPLING/8BIT/RGB/2400x2400/C00C00/img_2400x2400_3x8bit_C00C00_RGB_billiard_balls_b.png,0857,DIV2K_valid_HR/0857.png,false,32,33,false,not_required,retain
img_2400x2400_3x8bit_C00C00_RGB_billiard_balls_b,SAMPLING/8BIT/RGB/2400x2400/C00C00/img_2400x2400_3x8bit_C00C00_RGB_billiard_balls_b.png,0858,DIV2K_valid_HR/0858.png,false,36,33,false,not_required,retain
img_2400x2400_3x8bit_C00C00_RGB_billiard_balls_b,SAMPLING/8BIT/RGB/2400x2400/C00C00/img_2400x2400_3x8bit_C00C00_RGB_billiard_balls_b.png,0859,DIV2K_valid_HR/0859.png,false,32,32,false,not_required,retain
img_2400x2400_3x8bit_C00C00_RGB_billiard_balls_b,SAMPLING/8BIT/RGB/2400x2400/C00C00/img_2400x2400_3x8bit_C00C00_RGB_billiard_balls_b.png,0860,DIV2K_valid_HR/0860.png,false,36,29,false,not_required,retain
img_2400x2400_3x8bit_C00C00_RGB_billiard_balls_b,SAMPLING/8BIT/RGB/2400x2400/C00C00/img_2400x2400_3x8bit_C00C00_RGB_billiard_balls_b.png,0861,DIV2K_valid_HR/0861.png,false,32,34,false,not_required,retain
img_2400x2400_3x8bit_C00C00_RGB_billiard_balls_b,SAMPLING/8BIT/RGB/2400x2400/C00C00/img_2400x2400_3x8bit_C00C00_RGB_billiard_balls_b.png,0862,DIV2K_valid_HR/0862.png,false,30,34,false,not_required,retain
img_2400x2400_3x8bit_C00C00_RGB_billiard_balls_b,SAMPLING/8BIT/RGB/2400x2400/C00C00/img_2400x2400_3x8bit_C00C00_RGB_billiard_balls_b.png,0863,DIV2K_valid_HR/0863.png,false,30,24,false,not_required,retain
img_2400x2400_3x8bit_C00C00_RGB_billiard_balls_b,SAMPLING/8BIT/RGB/2400x2400/C00C00/img_2400x2400_3x8bit_C00C00_RGB_billiard_balls_b.png,0864,DIV2K_valid_HR/0864.png,false,36,33,false,not_required,retain
img_2400x2400_3x8bit_C00C00_RGB_billiard_balls_b,SAMPLING/8BIT/RGB/2400x2400/C00C00/img_2400x2400_3x8bit_C00C00_RGB_billiard_balls_b.png,0865,DIV2K_valid_HR/0865.png,false,42,35,false,not_required,retain
img_2400x2400_3x8bit_C00C00_RGB_billiard_balls_b,SAMPLING/8BIT/RGB/2400x2400/C00C00/img_2400x2400_3x8bit_C00C00_RGB_billiard_balls_b.png,0866,DIV2K_valid_HR/0866.png,false,26,34,false,not_required,retain
img_2400x2400_3x8bit_C00C00_RGB_billiard_balls_b,SAMPLING/8BIT/RGB/2400x2400/C00C00/img_2400x2400_3x8bit_C00C00_RGB_billiard_balls_b.png,0867,DIV2K_valid_HR/0867.png,false,32,26,false,not_required,retain
img_2400x2400_3x8bit_C00C00_RGB_billiard_balls_b,SAMPLING/8BIT/RGB/2400x2400/C00C00/img_2400x2400_3x8bit_C00C00_RGB_billiard_balls_b.png,0868,DIV2K_valid_HR/0868.png,false,28,29,false,not_required,retain
img_2400x2400_3x8bit_C00C00_RGB_billiard_balls_b,SAMPLING/8BIT/RGB/2400x2400/C00C00/img_2400x2400_3x8bit_C00C00_RGB_billiard_balls_b.png,0869,DIV2K_valid_HR/0869.png,false,26,23,false,not_required,retain
img_2400x2400_3x8bit_C00C00_RGB_billiard_balls_b,SAMPLING/8BIT/RGB/2400x2400/C00C00/img_2400x2400_3x8bit_C00C00_RGB_billiard_balls_b.png,0870,DIV2K_valid_HR/0870.png,false,38,36,false,not_required,retain
img_2400x2400_3x8bit_C00C00_RGB_billiard_balls_b,SAMPLING/8BIT/RGB/2400x2400/C00C00/img_2400x2400_3x8bit_C00C00_RGB_billiard_balls_b.png,0871,DIV2K_valid_HR/0871.png,false,34,27,false,not_required,retain
img_2400x2400_3x8bit_C00C00_RGB_billiard_balls_b,SAMPLING/8BIT/RGB/2400x2400/C00C00/img_2400x2400_3x8bit_C00C00_RGB_billiard_balls_b.png,0872,DIV2K_valid_HR/0872.png,false,24,30,false,not_required,retain
img_2400x2400_3x8bit_C00C00_RGB_billiard_balls_b,SAMPLING/8BIT/RGB/2400x2400/C00C00/img_2400x2400_3x8bit_C00C00_RGB_billiard_balls_b.png,0873,DIV2K_valid_HR/0873.png,false,24,32,false,not_required,retain
img_2400x2400_3x8bit_C00C00_RGB_billiard_balls_b,SAMPLING/8BIT/RGB/2400x2400/C00C00/img_2400x2400_3x8bit_C00C00_RGB_billiard_balls_b.png,0874,DIV2K_valid_HR/0874.png,false,28,33,false,not_required,retain
img_2400x2400_3x8bit_C00C00_RGB_billiard_balls_b,SAMPLING/8BIT/RGB/2400x2400/C00C00/img_2400x2400_3x8bit_C00C00_RGB_billiard_balls_b.png,0875,DIV2K_valid_HR/0875.png,false,28,29,false,not_required,retain
img_2400x2400_3x8bit_C00C00_RGB_billiard_balls_b,SAMPLING/8BIT/RGB/2400x2400/C00C00/img_2400x2400_3x8bit_C00C00_RGB_billiard_balls_b.png,0876,DIV2K_valid_HR/0876.png,false,28,27,false,not_required,retain
img_2400x2400_3x8bit_C00C00_RGB_billiard_balls_b,SAMPLING/8BIT/RGB/2400x2400/C00C00/img_2400x2400_3x8bit_C00C00_RGB_billiard_balls_b.png,0877,DIV2K_valid_HR/0877.png,false,30,28,false,not_required,retain
img_2400x2400_3x8bit_C00C00_RGB_billiard_balls_b,SAMPLING/8BIT/RGB/2400x2400/C00C00/img_2400x2400_3x8bit_C00C00_RGB_billiard_balls_b.png,0878,DIV2K_valid_HR/0878.png,false,26,28,false,not_required,retain
img_2400x2400_3x8bit_C00C00_RGB_billiard_balls_b,SAMPLING/8BIT/RGB/2400x2400/C00C00/img_2400x2400_3x8bit_C00C00_RGB_billiard_balls_b.png,0879,DIV2K_valid_HR/0879.png,false,36,34,false,not_required,retain
img_2400x2400_3x8bit_C00C00_RGB_billiard_balls_b,SAMPLING/8BIT/RGB/2400x2400/C00C00/img_2400x2400_3x8bit_C00C00_RGB_billiard_balls_b.png,0880,DIV2K_valid_HR/0880.png,false,24,29,false,not_required,retain
img_2400x2400_3x8bit_C00C00_RGB_billiard_balls_b,SAMPLING/8BIT/RGB/2400x2400/C00C00/img_2400x2400_3x8bit_C00C00_RGB_billiard_balls_b.png,0881,DIV2K_valid_HR/0881.png,false,20,21,false,not_required,retain
img_2400x2400_3x8bit_C00C00_RGB_billiard_balls_b,SAMPLING/8BIT/RGB/2400x2400/C00C00/img_2400x2400_3x8bit_C00C00_RGB_billiard_balls_b.png,0882,DIV2K_valid_HR/0882.png,false,30,31,false,not_required,retain
img_2400x2400_3x8bit_C00C00_RGB_billiard_balls_b,SAMPLING/8BIT/RGB/2400x2400/C00C00/img_2400x2400_3x8bit_C00C00_RGB_billiard_balls_b.png,0883,DIV2K_valid_HR/0883.png,false,32,36,false,not_required,retain
img_2400x2400_3x8bit_C00C00_RGB_billiard_balls_b,SAMPLING/8BIT/RGB/2400x2400/C00C00/img_2400x2400_3x8bit_C00C00_RGB_billiard_balls_b.png,0884,DIV2K_valid_HR/0884.png,false,34,27,false,not_required,retain
img_2400x2400_3x8bit_C00C00_RGB_billiard_balls_b,SAMPLING/8BIT/RGB/2400x2400/C00C00/img_2400x2400_3x8bit_C00C00_RGB_billiard_balls_b.png,0885,DIV2K_valid_HR/0885.png,false,30,36,false,not_required,retain
img_2400x2400_3x8bit_C00C00_RGB_billiard_balls_b,SAMPLING/8BIT/RGB/2400x2400/C00C00/img_2400x2400_3x8bit_C00C00_RGB_billiard_balls_b.png,0886,DIV2K_valid_HR/0886.png,false,36,41,false,not_required,retain
img_2400x2400_3x8bit_C00C00_RGB_billiard_balls_b,SAMPLING/8BIT/RGB/2400x2400/C00C00/img_2400x2400_3x8bit_C00C00_RGB_billiard_balls_b.png,0887,DIV2K_valid_HR/0887.png,false,32,29,false,not_required,retain
img_2400x2400_3x8bit_C00C00_RGB_billiard_balls_b,SAMPLING/8BIT/RGB/2400x2400/C00C00/img_2400x2400_3x8bit_C00C00_RGB_billiard_balls_b.png,0888,DIV2K_valid_HR/0888.png,false,32,35,false,not_required,retain
img_2400x2400_3x8bit_C00C00_RGB_billiard_balls_b,SAMPLING/8BIT/RGB/2400x2400/C00C00/img_2400x2400_3x8bit_C00C00_RGB_billiard_balls_b.png,0889,DIV2K_valid_HR/0889.png,false,28,29,false,not_required,retain
img_2400x2400_3x8bit_C00C00_RGB_billiard_balls_b,SAMPLING/8BIT/RGB/2400x2400/C00C00/img_2400x2400_3x8bit_C00C00_RGB_billiard_balls_b.png,0890,DIV2K_valid_HR/0890.png,false,28,28,false,not_required,retain
img_2400x2400_3x8bit_C00C00_RGB_billiard_balls_b,SAMPLING/8BIT/RGB/2400x2400/C00C00/img_2400x2400_3x8bit_C00C00_RGB_billiard_balls_b.png,0891,DIV2K_valid_HR/0891.png,false,34,34,false,not_required,retain
img_2400x2400_3x8bit_C00C00_RGB_billiard_balls_b,SAMPLING/8BIT/RGB/2400x2400/C00C00/img_2400x2400_3x8bit_C00C00_RGB_billiard_balls_b.png,0892,DIV2K_valid_HR/0892.png,false,30,31,false,not_required,retain
img_2400x2400_3x8bit_C00C00_RGB_billiard_balls_b,SAMPLING/8BIT/RGB/2400x2400/C00C00/img_2400x2400_3x8bit_C00C00_RGB_billiard_balls_b.png,0893,DIV2K_valid_HR/0893.png,false,30,31,false,not_required,retain
img_2400x2400_3x8bit_C00C00_RGB_billiard_balls_b,SAMPLING/8BIT/RGB/2400x2400/C00C00/img_2400x2400_3x8bit_C00C00_RGB_billiard_balls_b.png,0894,DIV2K_valid_HR/0894.png,false,28,27,false,not_required,retain
img_2400x2400_3x8bit_C00C00_RGB_billiard_balls_b,SAMPLING/8BIT/RGB/2400x2400/C00C00/img_2400x2400_3x8bit_C00C00_RGB_billiard_balls_b.png,0895,DIV2K_valid_HR/0895.png,false,34,32,false,not_required,retain
img_2400x2400_3x8bit_C00C00_RGB_billiard_balls_b,SAMPLING/8BIT/RGB/2400x2400/C00C00/img_2400x2400_3x8bit_C00C00_RGB_billiard_balls_b.png,0896,DIV2K_valid_HR/0896.png,false,28,28,false,not_required,retain
img_2400x2400_3x8bit_C00C00_RGB_billiard_balls_b,SAMPLING/8BIT/RGB/2400x2400/C00C00/img_2400x2400_3x8bit_C00C00_RGB_billiard_balls_b.png,0897,DIV2K_valid_HR/0897.png,false,28,26,false,not_required,retain
img_2400x2400_3x8bit_C00C00_RGB_billiard_balls_b,SAMPLING/8BIT/RGB/2400x2400/C00C00/img_2400x2400_3x8bit_C00C00_RGB_billiard_balls_b.png,0898,DIV2K_valid_HR/0898.png,false,32,38,false,not_required,retain
img_2400x2400_3x8bit_C00C00_RGB_billiard_balls_b,SAMPLING/8BIT/RGB/2400x2400/C00C00/img_2400x2400_3x8bit_C00C00_RGB_billiard_balls_b.png,0899,DIV2K_valid_HR/0899.png,false,30,25,false,not_required,retain
img_2400x2400_3x8bit_C00C00_RGB_billiard_balls_b,SAMPLING/8BIT/RGB/2400x2400/C00C00/img_2400x2400_3x8bit_C00C00_RGB_billiard_balls_b.png,0900,DIV2K_valid_HR/0900.png,false,30,35,false,not_required,retain
img_2400x2400_3x8bit_C00C00_RGB_building,SAMPLING/8BIT/RGB/2400x2400/C00C00/img_2400x2400_3x8bit_C00C00_RGB_building.png,0805,DIV2K_valid_HR/0805.png,false,32,35,false,not_required,retain
img_2400x2400_3x8bit_C00C00_RGB_building,SAMPLING/8BIT/RGB/2400x2400/C00C00/img_2400x2400_3x8bit_C00C00_RGB_building.png,0806,DIV2K_valid_HR/0806.png,false,30,29,false,not_required,retain
img_2400x2400_3x8bit_C00C00_RGB_building,SAMPLING/8BIT/RGB/2400x2400/C00C00/img_2400x2400_3x8bit_C00C00_RGB_building.png,0807,DIV2K_valid_HR/0807.png,false,26,31,false,not_required,retain
img_2400x2400_3x8bit_C00C00_RGB_building,SAMPLING/8BIT/RGB/2400x2400/C00C00/img_2400x2400_3x8bit_C00C00_RGB_building.png,0808,DIV2K_valid_HR/0808.png,false,36,28,false,not_required,retain
img_2400x2400_3x8bit_C00C00_RGB_building,SAMPLING/8BIT/RGB/2400x2400/C00C00/img_2400x2400_3x8bit_C00C00_RGB_building.png,0809,DIV2K_valid_HR/0809.png,false,36,36,false,not_required,retain
img_2400x2400_3x8bit_C00C00_RGB_building,SAMPLING/8BIT/RGB/2400x2400/C00C00/img_2400x2400_3x8bit_C00C00_RGB_building.png,0810,DIV2K_valid_HR/0810.png,false,34,29,false,not_required,retain
img_2400x2400_3x8bit_C00C00_RGB_building,SAMPLING/8BIT/RGB/2400x2400/C00C00/img_2400x2400_3x8bit_C00C00_RGB_building.png,0811,DIV2K_valid_HR/0811.png,false,32,28,false,not_required,retain
img_2400x2400_3x8bit_C00C00_RGB_building,SAMPLING/8BIT/RGB/2400x2400/C00C00/img_2400x2400_3x8bit_C00C00_RGB_building.png,0812,DIV2K_valid_HR/0812.png,false,28,28,false,not_required,retain
img_2400x2400_3x8bit_C00C00_RGB_building,SAMPLING/8BIT/RGB/2400x2400/C00C00/img_2400x2400_3x8bit_C00C00_RGB_building.png,0813,DIV2K_valid_HR/0813.png,false,32,37,false,not_required,retain
img_2400x2400_3x8bit_C00C00_RGB_building,SAMPLING/8BIT/RGB/2400x2400/C00C00/img_2400x2400_3x8bit_C00C00_RGB_building.png,0814,DIV2K_valid_HR/0814.png,false,28,30,false,not_required,retain
img_2400x2400_3x8bit_C00C00_RGB_building,SAMPLING/8BIT/RGB/2400x2400/C00C00/img_2400x2400_3x8bit_C00C00_RGB_building.png,0815,DIV2K_valid_HR/0815.png,false,28,32,false,not_required,retain
img_2400x2400_3x8bit_C00C00_RGB_building,SAMPLING/8BIT/RGB/2400x2400/C00C00/img_2400x2400_3x8bit_C00C00_RGB_building.png,0816,DIV2K_valid_HR/0816.png,false,38,36,false,not_required,retain
img_2400x2400_3x8bit_C00C00_RGB_building,SAMPLING/8BIT/RGB/2400x2400/C00C00/img_2400x2400_3x8bit_C00C00_RGB_building.png,0817,DIV2K_valid_HR/0817.png,false,30,29,false,not_required,retain
img_2400x2400_3x8bit_C00C00_RGB_building,SAMPLING/8BIT/RGB/2400x2400/C00C00/img_2400x2400_3x8bit_C00C00_RGB_building.png,0818,DIV2K_valid_HR/0818.png,false,26,28,false,not_required,retain
img_2400x2400_3x8bit_C00C00_RGB_building,SAMPLING/8BIT/RGB/2400x2400/C00C00/img_2400x2400_3x8bit_C00C00_RGB_building.png,0819,DIV2K_valid_HR/0819.png,false,26,25,false,not_required,retain
img_2400x2400_3x8bit_C00C00_RGB_building,SAMPLING/8BIT/RGB/2400x2400/C00C00/img_2400x2400_3x8bit_C00C00_RGB_building.png,0820,DIV2K_valid_HR/0820.png,false,40,32,false,not_required,retain
img_2400x2400_3x8bit_C00C00_RGB_building,SAMPLING/8BIT/RGB/2400x2400/C00C00/img_2400x2400_3x8bit_C00C00_RGB_building.png,0821,DIV2K_valid_HR/0821.png,false,32,29,false,not_required,retain
img_2400x2400_3x8bit_C00C00_RGB_building,SAMPLING/8BIT/RGB/2400x2400/C00C00/img_2400x2400_3x8bit_C00C00_RGB_building.png,0822,DIV2K_valid_HR/0822.png,false,32,31,false,not_required,retain
img_2400x2400_3x8bit_C00C00_RGB_building,SAMPLING/8BIT/RGB/2400x2400/C00C00/img_2400x2400_3x8bit_C00C00_RGB_building.png,0823,DIV2K_valid_HR/0823.png,false,32,27,false,not_required,retain
img_2400x2400_3x8bit_C00C00_RGB_building,SAMPLING/8BIT/RGB/2400x2400/C00C00/img_2400x2400_3x8bit_C00C00_RGB_building.png,0824,DIV2K_valid_HR/0824.png,false,40,41,false,not_required,retain
img_2400x2400_3x8bit_C00C00_RGB_building,SAMPLING/8BIT/RGB/2400x2400/C00C00/img_2400x2400_3x8bit_C00C00_RGB_building.png,0825,DIV2K_valid_HR/0825.png,false,32,30,false,not_required,retain
img_2400x2400_3x8bit_C00C00_RGB_building,SAMPLING/8BIT/RGB/2400x2400/C00C00/img_2400x2400_3x8bit_C00C00_RGB_building.png,0826,DIV2K_valid_HR/0826.png,false,38,36,false,not_required,retain
img_2400x2400_3x8bit_C00C00_RGB_building,SAMPLING/8BIT/RGB/2400x2400/C00C00/img_2400x2400_3x8bit_C00C00_RGB_building.png,0827,DIV2K_valid_HR/0827.png,false,30,31,false,not_required,retain
img_2400x2400_3x8bit_C00C00_RGB_building,SAMPLING/8BIT/RGB/2400x2400/C00C00/img_2400x2400_3x8bit_C00C00_RGB_building.png,0828,DIV2K_valid_HR/0828.png,false,32,34,false,not_required,retain
img_2400x2400_3x8bit_C00C00_RGB_building,SAMPLING/8BIT/RGB/2400x2400/C00C00/img_2400x2400_3x8bit_C00C00_RGB_building.png,0829,DIV2K_valid_HR/0829.png,false,36,40,false,not_required,retain
img_2400x2400_3x8bit_C00C00_RGB_building,SAMPLING/8BIT/RGB/2400x2400/C00C00/img_2400x2400_3x8bit_C00C00_RGB_building.png,0830,DIV2K_valid_HR/0830.png,false,34,32,false,not_required,retain
img_2400x2400_3x8bit_C00C00_RGB_building,SAMPLING/8BIT/RGB/2400x2400/C00C00/img_2400x2400_3x8bit_C00C00_RGB_building.png,0831,DIV2K_valid_HR/0831.png,false,34,26,false,not_required,retain
img_2400x2400_3x8bit_C00C00_RGB_building,SAMPLING/8BIT/RGB/2400x2400/C00C00/img_2400x2400_3x8bit_C00C00_RGB_building.png,0832,DIV2K_valid_HR/0832.png,false,38,30,false,not_required,retain
img_2400x2400_3x8bit_C00C00_RGB_building,SAMPLING/8BIT/RGB/2400x2400/C00C00/img_2400x2400_3x8bit_C00C00_RGB_building.png,0833,DIV2K_valid_HR/0833.png,false,34,40,false,not_required,retain
img_2400x2400_3x8bit_C00C00_RGB_building,SAMPLING/8BIT/RGB/2400x2400/C00C00/img_2400x2400_3x8bit_C00C00_RGB_building.png,0834,DIV2K_valid_HR/0834.png,false,34,30,false,not_required,retain
img_2400x2400_3x8bit_C00C00_RGB_building,SAMPLING/8BIT/RGB/2400x2400/C00C00/img_2400x2400_3x8bit_C00C00_RGB_building.png,0835,DIV2K_valid_HR/0835.png,false,34,38,false,not_required,retain
img_2400x2400_3x8bit_C00C00_RGB_building,SAMPLING/8BIT/RGB/2400x2400/C00C00/img_2400x2400_3x8bit_C00C00_RGB_building.png,0836,DIV2K_valid_HR/0836.png,false,34,33,false,not_required,retain
img_2400x2400_3x8bit_C00C00_RGB_building,SAMPLING/8BIT/RGB/2400x2400/C00C00/img_2400x2400_3x8bit_C00C00_RGB_building.png,0837,DIV2K_valid_HR/0837.png,false,24,28,false,not_required,retain
img_2400x2400_3x8bit_C00C00_RGB_building,SAMPLING/8BIT/RGB/2400x2400/C00C00/img_2400x2400_3x8bit_C00C00_RGB_building.png,0838,DIV2K_valid_HR/0838.png,false,32,22,false,not_required,retain
img_2400x2400_3x8bit_C00C00_RGB_building,SAMPLING/8BIT/RGB/2400x2400/C00C00/img_2400x2400_3x8bit_C00C00_RGB_building.png,0839,DIV2K_valid_HR/0839.png,false,34,33,false,not_required,retain
img_2400x2400_3x8bit_C00C00_RGB_building,SAMPLING/8BIT/RGB/2400x2400/C00C00/img_2400x2400_3x8bit_C00C00_RGB_building.png,0840,DIV2K_valid_HR/0840.png,false,36,43,false,not_required,retain
img_2400x2400_3x8bit_C00C00_RGB_building,SAMPLING/8BIT/RGB/2400x2400/C00C00/img_2400x2400_3x8bit_C00C00_RGB_building.png,0841,DIV2K_valid_HR/0841.png,false,34,36,false,not_required,retain
img_2400x2400_3x8bit_C00C00_RGB_building,SAMPLING/8BIT/RGB/2400x2400/C00C00/img_2400x2400_3x8bit_C00C00_RGB_building.png,0842,DIV2K_valid_HR/0842.png,false,34,40,false,not_required,retain
img_2400x2400_3x8bit_C00C00_RGB_building,SAMPLING/8BIT/RGB/2400x2400/C00C00/img_2400x2400_3x8bit_C00C00_RGB_building.png,0843,DIV2K_valid_HR/0843.png,false,26,22,false,not_required,retain
img_2400x2400_3x8bit_C00C00_RGB_building,SAMPLING/8BIT/RGB/2400x2400/C00C00/img_2400x2400_3x8bit_C00C00_RGB_building.png,0844,DIV2K_valid_HR/0844.png,false,30,38,false,not_required,retain
img_2400x2400_3x8bit_C00C00_RGB_building,SAMPLING/8BIT/RGB/2400x2400/C00C00/img_2400x2400_3x8bit_C00C00_RGB_building.png,0845,DIV2K_valid_HR/0845.png,false,32,35,false,not_required,retain
img_2400x2400_3x8bit_C00C00_RGB_building,SAMPLING/8BIT/RGB/2400x2400/C00C00/img_2400x2400_3x8bit_C00C00_RGB_building.png,0846,DIV2K_valid_HR/0846.png,false,32,33,false,not_required,retain
img_2400x2400_3x8bit_C00C00_RGB_building,SAMPLING/8BIT/RGB/2400x2400/C00C00/img_2400x2400_3x8bit_C00C00_RGB_building.png,0847,DIV2K_valid_HR/0847.png,false,40,41,false,not_required,retain
img_2400x2400_3x8bit_C00C00_RGB_building,SAMPLING/8BIT/RGB/2400x2400/C00C00/img_2400x2400_3x8bit_C00C00_RGB_building.png,0848,DIV2K_valid_HR/0848.png,false,28,27,false,not_required,retain
img_2400x2400_3x8bit_C00C00_RGB_building,SAMPLING/8BIT/RGB/2400x2400/C00C00/img_2400x2400_3x8bit_C00C00_RGB_building.png,0849,DIV2K_valid_HR/0849.png,false,32,34,false,not_required,retain
img_2400x2400_3x8bit_C00C00_RGB_building,SAMPLING/8BIT/RGB/2400x2400/C00C00/img_2400x2400_3x8bit_C00C00_RGB_building.png,0850,DIV2K_valid_HR/0850.png,false,36,27,false,not_required,retain
img_2400x2400_3x8bit_C00C00_RGB_building,SAMPLING/8BIT/RGB/2400x2400/C00C00/img_2400x2400_3x8bit_C00C00_RGB_building.png,0851,DIV2K_valid_HR/0851.png,false,26,30,false,not_required,retain
img_2400x2400_3x8bit_C00C00_RGB_building,SAMPLING/8BIT/RGB/2400x2400/C00C00/img_2400x2400_3x8bit_C00C00_RGB_building.png,0852,DIV2K_valid_HR/0852.png,false,40,34,false,not_required,retain
img_2400x2400_3x8bit_C00C00_RGB_building,SAMPLING/8BIT/RGB/2400x2400/C00C00/img_2400x2400_3x8bit_C00C00_RGB_building.png,0853,DIV2K_valid_HR/0853.png,false,34,31,false,not_required,retain
img_2400x2400_3x8bit_C00C00_RGB_building,SAMPLING/8BIT/RGB/2400x2400/C00C00/img_2400x2400_3x8bit_C00C00_RGB_building.png,0854,DIV2K_valid_HR/0854.png,false,30,30,false,not_required,retain
img_2400x2400_3x8bit_C00C00_RGB_building,SAMPLING/8BIT/RGB/2400x2400/C00C00/img_2400x2400_3x8bit_C00C00_RGB_building.png,0855,DIV2K_valid_HR/0855.png,false,38,36,false,not_required,retain
img_2400x2400_3x8bit_C00C00_RGB_building,SAMPLING/8BIT/RGB/2400x2400/C00C00/img_2400x2400_3x8bit_C00C00_RGB_building.png,0856,DIV2K_valid_HR/0856.png,false,32,33,false,not_required,retain
img_2400x2400_3x8bit_C00C00_RGB_building,SAMPLING/8BIT/RGB/2400x2400/C00C00/img_2400x2400_3x8bit_C00C00_RGB_building.png,0857,DIV2K_valid_HR/0857.png,false,34,36,false,not_required,retain
img_2400x2400_3x8bit_C00C00_RGB_building,SAMPLING/8BIT/RGB/2400x2400/C00C00/img_2400x2400_3x8bit_C00C00_RGB_building.png,0858,DIV2K_valid_HR/0858.png,false,36,32,false,not_required,retain
img_2400x2400_3x8bit_C00C00_RGB_building,SAMPLING/8BIT/RGB/2400x2400/C00C00/img_2400x2400_3x8bit_C00C00_RGB_building.png,0859,DIV2K_valid_HR/0859.png,false,28,31,false,not_required,retain
img_2400x2400_3x8bit_C00C00_RGB_building,SAMPLING/8BIT/RGB/2400x2400/C00C00/img_2400x2400_3x8bit_C00C00_RGB_building.png,0860,DIV2K_valid_HR/0860.png,false,24,28,false,not_required,retain
img_2400x2400_3x8bit_C00C00_RGB_building,SAMPLING/8BIT/RGB/2400x2400/C00C00/img_2400x2400_3x8bit_C00C00_RGB_building.png,0861,DIV2K_valid_HR/0861.png,false,32,33,false,not_required,retain
img_2400x2400_3x8bit_C00C00_RGB_building,SAMPLING/8BIT/RGB/2400x2400/C00C00/img_2400x2400_3x8bit_C00C00_RGB_building.png,0862,DIV2K_valid_HR/0862.png,false,34,29,false,not_required,retain
img_2400x2400_3x8bit_C00C00_RGB_building,SAMPLING/8BIT/RGB/2400x2400/C00C00/img_2400x2400_3x8bit_C00C00_RGB_building.png,0863,DIV2K_valid_HR/0863.png,false,42,37,false,not_required,retain
img_2400x2400_3x8bit_C00C00_RGB_building,SAMPLING/8BIT/RGB/2400x2400/C00C00/img_2400x2400_3x8bit_C00C00_RGB_building.png,0864,DIV2K_valid_HR/0864.png,false,30,28,false,not_required,retain
img_2400x2400_3x8bit_C00C00_RGB_building,SAMPLING/8BIT/RGB/2400x2400/C00C00/img_2400x2400_3x8bit_C00C00_RGB_building.png,0865,DIV2K_valid_HR/0865.png,false,32,28,false,not_required,retain
img_2400x2400_3x8bit_C00C00_RGB_building,SAMPLING/8BIT/RGB/2400x2400/C00C00/img_2400x2400_3x8bit_C00C00_RGB_building.png,0866,DIV2K_valid_HR/0866.png,false,34,39,false,not_required,retain
img_2400x2400_3x8bit_C00C00_RGB_building,SAMPLING/8BIT/RGB/2400x2400/C00C00/img_2400x2400_3x8bit_C00C00_RGB_building.png,0867,DIV2K_valid_HR/0867.png,false,32,31,false,not_required,retain
img_2400x2400_3x8bit_C00C00_RGB_building,SAMPLING/8BIT/RGB/2400x2400/C00C00/img_2400x2400_3x8bit_C00C00_RGB_building.png,0868,DIV2K_valid_HR/0868.png,false,30,36,false,not_required,retain
img_2400x2400_3x8bit_C00C00_RGB_building,SAMPLING/8BIT/RGB/2400x2400/C00C00/img_2400x2400_3x8bit_C00C00_RGB_building.png,0869,DIV2K_valid_HR/0869.png,false,32,32,false,not_required,retain
img_2400x2400_3x8bit_C00C00_RGB_building,SAMPLING/8BIT/RGB/2400x2400/C00C00/img_2400x2400_3x8bit_C00C00_RGB_building.png,0870,DIV2K_valid_HR/0870.png,false,32,27,false,not_required,retain
img_2400x2400_3x8bit_C00C00_RGB_building,SAMPLING/8BIT/RGB/2400x2400/C00C00/img_2400x2400_3x8bit_C00C00_RGB_building.png,0871,DIV2K_valid_HR/0871.png,false,38,40,false,not_required,retain
img_2400x2400_3x8bit_C00C00_RGB_building,SAMPLING/8BIT/RGB/2400x2400/C00C00/img_2400x2400_3x8bit_C00C00_RGB_building.png,0872,DIV2K_valid_HR/0872.png,false,32,29,false,not_required,retain
img_2400x2400_3x8bit_C00C00_RGB_building,SAMPLING/8BIT/RGB/2400x2400/C00C00/img_2400x2400_3x8bit_C00C00_RGB_building.png,0873,DIV2K_valid_HR/0873.png,false,28,37,false,not_required,retain
img_2400x2400_3x8bit_C00C00_RGB_building,SAMPLING/8BIT/RGB/2400x2400/C00C00/img_2400x2400_3x8bit_C00C00_RGB_building.png,0874,DIV2K_valid_HR/0874.png,false,32,28,false,not_required,retain
img_2400x2400_3x8bit_C00C00_RGB_building,SAMPLING/8BIT/RGB/2400x2400/C00C00/img_2400x2400_3x8bit_C00C00_RGB_building.png,0875,DIV2K_valid_HR/0875.png,false,28,32,false,not_required,retain
img_2400x2400_3x8bit_C00C00_RGB_building,SAMPLING/8BIT/RGB/2400x2400/C00C00/img_2400x2400_3x8bit_C00C00_RGB_building.png,0876,DIV2K_valid_HR/0876.png,false,32,32,false,not_required,retain
img_2400x2400_3x8bit_C00C00_RGB_building,SAMPLING/8BIT/RGB/2400x2400/C00C00/img_2400x2400_3x8bit_C00C00_RGB_building.png,0877,DIV2K_valid_HR/0877.png,false,30,29,false,not_required,retain
img_2400x2400_3x8bit_C00C00_RGB_building,SAMPLING/8BIT/RGB/2400x2400/C00C00/img_2400x2400_3x8bit_C00C00_RGB_building.png,0878,DIV2K_valid_HR/0878.png,false,34,35,false,not_required,retain
img_2400x2400_3x8bit_C00C00_RGB_building,SAMPLING/8BIT/RGB/2400x2400/C00C00/img_2400x2400_3x8bit_C00C00_RGB_building.png,0879,DIV2K_valid_HR/0879.png,false,30,31,false,not_required,retain
img_2400x2400_3x8bit_C00C00_RGB_building,SAMPLING/8BIT/RGB/2400x2400/C00C00/img_2400x2400_3x8bit_C00C00_RGB_building.png,0880,DIV2K_valid_HR/0880.png,false,34,28,false,not_required,retain
img_2400x2400_3x8bit_C00C00_RGB_building,SAMPLING/8BIT/RGB/2400x2400/C00C00/img_2400x2400_3x8bit_C00C00_RGB_building.png,0881,DIV2K_valid_HR/0881.png,false,30,28,false,not_required,retain
img_2400x2400_3x8bit_C00C00_RGB_building,SAMPLING/8BIT/RGB/2400x2400/C00C00/img_2400x2400_3x8bit_C00C00_RGB_building.png,0882,DIV2K_valid_HR/0882.png,false,34,28,false,not_required,retain
img_2400x2400_3x8bit_C00C00_RGB_building,SAMPLING/8BIT/RGB/2400x2400/C00C00/img_2400x2400_3x8bit_C00C00_RGB_building.png,0883,DIV2K_valid_HR/0883.png,false,30,25,false,not_required,retain
img_2400x2400_3x8bit_C00C00_RGB_building,SAMPLING/8BIT/RGB/2400x2400/C00C00/img_2400x2400_3x8bit_C00C00_RGB_building.png,0884,DIV2K_valid_HR/0884.png,false,32,28,false,not_required,retain
img_2400x2400_3x8bit_C00C00_RGB_building,SAMPLING/8BIT/RGB/2400x2400/C00C00/img_2400x2400_3x8bit_C00C00_RGB_building.png,0885,DIV2K_valid_HR/0885.png,false,30,37,false,not_required,retain
img_2400x2400_3x8bit_C00C00_RGB_building,SAMPLING/8BIT/RGB/2400x2400/C00C00/img_2400x2400_3x8bit_C00C00_RGB_building.png,0886,DIV2K_valid_HR/0886.png,false,32,36,false,not_required,retain
img_2400x2400_3x8bit_C00C00_RGB_building,SAMPLING/8BIT/RGB/2400x2400/C00C00/img_2400x2400_3x8bit_C00C00_RGB_building.png,0887,DIV2K_valid_HR/0887.png,false,30,44,false,not_required,retain
img_2400x2400_3x8bit_C00C00_RGB_building,SAMPLING/8BIT/RGB/2400x2400/C00C00/img_2400x2400_3x8bit_C00C00_RGB_building.png,0888,DIV2K_valid_HR/0888.png,false,34,34,false,not_required,retain
img_2400x2400_3x8bit_C00C00_RGB_building,SAMPLING/8BIT/RGB/2400x2400/C00C00/img_2400x2400_3x8bit_C00C00_RGB_building.png,0889,DIV2K_valid_HR/0889.png,false,36,34,false,not_required,retain
img_2400x2400_3x8bit_C00C00_RGB_building,SAMPLING/8BIT/RGB/2400x2400/C00C00/img_2400x2400_3x8bit_C00C00_RGB_building.png,0890,DIV2K_valid_HR/0890.png,false,28,27,false,not_required,retain
img_2400x2400_3x8bit_C00C00_RGB_building,SAMPLING/8BIT/RGB/2400x2400/C00C00/img_2400x2400_3x8bit_C00C00_RGB_building.png,0891,DIV2K_valid_HR/0891.png,false,24,29,false,not_required,retain
img_2400x2400_3x8bit_C00C00_RGB_building,SAMPLING/8BIT/RGB/2400x2400/C00C00/img_2400x2400_3x8bit_C00C00_RGB_building.png,0892,DIV2K_valid_HR/0892.png,false,36,38,false,not_required,retain
img_2400x2400_3x8bit_C00C00_RGB_building,SAMPLING/8BIT/RGB/2400x2400/C00C00/img_2400x2400_3x8bit_C00C00_RGB_building.png,0893,DIV2K_valid_HR/0893.png,false,34,34,false,not_required,retain
img_2400x2400_3x8bit_C00C00_RGB_building,SAMPLING/8BIT/RGB/2400x2400/C00C00/img_2400x2400_3x8bit_C00C00_RGB_building.png,0894,DIV2K_valid_HR/0894.png,false,34,34,false,not_required,retain
img_2400x2400_3x8bit_C00C00_RGB_building,SAMPLING/8BIT/RGB/2400x2400/C00C00/img_2400x2400_3x8bit_C00C00_RGB_building.png,0895,DIV2K_valid_HR/0895.png,false,34,37,false,not_required,retain
img_2400x2400_3x8bit_C00C00_RGB_building,SAMPLING/8BIT/RGB/2400x2400/C00C00/img_2400x2400_3x8bit_C00C00_RGB_building.png,0896,DIV2K_valid_HR/0896.png,false,26,33,false,not_required,retain
img_2400x2400_3x8bit_C00C00_RGB_building,SAMPLING/8BIT/RGB/2400x2400/C00C00/img_2400x2400_3x8bit_C00C00_RGB_building.png,0897,DIV2K_valid_HR/0897.png,false,34,31,false,not_required,retain
img_2400x2400_3x8bit_C00C00_RGB_building,SAMPLING/8BIT/RGB/2400x2400/C00C00/img_2400x2400_3x8bit_C00C00_RGB_building.png,0898,DIV2K_valid_HR/0898.png,false,22,35,false,not_required,retain
img_2400x2400_3x8bit_C00C00_RGB_building,SAMPLING/8BIT/RGB/2400x2400/C00C00/img_2400x2400_3x8bit_C00C00_RGB_building.png,0899,DIV2K_valid_HR/0899.png,false,38,36,false,not_required,retain
img_2400x2400_3x8bit_C00C00_RGB_building,SAMPLING/8BIT/RGB/2400x2400/C00C00/img_2400x2400_3x8bit_C00C00_RGB_building.png,0900,DIV2K_valid_HR/0900.png,false,28,24,false,not_required,retain
img_2400x2400_3x8bit_C00C00_RGB_cards_a,SAMPLING/8BIT/RGB/2400x2400/C00C00/img_2400x2400_3x8bit_C00C00_RGB_cards_a.png,0805,DIV2K_valid_HR/0805.png,false,38,31,false,not_required,retain
img_2400x2400_3x8bit_C00C00_RGB_cards_a,SAMPLING/8BIT/RGB/2400x2400/C00C00/img_2400x2400_3x8bit_C00C00_RGB_cards_a.png,0806,DIV2K_valid_HR/0806.png,false,30,31,false,not_required,retain
img_2400x2400_3x8bit_C00C00_RGB_cards_a,SAMPLING/8BIT/RGB/2400x2400/C00C00/img_2400x2400_3x8bit_C00C00_RGB_cards_a.png,0807,DIV2K_valid_HR/0807.png,false,28,27,false,not_required,retain
img_2400x2400_3x8bit_C00C00_RGB_cards_a,SAMPLING/8BIT/RGB/2400x2400/C00C00/img_2400x2400_3x8bit_C00C00_RGB_cards_a.png,0808,DIV2K_valid_HR/0808.png,false,32,38,false,not_required,retain
img_2400x2400_3x8bit_C00C00_RGB_cards_a,SAMPLING/8BIT/RGB/2400x2400/C00C00/img_2400x2400_3x8bit_C00C00_RGB_cards_a.png,0809,DIV2K_valid_HR/0809.png,false,38,40,false,not_required,retain
img_2400x2400_3x8bit_C00C00_RGB_cards_a,SAMPLING/8BIT/RGB/2400x2400/C00C00/img_2400x2400_3x8bit_C00C00_RGB_cards_a.png,0810,DIV2K_valid_HR/0810.png,false,38,39,false,not_required,retain
img_2400x2400_3x8bit_C00C00_RGB_cards_a,SAMPLING/8BIT/RGB/2400x2400/C00C00/img_2400x2400_3x8bit_C00C00_RGB_cards_a.png,0811,DIV2K_valid_HR/0811.png,false,32,32,false,not_required,retain
img_2400x2400_3x8bit_C00C00_RGB_cards_a,SAMPLING/8BIT/RGB/2400x2400/C00C00/img_2400x2400_3x8bit_C00C00_RGB_cards_a.png,0812,DIV2K_valid_HR/0812.png,false,36,24,false,not_required,retain
img_2400x2400_3x8bit_C00C00_RGB_cards_a,SAMPLING/8BIT/RGB/2400x2400/C00C00/img_2400x2400_3x8bit_C00C00_RGB_cards_a.png,0813,DIV2K_valid_HR/0813.png,false,30,29,false,not_required,retain
img_2400x2400_3x8bit_C00C00_RGB_cards_a,SAMPLING/8BIT/RGB/2400x2400/C00C00/img_2400x2400_3x8bit_C00C00_RGB_cards_a.png,0814,DIV2K_valid_HR/0814.png,false,34,30,false,not_required,retain
img_2400x2400_3x8bit_C00C00_RGB_cards_a,SAMPLING/8BIT/RGB/2400x2400/C00C00/img_2400x2400_3x8bit_C00C00_RGB_cards_a.png,0815,DIV2K_valid_HR/0815.png,false,28,30,false,not_required,retain
img_2400x2400_3x8bit_C00C00_RGB_cards_a,SAMPLING/8BIT/RGB/2400x2400/C00C00/img_2400x2400_3x8bit_C00C00_RGB_cards_a.png,0816,DIV2K_valid_HR/0816.png,false,36,40,false,not_required,retain
img_2400x2400_3x8bit_C00C00_RGB_cards_a,SAMPLING/8BIT/RGB/2400x2400/C00C00/img_2400x2400_3x8bit_C00C00_RGB_cards_a.png,0817,DIV2K_valid_HR/0817.png,false,32,35,false,not_required,retain
img_2400x2400_3x8bit_C00C00_RGB_cards_a,SAMPLING/8BIT/RGB/2400x2400/C00C00/img_2400x2400_3x8bit_C00C00_RGB_cards_a.png,0818,DIV2K_valid_HR/0818.png,false,28,34,false,not_required,retain
img_2400x2400_3x8bit_C00C00_RGB_cards_a,SAMPLING/8BIT/RGB/2400x2400/C00C00/img_2400x2400_3x8bit_C00C00_RGB_cards_a.png,0819,DIV2K_valid_HR/0819.png,false,32,29,false,not_required,retain
img_2400x2400_3x8bit_C00C00_RGB_cards_a,SAMPLING/8BIT/RGB/2400x2400/C00C00/img_2400x2400_3x8bit_C00C00_RGB_cards_a.png,0820,DIV2K_valid_HR/0820.png,false,32,36,false,not_required,retain
img_2400x2400_3x8bit_C00C00_RGB_cards_a,SAMPLING/8BIT/RGB/2400x2400/C00C00/img_2400x2400_3x8bit_C00C00_RGB_cards_a.png,0821,DIV2K_valid_HR/0821.png,false,32,29,false,not_required,retain
img_2400x2400_3x8bit_C00C00_RGB_cards_a,SAMPLING/8BIT/RGB/2400x2400/C00C00/img_2400x2400_3x8bit_C00C00_RGB_cards_a.png,0822,DIV2K_valid_HR/0822.png,false,30,35,false,not_required,retain
img_2400x2400_3x8bit_C00C00_RGB_cards_a,SAMPLING/8BIT/RGB/2400x2400/C00C00/img_2400x2400_3x8bit_C00C00_RGB_cards_a.png,0823,DIV2K_valid_HR/0823.png,false,28,27,false,not_required,retain
img_2400x2400_3x8bit_C00C00_RGB_cards_a,SAMPLING/8BIT/RGB/2400x2400/C00C00/img_2400x2400_3x8bit_C00C00_RGB_cards_a.png,0824,DIV2K_valid_HR/0824.png,false,28,27,false,not_required,retain
img_2400x2400_3x8bit_C00C00_RGB_cards_a,SAMPLING/8BIT/RGB/2400x2400/C00C00/img_2400x2400_3x8bit_C00C00_RGB_cards_a.png,0825,DIV2K_valid_HR/0825.png,false,34,30,false,not_required,retain
img_2400x2400_3x8bit_C00C00_RGB_cards_a,SAMPLING/8BIT/RGB/2400x2400/C00C00/img_2400x2400_3x8bit_C00C00_RGB_cards_a.png,0826,DIV2K_valid_HR/0826.png,false,38,34,false,not_required,retain
img_2400x2400_3x8bit_C00C00_RGB_cards_a,SAMPLING/8BIT/RGB/2400x2400/C00C00/img_2400x2400_3x8bit_C00C00_RGB_cards_a.png,0827,DIV2K_valid_HR/0827.png,false,28,35,false,not_required,retain
img_2400x2400_3x8bit_C00C00_RGB_cards_a,SAMPLING/8BIT/RGB/2400x2400/C00C00/img_2400x2400_3x8bit_C00C00_RGB_cards_a.png,0828,DIV2K_valid_HR/0828.png,false,32,28,false,not_required,retain
img_2400x2400_3x8bit_C00C00_RGB_cards_a,SAMPLING/8BIT/RGB/2400x2400/C00C00/img_2400x2400_3x8bit_C00C00_RGB_cards_a.png,0829,DIV2K_valid_HR/0829.png,false,36,38,false,not_required,retain
img_2400x2400_3x8bit_C00C00_RGB_cards_a,SAMPLING/8BIT/RGB/2400x2400/C00C00/img_2400x2400_3x8bit_C00C00_RGB_cards_a.png,0830,DIV2K_valid_HR/0830.png,false,32,26,false,not_required,retain
img_2400x2400_3x8bit_C00C00_RGB_cards_a,SAMPLING/8BIT/RGB/2400x2400/C00C00/img_2400x2400_3x8bit_C00C00_RGB_cards_a.png,0831,DIV2K_valid_HR/0831.png,false,32,34,false,not_required,retain
img_2400x2400_3x8bit_C00C00_RGB_cards_a,SAMPLING/8BIT/RGB/2400x2400/C00C00/img_2400x2400_3x8bit_C00C00_RGB_cards_a.png,0832,DIV2K_valid_HR/0832.png,false,36,30,false,not_required,retain
img_2400x2400_3x8bit_C00C00_RGB_cards_a,SAMPLING/8BIT/RGB/2400x2400/C00C00/img_2400x2400_3x8bit_C00C00_RGB_cards_a.png,0833,DIV2K_valid_HR/0833.png,false,32,38,false,not_required,retain
img_2400x2400_3x8bit_C00C00_RGB_cards_a,SAMPLING/8BIT/RGB/2400x2400/C00C00/img_2400x2400_3x8bit_C00C00_RGB_cards_a.png,0834,DIV2K_valid_HR/0834.png,false,40,34,false,not_required,retain
img_2400x2400_3x8bit_C00C00_RGB_cards_a,SAMPLING/8BIT/RGB/2400x2400/C00C00/img_2400x2400_3x8bit_C00C00_RGB_cards_a.png,0835,DIV2K_valid_HR/0835.png,false,32,30,false,not_required,retain
img_2400x2400_3x8bit_C00C00_RGB_cards_a,SAMPLING/8BIT/RGB/2400x2400/C00C00/img_2400x2400_3x8bit_C00C00_RGB_cards_a.png,0836,DIV2K_valid_HR/0836.png,false,30,27,false,not_required,retain
img_2400x2400_3x8bit_C00C00_RGB_cards_a,SAMPLING/8BIT/RGB/2400x2400/C00C00/img_2400x2400_3x8bit_C00C00_RGB_cards_a.png,0837,DIV2K_valid_HR/0837.png,false,34,26,false,not_required,retain
img_2400x2400_3x8bit_C00C00_RGB_cards_a,SAMPLING/8BIT/RGB/2400x2400/C00C00/img_2400x2400_3x8bit_C00C00_RGB_cards_a.png,0838,DIV2K_valid_HR/0838.png,false,24,30,false,not_required,retain
img_2400x2400_3x8bit_C00C00_RGB_cards_a,SAMPLING/8BIT/RGB/2400x2400/C00C00/img_2400x2400_3x8bit_C00C00_RGB_cards_a.png,0839,DIV2K_valid_HR/0839.png,false,34,27,false,not_required,retain
img_2400x2400_3x8bit_C00C00_RGB_cards_a,SAMPLING/8BIT/RGB/2400x2400/C00C00/img_2400x2400_3x8bit_C00C00_RGB_cards_a.png,0840,DIV2K_valid_HR/0840.png,false,32,33,false,not_required,retain
img_2400x2400_3x8bit_C00C00_RGB_cards_a,SAMPLING/8BIT/RGB/2400x2400/C00C00/img_2400x2400_3x8bit_C00C00_RGB_cards_a.png,0841,DIV2K_valid_HR/0841.png,false,24,26,false,not_required,retain
img_2400x2400_3x8bit_C00C00_RGB_cards_a,SAMPLING/8BIT/RGB/2400x2400/C00C00/img_2400x2400_3x8bit_C00C00_RGB_cards_a.png,0842,DIV2K_valid_HR/0842.png,false,28,34,false,not_required,retain
img_2400x2400_3x8bit_C00C00_RGB_cards_a,SAMPLING/8BIT/RGB/2400x2400/C00C00/img_2400x2400_3x8bit_C00C00_RGB_cards_a.png,0843,DIV2K_valid_HR/0843.png,false,38,38,false,not_required,retain
img_2400x2400_3x8bit_C00C00_RGB_cards_a,SAMPLING/8BIT/RGB/2400x2400/C00C00/img_2400x2400_3x8bit_C00C00_RGB_cards_a.png,0844,DIV2K_valid_HR/0844.png,false,28,26,false,not_required,retain
img_2400x2400_3x8bit_C00C00_RGB_cards_a,SAMPLING/8BIT/RGB/2400x2400/C00C00/img_2400x2400_3x8bit_C00C00_RGB_cards_a.png,0845,DIV2K_valid_HR/0845.png,false,34,33,false,not_required,retain
img_2400x2400_3x8bit_C00C00_RGB_cards_a,SAMPLING/8BIT/RGB/2400x2400/C00C00/img_2400x2400_3x8bit_C00C00_RGB_cards_a.png,0846,DIV2K_valid_HR/0846.png,false,30,37,false,not_required,retain
img_2400x2400_3x8bit_C00C00_RGB_cards_a,SAMPLING/8BIT/RGB/2400x2400/C00C00/img_2400x2400_3x8bit_C00C00_RGB_cards_a.png,0847,DIV2K_valid_HR/0847.png,false,36,31,false,not_required,retain
img_2400x2400_3x8bit_C00C00_RGB_cards_a,SAMPLING/8BIT/RGB/2400x2400/C00C00/img_2400x2400_3x8bit_C00C00_RGB_cards_a.png,0848,DIV2K_valid_HR/0848.png,false,28,27,false,not_required,retain
img_2400x2400_3x8bit_C00C00_RGB_cards_a,SAMPLING/8BIT/RGB/2400x2400/C00C00/img_2400x2400_3x8bit_C00C00_RGB_cards_a.png,0849,DIV2K_valid_HR/0849.png,false,40,40,false,not_required,retain
img_2400x2400_3x8bit_C00C00_RGB_cards_a,SAMPLING/8BIT/RGB/2400x2400/C00C00/img_2400x2400_3x8bit_C00C00_RGB_cards_a.png,0850,DIV2K_valid_HR/0850.png,false,34,41,false,not_required,retain
img_2400x2400_3x8bit_C00C00_RGB_cards_a,SAMPLING/8BIT/RGB/2400x2400/C00C00/img_2400x2400_3x8bit_C00C00_RGB_cards_a.png,0851,DIV2K_valid_HR/0851.png,false,36,24,false,not_required,retain
img_2400x2400_3x8bit_C00C00_RGB_cards_a,SAMPLING/8BIT/RGB/2400x2400/C00C00/img_2400x2400_3x8bit_C00C00_RGB_cards_a.png,0852,DIV2K_valid_HR/0852.png,false,34,32,false,not_required,retain
img_2400x2400_3x8bit_C00C00_RGB_cards_a,SAMPLING/8BIT/RGB/2400x2400/C00C00/img_2400x2400_3x8bit_C00C00_RGB_cards_a.png,0853,DIV2K_valid_HR/0853.png,false,36,33,false,not_required,retain
img_2400x2400_3x8bit_C00C00_RGB_cards_a,SAMPLING/8BIT/RGB/2400x2400/C00C00/img_2400x2400_3x8bit_C00C00_RGB_cards_a.png,0854,DIV2K_valid_HR/0854.png,false,28,30,false,not_required,retain
img_2400x2400_3x8bit_C00C00_RGB_cards_a,SAMPLING/8BIT/RGB/2400x2400/C00C00/img_2400x2400_3x8bit_C00C00_RGB_cards_a.png,0855,DIV2K_valid_HR/0855.png,false,34,38,false,not_required,retain
img_2400x2400_3x8bit_C00C00_RGB_cards_a,SAMPLING/8BIT/RGB/2400x2400/C00C00/img_2400x2400_3x8bit_C00C00_RGB_cards_a.png,0856,DIV2K_valid_HR/0856.png,false,32,33,false,not_required,retain
img_2400x2400_3x8bit_C00C00_RGB_cards_a,SAMPLING/8BIT/RGB/2400x2400/C00C00/img_2400x2400_3x8bit_C00C00_RGB_cards_a.png,0857,DIV2K_valid_HR/0857.png,false,36,36,false,not_required,retain
img_2400x2400_3x8bit_C00C00_RGB_cards_a,SAMPLING/8BIT/RGB/2400x2400/C00C00/img_2400x2400_3x8bit_C00C00_RGB_cards_a.png,0858,DIV2K_valid_HR/0858.png,false,32,34,false,not_required,retain
img_2400x2400_3x8bit_C00C00_RGB_cards_a,SAMPLING/8BIT/RGB/2400x2400/C00C00/img_2400x2400_3x8bit_C00C00_RGB_cards_a.png,0859,DIV2K_valid_HR/0859.png,false,38,33,false,not_required,retain
img_2400x2400_3x8bit_C00C00_RGB_cards_a,SAMPLING/8BIT/RGB/2400x2400/C00C00/img_2400x2400_3x8bit_C00C00_RGB_cards_a.png,0860,DIV2K_valid_HR/0860.png,false,24,26,false,not_required,retain
img_2400x2400_3x8bit_C00C00_RGB_cards_a,SAMPLING/8BIT/RGB/2400x2400/C00C00/img_2400x2400_3x8bit_C00C00_RGB_cards_a.png,0861,DIV2K_valid_HR/0861.png,false,30,37,false,not_required,retain
img_2400x2400_3x8bit_C00C00_RGB_cards_a,SAMPLING/8BIT/RGB/2400x2400/C00C00/img_2400x2400_3x8bit_C00C00_RGB_cards_a.png,0862,DIV2K_valid_HR/0862.png,false,34,37,false,not_required,retain
img_2400x2400_3x8bit_C00C00_RGB_cards_a,SAMPLING/8BIT/RGB/2400x2400/C00C00/img_2400x2400_3x8bit_C00C00_RGB_cards_a.png,0863,DIV2K_valid_HR/0863.png,false,32,25,false,not_required,retain
img_2400x2400_3x8bit_C00C00_RGB_cards_a,SAMPLING/8BIT/RGB/2400x2400/C00C00/img_2400x2400_3x8bit_C00C00_RGB_cards_a.png,0864,DIV2K_valid_HR/0864.png,false,30,32,false,not_required,retain
img_2400x2400_3x8bit_C00C00_RGB_cards_a,SAMPLING/8BIT/RGB/2400x2400/C00C00/img_2400x2400_3x8bit_C00C00_RGB_cards_a.png,0865,DIV2K_valid_HR/0865.png,false,28,20,false,not_required,retain
img_2400x2400_3x8bit_C00C00_RGB_cards_a,SAMPLING/8BIT/RGB/2400x2400/C00C00/img_2400x2400_3x8bit_C00C00_RGB_cards_a.png,0866,DIV2K_valid_HR/0866.png,false,34,33,false,not_required,retain
img_2400x2400_3x8bit_C00C00_RGB_cards_a,SAMPLING/8BIT/RGB/2400x2400/C00C00/img_2400x2400_3x8bit_C00C00_RGB_cards_a.png,0867,DIV2K_valid_HR/0867.png,false,24,33,false,not_required,retain
img_2400x2400_3x8bit_C00C00_RGB_cards_a,SAMPLING/8BIT/RGB/2400x2400/C00C00/img_2400x2400_3x8bit_C00C00_RGB_cards_a.png,0868,DIV2K_valid_HR/0868.png,false,30,26,false,not_required,retain
img_2400x2400_3x8bit_C00C00_RGB_cards_a,SAMPLING/8BIT/RGB/2400x2400/C00C00/img_2400x2400_3x8bit_C00C00_RGB_cards_a.png,0869,DIV2K_valid_HR/0869.png,false,32,26,false,not_required,retain
img_2400x2400_3x8bit_C00C00_RGB_cards_a,SAMPLING/8BIT/RGB/2400x2400/C00C00/img_2400x2400_3x8bit_C00C00_RGB_cards_a.png,0870,DIV2K_valid_HR/0870.png,false,30,31,false,not_required,retain
img_2400x2400_3x8bit_C00C00_RGB_cards_a,SAMPLING/8BIT/RGB/2400x2400/C00C00/img_2400x2400_3x8bit_C00C00_RGB_cards_a.png,0871,DIV2K_valid_HR/0871.png,false,34,34,false,not_required,retain
img_2400x2400_3x8bit_C00C00_RGB_cards_a,SAMPLING/8BIT/RGB/2400x2400/C00C00/img_2400x2400_3x8bit_C00C00_RGB_cards_a.png,0872,DIV2K_valid_HR/0872.png,false,28,35,false,not_required,retain
img_2400x2400_3x8bit_C00C00_RGB_cards_a,SAMPLING/8BIT/RGB/2400x2400/C00C00/img_2400x2400_3x8bit_C00C00_RGB_cards_a.png,0873,DIV2K_valid_HR/0873.png,false,34,33,false,not_required,retain
img_2400x2400_3x8bit_C00C00_RGB_cards_a,SAMPLING/8BIT/RGB/2400x2400/C00C00/img_2400x2400_3x8bit_C00C00_RGB_cards_a.png,0874,DIV2K_valid_HR/0874.png,false,32,36,false,not_required,retain
img_2400x2400_3x8bit_C00C00_RGB_cards_a,SAMPLING/8BIT/RGB/2400x2400/C00C00/img_2400x2400_3x8bit_C00C00_RGB_cards_a.png,0875,DIV2K_valid_HR/0875.png,false,28,28,false,not_required,retain
img_2400x2400_3x8bit_C00C00_RGB_cards_a,SAMPLING/8BIT/RGB/2400x2400/C00C00/img_2400x2400_3x8bit_C00C00_RGB_cards_a.png,0876,DIV2K_valid_HR/0876.png,false,34,34,false,not_required,retain
img_2400x2400_3x8bit_C00C00_RGB_cards_a,SAMPLING/8BIT/RGB/2400x2400/C00C00/img_2400x2400_3x8bit_C00C00_RGB_cards_a.png,0877,DIV2K_valid_HR/0877.png,false,28,31,false,not_required,retain
img_2400x2400_3x8bit_C00C00_RGB_cards_a,SAMPLING/8BIT/RGB/2400x2400/C00C00/img_2400x2400_3x8bit_C00C00_RGB_cards_a.png,0878,DIV2K_valid_HR/0878.png,false,30,25,false,not_required,retain
img_2400x2400_3x8bit_C00C00_RGB_cards_a,SAMPLING/8BIT/RGB/2400x2400/C00C00/img_2400x2400_3x8bit_C00C00_RGB_cards_a.png,0879,DIV2K_valid_HR/0879.png,false,32,33,false,not_required,retain
img_2400x2400_3x8bit_C00C00_RGB_cards_a,SAMPLING/8BIT/RGB/2400x2400/C00C00/img_2400x2400_3x8bit_C00C00_RGB_cards_a.png,0880,DIV2K_valid_HR/0880.png,false,30,36,false,not_required,retain
img_2400x2400_3x8bit_C00C00_RGB_cards_a,SAMPLING/8BIT/RGB/2400x2400/C00C00/img_2400x2400_3x8bit_C00C00_RGB_cards_a.png,0881,DIV2K_valid_HR/0881.png,false,34,30,false,not_required,retain
img_2400x2400_3x8bit_C00C00_RGB_cards_a,SAMPLING/8BIT/RGB/2400x2400/C00C00/img_2400x2400_3x8bit_C00C00_RGB_cards_a.png,0882,DIV2K_valid_HR/0882.png,false,28,34,false,not_required,retain
img_2400x2400_3x8bit_C00C00_RGB_cards_a,SAMPLING/8BIT/RGB/2400x2400/C00C00/img_2400x2400_3x8bit_C00C00_RGB_cards_a.png,0883,DIV2K_valid_HR/0883.png,false,34,37,false,not_required,retain
img_2400x2400_3x8bit_C00C00_RGB_cards_a,SAMPLING/8BIT/RGB/2400x2400/C00C00/img_2400x2400_3x8bit_C00C00_RGB_cards_a.png,0884,DIV2K_valid_HR/0884.png,false,34,32,false,not_required,retain
img_2400x2400_3x8bit_C00C00_RGB_cards_a,SAMPLING/8BIT/RGB/2400x2400/C00C00/img_2400x2400_3x8bit_C00C00_RGB_cards_a.png,0885,DIV2K_valid_HR/0885.png,false,30,25,false,not_required,retain
img_2400x2400_3x8bit_C00C00_RGB_cards_a,SAMPLING/8BIT/RGB/2400x2400/C00C00/img_2400x2400_3x8bit_C00C00_RGB_cards_a.png,0886,DIV2K_valid_HR/0886.png,false,36,40,false,not_required,retain
img_2400x2400_3x8bit_C00C00_RGB_cards_a,SAMPLING/8BIT/RGB/2400x2400/C00C00/img_2400x2400_3x8bit_C00C00_RGB_cards_a.png,0887,DIV2K_valid_HR/0887.png,false,30,36,false,not_required,retain
img_2400x2400_3x8bit_C00C00_RGB_cards_a,SAMPLING/8BIT/RGB/2400x2400/C00C00/img_2400x2400_3x8bit_C00C00_RGB_cards_a.png,0888,DIV2K_valid_HR/0888.png,false,28,32,false,not_required,retain
img_2400x2400_3x8bit_C00C00_RGB_cards_a,SAMPLING/8BIT/RGB/2400x2400/C00C00/img_2400x2400_3x8bit_C00C00_RGB_cards_a.png,0889,DIV2K_valid_HR/0889.png,false,32,36,false,not_required,retain
img_2400x2400_3x8bit_C00C00_RGB_cards_a,SAMPLING/8BIT/RGB/2400x2400/C00C00/img_2400x2400_3x8bit_C00C00_RGB_cards_a.png,0890,DIV2K_valid_HR/0890.png,false,30,21,false,not_required,retain
img_2400x2400_3x8bit_C00C00_RGB_cards_a,SAMPLING/8BIT/RGB/2400x2400/C00C00/img_2400x2400_3x8bit_C00C00_RGB_cards_a.png,0891,DIV2K_valid_HR/0891.png,false,22,27,false,not_required,retain
img_2400x2400_3x8bit_C00C00_RGB_cards_a,SAMPLING/8BIT/RGB/2400x2400/C00C00/img_2400x2400_3x8bit_C00C00_RGB_cards_a.png,0892,DIV2K_valid_HR/0892.png,false,34,34,false,not_required,retain
img_2400x2400_3x8bit_C00C00_RGB_cards_a,SAMPLING/8BIT/RGB/2400x2400/C00C00/img_2400x2400_3x8bit_C00C00_RGB_cards_a.png,0893,DIV2K_valid_HR/0893.png,false,26,30,false,not_required,retain
img_2400x2400_3x8bit_C00C00_RGB_cards_a,SAMPLING/8BIT/RGB/2400x2400/C00C00/img_2400x2400_3x8bit_C00C00_RGB_cards_a.png,0894,DIV2K_valid_HR/0894.png,false,40,32,false,not_required,retain
img_2400x2400_3x8bit_C00C00_RGB_cards_a,SAMPLING/8BIT/RGB/2400x2400/C00C00/img_2400x2400_3x8bit_C00C00_RGB_cards_a.png,0895,DIV2K_valid_HR/0895.png,false,26,27,false,not_required,retain
img_2400x2400_3x8bit_C00C00_RGB_cards_a,SAMPLING/8BIT/RGB/2400x2400/C00C00/img_2400x2400_3x8bit_C00C00_RGB_cards_a.png,0896,DIV2K_valid_HR/0896.png,false,30,39,false,not_required,retain
img_2400x2400_3x8bit_C00C00_RGB_cards_a,SAMPLING/8BIT/RGB/2400x2400/C00C00/img_2400x2400_3x8bit_C00C00_RGB_cards_a.png,0897,DIV2K_valid_HR/0897.png,false,30,39,false,not_required,retain
img_2400x2400_3x8bit_C00C00_RGB_cards_a,SAMPLING/8BIT/RGB/2400x2400/C00C00/img_2400x2400_3x8bit_C00C00_RGB_cards_a.png,0898,DIV2K_valid_HR/0898.png,false,32,33,false,not_required,retain
img_2400x2400_3x8bit_C00C00_RGB_cards_a,SAMPLING/8BIT/RGB/2400x2400/C00C00/img_2400x2400_3x8bit_C00C00_RGB_cards_a.png,0899,DIV2K_valid_HR/0899.png,false,26,28,false,not_required,retain
img_2400x2400_3x8bit_C00C00_RGB_cards_a,SAMPLING/8BIT/RGB/2400x2400/C00C00/img_2400x2400_3x8bit_C00C00_RGB_cards_a.png,0900,DIV2K_valid_HR/0900.png,false,26,38,false,not_required,retain
img_2400x2400_3x8bit_C00C00_RGB_cards_b,SAMPLING/8BIT/RGB/2400x2400/C00C00/img_2400x2400_3x8bit_C00C00_RGB_cards_b.png,0805,DIV2K_valid_HR/0805.png,false,34,39,false,not_required,retain
img_2400x2400_3x8bit_C00C00_RGB_cards_b,SAMPLING/8BIT/RGB/2400x2400/C00C00/img_2400x2400_3x8bit_C00C00_RGB_cards_b.png,0806,DIV2K_valid_HR/0806.png,false,32,33,false,not_required,retain
img_2400x2400_3x8bit_C00C00_RGB_cards_b,SAMPLING/8BIT/RGB/2400x2400/C00C00/img_2400x2400_3x8bit_C00C00_RGB_cards_b.png,0807,DIV2K_valid_HR/0807.png,false,36,37,false,not_required,retain
img_2400x2400_3x8bit_C00C00_RGB_cards_b,SAMPLING/8BIT/RGB/2400x2400/C00C00/img_2400x2400_3x8bit_C00C00_RGB_cards_b.png,0808,DIV2K_valid_HR/0808.png,false,22,28,false,not_required,retain
img_2400x2400_3x8bit_C00C00_RGB_cards_b,SAMPLING/8BIT/RGB/2400x2400/C00C00/img_2400x2400_3x8bit_C00C00_RGB_cards_b.png,0809,DIV2K_valid_HR/0809.png,false,26,26,false,not_required,retain
img_2400x2400_3x8bit_C00C00_RGB_cards_b,SAMPLING/8BIT/RGB/2400x2400/C00C00/img_2400x2400_3x8bit_C00C00_RGB_cards_b.png,0810,DIV2K_valid_HR/0810.png,false,28,31,false,not_required,retain
img_2400x2400_3x8bit_C00C00_RGB_cards_b,SAMPLING/8BIT/RGB/2400x2400/C00C00/img_2400x2400_3x8bit_C00C00_RGB_cards_b.png,0811,DIV2K_valid_HR/0811.png,false,30,34,false,not_required,retain
img_2400x2400_3x8bit_C00C00_RGB_cards_b,SAMPLING/8BIT/RGB/2400x2400/C00C00/img_2400x2400_3x8bit_C00C00_RGB_cards_b.png,0812,DIV2K_valid_HR/0812.png,false,32,32,false,not_required,retain
img_2400x2400_3x8bit_C00C00_RGB_cards_b,SAMPLING/8BIT/RGB/2400x2400/C00C00/img_2400x2400_3x8bit_C00C00_RGB_cards_b.png,0813,DIV2K_valid_HR/0813.png,false,28,27,false,not_required,retain
img_2400x2400_3x8bit_C00C00_RGB_cards_b,SAMPLING/8BIT/RGB/2400x2400/C00C00/img_2400x2400_3x8bit_C00C00_RGB_cards_b.png,0814,DIV2K_valid_HR/0814.png,false,30,32,false,not_required,retain
img_2400x2400_3x8bit_C00C00_RGB_cards_b,SAMPLING/8BIT/RGB/2400x2400/C00C00/img_2400x2400_3x8bit_C00C00_RGB_cards_b.png,0815,DIV2K_valid_HR/0815.png,false,34,34,false,not_required,retain
img_2400x2400_3x8bit_C00C00_RGB_cards_b,SAMPLING/8BIT/RGB/2400x2400/C00C00/img_2400x2400_3x8bit_C00C00_RGB_cards_b.png,0816,DIV2K_valid_HR/0816.png,false,30,30,false,not_required,retain
img_2400x2400_3x8bit_C00C00_RGB_cards_b,SAMPLING/8BIT/RGB/2400x2400/C00C00/img_2400x2400_3x8bit_C00C00_RGB_cards_b.png,0817,DIV2K_valid_HR/0817.png,false,28,29,false,not_required,retain
img_2400x2400_3x8bit_C00C00_RGB_cards_b,SAMPLING/8BIT/RGB/2400x2400/C00C00/img_2400x2400_3x8bit_C00C00_RGB_cards_b.png,0818,DIV2K_valid_HR/0818.png,false,32,38,false,not_required,retain
img_2400x2400_3x8bit_C00C00_RGB_cards_b,SAMPLING/8BIT/RGB/2400x2400/C00C00/img_2400x2400_3x8bit_C00C00_RGB_cards_b.png,0819,DIV2K_valid_HR/0819.png,false,32,29,false,not_required,retain
img_2400x2400_3x8bit_C00C00_RGB_cards_b,SAMPLING/8BIT/RGB/2400x2400/C00C00/img_2400x2400_3x8bit_C00C00_RGB_cards_b.png,0820,DIV2K_valid_HR/0820.png,false,36,36,false,not_required,retain
img_2400x2400_3x8bit_C00C00_RGB_cards_b,SAMPLING/8BIT/RGB/2400x2400/C00C00/img_2400x2400_3x8bit_C00C00_RGB_cards_b.png,0821,DIV2K_valid_HR/0821.png,false,32,35,false,not_required,retain
img_2400x2400_3x8bit_C00C00_RGB_cards_b,SAMPLING/8BIT/RGB/2400x2400/C00C00/img_2400x2400_3x8bit_C00C00_RGB_cards_b.png,0822,DIV2K_valid_HR/0822.png,false,26,37,false,not_required,retain
img_2400x2400_3x8bit_C00C00_RGB_cards_b,SAMPLING/8BIT/RGB/2400x2400/C00C00/img_2400x2400_3x8bit_C00C00_RGB_cards_b.png,0823,DIV2K_valid_HR/0823.png,false,26,27,false,not_required,retain
img_2400x2400_3x8bit_C00C00_RGB_cards_b,SAMPLING/8BIT/RGB/2400x2400/C00C00/img_2400x2400_3x8bit_C00C00_RGB_cards_b.png,0824,DIV2K_valid_HR/0824.png,false,30,33,false,not_required,retain
img_2400x2400_3x8bit_C00C00_RGB_cards_b,SAMPLING/8BIT/RGB/2400x2400/C00C00/img_2400x2400_3x8bit_C00C00_RGB_cards_b.png,0825,DIV2K_valid_HR/0825.png,false,30,34,false,not_required,retain
img_2400x2400_3x8bit_C00C00_RGB_cards_b,SAMPLING/8BIT/RGB/2400x2400/C00C00/img_2400x2400_3x8bit_C00C00_RGB_cards_b.png,0826,DIV2K_valid_HR/0826.png,false,36,36,false,not_required,retain
img_2400x2400_3x8bit_C00C00_RGB_cards_b,SAMPLING/8BIT/RGB/2400x2400/C00C00/img_2400x2400_3x8bit_C00C00_RGB_cards_b.png,0827,DIV2K_valid_HR/0827.png,false,20,29,false,not_required,retain
img_2400x2400_3x8bit_C00C00_RGB_cards_b,SAMPLING/8BIT/RGB/2400x2400/C00C00/img_2400x2400_3x8bit_C00C00_RGB_cards_b.png,0828,DIV2K_valid_HR/0828.png,false,38,34,false,not_required,retain
img_2400x2400_3x8bit_C00C00_RGB_cards_b,SAMPLING/8BIT/RGB/2400x2400/C00C00/img_2400x2400_3x8bit_C00C00_RGB_cards_b.png,0829,DIV2K_valid_HR/0829.png,false,22,30,false,not_required,retain
img_2400x2400_3x8bit_C00C00_RGB_cards_b,SAMPLING/8BIT/RGB/2400x2400/C00C00/img_2400x2400_3x8bit_C00C00_RGB_cards_b.png,0830,DIV2K_valid_HR/0830.png,false,28,38,false,not_required,retain
img_2400x2400_3x8bit_C00C00_RGB_cards_b,SAMPLING/8BIT/RGB/2400x2400/C00C00/img_2400x2400_3x8bit_C00C00_RGB_cards_b.png,0831,DIV2K_valid_HR/0831.png,false,26,34,false,not_required,retain
img_2400x2400_3x8bit_C00C00_RGB_cards_b,SAMPLING/8BIT/RGB/2400x2400/C00C00/img_2400x2400_3x8bit_C00C00_RGB_cards_b.png,0832,DIV2K_valid_HR/0832.png,false,32,26,false,not_required,retain
img_2400x2400_3x8bit_C00C00_RGB_cards_b,SAMPLING/8BIT/RGB/2400x2400/C00C00/img_2400x2400_3x8bit_C00C00_RGB_cards_b.png,0833,DIV2K_valid_HR/0833.png,false,30,28,false,not_required,retain
img_2400x2400_3x8bit_C00C00_RGB_cards_b,SAMPLING/8BIT/RGB/2400x2400/C00C00/img_2400x2400_3x8bit_C00C00_RGB_cards_b.png,0834,DIV2K_valid_HR/0834.png,false,36,30,false,not_required,retain
img_2400x2400_3x8bit_C00C00_RGB_cards_b,SAMPLING/8BIT/RGB/2400x2400/C00C00/img_2400x2400_3x8bit_C00C00_RGB_cards_b.png,0835,DIV2K_valid_HR/0835.png,false,40,34,false,not_required,retain
img_2400x2400_3x8bit_C00C00_RGB_cards_b,SAMPLING/8BIT/RGB/2400x2400/C00C00/img_2400x2400_3x8bit_C00C00_RGB_cards_b.png,0836,DIV2K_valid_HR/0836.png,false,38,43,false,not_required,retain
img_2400x2400_3x8bit_C00C00_RGB_cards_b,SAMPLING/8BIT/RGB/2400x2400/C00C00/img_2400x2400_3x8bit_C00C00_RGB_cards_b.png,0837,DIV2K_valid_HR/0837.png,false,36,44,false,not_required,retain
img_2400x2400_3x8bit_C00C00_RGB_cards_b,SAMPLING/8BIT/RGB/2400x2400/C00C00/img_2400x2400_3x8bit_C00C00_RGB_cards_b.png,0838,DIV2K_valid_HR/0838.png,false,30,34,false,not_required,retain
img_2400x2400_3x8bit_C00C00_RGB_cards_b,SAMPLING/8BIT/RGB/2400x2400/C00C00/img_2400x2400_3x8bit_C00C00_RGB_cards_b.png,0839,DIV2K_valid_HR/0839.png,false,34,37,false,not_required,retain
img_2400x2400_3x8bit_C00C00_RGB_cards_b,SAMPLING/8BIT/RGB/2400x2400/C00C00/img_2400x2400_3x8bit_C00C00_RGB_cards_b.png,0840,DIV2K_valid_HR/0840.png,false,30,31,false,not_required,retain
img_2400x2400_3x8bit_C00C00_RGB_cards_b,SAMPLING/8BIT/RGB/2400x2400/C00C00/img_2400x2400_3x8bit_C00C00_RGB_cards_b.png,0841,DIV2K_valid_HR/0841.png,false,34,38,false,not_required,retain
img_2400x2400_3x8bit_C00C00_RGB_cards_b,SAMPLING/8BIT/RGB/2400x2400/C00C00/img_2400x2400_3x8bit_C00C00_RGB_cards_b.png,0842,DIV2K_valid_HR/0842.png,false,36,34,false,not_required,retain
img_2400x2400_3x8bit_C00C00_RGB_cards_b,SAMPLING/8BIT/RGB/2400x2400/C00C00/img_2400x2400_3x8bit_C00C00_RGB_cards_b.png,0843,DIV2K_valid_HR/0843.png,false,34,36,false,not_required,retain
img_2400x2400_3x8bit_C00C00_RGB_cards_b,SAMPLING/8BIT/RGB/2400x2400/C00C00/img_2400x2400_3x8bit_C00C00_RGB_cards_b.png,0844,DIV2K_valid_HR/0844.png,false,34,36,false,not_required,retain
img_2400x2400_3x8bit_C00C00_RGB_cards_b,SAMPLING/8BIT/RGB/2400x2400/C00C00/img_2400x2400_3x8bit_C00C00_RGB_cards_b.png,0845,DIV2K_valid_HR/0845.png,false,36,35,false,not_required,retain
img_2400x2400_3x8bit_C00C00_RGB_cards_b,SAMPLING/8BIT/RGB/2400x2400/C00C00/img_2400x2400_3x8bit_C00C00_RGB_cards_b.png,0846,DIV2K_valid_HR/0846.png,false,30,29,false,not_required,retain
img_2400x2400_3x8bit_C00C00_RGB_cards_b,SAMPLING/8BIT/RGB/2400x2400/C00C00/img_2400x2400_3x8bit_C00C00_RGB_cards_b.png,0847,DIV2K_valid_HR/0847.png,false,30,41,false,not_required,retain
img_2400x2400_3x8bit_C00C00_RGB_cards_b,SAMPLING/8BIT/RGB/2400x2400/C00C00/img_2400x2400_3x8bit_C00C00_RGB_cards_b.png,0848,DIV2K_valid_HR/0848.png,false,26,29,false,not_required,retain
img_2400x2400_3x8bit_C00C00_RGB_cards_b,SAMPLING/8BIT/RGB/2400x2400/C00C00/img_2400x2400_3x8bit_C00C00_RGB_cards_b.png,0849,DIV2K_valid_HR/0849.png,false,30,34,false,not_required,retain
img_2400x2400_3x8bit_C00C00_RGB_cards_b,SAMPLING/8BIT/RGB/2400x2400/C00C00/img_2400x2400_3x8bit_C00C00_RGB_cards_b.png,0850,DIV2K_valid_HR/0850.png,false,32,29,false,not_required,retain
img_2400x2400_3x8bit_C00C00_RGB_cards_b,SAMPLING/8BIT/RGB/2400x2400/C00C00/img_2400x2400_3x8bit_C00C00_RGB_cards_b.png,0851,DIV2K_valid_HR/0851.png,false,26,30,false,not_required,retain
img_2400x2400_3x8bit_C00C00_RGB_cards_b,SAMPLING/8BIT/RGB/2400x2400/C00C00/img_2400x2400_3x8bit_C00C00_RGB_cards_b.png,0852,DIV2K_valid_HR/0852.png,false,32,30,false,not_required,retain
img_2400x2400_3x8bit_C00C00_RGB_cards_b,SAMPLING/8BIT/RGB/2400x2400/C00C00/img_2400x2400_3x8bit_C00C00_RGB_cards_b.png,0853,DIV2K_valid_HR/0853.png,false,34,33,false,not_required,retain
img_2400x2400_3x8bit_C00C00_RGB_cards_b,SAMPLING/8BIT/RGB/2400x2400/C00C00/img_2400x2400_3x8bit_C00C00_RGB_cards_b.png,0854,DIV2K_valid_HR/0854.png,false,28,32,false,not_required,retain
img_2400x2400_3x8bit_C00C00_RGB_cards_b,SAMPLING/8BIT/RGB/2400x2400/C00C00/img_2400x2400_3x8bit_C00C00_RGB_cards_b.png,0855,DIV2K_valid_HR/0855.png,false,26,28,false,not_required,retain
img_2400x2400_3x8bit_C00C00_RGB_cards_b,SAMPLING/8BIT/RGB/2400x2400/C00C00/img_2400x2400_3x8bit_C00C00_RGB_cards_b.png,0856,DIV2K_valid_HR/0856.png,false,32,29,false,not_required,retain
img_2400x2400_3x8bit_C00C00_RGB_cards_b,SAMPLING/8BIT/RGB/2400x2400/C00C00/img_2400x2400_3x8bit_C00C00_RGB_cards_b.png,0857,DIV2K_valid_HR/0857.png,false,32,34,false,not_required,retain
img_2400x2400_3x8bit_C00C00_RGB_cards_b,SAMPLING/8BIT/RGB/2400x2400/C00C00/img_2400x2400_3x8bit_C00C00_RGB_cards_b.png,0858,DIV2K_valid_HR/0858.png,false,26,34,false,not_required,retain
img_2400x2400_3x8bit_C00C00_RGB_cards_b,SAMPLING/8BIT/RGB/2400x2400/C00C00/img_2400x2400_3x8bit_C00C00_RGB_cards_b.png,0859,DIV2K_valid_HR/0859.png,false,32,27,false,not_required,retain
img_2400x2400_3x8bit_C00C00_RGB_cards_b,SAMPLING/8BIT/RGB/2400x2400/C00C00/img_2400x2400_3x8bit_C00C00_RGB_cards_b.png,0860,DIV2K_valid_HR/0860.png,false,22,30,false,not_required,retain
img_2400x2400_3x8bit_C00C00_RGB_cards_b,SAMPLING/8BIT/RGB/2400x2400/C00C00/img_2400x2400_3x8bit_C00C00_RGB_cards_b.png,0861,DIV2K_valid_HR/0861.png,false,32,33,false,not_required,retain
img_2400x2400_3x8bit_C00C00_RGB_cards_b,SAMPLING/8BIT/RGB/2400x2400/C00C00/img_2400x2400_3x8bit_C00C00_RGB_cards_b.png,0862,DIV2K_valid_HR/0862.png,false,26,27,false,not_required,retain
img_2400x2400_3x8bit_C00C00_RGB_cards_b,SAMPLING/8BIT/RGB/2400x2400/C00C00/img_2400x2400_3x8bit_C00C00_RGB_cards_b.png,0863,DIV2K_valid_HR/0863.png,false,30,33,false,not_required,retain
img_2400x2400_3x8bit_C00C00_RGB_cards_b,SAMPLING/8BIT/RGB/2400x2400/C00C00/img_2400x2400_3x8bit_C00C00_RGB_cards_b.png,0864,DIV2K_valid_HR/0864.png,false,36,36,false,not_required,retain
img_2400x2400_3x8bit_C00C00_RGB_cards_b,SAMPLING/8BIT/RGB/2400x2400/C00C00/img_2400x2400_3x8bit_C00C00_RGB_cards_b.png,0865,DIV2K_valid_HR/0865.png,false,30,34,false,not_required,retain
img_2400x2400_3x8bit_C00C00_RGB_cards_b,SAMPLING/8BIT/RGB/2400x2400/C00C00/img_2400x2400_3x8bit_C00C00_RGB_cards_b.png,0866,DIV2K_valid_HR/0866.png,false,26,33,false,not_required,retain
img_2400x2400_3x8bit_C00C00_RGB_cards_b,SAMPLING/8BIT/RGB/2400x2400/C00C00/img_2400x2400_3x8bit_C00C00_RGB_cards_b.png,0867,DIV2K_valid_HR/0867.png,false,32,33,false,not_required,retain
img_2400x2400_3x8bit_C00C00_RGB_cards_b,SAMPLING/8BIT/RGB/2400x2400/C00C00/img_2400x2400_3x8bit_C00C00_RGB_cards_b.png,0868,DIV2K_valid_HR/0868.png,false,36,34,false,not_required,retain
img_2400x2400_3x8bit_C00C00_RGB_cards_b,SAMPLING/8BIT/RGB/2400x2400/C00C00/img_2400x2400_3x8bit_C00C00_RGB_cards_b.png,0869,DIV2K_valid_HR/0869.png,false,34,32,false,not_required,retain
img_2400x2400_3x8bit_C00C00_RGB_cards_b,SAMPLING/8BIT/RGB/2400x2400/C00C00/img_2400x2400_3x8bit_C00C00_RGB_cards_b.png,0870,DIV2K_valid_HR/0870.png,false,38,27,false,not_required,retain
img_2400x2400_3x8bit_C00C00_RGB_cards_b,SAMPLING/8BIT/RGB/2400x2400/C00C00/img_2400x2400_3x8bit_C00C00_RGB_cards_b.png,0871,DIV2K_valid_HR/0871.png,false,22,24,false,not_required,retain
img_2400x2400_3x8bit_C00C00_RGB_cards_b,SAMPLING/8BIT/RGB/2400x2400/C00C00/img_2400x2400_3x8bit_C00C00_RGB_cards_b.png,0872,DIV2K_valid_HR/0872.png,false,30,31,false,not_required,retain
img_2400x2400_3x8bit_C00C00_RGB_cards_b,SAMPLING/8BIT/RGB/2400x2400/C00C00/img_2400x2400_3x8bit_C00C00_RGB_cards_b.png,0873,DIV2K_valid_HR/0873.png,false,32,41,false,not_required,retain
img_2400x2400_3x8bit_C00C00_RGB_cards_b,SAMPLING/8BIT/RGB/2400x2400/C00C00/img_2400x2400_3x8bit_C00C00_RGB_cards_b.png,0874,DIV2K_valid_HR/0874.png,false,36,36,false,not_required,retain
img_2400x2400_3x8bit_C00C00_RGB_cards_b,SAMPLING/8BIT/RGB/2400x2400/C00C00/img_2400x2400_3x8bit_C00C00_RGB_cards_b.png,0875,DIV2K_valid_HR/0875.png,false,32,34,false,not_required,retain
img_2400x2400_3x8bit_C00C00_RGB_cards_b,SAMPLING/8BIT/RGB/2400x2400/C00C00/img_2400x2400_3x8bit_C00C00_RGB_cards_b.png,0876,DIV2K_valid_HR/0876.png,false,36,32,false,not_required,retain
img_2400x2400_3x8bit_C00C00_RGB_cards_b,SAMPLING/8BIT/RGB/2400x2400/C00C00/img_2400x2400_3x8bit_C00C00_RGB_cards_b.png,0877,DIV2K_valid_HR/0877.png,false,28,31,false,not_required,retain
img_2400x2400_3x8bit_C00C00_RGB_cards_b,SAMPLING/8BIT/RGB/2400x2400/C00C00/img_2400x2400_3x8bit_C00C00_RGB_cards_b.png,0878,DIV2K_valid_HR/0878.png,false,30,39,false,not_required,retain
img_2400x2400_3x8bit_C00C00_RGB_cards_b,SAMPLING/8BIT/RGB/2400x2400/C00C00/img_2400x2400_3x8bit_C00C00_RGB_cards_b.png,0879,DIV2K_valid_HR/0879.png,false,36,39,false,not_required,retain
img_2400x2400_3x8bit_C00C00_RGB_cards_b,SAMPLING/8BIT/RGB/2400x2400/C00C00/img_2400x2400_3x8bit_C00C00_RGB_cards_b.png,0880,DIV2K_valid_HR/0880.png,false,32,34,false,not_required,retain
img_2400x2400_3x8bit_C00C00_RGB_cards_b,SAMPLING/8BIT/RGB/2400x2400/C00C00/img_2400x2400_3x8bit_C00C00_RGB_cards_b.png,0881,DIV2K_valid_HR/0881.png,false,32,32,false,not_required,retain
img_2400x2400_3x8bit_C00C00_RGB_cards_b,SAMPLING/8BIT/RGB/2400x2400/C00C00/img_2400x2400_3x8bit_C00C00_RGB_cards_b.png,0882,DIV2K_valid_HR/0882.png,false,28,30,false,not_required,retain
img_2400x2400_3x8bit_C00C00_RGB_cards_b,SAMPLING/8BIT/RGB/2400x2400/C00C00/img_2400x2400_3x8bit_C00C00_RGB_cards_b.png,0883,DIV2K_valid_HR/0883.png,false,34,37,false,not_required,retain
img_2400x2400_3x8bit_C00C00_RGB_cards_b,SAMPLING/8BIT/RGB/2400x2400/C00C00/img_2400x2400_3x8bit_C00C00_RGB_cards_b.png,0884,DIV2K_valid_HR/0884.png,false,30,38,false,not_required,retain
img_2400x2400_3x8bit_C00C00_RGB_cards_b,SAMPLING/8BIT/RGB/2400x2400/C00C00/img_2400x2400_3x8bit_C00C00_RGB_cards_b.png,0885,DIV2K_valid_HR/0885.png,false,30,33,false,not_required,retain
img_2400x2400_3x8bit_C00C00_RGB_cards_b,SAMPLING/8BIT/RGB/2400x2400/C00C00/img_2400x2400_3x8bit_C00C00_RGB_cards_b.png,0886,DIV2K_valid_HR/0886.png,false,30,34,false,not_required,retain
img_2400x2400_3x8bit_C00C00_RGB_cards_b,SAMPLING/8BIT/RGB/2400x2400/C00C00/img_2400x2400_3x8bit_C00C00_RGB_cards_b.png,0887,DIV2K_valid_HR/0887.png,false,26,28,false,not_required,retain
img_2400x2400_3x8bit_C00C00_RGB_cards_b,SAMPLING/8BIT/RGB/2400x2400/C00C00/img_2400x2400_3x8bit_C00C00_RGB_cards_b.png,0888,DIV2K_valid_HR/0888.png,false,26,28,false,not_required,retain
img_2400x2400_3x8bit_C00C00_RGB_cards_b,SAMPLING/8BIT/RGB/2400x2400/C00C00/img_2400x2400_3x8bit_C00C00_RGB_cards_b.png,0889,DIV2K_valid_HR/0889.png,false,34,30,false,not_required,retain
img_2400x2400_3x8bit_C00C00_RGB_cards_b,SAMPLING/8BIT/RGB/2400x2400/C00C00/img_2400x2400_3x8bit_C00C00_RGB_cards_b.png,0890,DIV2K_valid_HR/0890.png,false,34,35,false,not_required,retain
img_2400x2400_3x8bit_C00C00_RGB_cards_b,SAMPLING/8BIT/RGB/2400x2400/C00C00/img_2400x2400_3x8bit_C00C00_RGB_cards_b.png,0891,DIV2K_valid_HR/0891.png,false,32,27,false,not_required,retain
img_2400x2400_3x8bit_C00C00_RGB_cards_b,SAMPLING/8BIT/RGB/2400x2400/C00C00/img_2400x2400_3x8bit_C00C00_RGB_cards_b.png,0892,DIV2K_valid_HR/0892.png,false,32,28,false,not_required,retain
img_2400x2400_3x8bit_C00C00_RGB_cards_b,SAMPLING/8BIT/RGB/2400x2400/C00C00/img_2400x2400_3x8bit_C00C00_RGB_cards_b.png,0893,DIV2K_valid_HR/0893.png,false,24,30,false,not_required,retain
img_2400x2400_3x8bit_C00C00_RGB_cards_b,SAMPLING/8BIT/RGB/2400x2400/C00C00/img_2400x2400_3x8bit_C00C00_RGB_cards_b.png,0894,DIV2K_valid_HR/0894.png,false,34,30,false,not_required,retain
img_2400x2400_3x8bit_C00C00_RGB_cards_b,SAMPLING/8BIT/RGB/2400x2400/C00C00/img_2400x2400_3x8bit_C00C00_RGB_cards_b.png,0895,DIV2K_valid_HR/0895.png,false,32,31,false,not_required,retain
img_2400x2400_3x8bit_C00C00_RGB_cards_b,SAMPLING/8BIT/RGB/2400x2400/C00C00/img_2400x2400_3x8bit_C00C00_RGB_cards_b.png,0896,DIV2K_valid_HR/0896.png,false,40,33,false,not_required,retain
img_2400x2400_3x8bit_C00C00_RGB_cards_b,SAMPLING/8BIT/RGB/2400x2400/C00C00/img_2400x2400_3x8bit_C00C00_RGB_cards_b.png,0897,DIV2K_valid_HR/0897.png,false,32,35,false,not_required,retain
img_2400x2400_3x8bit_C00C00_RGB_cards_b,SAMPLING/8BIT/RGB/2400x2400/C00C00/img_2400x2400_3x8bit_C00C00_RGB_cards_b.png,0898,DIV2K_valid_HR/0898.png,false,32,37,false,not_required,retain
img_2400x2400_3x8bit_C00C00_RGB_cards_b,SAMPLING/8BIT/RGB/2400x2400/C00C00/img_2400x2400_3x8bit_C00C00_RGB_cards_b.png,0899,DIV2K_valid_HR/0899.png,false,28,36,false,not_required,retain
img_2400x2400_3x8bit_C00C00_RGB_cards_b,SAMPLING/8BIT/RGB/2400x2400/C00C00/img_2400x2400_3x8bit_C00C00_RGB_cards_b.png,0900,DIV2K_valid_HR/0900.png,false,32,32,false,not_required,retain
img_2400x2400_3x8bit_C00C00_RGB_carrots,SAMPLING/8BIT/RGB/2400x2400/C00C00/img_2400x2400_3x8bit_C00C00_RGB_carrots.png,0805,DIV2K_valid_HR/0805.png,false,26,30,false,not_required,retain
img_2400x2400_3x8bit_C00C00_RGB_carrots,SAMPLING/8BIT/RGB/2400x2400/C00C00/img_2400x2400_3x8bit_C00C00_RGB_carrots.png,0806,DIV2K_valid_HR/0806.png,false,36,34,false,not_required,retain
img_2400x2400_3x8bit_C00C00_RGB_carrots,SAMPLING/8BIT/RGB/2400x2400/C00C00/img_2400x2400_3x8bit_C00C00_RGB_carrots.png,0807,DIV2K_valid_HR/0807.png,false,24,28,false,not_required,retain
img_2400x2400_3x8bit_C00C00_RGB_carrots,SAMPLING/8BIT/RGB/2400x2400/C00C00/img_2400x2400_3x8bit_C00C00_RGB_carrots.png,0808,DIV2K_valid_HR/0808.png,false,28,31,false,not_required,retain
img_2400x2400_3x8bit_C00C00_RGB_carrots,SAMPLING/8BIT/RGB/2400x2400/C00C00/img_2400x2400_3x8bit_C00C00_RGB_carrots.png,0809,DIV2K_valid_HR/0809.png,false,32,29,false,not_required,retain
img_2400x2400_3x8bit_C00C00_RGB_carrots,SAMPLING/8BIT/RGB/2400x2400/C00C00/img_2400x2400_3x8bit_C00C00_RGB_carrots.png,0810,DIV2K_valid_HR/0810.png,false,34,38,false,not_required,retain
img_2400x2400_3x8bit_C00C00_RGB_carrots,SAMPLING/8BIT/RGB/2400x2400/C00C00/img_2400x2400_3x8bit_C00C00_RGB_carrots.png,0811,DIV2K_valid_HR/0811.png,false,36,27,false,not_required,retain
img_2400x2400_3x8bit_C00C00_RGB_carrots,SAMPLING/8BIT/RGB/2400x2400/C00C00/img_2400x2400_3x8bit_C00C00_RGB_carrots.png,0812,DIV2K_valid_HR/0812.png,false,34,27,false,not_required,retain
img_2400x2400_3x8bit_C00C00_RGB_carrots,SAMPLING/8BIT/RGB/2400x2400/C00C00/img_2400x2400_3x8bit_C00C00_RGB_carrots.png,0813,DIV2K_valid_HR/0813.png,false,34,30,false,not_required,retain
img_2400x2400_3x8bit_C00C00_RGB_carrots,SAMPLING/8BIT/RGB/2400x2400/C00C00/img_2400x2400_3x8bit_C00C00_RGB_carrots.png,0814,DIV2K_valid_HR/0814.png,false,32,29,false,not_required,retain
img_2400x2400_3x8bit_C00C00_RGB_carrots,SAMPLING/8BIT/RGB/2400x2400/C00C00/img_2400x2400_3x8bit_C00C00_RGB_carrots.png,0815,DIV2K_valid_HR/0815.png,false,36,31,false,not_required,retain
img_2400x2400_3x8bit_C00C00_RGB_carrots,SAMPLING/8BIT/RGB/2400x2400/C00C00/img_2400x2400_3x8bit_C00C00_RGB_carrots.png,0816,DIV2K_valid_HR/0816.png,false,32,31,false,not_required,retain
img_2400x2400_3x8bit_C00C00_RGB_carrots,SAMPLING/8BIT/RGB/2400x2400/C00C00/img_2400x2400_3x8bit_C00C00_RGB_carrots.png,0817,DIV2K_valid_HR/0817.png,false,30,26,false,not_required,retain
img_2400x2400_3x8bit_C00C00_RGB_carrots,SAMPLING/8BIT/RGB/2400x2400/C00C00/img_2400x2400_3x8bit_C00C00_RGB_carrots.png,0818,DIV2K_valid_HR/0818.png,false,34,33,false,not_required,retain
img_2400x2400_3x8bit_C00C00_RGB_carrots,SAMPLING/8BIT/RGB/2400x2400/C00C00/img_2400x2400_3x8bit_C00C00_RGB_carrots.png,0819,DIV2K_valid_HR/0819.png,false,36,34,false,not_required,retain
img_2400x2400_3x8bit_C00C00_RGB_carrots,SAMPLING/8BIT/RGB/2400x2400/C00C00/img_2400x2400_3x8bit_C00C00_RGB_carrots.png,0820,DIV2K_valid_HR/0820.png,false,30,33,false,not_required,retain
img_2400x2400_3x8bit_C00C00_RGB_carrots,SAMPLING/8BIT/RGB/2400x2400/C00C00/img_2400x2400_3x8bit_C00C00_RGB_carrots.png,0821,DIV2K_valid_HR/0821.png,false,36,32,false,not_required,retain
img_2400x2400_3x8bit_C00C00_RGB_carrots,SAMPLING/8BIT/RGB/2400x2400/C00C00/img_2400x2400_3x8bit_C00C00_RGB_carrots.png,0822,DIV2K_valid_HR/0822.png,false,34,30,false,not_required,retain
img_2400x2400_3x8bit_C00C00_RGB_carrots,SAMPLING/8BIT/RGB/2400x2400/C00C00/img_2400x2400_3x8bit_C00C00_RGB_carrots.png,0823,DIV2K_valid_HR/0823.png,false,34,28,false,not_required,retain
img_2400x2400_3x8bit_C00C00_RGB_carrots,SAMPLING/8BIT/RGB/2400x2400/C00C00/img_2400x2400_3x8bit_C00C00_RGB_carrots.png,0824,DIV2K_valid_HR/0824.png,false,36,26,false,not_required,retain
img_2400x2400_3x8bit_C00C00_RGB_carrots,SAMPLING/8BIT/RGB/2400x2400/C00C00/img_2400x2400_3x8bit_C00C00_RGB_carrots.png,0825,DIV2K_valid_HR/0825.png,false,32,35,false,not_required,retain
img_2400x2400_3x8bit_C00C00_RGB_carrots,SAMPLING/8BIT/RGB/2400x2400/C00C00/img_2400x2400_3x8bit_C00C00_RGB_carrots.png,0826,DIV2K_valid_HR/0826.png,false,36,35,false,not_required,retain
img_2400x2400_3x8bit_C00C00_RGB_carrots,SAMPLING/8BIT/RGB/2400x2400/C00C00/img_2400x2400_3x8bit_C00C00_RGB_carrots.png,0827,DIV2K_valid_HR/0827.png,false,24,28,false,not_required,retain
img_2400x2400_3x8bit_C00C00_RGB_carrots,SAMPLING/8BIT/RGB/2400x2400/C00C00/img_2400x2400_3x8bit_C00C00_RGB_carrots.png,0828,DIV2K_valid_HR/0828.png,false,32,31,false,not_required,retain
img_2400x2400_3x8bit_C00C00_RGB_carrots,SAMPLING/8BIT/RGB/2400x2400/C00C00/img_2400x2400_3x8bit_C00C00_RGB_carrots.png,0829,DIV2K_valid_HR/0829.png,false,32,29,false,not_required,retain
img_2400x2400_3x8bit_C00C00_RGB_carrots,SAMPLING/8BIT/RGB/2400x2400/C00C00/img_2400x2400_3x8bit_C00C00_RGB_carrots.png,0830,DIV2K_valid_HR/0830.png,false,36,33,false,not_required,retain
img_2400x2400_3x8bit_C00C00_RGB_carrots,SAMPLING/8BIT/RGB/2400x2400/C00C00/img_2400x2400_3x8bit_C00C00_RGB_carrots.png,0831,DIV2K_valid_HR/0831.png,false,34,35,false,not_required,retain
img_2400x2400_3x8bit_C00C00_RGB_carrots,SAMPLING/8BIT/RGB/2400x2400/C00C00/img_2400x2400_3x8bit_C00C00_RGB_carrots.png,0832,DIV2K_valid_HR/0832.png,false,34,27,false,not_required,retain
img_2400x2400_3x8bit_C00C00_RGB_carrots,SAMPLING/8BIT/RGB/2400x2400/C00C00/img_2400x2400_3x8bit_C00C00_RGB_carrots.png,0833,DIV2K_valid_HR/0833.png,false,38,33,false,not_required,retain
img_2400x2400_3x8bit_C00C00_RGB_carrots,SAMPLING/8BIT/RGB/2400x2400/C00C00/img_2400x2400_3x8bit_C00C00_RGB_carrots.png,0834,DIV2K_valid_HR/0834.png,false,32,31,false,not_required,retain
img_2400x2400_3x8bit_C00C00_RGB_carrots,SAMPLING/8BIT/RGB/2400x2400/C00C00/img_2400x2400_3x8bit_C00C00_RGB_carrots.png,0835,DIV2K_valid_HR/0835.png,false,30,31,false,not_required,retain
img_2400x2400_3x8bit_C00C00_RGB_carrots,SAMPLING/8BIT/RGB/2400x2400/C00C00/img_2400x2400_3x8bit_C00C00_RGB_carrots.png,0836,DIV2K_valid_HR/0836.png,false,38,38,false,not_required,retain
img_2400x2400_3x8bit_C00C00_RGB_carrots,SAMPLING/8BIT/RGB/2400x2400/C00C00/img_2400x2400_3x8bit_C00C00_RGB_carrots.png,0837,DIV2K_valid_HR/0837.png,false,28,23,false,not_required,retain
img_2400x2400_3x8bit_C00C00_RGB_carrots,SAMPLING/8BIT/RGB/2400x2400/C00C00/img_2400x2400_3x8bit_C00C00_RGB_carrots.png,0838,DIV2K_valid_HR/0838.png,false,32,29,false,not_required,retain
img_2400x2400_3x8bit_C00C00_RGB_carrots,SAMPLING/8BIT/RGB/2400x2400/C00C00/img_2400x2400_3x8bit_C00C00_RGB_carrots.png,0839,DIV2K_valid_HR/0839.png,false,36,32,false,not_required,retain
img_2400x2400_3x8bit_C00C00_RGB_carrots,SAMPLING/8BIT/RGB/2400x2400/C00C00/img_2400x2400_3x8bit_C00C00_RGB_carrots.png,0840,DIV2K_valid_HR/0840.png,false,30,32,false,not_required,retain
img_2400x2400_3x8bit_C00C00_RGB_carrots,SAMPLING/8BIT/RGB/2400x2400/C00C00/img_2400x2400_3x8bit_C00C00_RGB_carrots.png,0841,DIV2K_valid_HR/0841.png,false,32,31,false,not_required,retain
img_2400x2400_3x8bit_C00C00_RGB_carrots,SAMPLING/8BIT/RGB/2400x2400/C00C00/img_2400x2400_3x8bit_C00C00_RGB_carrots.png,0842,DIV2K_valid_HR/0842.png,false,28,35,false,not_required,retain
img_2400x2400_3x8bit_C00C00_RGB_carrots,SAMPLING/8BIT/RGB/2400x2400/C00C00/img_2400x2400_3x8bit_C00C00_RGB_carrots.png,0843,DIV2K_valid_HR/0843.png,false,38,33,false,not_required,retain
img_2400x2400_3x8bit_C00C00_RGB_carrots,SAMPLING/8BIT/RGB/2400x2400/C00C00/img_2400x2400_3x8bit_C00C00_RGB_carrots.png,0844,DIV2K_valid_HR/0844.png,false,32,35,false,not_required,retain
img_2400x2400_3x8bit_C00C00_RGB_carrots,SAMPLING/8BIT/RGB/2400x2400/C00C00/img_2400x2400_3x8bit_C00C00_RGB_carrots.png,0845,DIV2K_valid_HR/0845.png,false,30,32,false,not_required,retain
img_2400x2400_3x8bit_C00C00_RGB_carrots,SAMPLING/8BIT/RGB/2400x2400/C00C00/img_2400x2400_3x8bit_C00C00_RGB_carrots.png,0846,DIV2K_valid_HR/0846.png,false,34,36,false,not_required,retain
img_2400x2400_3x8bit_C00C00_RGB_carrots,SAMPLING/8BIT/RGB/2400x2400/C00C00/img_2400x2400_3x8bit_C00C00_RGB_carrots.png,0847,DIV2K_valid_HR/0847.png,false,30,30,false,not_required,retain
img_2400x2400_3x8bit_C00C00_RGB_carrots,SAMPLING/8BIT/RGB/2400x2400/C00C00/img_2400x2400_3x8bit_C00C00_RGB_carrots.png,0848,DIV2K_valid_HR/0848.png,false,28,34,false,not_required,retain
img_2400x2400_3x8bit_C00C00_RGB_carrots,SAMPLING/8BIT/RGB/2400x2400/C00C00/img_2400x2400_3x8bit_C00C00_RGB_carrots.png,0849,DIV2K_valid_HR/0849.png,false,38,39,false,not_required,retain
img_2400x2400_3x8bit_C00C00_RGB_carrots,SAMPLING/8BIT/RGB/2400x2400/C00C00/img_2400x2400_3x8bit_C00C00_RGB_carrots.png,0850,DIV2K_valid_HR/0850.png,false,34,38,false,not_required,retain
img_2400x2400_3x8bit_C00C00_RGB_carrots,SAMPLING/8BIT/RGB/2400x2400/C00C00/img_2400x2400_3x8bit_C00C00_RGB_carrots.png,0851,DIV2K_valid_HR/0851.png,false,30,31,false,not_required,retain
img_2400x2400_3x8bit_C00C00_RGB_carrots,SAMPLING/8BIT/RGB/2400x2400/C00C00/img_2400x2400_3x8bit_C00C00_RGB_carrots.png,0852,DIV2K_valid_HR/0852.png,false,26,29,false,not_required,retain
img_2400x2400_3x8bit_C00C00_RGB_carrots,SAMPLING/8BIT/RGB/2400x2400/C00C00/img_2400x2400_3x8bit_C00C00_RGB_carrots.png,0853,DIV2K_valid_HR/0853.png,false,40,36,false,not_required,retain
img_2400x2400_3x8bit_C00C00_RGB_carrots,SAMPLING/8BIT/RGB/2400x2400/C00C00/img_2400x2400_3x8bit_C00C00_RGB_carrots.png,0854,DIV2K_valid_HR/0854.png,false,30,29,false,not_required,retain
img_2400x2400_3x8bit_C00C00_RGB_carrots,SAMPLING/8BIT/RGB/2400x2400/C00C00/img_2400x2400_3x8bit_C00C00_RGB_carrots.png,0855,DIV2K_valid_HR/0855.png,false,30,35,false,not_required,retain
img_2400x2400_3x8bit_C00C00_RGB_carrots,SAMPLING/8BIT/RGB/2400x2400/C00C00/img_2400x2400_3x8bit_C00C00_RGB_carrots.png,0856,DIV2K_valid_HR/0856.png,false,32,34,false,not_required,retain
img_2400x2400_3x8bit_C00C00_RGB_carrots,SAMPLING/8BIT/RGB/2400x2400/C00C00/img_2400x2400_3x8bit_C00C00_RGB_carrots.png,0857,DIV2K_valid_HR/0857.png,false,30,25,false,not_required,retain
img_2400x2400_3x8bit_C00C00_RGB_carrots,SAMPLING/8BIT/RGB/2400x2400/C00C00/img_2400x2400_3x8bit_C00C00_RGB_carrots.png,0858,DIV2K_valid_HR/0858.png,false,30,29,false,not_required,retain
img_2400x2400_3x8bit_C00C00_RGB_carrots,SAMPLING/8BIT/RGB/2400x2400/C00C00/img_2400x2400_3x8bit_C00C00_RGB_carrots.png,0859,DIV2K_valid_HR/0859.png,false,30,34,false,not_required,retain
img_2400x2400_3x8bit_C00C00_RGB_carrots,SAMPLING/8BIT/RGB/2400x2400/C00C00/img_2400x2400_3x8bit_C00C00_RGB_carrots.png,0860,DIV2K_valid_HR/0860.png,false,26,25,false,not_required,retain
img_2400x2400_3x8bit_C00C00_RGB_carrots,SAMPLING/8BIT/RGB/2400x2400/C00C00/img_2400x2400_3x8bit_C00C00_RGB_carrots.png,0861,DIV2K_valid_HR/0861.png,false,38,28,false,not_required,retain
img_2400x2400_3x8bit_C00C00_RGB_carrots,SAMPLING/8BIT/RGB/2400x2400/C00C00/img_2400x2400_3x8bit_C00C00_RGB_carrots.png,0862,DIV2K_valid_HR/0862.png,false,34,26,false,not_required,retain
img_2400x2400_3x8bit_C00C00_RGB_carrots,SAMPLING/8BIT/RGB/2400x2400/C00C00/img_2400x2400_3x8bit_C00C00_RGB_carrots.png,0863,DIV2K_valid_HR/0863.png,false,32,32,false,not_required,retain
img_2400x2400_3x8bit_C00C00_RGB_carrots,SAMPLING/8BIT/RGB/2400x2400/C00C00/img_2400x2400_3x8bit_C00C00_RGB_carrots.png,0864,DIV2K_valid_HR/0864.png,false,32,33,false,not_required,retain
img_2400x2400_3x8bit_C00C00_RGB_carrots,SAMPLING/8BIT/RGB/2400x2400/C00C00/img_2400x2400_3x8bit_C00C00_RGB_carrots.png,0865,DIV2K_valid_HR/0865.png,false,28,29,false,not_required,retain
img_2400x2400_3x8bit_C00C00_RGB_carrots,SAMPLING/8BIT/RGB/2400x2400/C00C00/img_2400x2400_3x8bit_C00C00_RGB_carrots.png,0866,DIV2K_valid_HR/0866.png,false,26,32,false,not_required,retain
img_2400x2400_3x8bit_C00C00_RGB_carrots,SAMPLING/8BIT/RGB/2400x2400/C00C00/img_2400x2400_3x8bit_C00C00_RGB_carrots.png,0867,DIV2K_valid_HR/0867.png,false,30,32,false,not_required,retain
img_2400x2400_3x8bit_C00C00_RGB_carrots,SAMPLING/8BIT/RGB/2400x2400/C00C00/img_2400x2400_3x8bit_C00C00_RGB_carrots.png,0868,DIV2K_valid_HR/0868.png,false,36,29,false,not_required,retain
img_2400x2400_3x8bit_C00C00_RGB_carrots,SAMPLING/8BIT/RGB/2400x2400/C00C00/img_2400x2400_3x8bit_C00C00_RGB_carrots.png,0869,DIV2K_valid_HR/0869.png,false,26,29,false,not_required,retain
img_2400x2400_3x8bit_C00C00_RGB_carrots,SAMPLING/8BIT/RGB/2400x2400/C00C00/img_2400x2400_3x8bit_C00C00_RGB_carrots.png,0870,DIV2K_valid_HR/0870.png,false,38,34,false,not_required,retain
img_2400x2400_3x8bit_C00C00_RGB_carrots,SAMPLING/8BIT/RGB/2400x2400/C00C00/img_2400x2400_3x8bit_C00C00_RGB_carrots.png,0871,DIV2K_valid_HR/0871.png,false,30,31,false,not_required,retain
img_2400x2400_3x8bit_C00C00_RGB_carrots,SAMPLING/8BIT/RGB/2400x2400/C00C00/img_2400x2400_3x8bit_C00C00_RGB_carrots.png,0872,DIV2K_valid_HR/0872.png,false,32,40,false,not_required,retain
img_2400x2400_3x8bit_C00C00_RGB_carrots,SAMPLING/8BIT/RGB/2400x2400/C00C00/img_2400x2400_3x8bit_C00C00_RGB_carrots.png,0873,DIV2K_valid_HR/0873.png,false,36,34,false,not_required,retain
img_2400x2400_3x8bit_C00C00_RGB_carrots,SAMPLING/8BIT/RGB/2400x2400/C00C00/img_2400x2400_3x8bit_C00C00_RGB_carrots.png,0874,DIV2K_valid_HR/0874.png,false,26,37,false,not_required,retain
img_2400x2400_3x8bit_C00C00_RGB_carrots,SAMPLING/8BIT/RGB/2400x2400/C00C00/img_2400x2400_3x8bit_C00C00_RGB_carrots.png,0875,DIV2K_valid_HR/0875.png,false,34,35,false,not_required,retain
img_2400x2400_3x8bit_C00C00_RGB_carrots,SAMPLING/8BIT/RGB/2400x2400/C00C00/img_2400x2400_3x8bit_C00C00_RGB_carrots.png,0876,DIV2K_valid_HR/0876.png,false,30,35,false,not_required,retain
img_2400x2400_3x8bit_C00C00_RGB_carrots,SAMPLING/8BIT/RGB/2400x2400/C00C00/img_2400x2400_3x8bit_C00C00_RGB_carrots.png,0877,DIV2K_valid_HR/0877.png,false,40,40,false,not_required,retain
img_2400x2400_3x8bit_C00C00_RGB_carrots,SAMPLING/8BIT/RGB/2400x2400/C00C00/img_2400x2400_3x8bit_C00C00_RGB_carrots.png,0878,DIV2K_valid_HR/0878.png,false,28,28,false,not_required,retain
img_2400x2400_3x8bit_C00C00_RGB_carrots,SAMPLING/8BIT/RGB/2400x2400/C00C00/img_2400x2400_3x8bit_C00C00_RGB_carrots.png,0879,DIV2K_valid_HR/0879.png,false,30,36,false,not_required,retain
img_2400x2400_3x8bit_C00C00_RGB_carrots,SAMPLING/8BIT/RGB/2400x2400/C00C00/img_2400x2400_3x8bit_C00C00_RGB_carrots.png,0880,DIV2K_valid_HR/0880.png,false,28,29,false,not_required,retain
img_2400x2400_3x8bit_C00C00_RGB_carrots,SAMPLING/8BIT/RGB/2400x2400/C00C00/img_2400x2400_3x8bit_C00C00_RGB_carrots.png,0881,DIV2K_valid_HR/0881.png,false,38,29,false,not_required,retain
img_2400x2400_3x8bit_C00C00_RGB_carrots,SAMPLING/8BIT/RGB/2400x2400/C00C00/img_2400x2400_3x8bit_C00C00_RGB_carrots.png,0882,DIV2K_valid_HR/0882.png,false,34,29,false,not_required,retain
img_2400x2400_3x8bit_C00C00_RGB_carrots,SAMPLING/8BIT/RGB/2400x2400/C00C00/img_2400x2400_3x8bit_C00C00_RGB_carrots.png,0883,DIV2K_valid_HR/0883.png,false,40,32,false,not_required,retain
img_2400x2400_3x8bit_C00C00_RGB_carrots,SAMPLING/8BIT/RGB/2400x2400/C00C00/img_2400x2400_3x8bit_C00C00_RGB_carrots.png,0884,DIV2K_valid_HR/0884.png,false,32,29,false,not_required,retain
img_2400x2400_3x8bit_C00C00_RGB_carrots,SAMPLING/8BIT/RGB/2400x2400/C00C00/img_2400x2400_3x8bit_C00C00_RGB_carrots.png,0885,DIV2K_valid_HR/0885.png,false,30,36,false,not_required,retain
img_2400x2400_3x8bit_C00C00_RGB_carrots,SAMPLING/8BIT/RGB/2400x2400/C00C00/img_2400x2400_3x8bit_C00C00_RGB_carrots.png,0886,DIV2K_valid_HR/0886.png,false,32,29,false,not_required,retain
img_2400x2400_3x8bit_C00C00_RGB_carrots,SAMPLING/8BIT/RGB/2400x2400/C00C00/img_2400x2400_3x8bit_C00C00_RGB_carrots.png,0887,DIV2K_valid_HR/0887.png,false,36,31,false,not_required,retain
img_2400x2400_3x8bit_C00C00_RGB_carrots,SAMPLING/8BIT/RGB/2400x2400/C00C00/img_2400x2400_3x8bit_C00C00_RGB_carrots.png,0888,DIV2K_valid_HR/0888.png,false,28,29,false,not_required,retain
img_2400x2400_3x8bit_C00C00_RGB_carrots,SAMPLING/8BIT/RGB/2400x2400/C00C00/img_2400x2400_3x8bit_C00C00_RGB_carrots.png,0889,DIV2K_valid_HR/0889.png,false,34,33,false,not_required,retain
img_2400x2400_3x8bit_C00C00_RGB_carrots,SAMPLING/8BIT/RGB/2400x2400/C00C00/img_2400x2400_3x8bit_C00C00_RGB_carrots.png,0890,DIV2K_valid_HR/0890.png,false,32,28,false,not_required,retain
img_2400x2400_3x8bit_C00C00_RGB_carrots,SAMPLING/8BIT/RGB/2400x2400/C00C00/img_2400x2400_3x8bit_C00C00_RGB_carrots.png,0891,DIV2K_valid_HR/0891.png,false,26,32,false,not_required,retain
img_2400x2400_3x8bit_C00C00_RGB_carrots,SAMPLING/8BIT/RGB/2400x2400/C00C00/img_2400x2400_3x8bit_C00C00_RGB_carrots.png,0892,DIV2K_valid_HR/0892.png,false,34,31,false,not_required,retain
img_2400x2400_3x8bit_C00C00_RGB_carrots,SAMPLING/8BIT/RGB/2400x2400/C00C00/img_2400x2400_3x8bit_C00C00_RGB_carrots.png,0893,DIV2K_valid_HR/0893.png,false,32,27,false,not_required,retain
img_2400x2400_3x8bit_C00C00_RGB_carrots,SAMPLING/8BIT/RGB/2400x2400/C00C00/img_2400x2400_3x8bit_C00C00_RGB_carrots.png,0894,DIV2K_valid_HR/0894.png,false,32,33,false,not_required,retain
img_2400x2400_3x8bit_C00C00_RGB_carrots,SAMPLING/8BIT/RGB/2400x2400/C00C00/img_2400x2400_3x8bit_C00C00_RGB_carrots.png,0895,DIV2K_valid_HR/0895.png,false,26,32,false,not_required,retain
img_2400x2400_3x8bit_C00C00_RGB_carrots,SAMPLING/8BIT/RGB/2400x2400/C00C00/img_2400x2400_3x8bit_C00C00_RGB_carrots.png,0896,DIV2K_valid_HR/0896.png,false,36,34,false,not_required,retain
img_2400x2400_3x8bit_C00C00_RGB_carrots,SAMPLING/8BIT/RGB/2400x2400/C00C00/img_2400x2400_3x8bit_C00C00_RGB_carrots.png,0897,DIV2K_valid_HR/0897.png,false,30,34,false,not_required,retain
img_2400x2400_3x8bit_C00C00_RGB_carrots,SAMPLING/8BIT/RGB/2400x2400/C00C00/img_2400x2400_3x8bit_C00C00_RGB_carrots.png,0898,DIV2K_valid_HR/0898.png,false,32,26,false,not_required,retain
img_2400x2400_3x8bit_C00C00_RGB_carrots,SAMPLING/8BIT/RGB/2400x2400/C00C00/img_2400x2400_3x8bit_C00C00_RGB_carrots.png,0899,DIV2K_valid_HR/0899.png,false,34,33,false,not_required,retain
img_2400x2400_3x8bit_C00C00_RGB_carrots,SAMPLING/8BIT/RGB/2400x2400/C00C00/img_2400x2400_3x8bit_C00C00_RGB_carrots.png,0900,DIV2K_valid_HR/0900.png,false,32,35,false,not_required,retain
img_2400x2400_3x8bit_C00C00_RGB_chairs,SAMPLING/8BIT/RGB/2400x2400/C00C00/img_2400x2400_3x8bit_C00C00_RGB_chairs.png,0805,DIV2K_valid_HR/0805.png,false,28,30,false,not_required,retain
img_2400x2400_3x8bit_C00C00_RGB_chairs,SAMPLING/8BIT/RGB/2400x2400/C00C00/img_2400x2400_3x8bit_C00C00_RGB_chairs.png,0806,DIV2K_valid_HR/0806.png,false,28,28,false,not_required,retain
img_2400x2400_3x8bit_C00C00_RGB_chairs,SAMPLING/8BIT/RGB/2400x2400/C00C00/img_2400x2400_3x8bit_C00C00_RGB_chairs.png,0807,DIV2K_valid_HR/0807.png,false,34,28,false,not_required,retain
img_2400x2400_3x8bit_C00C00_RGB_chairs,SAMPLING/8BIT/RGB/2400x2400/C00C00/img_2400x2400_3x8bit_C00C00_RGB_chairs.png,0808,DIV2K_valid_HR/0808.png,false,32,31,false,not_required,retain
img_2400x2400_3x8bit_C00C00_RGB_chairs,SAMPLING/8BIT/RGB/2400x2400/C00C00/img_2400x2400_3x8bit_C00C00_RGB_chairs.png,0809,DIV2K_valid_HR/0809.png,false,32,27,false,not_required,retain
img_2400x2400_3x8bit_C00C00_RGB_chairs,SAMPLING/8BIT/RGB/2400x2400/C00C00/img_2400x2400_3x8bit_C00C00_RGB_chairs.png,0810,DIV2K_valid_HR/0810.png,false,24,34,false,not_required,retain
img_2400x2400_3x8bit_C00C00_RGB_chairs,SAMPLING/8BIT/RGB/2400x2400/C00C00/img_2400x2400_3x8bit_C00C00_RGB_chairs.png,0811,DIV2K_valid_HR/0811.png,false,38,35,false,not_required,retain
img_2400x2400_3x8bit_C00C00_RGB_chairs,SAMPLING/8BIT/RGB/2400x2400/C00C00/img_2400x2400_3x8bit_C00C00_RGB_chairs.png,0812,DIV2K_valid_HR/0812.png,false,30,25,false,not_required,retain
img_2400x2400_3x8bit_C00C00_RGB_chairs,SAMPLING/8BIT/RGB/2400x2400/C00C00/img_2400x2400_3x8bit_C00C00_RGB_chairs.png,0813,DIV2K_valid_HR/0813.png,false,36,30,false,not_required,retain
img_2400x2400_3x8bit_C00C00_RGB_chairs,SAMPLING/8BIT/RGB/2400x2400/C00C00/img_2400x2400_3x8bit_C00C00_RGB_chairs.png,0814,DIV2K_valid_HR/0814.png,false,32,29,false,not_required,retain
img_2400x2400_3x8bit_C00C00_RGB_chairs,SAMPLING/8BIT/RGB/2400x2400/C00C00/img_2400x2400_3x8bit_C00C00_RGB_chairs.png,0815,DIV2K_valid_HR/0815.png,false,32,35,false,not_required,retain
img_2400x2400_3x8bit_C00C00_RGB_chairs,SAMPLING/8BIT/RGB/2400x2400/C00C00/img_2400x2400_3x8bit_C00C00_RGB_chairs.png,0816,DIV2K_valid_HR/0816.png,false,36,35,false,not_required,retain
img_2400x2400_3x8bit_C00C00_RGB_chairs,SAMPLING/8BIT/RGB/2400x2400/C00C00/img_2400x2400_3x8bit_C00C00_RGB_chairs.png,0817,DIV2K_valid_HR/0817.png,false,28,26,false,not_required,retain
img_2400x2400_3x8bit_C00C00_RGB_chairs,SAMPLING/8BIT/RGB/2400x2400/C00C00/img_2400x2400_3x8bit_C00C00_RGB_chairs.png,0818,DIV2K_valid_HR/0818.png,false,30,29,false,not_required,retain
img_2400x2400_3x8bit_C00C00_RGB_chairs,SAMPLING/8BIT/RGB/2400x2400/C00C00/img_2400x2400_3x8bit_C00C00_RGB_chairs.png,0819,DIV2K_valid_HR/0819.png,false,32,42,false,not_required,retain
img_2400x2400_3x8bit_C00C00_RGB_chairs,SAMPLING/8BIT/RGB/2400x2400/C00C00/img_2400x2400_3x8bit_C00C00_RGB_chairs.png,0820,DIV2K_valid_HR/0820.png,false,30,33,false,not_required,retain
img_2400x2400_3x8bit_C00C00_RGB_chairs,SAMPLING/8BIT/RGB/2400x2400/C00C00/img_2400x2400_3x8bit_C00C00_RGB_chairs.png,0821,DIV2K_valid_HR/0821.png,false,38,28,false,not_required,retain
img_2400x2400_3x8bit_C00C00_RGB_chairs,SAMPLING/8BIT/RGB/2400x2400/C00C00/img_2400x2400_3x8bit_C00C00_RGB_chairs.png,0822,DIV2K_valid_HR/0822.png,false,34,26,false,not_required,retain
img_2400x2400_3x8bit_C00C00_RGB_chairs,SAMPLING/8BIT/RGB/2400x2400/C00C00/img_2400x2400_3x8bit_C00C00_RGB_chairs.png,0823,DIV2K_valid_HR/0823.png,false,36,30,false,not_required,retain
img_2400x2400_3x8bit_C00C00_RGB_chairs,SAMPLING/8BIT/RGB/2400x2400/C00C00/img_2400x2400_3x8bit_C00C00_RGB_chairs.png,0824,DIV2K_valid_HR/0824.png,false,30,32,false,not_required,retain
img_2400x2400_3x8bit_C00C00_RGB_chairs,SAMPLING/8BIT/RGB/2400x2400/C00C00/img_2400x2400_3x8bit_C00C00_RGB_chairs.png,0825,DIV2K_valid_HR/0825.png,false,34,33,false,not_required,retain
img_2400x2400_3x8bit_C00C00_RGB_chairs,SAMPLING/8BIT/RGB/2400x2400/C00C00/img_2400x2400_3x8bit_C00C00_RGB_chairs.png,0826,DIV2K_valid_HR/0826.png,false,32,31,false,not_required,retain
img_2400x2400_3x8bit_C00C00_RGB_chairs,SAMPLING/8BIT/RGB/2400x2400/C00C00/img_2400x2400_3x8bit_C00C00_RGB_chairs.png,0827,DIV2K_valid_HR/0827.png,false,30,32,false,not_required,retain
img_2400x2400_3x8bit_C00C00_RGB_chairs,SAMPLING/8BIT/RGB/2400x2400/C00C00/img_2400x2400_3x8bit_C00C00_RGB_chairs.png,0828,DIV2K_valid_HR/0828.png,false,28,17,false,not_required,retain
img_2400x2400_3x8bit_C00C00_RGB_chairs,SAMPLING/8BIT/RGB/2400x2400/C00C00/img_2400x2400_3x8bit_C00C00_RGB_chairs.png,0829,DIV2K_valid_HR/0829.png,false,30,39,false,not_required,retain
img_2400x2400_3x8bit_C00C00_RGB_chairs,SAMPLING/8BIT/RGB/2400x2400/C00C00/img_2400x2400_3x8bit_C00C00_RGB_chairs.png,0830,DIV2K_valid_HR/0830.png,false,34,35,false,not_required,retain
img_2400x2400_3x8bit_C00C00_RGB_chairs,SAMPLING/8BIT/RGB/2400x2400/C00C00/img_2400x2400_3x8bit_C00C00_RGB_chairs.png,0831,DIV2K_valid_HR/0831.png,false,30,37,false,not_required,retain
img_2400x2400_3x8bit_C00C00_RGB_chairs,SAMPLING/8BIT/RGB/2400x2400/C00C00/img_2400x2400_3x8bit_C00C00_RGB_chairs.png,0832,DIV2K_valid_HR/0832.png,false,32,37,false,not_required,retain
img_2400x2400_3x8bit_C00C00_RGB_chairs,SAMPLING/8BIT/RGB/2400x2400/C00C00/img_2400x2400_3x8bit_C00C00_RGB_chairs.png,0833,DIV2K_valid_HR/0833.png,false,32,37,false,not_required,retain
img_2400x2400_3x8bit_C00C00_RGB_chairs,SAMPLING/8BIT/RGB/2400x2400/C00C00/img_2400x2400_3x8bit_C00C00_RGB_chairs.png,0834,DIV2K_valid_HR/0834.png,false,34,35,false,not_required,retain
img_2400x2400_3x8bit_C00C00_RGB_chairs,SAMPLING/8BIT/RGB/2400x2400/C00C00/img_2400x2400_3x8bit_C00C00_RGB_chairs.png,0835,DIV2K_valid_HR/0835.png,false,32,29,false,not_required,retain
img_2400x2400_3x8bit_C00C00_RGB_chairs,SAMPLING/8BIT/RGB/2400x2400/C00C00/img_2400x2400_3x8bit_C00C00_RGB_chairs.png,0836,DIV2K_valid_HR/0836.png,false,34,36,false,not_required,retain
img_2400x2400_3x8bit_C00C00_RGB_chairs,SAMPLING/8BIT/RGB/2400x2400/C00C00/img_2400x2400_3x8bit_C00C00_RGB_chairs.png,0837,DIV2K_valid_HR/0837.png,false,28,31,false,not_required,retain
img_2400x2400_3x8bit_C00C00_RGB_chairs,SAMPLING/8BIT/RGB/2400x2400/C00C00/img_2400x2400_3x8bit_C00C00_RGB_chairs.png,0838,DIV2K_valid_HR/0838.png,false,36,39,false,not_required,retain
img_2400x2400_3x8bit_C00C00_RGB_chairs,SAMPLING/8BIT/RGB/2400x2400/C00C00/img_2400x2400_3x8bit_C00C00_RGB_chairs.png,0839,DIV2K_valid_HR/0839.png,false,26,28,false,not_required,retain
img_2400x2400_3x8bit_C00C00_RGB_chairs,SAMPLING/8BIT/RGB/2400x2400/C00C00/img_2400x2400_3x8bit_C00C00_RGB_chairs.png,0840,DIV2K_valid_HR/0840.png,false,34,30,false,not_required,retain
img_2400x2400_3x8bit_C00C00_RGB_chairs,SAMPLING/8BIT/RGB/2400x2400/C00C00/img_2400x2400_3x8bit_C00C00_RGB_chairs.png,0841,DIV2K_valid_HR/0841.png,false,34,35,false,not_required,retain
img_2400x2400_3x8bit_C00C00_RGB_chairs,SAMPLING/8BIT/RGB/2400x2400/C00C00/img_2400x2400_3x8bit_C00C00_RGB_chairs.png,0842,DIV2K_valid_HR/0842.png,false,28,31,false,not_required,retain
img_2400x2400_3x8bit_C00C00_RGB_chairs,SAMPLING/8BIT/RGB/2400x2400/C00C00/img_2400x2400_3x8bit_C00C00_RGB_chairs.png,0843,DIV2K_valid_HR/0843.png,false,34,33,false,not_required,retain
img_2400x2400_3x8bit_C00C00_RGB_chairs,SAMPLING/8BIT/RGB/2400x2400/C00C00/img_2400x2400_3x8bit_C00C00_RGB_chairs.png,0844,DIV2K_valid_HR/0844.png,false,38,29,false,not_required,retain
img_2400x2400_3x8bit_C00C00_RGB_chairs,SAMPLING/8BIT/RGB/2400x2400/C00C00/img_2400x2400_3x8bit_C00C00_RGB_chairs.png,0845,DIV2K_valid_HR/0845.png,false,32,38,false,not_required,retain
img_2400x2400_3x8bit_C00C00_RGB_chairs,SAMPLING/8BIT/RGB/2400x2400/C00C00/img_2400x2400_3x8bit_C00C00_RGB_chairs.png,0846,DIV2K_valid_HR/0846.png,false,30,42,false,not_required,retain
img_2400x2400_3x8bit_C00C00_RGB_chairs,SAMPLING/8BIT/RGB/2400x2400/C00C00/img_2400x2400_3x8bit_C00C00_RGB_chairs.png,0847,DIV2K_valid_HR/0847.png,false,34,28,false,not_required,retain
img_2400x2400_3x8bit_C00C00_RGB_chairs,SAMPLING/8BIT/RGB/2400x2400/C00C00/img_2400x2400_3x8bit_C00C00_RGB_chairs.png,0848,DIV2K_valid_HR/0848.png,false,32,30,false,not_required,retain
img_2400x2400_3x8bit_C00C00_RGB_chairs,SAMPLING/8BIT/RGB/2400x2400/C00C00/img_2400x2400_3x8bit_C00C00_RGB_chairs.png,0849,DIV2K_valid_HR/0849.png,false,38,31,false,not_required,retain
img_2400x2400_3x8bit_C00C00_RGB_chairs,SAMPLING/8BIT/RGB/2400x2400/C00C00/img_2400x2400_3x8bit_C00C00_RGB_chairs.png,0850,DIV2K_valid_HR/0850.png,false,30,32,false,not_required,retain
img_2400x2400_3x8bit_C00C00_RGB_chairs,SAMPLING/8BIT/RGB/2400x2400/C00C00/img_2400x2400_3x8bit_C00C00_RGB_chairs.png,0851,DIV2K_valid_HR/0851.png,false,30,31,false,not_required,retain
img_2400x2400_3x8bit_C00C00_RGB_chairs,SAMPLING/8BIT/RGB/2400x2400/C00C00/img_2400x2400_3x8bit_C00C00_RGB_chairs.png,0852,DIV2K_valid_HR/0852.png,false,34,31,false,not_required,retain
img_2400x2400_3x8bit_C00C00_RGB_chairs,SAMPLING/8BIT/RGB/2400x2400/C00C00/img_2400x2400_3x8bit_C00C00_RGB_chairs.png,0853,DIV2K_valid_HR/0853.png,false,30,34,false,not_required,retain
img_2400x2400_3x8bit_C00C00_RGB_chairs,SAMPLING/8BIT/RGB/2400x2400/C00C00/img_2400x2400_3x8bit_C00C00_RGB_chairs.png,0854,DIV2K_valid_HR/0854.png,false,38,37,false,not_required,retain
img_2400x2400_3x8bit_C00C00_RGB_chairs,SAMPLING/8BIT/RGB/2400x2400/C00C00/img_2400x2400_3x8bit_C00C00_RGB_chairs.png,0855,DIV2K_valid_HR/0855.png,false,32,35,false,not_required,retain
img_2400x2400_3x8bit_C00C00_RGB_chairs,SAMPLING/8BIT/RGB/2400x2400/C00C00/img_2400x2400_3x8bit_C00C00_RGB_chairs.png,0856,DIV2K_valid_HR/0856.png,false,36,32,false,not_required,retain
img_2400x2400_3x8bit_C00C00_RGB_chairs,SAMPLING/8BIT/RGB/2400x2400/C00C00/img_2400x2400_3x8bit_C00C00_RGB_chairs.png,0857,DIV2K_valid_HR/0857.png,false,30,29,false,not_required,retain
img_2400x2400_3x8bit_C00C00_RGB_chairs,SAMPLING/8BIT/RGB/2400x2400/C00C00/img_2400x2400_3x8bit_C00C00_RGB_chairs.png,0858,DIV2K_valid_HR/0858.png,false,32,25,false,not_required,retain
img_2400x2400_3x8bit_C00C00_RGB_chairs,SAMPLING/8BIT/RGB/2400x2400/C00C00/img_2400x2400_3x8bit_C00C00_RGB_chairs.png,0859,DIV2K_valid_HR/0859.png,false,30,34,false,not_required,retain
img_2400x2400_3x8bit_C00C00_RGB_chairs,SAMPLING/8BIT/RGB/2400x2400/C00C00/img_2400x2400_3x8bit_C00C00_RGB_chairs.png,0860,DIV2K_valid_HR/0860.png,false,36,29,false,not_required,retain
img_2400x2400_3x8bit_C00C00_RGB_chairs,SAMPLING/8BIT/RGB/2400x2400/C00C00/img_2400x2400_3x8bit_C00C00_RGB_chairs.png,0861,DIV2K_valid_HR/0861.png,false,28,28,false,not_required,retain
img_2400x2400_3x8bit_C00C00_RGB_chairs,SAMPLING/8BIT/RGB/2400x2400/C00C00/img_2400x2400_3x8bit_C00C00_RGB_chairs.png,0862,DIV2K_valid_HR/0862.png,false,28,34,false,not_required,retain
img_2400x2400_3x8bit_C00C00_RGB_chairs,SAMPLING/8BIT/RGB/2400x2400/C00C00/img_2400x2400_3x8bit_C00C00_RGB_chairs.png,0863,DIV2K_valid_HR/0863.png,false,26,32,false,not_required,retain
img_2400x2400_3x8bit_C00C00_RGB_chairs,SAMPLING/8BIT/RGB/2400x2400/C00C00/img_2400x2400_3x8bit_C00C00_RGB_chairs.png,0864,DIV2K_valid_HR/0864.png,false,30,31,false,not_required,retain
img_2400x2400_3x8bit_C00C00_RGB_chairs,SAMPLING/8BIT/RGB/2400x2400/C00C00/img_2400x2400_3x8bit_C00C00_RGB_chairs.png,0865,DIV2K_valid_HR/0865.png,false,34,33,false,not_required,retain
img_2400x2400_3x8bit_C00C00_RGB_chairs,SAMPLING/8BIT/RGB/2400x2400/C00C00/img_2400x2400_3x8bit_C00C00_RGB_chairs.png,0866,DIV2K_valid_HR/0866.png,false,30,28,false,not_required,retain
img_2400x2400_3x8bit_C00C00_RGB_chairs,SAMPLING/8BIT/RGB/2400x2400/C00C00/img_2400x2400_3x8bit_C00C00_RGB_chairs.png,0867,DIV2K_valid_HR/0867.png,false,30,24,false,not_required,retain
img_2400x2400_3x8bit_C00C00_RGB_chairs,SAMPLING/8BIT/RGB/2400x2400/C00C00/img_2400x2400_3x8bit_C00C00_RGB_chairs.png,0868,DIV2K_valid_HR/0868.png,false,38,35,false,not_required,retain
img_2400x2400_3x8bit_C00C00_RGB_chairs,SAMPLING/8BIT/RGB/2400x2400/C00C00/img_2400x2400_3x8bit_C00C00_RGB_chairs.png,0869,DIV2K_valid_HR/0869.png,false,34,29,false,not_required,retain
img_2400x2400_3x8bit_C00C00_RGB_chairs,SAMPLING/8BIT/RGB/2400x2400/C00C00/img_2400x2400_3x8bit_C00C00_RGB_chairs.png,0870,DIV2K_valid_HR/0870.png,false,32,36,false,not_required,retain
img_2400x2400_3x8bit_C00C00_RGB_chairs,SAMPLING/8BIT/RGB/2400x2400/C00C00/img_2400x2400_3x8bit_C00C00_RGB_chairs.png,0871,DIV2K_valid_HR/0871.png,false,30,25,false,not_required,retain
img_2400x2400_3x8bit_C00C00_RGB_chairs,SAMPLING/8BIT/RGB/2400x2400/C00C00/img_2400x2400_3x8bit_C00C00_RGB_chairs.png,0872,DIV2K_valid_HR/0872.png,false,28,22,false,not_required,retain
img_2400x2400_3x8bit_C00C00_RGB_chairs,SAMPLING/8BIT/RGB/2400x2400/C00C00/img_2400x2400_3x8bit_C00C00_RGB_chairs.png,0873,DIV2K_valid_HR/0873.png,false,36,26,false,not_required,retain
img_2400x2400_3x8bit_C00C00_RGB_chairs,SAMPLING/8BIT/RGB/2400x2400/C00C00/img_2400x2400_3x8bit_C00C00_RGB_chairs.png,0874,DIV2K_valid_HR/0874.png,false,26,25,false,not_required,retain
img_2400x2400_3x8bit_C00C00_RGB_chairs,SAMPLING/8BIT/RGB/2400x2400/C00C00/img_2400x2400_3x8bit_C00C00_RGB_chairs.png,0875,DIV2K_valid_HR/0875.png,false,32,27,false,not_required,retain
img_2400x2400_3x8bit_C00C00_RGB_chairs,SAMPLING/8BIT/RGB/2400x2400/C00C00/img_2400x2400_3x8bit_C00C00_RGB_chairs.png,0876,DIV2K_valid_HR/0876.png,false,28,33,false,not_required,retain
img_2400x2400_3x8bit_C00C00_RGB_chairs,SAMPLING/8BIT/RGB/2400x2400/C00C00/img_2400x2400_3x8bit_C00C00_RGB_chairs.png,0877,DIV2K_valid_HR/0877.png,false,38,32,false,not_required,retain
img_2400x2400_3x8bit_C00C00_RGB_chairs,SAMPLING/8BIT/RGB/2400x2400/C00C00/img_2400x2400_3x8bit_C00C00_RGB_chairs.png,0878,DIV2K_valid_HR/0878.png,false,30,32,false,not_required,retain
img_2400x2400_3x8bit_C00C00_RGB_chairs,SAMPLING/8BIT/RGB/2400x2400/C00C00/img_2400x2400_3x8bit_C00C00_RGB_chairs.png,0879,DIV2K_valid_HR/0879.png,false,30,28,false,not_required,retain
img_2400x2400_3x8bit_C00C00_RGB_chairs,SAMPLING/8BIT/RGB/2400x2400/C00C00/img_2400x2400_3x8bit_C00C00_RGB_chairs.png,0880,DIV2K_valid_HR/0880.png,false,30,37,false,not_required,retain
img_2400x2400_3x8bit_C00C00_RGB_chairs,SAMPLING/8BIT/RGB/2400x2400/C00C00/img_2400x2400_3x8bit_C00C00_RGB_chairs.png,0881,DIV2K_valid_HR/0881.png,false,28,27,false,not_required,retain
img_2400x2400_3x8bit_C00C00_RGB_chairs,SAMPLING/8BIT/RGB/2400x2400/C00C00/img_2400x2400_3x8bit_C00C00_RGB_chairs.png,0882,DIV2K_valid_HR/0882.png,false,34,35,false,not_required,retain
img_2400x2400_3x8bit_C00C00_RGB_chairs,SAMPLING/8BIT/RGB/2400x2400/C00C00/img_2400x2400_3x8bit_C00C00_RGB_chairs.png,0883,DIV2K_valid_HR/0883.png,false,38,34,false,not_required,retain
img_2400x2400_3x8bit_C00C00_RGB_chairs,SAMPLING/8BIT/RGB/2400x2400/C00C00/img_2400x2400_3x8bit_C00C00_RGB_chairs.png,0884,DIV2K_valid_HR/0884.png,false,26,31,false,not_required,retain
img_2400x2400_3x8bit_C00C00_RGB_chairs,SAMPLING/8BIT/RGB/2400x2400/C00C00/img_2400x2400_3x8bit_C00C00_RGB_chairs.png,0885,DIV2K_valid_HR/0885.png,false,36,32,false,not_required,retain
img_2400x2400_3x8bit_C00C00_RGB_chairs,SAMPLING/8BIT/RGB/2400x2400/C00C00/img_2400x2400_3x8bit_C00C00_RGB_chairs.png,0886,DIV2K_valid_HR/0886.png,false,26,33,false,not_required,retain
img_2400x2400_3x8bit_C00C00_RGB_chairs,SAMPLING/8BIT/RGB/2400x2400/C00C00/img_2400x2400_3x8bit_C00C00_RGB_chairs.png,0887,DIV2K_valid_HR/0887.png,false,34,23,false,not_required,retain
img_2400x2400_3x8bit_C00C00_RGB_chairs,SAMPLING/8BIT/RGB/2400x2400/C00C00/img_2400x2400_3x8bit_C00C00_RGB_chairs.png,0888,DIV2K_valid_HR/0888.png,false,34,31,false,not_required,retain
img_2400x2400_3x8bit_C00C00_RGB_chairs,SAMPLING/8BIT/RGB/2400x2400/C00C00/img_2400x2400_3x8bit_C00C00_RGB_chairs.png,0889,DIV2K_valid_HR/0889.png,false,26,27,false,not_required,retain
img_2400x2400_3x8bit_C00C00_RGB_chairs,SAMPLING/8BIT/RGB/2400x2400/C00C00/img_2400x2400_3x8bit_C00C00_RGB_chairs.png,0890,DIV2K_valid_HR/0890.png,false,36,32,false,not_required,retain
img_2400x2400_3x8bit_C00C00_RGB_chairs,SAMPLING/8BIT/RGB/2400x2400/C00C00/img_2400x2400_3x8bit_C00C00_RGB_chairs.png,0891,DIV2K_valid_HR/0891.png,false,36,30,false,not_required,retain
img_2400x2400_3x8bit_C00C00_RGB_chairs,SAMPLING/8BIT/RGB/2400x2400/C00C00/img_2400x2400_3x8bit_C00C00_RGB_chairs.png,0892,DIV2K_valid_HR/0892.png,false,30,27,false,not_required,retain
img_2400x2400_3x8bit_C00C00_RGB_chairs,SAMPLING/8BIT/RGB/2400x2400/C00C00/img_2400x2400_3x8bit_C00C00_RGB_chairs.png,0893,DIV2K_valid_HR/0893.png,false,30,27,false,not_required,retain
img_2400x2400_3x8bit_C00C00_RGB_chairs,SAMPLING/8BIT/RGB/2400x2400/C00C00/img_2400x2400_3x8bit_C00C00_RGB_chairs.png,0894,DIV2K_valid_HR/0894.png,false,30,35,false,not_required,retain
img_2400x2400_3x8bit_C00C00_RGB_chairs,SAMPLING/8BIT/RGB/2400x2400/C00C00/img_2400x2400_3x8bit_C00C00_RGB_chairs.png,0895,DIV2K_valid_HR/0895.png,false,28,22,false,not_required,retain
img_2400x2400_3x8bit_C00C00_RGB_chairs,SAMPLING/8BIT/RGB/2400x2400/C00C00/img_2400x2400_3x8bit_C00C00_RGB_chairs.png,0896,DIV2K_valid_HR/0896.png,false,32,34,false,not_required,retain
img_2400x2400_3x8bit_C00C00_RGB_chairs,SAMPLING/8BIT/RGB/2400x2400/C00C00/img_2400x2400_3x8bit_C00C00_RGB_chairs.png,0897,DIV2K_valid_HR/0897.png,false,26,28,false,not_required,retain
img_2400x2400_3x8bit_C00C00_RGB_chairs,SAMPLING/8BIT/RGB/2400x2400/C00C00/img_2400x2400_3x8bit_C00C00_RGB_chairs.png,0898,DIV2K_valid_HR/0898.png,false,36,26,false,not_required,retain
img_2400x2400_3x8bit_C00C00_RGB_chairs,SAMPLING/8BIT/RGB/2400x2400/C00C00/img_2400x2400_3x8bit_C00C00_RGB_chairs.png,0899,DIV2K_valid_HR/0899.png,false,32,27,false,not_required,retain
img_2400x2400_3x8bit_C00C00_RGB_chairs,SAMPLING/8BIT/RGB/2400x2400/C00C00/img_2400x2400_3x8bit_C00C00_RGB_chairs.png,0900,DIV2K_valid_HR/0900.png,false,32,25,false,not_required,retain
img_2400x2400_3x8bit_C00C00_RGB_clips,SAMPLING/8BIT/RGB/2400x2400/C00C00/img_2400x2400_3x8bit_C00C00_RGB_clips.png,0805,DIV2K_valid_HR/0805.png,false,36,31,false,not_required,retain
img_2400x2400_3x8bit_C00C00_RGB_clips,SAMPLING/8BIT/RGB/2400x2400/C00C00/img_2400x2400_3x8bit_C00C00_RGB_clips.png,0806,DIV2K_valid_HR/0806.png,false,30,31,false,not_required,retain
img_2400x2400_3x8bit_C00C00_RGB_clips,SAMPLING/8BIT/RGB/2400x2400/C00C00/img_2400x2400_3x8bit_C00C00_RGB_clips.png,0807,DIV2K_valid_HR/0807.png,false,26,35,false,not_required,retain
img_2400x2400_3x8bit_C00C00_RGB_clips,SAMPLING/8BIT/RGB/2400x2400/C00C00/img_2400x2400_3x8bit_C00C00_RGB_clips.png,0808,DIV2K_valid_HR/0808.png,false,34,30,false,not_required,retain
img_2400x2400_3x8bit_C00C00_RGB_clips,SAMPLING/8BIT/RGB/2400x2400/C00C00/img_2400x2400_3x8bit_C00C00_RGB_clips.png,0809,DIV2K_valid_HR/0809.png,false,34,36,false,not_required,retain
img_2400x2400_3x8bit_C00C00_RGB_clips,SAMPLING/8BIT/RGB/2400x2400/C00C00/img_2400x2400_3x8bit_C00C00_RGB_clips.png,0810,DIV2K_valid_HR/0810.png,false,40,33,false,not_required,retain
img_2400x2400_3x8bit_C00C00_RGB_clips,SAMPLING/8BIT/RGB/2400x2400/C00C00/img_2400x2400_3x8bit_C00C00_RGB_clips.png,0811,DIV2K_valid_HR/0811.png,false,26,30,false,not_required,retain
img_2400x2400_3x8bit_C00C00_RGB_clips,SAMPLING/8BIT/RGB/2400x2400/C00C00/img_2400x2400_3x8bit_C00C00_RGB_clips.png,0812,DIV2K_valid_HR/0812.png,false,30,36,false,not_required,retain
img_2400x2400_3x8bit_C00C00_RGB_clips,SAMPLING/8BIT/RGB/2400x2400/C00C00/img_2400x2400_3x8bit_C00C00_RGB_clips.png,0813,DIV2K_valid_HR/0813.png,false,34,29,false,not_required,retain
img_2400x2400_3x8bit_C00C00_RGB_clips,SAMPLING/8BIT/RGB/2400x2400/C00C00/img_2400x2400_3x8bit_C00C00_RGB_clips.png,0814,DIV2K_valid_HR/0814.png,false,34,32,false,not_required,retain
img_2400x2400_3x8bit_C00C00_RGB_clips,SAMPLING/8BIT/RGB/2400x2400/C00C00/img_2400x2400_3x8bit_C00C00_RGB_clips.png,0815,DIV2K_valid_HR/0815.png,false,34,32,false,not_required,retain
img_2400x2400_3x8bit_C00C00_RGB_clips,SAMPLING/8BIT/RGB/2400x2400/C00C00/img_2400x2400_3x8bit_C00C00_RGB_clips.png,0816,DIV2K_valid_HR/0816.png,false,34,32,false,not_required,retain
img_2400x2400_3x8bit_C00C00_RGB_clips,SAMPLING/8BIT/RGB/2400x2400/C00C00/img_2400x2400_3x8bit_C00C00_RGB_clips.png,0817,DIV2K_valid_HR/0817.png,false,34,31,false,not_required,retain
img_2400x2400_3x8bit_C00C00_RGB_clips,SAMPLING/8BIT/RGB/2400x2400/C00C00/img_2400x2400_3x8bit_C00C00_RGB_clips.png,0818,DIV2K_valid_HR/0818.png,false,34,36,false,not_required,retain
img_2400x2400_3x8bit_C00C00_RGB_clips,SAMPLING/8BIT/RGB/2400x2400/C00C00/img_2400x2400_3x8bit_C00C00_RGB_clips.png,0819,DIV2K_valid_HR/0819.png,false,26,27,false,not_required,retain
img_2400x2400_3x8bit_C00C00_RGB_clips,SAMPLING/8BIT/RGB/2400x2400/C00C00/img_2400x2400_3x8bit_C00C00_RGB_clips.png,0820,DIV2K_valid_HR/0820.png,false,32,34,false,not_required,retain
img_2400x2400_3x8bit_C00C00_RGB_clips,SAMPLING/8BIT/RGB/2400x2400/C00C00/img_2400x2400_3x8bit_C00C00_RGB_clips.png,0821,DIV2K_valid_HR/0821.png,false,32,31,false,not_required,retain
img_2400x2400_3x8bit_C00C00_RGB_clips,SAMPLING/8BIT/RGB/2400x2400/C00C00/img_2400x2400_3x8bit_C00C00_RGB_clips.png,0822,DIV2K_valid_HR/0822.png,false,30,31,false,not_required,retain
img_2400x2400_3x8bit_C00C00_RGB_clips,SAMPLING/8BIT/RGB/2400x2400/C00C00/img_2400x2400_3x8bit_C00C00_RGB_clips.png,0823,DIV2K_valid_HR/0823.png,false,28,35,false,not_required,retain
img_2400x2400_3x8bit_C00C00_RGB_clips,SAMPLING/8BIT/RGB/2400x2400/C00C00/img_2400x2400_3x8bit_C00C00_RGB_clips.png,0824,DIV2K_valid_HR/0824.png,false,32,31,false,not_required,retain
img_2400x2400_3x8bit_C00C00_RGB_clips,SAMPLING/8BIT/RGB/2400x2400/C00C00/img_2400x2400_3x8bit_C00C00_RGB_clips.png,0825,DIV2K_valid_HR/0825.png,false,34,38,false,not_required,retain
img_2400x2400_3x8bit_C00C00_RGB_clips,SAMPLING/8BIT/RGB/2400x2400/C00C00/img_2400x2400_3x8bit_C00C00_RGB_clips.png,0826,DIV2K_valid_HR/0826.png,false,32,36,false,not_required,retain
img_2400x2400_3x8bit_C00C00_RGB_clips,SAMPLING/8BIT/RGB/2400x2400/C00C00/img_2400x2400_3x8bit_C00C00_RGB_clips.png,0827,DIV2K_valid_HR/0827.png,false,32,31,false,not_required,retain
img_2400x2400_3x8bit_C00C00_RGB_clips,SAMPLING/8BIT/RGB/2400x2400/C00C00/img_2400x2400_3x8bit_C00C00_RGB_clips.png,0828,DIV2K_valid_HR/0828.png,false,30,38,false,not_required,retain
img_2400x2400_3x8bit_C00C00_RGB_clips,SAMPLING/8BIT/RGB/2400x2400/C00C00/img_2400x2400_3x8bit_C00C00_RGB_clips.png,0829,DIV2K_valid_HR/0829.png,false,38,32,false,not_required,retain
img_2400x2400_3x8bit_C00C00_RGB_clips,SAMPLING/8BIT/RGB/2400x2400/C00C00/img_2400x2400_3x8bit_C00C00_RGB_clips.png,0830,DIV2K_valid_HR/0830.png,false,32,30,false,not_required,retain
img_2400x2400_3x8bit_C00C00_RGB_clips,SAMPLING/8BIT/RGB/2400x2400/C00C00/img_2400x2400_3x8bit_C00C00_RGB_clips.png,0831,DIV2K_valid_HR/0831.png,false,32,32,false,not_required,retain
img_2400x2400_3x8bit_C00C00_RGB_clips,SAMPLING/8BIT/RGB/2400x2400/C00C00/img_2400x2400_3x8bit_C00C00_RGB_clips.png,0832,DIV2K_valid_HR/0832.png,false,30,30,false,not_required,retain
img_2400x2400_3x8bit_C00C00_RGB_clips,SAMPLING/8BIT/RGB/2400x2400/C00C00/img_2400x2400_3x8bit_C00C00_RGB_clips.png,0833,DIV2K_valid_HR/0833.png,false,32,28,false,not_required,retain
img_2400x2400_3x8bit_C00C00_RGB_clips,SAMPLING/8BIT/RGB/2400x2400/C00C00/img_2400x2400_3x8bit_C00C00_RGB_clips.png,0834,DIV2K_valid_HR/0834.png,false,24,32,false,not_required,retain
img_2400x2400_3x8bit_C00C00_RGB_clips,SAMPLING/8BIT/RGB/2400x2400/C00C00/img_2400x2400_3x8bit_C00C00_RGB_clips.png,0835,DIV2K_valid_HR/0835.png,false,38,32,false,not_required,retain
img_2400x2400_3x8bit_C00C00_RGB_clips,SAMPLING/8BIT/RGB/2400x2400/C00C00/img_2400x2400_3x8bit_C00C00_RGB_clips.png,0836,DIV2K_valid_HR/0836.png,false,26,29,false,not_required,retain
img_2400x2400_3x8bit_C00C00_RGB_clips,SAMPLING/8BIT/RGB/2400x2400/C00C00/img_2400x2400_3x8bit_C00C00_RGB_clips.png,0837,DIV2K_valid_HR/0837.png,false,36,34,false,not_required,retain
img_2400x2400_3x8bit_C00C00_RGB_clips,SAMPLING/8BIT/RGB/2400x2400/C00C00/img_2400x2400_3x8bit_C00C00_RGB_clips.png,0838,DIV2K_valid_HR/0838.png,false,26,36,false,not_required,retain
img_2400x2400_3x8bit_C00C00_RGB_clips,SAMPLING/8BIT/RGB/2400x2400/C00C00/img_2400x2400_3x8bit_C00C00_RGB_clips.png,0839,DIV2K_valid_HR/0839.png,false,34,25,false,not_required,retain
img_2400x2400_3x8bit_C00C00_RGB_clips,SAMPLING/8BIT/RGB/2400x2400/C00C00/img_2400x2400_3x8bit_C00C00_RGB_clips.png,0840,DIV2K_valid_HR/0840.png,false,32,37,false,not_required,retain
img_2400x2400_3x8bit_C00C00_RGB_clips,SAMPLING/8BIT/RGB/2400x2400/C00C00/img_2400x2400_3x8bit_C00C00_RGB_clips.png,0841,DIV2K_valid_HR/0841.png,false,34,32,false,not_required,retain
img_2400x2400_3x8bit_C00C00_RGB_clips,SAMPLING/8BIT/RGB/2400x2400/C00C00/img_2400x2400_3x8bit_C00C00_RGB_clips.png,0842,DIV2K_valid_HR/0842.png,false,26,34,false,not_required,retain
img_2400x2400_3x8bit_C00C00_RGB_clips,SAMPLING/8BIT/RGB/2400x2400/C00C00/img_2400x2400_3x8bit_C00C00_RGB_clips.png,0843,DIV2K_valid_HR/0843.png,false,36,34,false,not_required,retain
img_2400x2400_3x8bit_C00C00_RGB_clips,SAMPLING/8BIT/RGB/2400x2400/C00C00/img_2400x2400_3x8bit_C00C00_RGB_clips.png,0844,DIV2K_valid_HR/0844.png,false,38,32,false,not_required,retain
img_2400x2400_3x8bit_C00C00_RGB_clips,SAMPLING/8BIT/RGB/2400x2400/C00C00/img_2400x2400_3x8bit_C00C00_RGB_clips.png,0845,DIV2K_valid_HR/0845.png,false,30,31,false,not_required,retain
img_2400x2400_3x8bit_C00C00_RGB_clips,SAMPLING/8BIT/RGB/2400x2400/C00C00/img_2400x2400_3x8bit_C00C00_RGB_clips.png,0846,DIV2K_valid_HR/0846.png,false,34,31,false,not_required,retain
img_2400x2400_3x8bit_C00C00_RGB_clips,SAMPLING/8BIT/RGB/2400x2400/C00C00/img_2400x2400_3x8bit_C00C00_RGB_clips.png,0847,DIV2K_valid_HR/0847.png,false,30,33,false,not_required,retain
img_2400x2400_3x8bit_C00C00_RGB_clips,SAMPLING/8BIT/RGB/2400x2400/C00C00/img_2400x2400_3x8bit_C00C00_RGB_clips.png,0848,DIV2K_valid_HR/0848.png,false,34,27,false,not_required,retain
img_2400x2400_3x8bit_C00C00_RGB_clips,SAMPLING/8BIT/RGB/2400x2400/C00C00/img_2400x2400_3x8bit_C00C00_RGB_clips.png,0849,DIV2K_valid_HR/0849.png,false,30,32,false,not_required,retain
img_2400x2400_3x8bit_C00C00_RGB_clips,SAMPLING/8BIT/RGB/2400x2400/C00C00/img_2400x2400_3x8bit_C00C00_RGB_clips.png,0850,DIV2K_valid_HR/0850.png,false,28,31,false,not_required,retain
img_2400x2400_3x8bit_C00C00_RGB_clips,SAMPLING/8BIT/RGB/2400x2400/C00C00/img_2400x2400_3x8bit_C00C00_RGB_clips.png,0851,DIV2K_valid_HR/0851.png,false,30,32,false,not_required,retain
img_2400x2400_3x8bit_C00C00_RGB_clips,SAMPLING/8BIT/RGB/2400x2400/C00C00/img_2400x2400_3x8bit_C00C00_RGB_clips.png,0852,DIV2K_valid_HR/0852.png,false,28,30,false,not_required,retain
img_2400x2400_3x8bit_C00C00_RGB_clips,SAMPLING/8BIT/RGB/2400x2400/C00C00/img_2400x2400_3x8bit_C00C00_RGB_clips.png,0853,DIV2K_valid_HR/0853.png,false,32,35,false,not_required,retain
img_2400x2400_3x8bit_C00C00_RGB_clips,SAMPLING/8BIT/RGB/2400x2400/C00C00/img_2400x2400_3x8bit_C00C00_RGB_clips.png,0854,DIV2K_valid_HR/0854.png,false,28,30,false,not_required,retain
img_2400x2400_3x8bit_C00C00_RGB_clips,SAMPLING/8BIT/RGB/2400x2400/C00C00/img_2400x2400_3x8bit_C00C00_RGB_clips.png,0855,DIV2K_valid_HR/0855.png,false,34,34,false,not_required,retain
img_2400x2400_3x8bit_C00C00_RGB_clips,SAMPLING/8BIT/RGB/2400x2400/C00C00/img_2400x2400_3x8bit_C00C00_RGB_clips.png,0856,DIV2K_valid_HR/0856.png,false,28,31,false,not_required,retain
img_2400x2400_3x8bit_C00C00_RGB_clips,SAMPLING/8BIT/RGB/2400x2400/C00C00/img_2400x2400_3x8bit_C00C00_RGB_clips.png,0857,DIV2K_valid_HR/0857.png,false,28,28,false,not_required,retain
img_2400x2400_3x8bit_C00C00_RGB_clips,SAMPLING/8BIT/RGB/2400x2400/C00C00/img_2400x2400_3x8bit_C00C00_RGB_clips.png,0858,DIV2K_valid_HR/0858.png,false,34,38,false,not_required,retain
img_2400x2400_3x8bit_C00C00_RGB_clips,SAMPLING/8BIT/RGB/2400x2400/C00C00/img_2400x2400_3x8bit_C00C00_RGB_clips.png,0859,DIV2K_valid_HR/0859.png,false,36,37,false,not_required,retain
img_2400x2400_3x8bit_C00C00_RGB_clips,SAMPLING/8BIT/RGB/2400x2400/C00C00/img_2400x2400_3x8bit_C00C00_RGB_clips.png,0860,DIV2K_valid_HR/0860.png,false,30,36,false,not_required,retain
img_2400x2400_3x8bit_C00C00_RGB_clips,SAMPLING/8BIT/RGB/2400x2400/C00C00/img_2400x2400_3x8bit_C00C00_RGB_clips.png,0861,DIV2K_valid_HR/0861.png,false,34,37,false,not_required,retain
img_2400x2400_3x8bit_C00C00_RGB_clips,SAMPLING/8BIT/RGB/2400x2400/C00C00/img_2400x2400_3x8bit_C00C00_RGB_clips.png,0862,DIV2K_valid_HR/0862.png,false,28,27,false,not_required,retain
img_2400x2400_3x8bit_C00C00_RGB_clips,SAMPLING/8BIT/RGB/2400x2400/C00C00/img_2400x2400_3x8bit_C00C00_RGB_clips.png,0863,DIV2K_valid_HR/0863.png,false,34,25,false,not_required,retain
img_2400x2400_3x8bit_C00C00_RGB_clips,SAMPLING/8BIT/RGB/2400x2400/C00C00/img_2400x2400_3x8bit_C00C00_RGB_clips.png,0864,DIV2K_valid_HR/0864.png,false,32,38,false,not_required,retain
img_2400x2400_3x8bit_C00C00_RGB_clips,SAMPLING/8BIT/RGB/2400x2400/C00C00/img_2400x2400_3x8bit_C00C00_RGB_clips.png,0865,DIV2K_valid_HR/0865.png,false,30,36,false,not_required,retain
img_2400x2400_3x8bit_C00C00_RGB_clips,SAMPLING/8BIT/RGB/2400x2400/C00C00/img_2400x2400_3x8bit_C00C00_RGB_clips.png,0866,DIV2K_valid_HR/0866.png,false,28,31,false,not_required,retain
img_2400x2400_3x8bit_C00C00_RGB_clips,SAMPLING/8BIT/RGB/2400x2400/C00C00/img_2400x2400_3x8bit_C00C00_RGB_clips.png,0867,DIV2K_valid_HR/0867.png,false,32,33,false,not_required,retain
img_2400x2400_3x8bit_C00C00_RGB_clips,SAMPLING/8BIT/RGB/2400x2400/C00C00/img_2400x2400_3x8bit_C00C00_RGB_clips.png,0868,DIV2K_valid_HR/0868.png,false,30,28,false,not_required,retain
img_2400x2400_3x8bit_C00C00_RGB_clips,SAMPLING/8BIT/RGB/2400x2400/C00C00/img_2400x2400_3x8bit_C00C00_RGB_clips.png,0869,DIV2K_valid_HR/0869.png,false,28,24,false,not_required,retain
img_2400x2400_3x8bit_C00C00_RGB_clips,SAMPLING/8BIT/RGB/2400x2400/C00C00/img_2400x2400_3x8bit_C00C00_RGB_clips.png,0870,DIV2K_valid_HR/0870.png,false,38,33,false,not_required,retain
img_2400x2400_3x8bit_C00C00_RGB_clips,SAMPLING/8BIT/RGB/2400x2400/C00C00/img_2400x2400_3x8bit_C00C00_RGB_clips.png,0871,DIV2K_valid_HR/0871.png,false,34,30,false,not_required,retain
img_2400x2400_3x8bit_C00C00_RGB_clips,SAMPLING/8BIT/RGB/2400x2400/C00C00/img_2400x2400_3x8bit_C00C00_RGB_clips.png,0872,DIV2K_valid_HR/0872.png,false,38,35,false,not_required,retain
img_2400x2400_3x8bit_C00C00_RGB_clips,SAMPLING/8BIT/RGB/2400x2400/C00C00/img_2400x2400_3x8bit_C00C00_RGB_clips.png,0873,DIV2K_valid_HR/0873.png,false,28,27,false,not_required,retain
img_2400x2400_3x8bit_C00C00_RGB_clips,SAMPLING/8BIT/RGB/2400x2400/C00C00/img_2400x2400_3x8bit_C00C00_RGB_clips.png,0874,DIV2K_valid_HR/0874.png,false,30,40,false,not_required,retain
img_2400x2400_3x8bit_C00C00_RGB_clips,SAMPLING/8BIT/RGB/2400x2400/C00C00/img_2400x2400_3x8bit_C00C00_RGB_clips.png,0875,DIV2K_valid_HR/0875.png,false,38,38,false,not_required,retain
img_2400x2400_3x8bit_C00C00_RGB_clips,SAMPLING/8BIT/RGB/2400x2400/C00C00/img_2400x2400_3x8bit_C00C00_RGB_clips.png,0876,DIV2K_valid_HR/0876.png,false,32,30,false,not_required,retain
img_2400x2400_3x8bit_C00C00_RGB_clips,SAMPLING/8BIT/RGB/2400x2400/C00C00/img_2400x2400_3x8bit_C00C00_RGB_clips.png,0877,DIV2K_valid_HR/0877.png,false,32,37,false,not_required,retain
img_2400x2400_3x8bit_C00C00_RGB_clips,SAMPLING/8BIT/RGB/2400x2400/C00C00/img_2400x2400_3x8bit_C00C00_RGB_clips.png,0878,DIV2K_valid_HR/0878.png,false,36,29,false,not_required,retain
img_2400x2400_3x8bit_C00C00_RGB_clips,SAMPLING/8BIT/RGB/2400x2400/C00C00/img_2400x2400_3x8bit_C00C00_RGB_clips.png,0879,DIV2K_valid_HR/0879.png,false,28,39,false,not_required,retain
img_2400x2400_3x8bit_C00C00_RGB_clips,SAMPLING/8BIT/RGB/2400x2400/C00C00/img_2400x2400_3x8bit_C00C00_RGB_clips.png,0880,DIV2K_valid_HR/0880.png,false,34,30,false,not_required,retain
img_2400x2400_3x8bit_C00C00_RGB_clips,SAMPLING/8BIT/RGB/2400x2400/C00C00/img_2400x2400_3x8bit_C00C00_RGB_clips.png,0881,DIV2K_valid_HR/0881.png,false,32,26,false,not_required,retain
img_2400x2400_3x8bit_C00C00_RGB_clips,SAMPLING/8BIT/RGB/2400x2400/C00C00/img_2400x2400_3x8bit_C00C00_RGB_clips.png,0882,DIV2K_valid_HR/0882.png,false,34,30,false,not_required,retain
img_2400x2400_3x8bit_C00C00_RGB_clips,SAMPLING/8BIT/RGB/2400x2400/C00C00/img_2400x2400_3x8bit_C00C00_RGB_clips.png,0883,DIV2K_valid_HR/0883.png,false,28,31,false,not_required,retain
img_2400x2400_3x8bit_C00C00_RGB_clips,SAMPLING/8BIT/RGB/2400x2400/C00C00/img_2400x2400_3x8bit_C00C00_RGB_clips.png,0884,DIV2K_valid_HR/0884.png,false,28,32,false,not_required,retain
img_2400x2400_3x8bit_C00C00_RGB_clips,SAMPLING/8BIT/RGB/2400x2400/C00C00/img_2400x2400_3x8bit_C00C00_RGB_clips.png,0885,DIV2K_valid_HR/0885.png,false,32,31,false,not_required,retain
img_2400x2400_3x8bit_C00C00_RGB_clips,SAMPLING/8BIT/RGB/2400x2400/C00C00/img_2400x2400_3x8bit_C00C00_RGB_clips.png,0886,DIV2K_valid_HR/0886.png,false,38,38,false,not_required,retain
img_2400x2400_3x8bit_C00C00_RGB_clips,SAMPLING/8BIT/RGB/2400x2400/C00C00/img_2400x2400_3x8bit_C00C00_RGB_clips.png,0887,DIV2K_valid_HR/0887.png,false,32,34,false,not_required,retain
img_2400x2400_3x8bit_C00C00_RGB_clips,SAMPLING/8BIT/RGB/2400x2400/C00C00/img_2400x2400_3x8bit_C00C00_RGB_clips.png,0888,DIV2K_valid_HR/0888.png,false,28,26,false,not_required,retain
img_2400x2400_3x8bit_C00C00_RGB_clips,SAMPLING/8BIT/RGB/2400x2400/C00C00/img_2400x2400_3x8bit_C00C00_RGB_clips.png,0889,DIV2K_valid_HR/0889.png,false,30,34,false,not_required,retain
img_2400x2400_3x8bit_C00C00_RGB_clips,SAMPLING/8BIT/RGB/2400x2400/C00C00/img_2400x2400_3x8bit_C00C00_RGB_clips.png,0890,DIV2K_valid_HR/0890.png,false,30,31,false,not_required,retain
img_2400x2400_3x8bit_C00C00_RGB_clips,SAMPLING/8BIT/RGB/2400x2400/C00C00/img_2400x2400_3x8bit_C00C00_RGB_clips.png,0891,DIV2K_valid_HR/0891.png,false,28,31,false,not_required,retain
img_2400x2400_3x8bit_C00C00_RGB_clips,SAMPLING/8BIT/RGB/2400x2400/C00C00/img_2400x2400_3x8bit_C00C00_RGB_clips.png,0892,DIV2K_valid_HR/0892.png,false,30,34,false,not_required,retain
img_2400x2400_3x8bit_C00C00_RGB_clips,SAMPLING/8BIT/RGB/2400x2400/C00C00/img_2400x2400_3x8bit_C00C00_RGB_clips.png,0893,DIV2K_valid_HR/0893.png,false,38,28,false,not_required,retain
img_2400x2400_3x8bit_C00C00_RGB_clips,SAMPLING/8BIT/RGB/2400x2400/C00C00/img_2400x2400_3x8bit_C00C00_RGB_clips.png,0894,DIV2K_valid_HR/0894.png,false,36,30,false,not_required,retain
img_2400x2400_3x8bit_C00C00_RGB_clips,SAMPLING/8BIT/RGB/2400x2400/C00C00/img_2400x2400_3x8bit_C00C00_RGB_clips.png,0895,DIV2K_valid_HR/0895.png,false,32,39,false,not_required,retain
img_2400x2400_3x8bit_C00C00_RGB_clips,SAMPLING/8BIT/RGB/2400x2400/C00C00/img_2400x2400_3x8bit_C00C00_RGB_clips.png,0896,DIV2K_valid_HR/0896.png,false,26,33,false,not_required,retain
img_2400x2400_3x8bit_C00C00_RGB_clips,SAMPLING/8BIT/RGB/2400x2400/C00C00/img_2400x2400_3x8bit_C00C00_RGB_clips.png,0897,DIV2K_valid_HR/0897.png,false,34,33,false,not_required,retain
img_2400x2400_3x8bit_C00C00_RGB_clips,SAMPLING/8BIT/RGB/2400x2400/C00C00/img_2400x2400_3x8bit_C00C00_RGB_clips.png,0898,DIV2K_valid_HR/0898.png,false,34,35,false,not_required,retain
img_2400x2400_3x8bit_C00C00_RGB_clips,SAMPLING/8BIT/RGB/2400x2400/C00C00/img_2400x2400_3x8bit_C00C00_RGB_clips.png,0899,DIV2K_valid_HR/0899.png,false,36,36,false,not_required,retain
img_2400x2400_3x8bit_C00C00_RGB_clips,SAMPLING/8BIT/RGB/2400x2400/C00C00/img_2400x2400_3x8bit_C00C00_RGB_clips.png,0900,DIV2K_valid_HR/0900.png,false,28,38,false,not_required,retain
img_2400x2400_3x8bit_C00C00_RGB_coins,SAMPLING/8BIT/RGB/2400x2400/C00C00/img_2400x2400_3x8bit_C00C00_RGB_coins.png,0805,DIV2K_valid_HR/0805.png,false,28,29,false,not_required,retain
img_2400x2400_3x8bit_C00C00_RGB_coins,SAMPLING/8BIT/RGB/2400x2400/C00C00/img_2400x2400_3x8bit_C00C00_RGB_coins.png,0806,DIV2K_valid_HR/0806.png,false,34,35,false,not_required,retain
img_2400x2400_3x8bit_C00C00_RGB_coins,SAMPLING/8BIT/RGB/2400x2400/C00C00/img_2400x2400_3x8bit_C00C00_RGB_coins.png,0807,DIV2K_valid_HR/0807.png,false,30,35,false,not_required,retain
img_2400x2400_3x8bit_C00C00_RGB_coins,SAMPLING/8BIT/RGB/2400x2400/C00C00/img_2400x2400_3x8bit_C00C00_RGB_coins.png,0808,DIV2K_valid_HR/0808.png,false,36,36,false,not_required,retain
img_2400x2400_3x8bit_C00C00_RGB_coins,SAMPLING/8BIT/RGB/2400x2400/C00C00/img_2400x2400_3x8bit_C00C00_RGB_coins.png,0809,DIV2K_valid_HR/0809.png,false,30,32,false,not_required,retain
img_2400x2400_3x8bit_C00C00_RGB_coins,SAMPLING/8BIT/RGB/2400x2400/C00C00/img_2400x2400_3x8bit_C00C00_RGB_coins.png,0810,DIV2K_valid_HR/0810.png,false,34,41,false,not_required,retain
img_2400x2400_3x8bit_C00C00_RGB_coins,SAMPLING/8BIT/RGB/2400x2400/C00C00/img_2400x2400_3x8bit_C00C00_RGB_coins.png,0811,DIV2K_valid_HR/0811.png,false,32,28,false,not_required,retain
img_2400x2400_3x8bit_C00C00_RGB_coins,SAMPLING/8BIT/RGB/2400x2400/C00C00/img_2400x2400_3x8bit_C00C00_RGB_coins.png,0812,DIV2K_valid_HR/0812.png,false,32,26,false,not_required,retain
img_2400x2400_3x8bit_C00C00_RGB_coins,SAMPLING/8BIT/RGB/2400x2400/C00C00/img_2400x2400_3x8bit_C00C00_RGB_coins.png,0813,DIV2K_valid_HR/0813.png,false,32,33,false,not_required,retain
img_2400x2400_3x8bit_C00C00_RGB_coins,SAMPLING/8BIT/RGB/2400x2400/C00C00/img_2400x2400_3x8bit_C00C00_RGB_coins.png,0814,DIV2K_valid_HR/0814.png,false,28,34,false,not_required,retain
img_2400x2400_3x8bit_C00C00_RGB_coins,SAMPLING/8BIT/RGB/2400x2400/C00C00/img_2400x2400_3x8bit_C00C00_RGB_coins.png,0815,DIV2K_valid_HR/0815.png,false,28,24,false,not_required,retain
img_2400x2400_3x8bit_C00C00_RGB_coins,SAMPLING/8BIT/RGB/2400x2400/C00C00/img_2400x2400_3x8bit_C00C00_RGB_coins.png,0816,DIV2K_valid_HR/0816.png,false,38,42,false,not_required,retain
img_2400x2400_3x8bit_C00C00_RGB_coins,SAMPLING/8BIT/RGB/2400x2400/C00C00/img_2400x2400_3x8bit_C00C00_RGB_coins.png,0817,DIV2K_valid_HR/0817.png,false,36,31,false,not_required,retain
img_2400x2400_3x8bit_C00C00_RGB_coins,SAMPLING/8BIT/RGB/2400x2400/C00C00/img_2400x2400_3x8bit_C00C00_RGB_coins.png,0818,DIV2K_valid_HR/0818.png,false,28,24,false,not_required,retain
img_2400x2400_3x8bit_C00C00_RGB_coins,SAMPLING/8BIT/RGB/2400x2400/C00C00/img_2400x2400_3x8bit_C00C00_RGB_coins.png,0819,DIV2K_valid_HR/0819.png,false,34,39,false,not_required,retain
img_2400x2400_3x8bit_C00C00_RGB_coins,SAMPLING/8BIT/RGB/2400x2400/C00C00/img_2400x2400_3x8bit_C00C00_RGB_coins.png,0820,DIV2K_valid_HR/0820.png,false,30,32,false,not_required,retain
img_2400x2400_3x8bit_C00C00_RGB_coins,SAMPLING/8BIT/RGB/2400x2400/C00C00/img_2400x2400_3x8bit_C00C00_RGB_coins.png,0821,DIV2K_valid_HR/0821.png,false,32,29,false,not_required,retain
img_2400x2400_3x8bit_C00C00_RGB_coins,SAMPLING/8BIT/RGB/2400x2400/C00C00/img_2400x2400_3x8bit_C00C00_RGB_coins.png,0822,DIV2K_valid_HR/0822.png,false,30,29,false,not_required,retain
img_2400x2400_3x8bit_C00C00_RGB_coins,SAMPLING/8BIT/RGB/2400x2400/C00C00/img_2400x2400_3x8bit_C00C00_RGB_coins.png,0823,DIV2K_valid_HR/0823.png,false,36,33,false,not_required,retain
img_2400x2400_3x8bit_C00C00_RGB_coins,SAMPLING/8BIT/RGB/2400x2400/C00C00/img_2400x2400_3x8bit_C00C00_RGB_coins.png,0824,DIV2K_valid_HR/0824.png,false,36,31,false,not_required,retain
img_2400x2400_3x8bit_C00C00_RGB_coins,SAMPLING/8BIT/RGB/2400x2400/C00C00/img_2400x2400_3x8bit_C00C00_RGB_coins.png,0825,DIV2K_valid_HR/0825.png,false,40,30,false,not_required,retain
img_2400x2400_3x8bit_C00C00_RGB_coins,SAMPLING/8BIT/RGB/2400x2400/C00C00/img_2400x2400_3x8bit_C00C00_RGB_coins.png,0826,DIV2K_valid_HR/0826.png,false,36,36,false,not_required,retain
img_2400x2400_3x8bit_C00C00_RGB_coins,SAMPLING/8BIT/RGB/2400x2400/C00C00/img_2400x2400_3x8bit_C00C00_RGB_coins.png,0827,DIV2K_valid_HR/0827.png,false,30,33,false,not_required,retain
img_2400x2400_3x8bit_C00C00_RGB_coins,SAMPLING/8BIT/RGB/2400x2400/C00C00/img_2400x2400_3x8bit_C00C00_RGB_coins.png,0828,DIV2K_valid_HR/0828.png,false,26,36,false,not_required,retain
img_2400x2400_3x8bit_C00C00_RGB_coins,SAMPLING/8BIT/RGB/2400x2400/C00C00/img_2400x2400_3x8bit_C00C00_RGB_coins.png,0829,DIV2K_valid_HR/0829.png,false,28,26,false,not_required,retain
img_2400x2400_3x8bit_C00C00_RGB_coins,SAMPLING/8BIT/RGB/2400x2400/C00C00/img_2400x2400_3x8bit_C00C00_RGB_coins.png,0830,DIV2K_valid_HR/0830.png,false,30,36,false,not_required,retain
img_2400x2400_3x8bit_C00C00_RGB_coins,SAMPLING/8BIT/RGB/2400x2400/C00C00/img_2400x2400_3x8bit_C00C00_RGB_coins.png,0831,DIV2K_valid_HR/0831.png,false,38,30,false,not_required,retain
img_2400x2400_3x8bit_C00C00_RGB_coins,SAMPLING/8BIT/RGB/2400x2400/C00C00/img_2400x2400_3x8bit_C00C00_RGB_coins.png,0832,DIV2K_valid_HR/0832.png,false,36,32,false,not_required,retain
img_2400x2400_3x8bit_C00C00_RGB_coins,SAMPLING/8BIT/RGB/2400x2400/C00C00/img_2400x2400_3x8bit_C00C00_RGB_coins.png,0833,DIV2K_valid_HR/0833.png,false,34,32,false,not_required,retain
img_2400x2400_3x8bit_C00C00_RGB_coins,SAMPLING/8BIT/RGB/2400x2400/C00C00/img_2400x2400_3x8bit_C00C00_RGB_coins.png,0834,DIV2K_valid_HR/0834.png,false,28,30,false,not_required,retain
img_2400x2400_3x8bit_C00C00_RGB_coins,SAMPLING/8BIT/RGB/2400x2400/C00C00/img_2400x2400_3x8bit_C00C00_RGB_coins.png,0835,DIV2K_valid_HR/0835.png,false,24,26,false,not_required,retain
img_2400x2400_3x8bit_C00C00_RGB_coins,SAMPLING/8BIT/RGB/2400x2400/C00C00/img_2400x2400_3x8bit_C00C00_RGB_coins.png,0836,DIV2K_valid_HR/0836.png,false,36,35,false,not_required,retain
img_2400x2400_3x8bit_C00C00_RGB_coins,SAMPLING/8BIT/RGB/2400x2400/C00C00/img_2400x2400_3x8bit_C00C00_RGB_coins.png,0837,DIV2K_valid_HR/0837.png,false,26,28,false,not_required,retain
img_2400x2400_3x8bit_C00C00_RGB_coins,SAMPLING/8BIT/RGB/2400x2400/C00C00/img_2400x2400_3x8bit_C00C00_RGB_coins.png,0838,DIV2K_valid_HR/0838.png,false,36,24,false,not_required,retain
img_2400x2400_3x8bit_C00C00_RGB_coins,SAMPLING/8BIT/RGB/2400x2400/C00C00/img_2400x2400_3x8bit_C00C00_RGB_coins.png,0839,DIV2K_valid_HR/0839.png,false,26,33,false,not_required,retain
img_2400x2400_3x8bit_C00C00_RGB_coins,SAMPLING/8BIT/RGB/2400x2400/C00C00/img_2400x2400_3x8bit_C00C00_RGB_coins.png,0840,DIV2K_valid_HR/0840.png,false,30,37,false,not_required,retain
img_2400x2400_3x8bit_C00C00_RGB_coins,SAMPLING/8BIT/RGB/2400x2400/C00C00/img_2400x2400_3x8bit_C00C00_RGB_coins.png,0841,DIV2K_valid_HR/0841.png,false,34,28,false,not_required,retain
img_2400x2400_3x8bit_C00C00_RGB_coins,SAMPLING/8BIT/RGB/2400x2400/C00C00/img_2400x2400_3x8bit_C00C00_RGB_coins.png,0842,DIV2K_valid_HR/0842.png,false,28,26,false,not_required,retain
img_2400x2400_3x8bit_C00C00_RGB_coins,SAMPLING/8BIT/RGB/2400x2400/C00C00/img_2400x2400_3x8bit_C00C00_RGB_coins.png,0843,DIV2K_valid_HR/0843.png,false,26,32,false,not_required,retain
img_2400x2400_3x8bit_C00C00_RGB_coins,SAMPLING/8BIT/RGB/2400x2400/C00C00/img_2400x2400_3x8bit_C00C00_RGB_coins.png,0844,DIV2K_valid_HR/0844.png,false,26,28,false,not_required,retain
img_2400x2400_3x8bit_C00C00_RGB_coins,SAMPLING/8BIT/RGB/2400x2400/C00C00/img_2400x2400_3x8bit_C00C00_RGB_coins.png,0845,DIV2K_valid_HR/0845.png,false,30,29,false,not_required,retain
img_2400x2400_3x8bit_C00C00_RGB_coins,SAMPLING/8BIT/RGB/2400x2400/C00C00/img_2400x2400_3x8bit_C00C00_RGB_coins.png,0846,DIV2K_valid_HR/0846.png,false,32,31,false,not_required,retain
img_2400x2400_3x8bit_C00C00_RGB_coins,SAMPLING/8BIT/RGB/2400x2400/C00C00/img_2400x2400_3x8bit_C00C00_RGB_coins.png,0847,DIV2K_valid_HR/0847.png,false,38,37,false,not_required,retain
img_2400x2400_3x8bit_C00C00_RGB_coins,SAMPLING/8BIT/RGB/2400x2400/C00C00/img_2400x2400_3x8bit_C00C00_RGB_coins.png,0848,DIV2K_valid_HR/0848.png,false,28,27,false,not_required,retain
img_2400x2400_3x8bit_C00C00_RGB_coins,SAMPLING/8BIT/RGB/2400x2400/C00C00/img_2400x2400_3x8bit_C00C00_RGB_coins.png,0849,DIV2K_valid_HR/0849.png,false,30,28,false,not_required,retain
img_2400x2400_3x8bit_C00C00_RGB_coins,SAMPLING/8BIT/RGB/2400x2400/C00C00/img_2400x2400_3x8bit_C00C00_RGB_coins.png,0850,DIV2K_valid_HR/0850.png,false,34,27,false,not_required,retain
img_2400x2400_3x8bit_C00C00_RGB_coins,SAMPLING/8BIT/RGB/2400x2400/C00C00/img_2400x2400_3x8bit_C00C00_RGB_coins.png,0851,DIV2K_valid_HR/0851.png,false,26,36,false,not_required,retain
img_2400x2400_3x8bit_C00C00_RGB_coins,SAMPLING/8BIT/RGB/2400x2400/C00C00/img_2400x2400_3x8bit_C00C00_RGB_coins.png,0852,DIV2K_valid_HR/0852.png,false,30,28,false,not_required,retain
img_2400x2400_3x8bit_C00C00_RGB_coins,SAMPLING/8BIT/RGB/2400x2400/C00C00/img_2400x2400_3x8bit_C00C00_RGB_coins.png,0853,DIV2K_valid_HR/0853.png,false,34,23,false,not_required,retain
img_2400x2400_3x8bit_C00C00_RGB_coins,SAMPLING/8BIT/RGB/2400x2400/C00C00/img_2400x2400_3x8bit_C00C00_RGB_coins.png,0854,DIV2K_valid_HR/0854.png,false,34,26,false,not_required,retain
img_2400x2400_3x8bit_C00C00_RGB_coins,SAMPLING/8BIT/RGB/2400x2400/C00C00/img_2400x2400_3x8bit_C00C00_RGB_coins.png,0855,DIV2K_valid_HR/0855.png,false,34,36,false,not_required,retain
img_2400x2400_3x8bit_C00C00_RGB_coins,SAMPLING/8BIT/RGB/2400x2400/C00C00/img_2400x2400_3x8bit_C00C00_RGB_coins.png,0856,DIV2K_valid_HR/0856.png,false,36,33,false,not_required,retain
img_2400x2400_3x8bit_C00C00_RGB_coins,SAMPLING/8BIT/RGB/2400x2400/C00C00/img_2400x2400_3x8bit_C00C00_RGB_coins.png,0857,DIV2K_valid_HR/0857.png,false,24,24,false,not_required,retain
img_2400x2400_3x8bit_C00C00_RGB_coins,SAMPLING/8BIT/RGB/2400x2400/C00C00/img_2400x2400_3x8bit_C00C00_RGB_coins.png,0858,DIV2K_valid_HR/0858.png,false,30,30,false,not_required,retain
img_2400x2400_3x8bit_C00C00_RGB_coins,SAMPLING/8BIT/RGB/2400x2400/C00C00/img_2400x2400_3x8bit_C00C00_RGB_coins.png,0859,DIV2K_valid_HR/0859.png,false,38,35,false,not_required,retain
img_2400x2400_3x8bit_C00C00_RGB_coins,SAMPLING/8BIT/RGB/2400x2400/C00C00/img_2400x2400_3x8bit_C00C00_RGB_coins.png,0860,DIV2K_valid_HR/0860.png,false,30,30,false,not_required,retain
img_2400x2400_3x8bit_C00C00_RGB_coins,SAMPLING/8BIT/RGB/2400x2400/C00C00/img_2400x2400_3x8bit_C00C00_RGB_coins.png,0861,DIV2K_valid_HR/0861.png,false,28,31,false,not_required,retain
img_2400x2400_3x8bit_C00C00_RGB_coins,SAMPLING/8BIT/RGB/2400x2400/C00C00/img_2400x2400_3x8bit_C00C00_RGB_coins.png,0862,DIV2K_valid_HR/0862.png,false,30,25,false,not_required,retain
img_2400x2400_3x8bit_C00C00_RGB_coins,SAMPLING/8BIT/RGB/2400x2400/C00C00/img_2400x2400_3x8bit_C00C00_RGB_coins.png,0863,DIV2K_valid_HR/0863.png,false,32,31,false,not_required,retain
img_2400x2400_3x8bit_C00C00_RGB_coins,SAMPLING/8BIT/RGB/2400x2400/C00C00/img_2400x2400_3x8bit_C00C00_RGB_coins.png,0864,DIV2K_valid_HR/0864.png,false,40,32,false,not_required,retain
img_2400x2400_3x8bit_C00C00_RGB_coins,SAMPLING/8BIT/RGB/2400x2400/C00C00/img_2400x2400_3x8bit_C00C00_RGB_coins.png,0865,DIV2K_valid_HR/0865.png,false,30,32,false,not_required,retain
img_2400x2400_3x8bit_C00C00_RGB_coins,SAMPLING/8BIT/RGB/2400x2400/C00C00/img_2400x2400_3x8bit_C00C00_RGB_coins.png,0866,DIV2K_valid_HR/0866.png,false,28,37,false,not_required,retain
img_2400x2400_3x8bit_C00C00_RGB_coins,SAMPLING/8BIT/RGB/2400x2400/C00C00/img_2400x2400_3x8bit_C00C00_RGB_coins.png,0867,DIV2K_valid_HR/0867.png,false,28,35,false,not_required,retain
img_2400x2400_3x8bit_C00C00_RGB_coins,SAMPLING/8BIT/RGB/2400x2400/C00C00/img_2400x2400_3x8bit_C00C00_RGB_coins.png,0868,DIV2K_valid_HR/0868.png,false,26,26,false,not_required,retain
img_2400x2400_3x8bit_C00C00_RGB_coins,SAMPLING/8BIT/RGB/2400x2400/C00C00/img_2400x2400_3x8bit_C00C00_RGB_coins.png,0869,DIV2K_valid_HR/0869.png,false,28,32,false,not_required,retain
img_2400x2400_3x8bit_C00C00_RGB_coins,SAMPLING/8BIT/RGB/2400x2400/C00C00/img_2400x2400_3x8bit_C00C00_RGB_coins.png,0870,DIV2K_valid_HR/0870.png,false,32,27,false,not_required,retain
img_2400x2400_3x8bit_C00C00_RGB_coins,SAMPLING/8BIT/RGB/2400x2400/C00C00/img_2400x2400_3x8bit_C00C00_RGB_coins.png,0871,DIV2K_valid_HR/0871.png,false,34,36,false,not_required,retain
img_2400x2400_3x8bit_C00C00_RGB_coins,SAMPLING/8BIT/RGB/2400x2400/C00C00/img_2400x2400_3x8bit_C00C00_RGB_coins.png,0872,DIV2K_valid_HR/0872.png,false,32,27,false,not_required,retain
img_2400x2400_3x8bit_C00C00_RGB_coins,SAMPLING/8BIT/RGB/2400x2400/C00C00/img_2400x2400_3x8bit_C00C00_RGB_coins.png,0873,DIV2K_valid_HR/0873.png,false,30,29,false,not_required,retain
img_2400x2400_3x8bit_C00C00_RGB_coins,SAMPLING/8BIT/RGB/2400x2400/C00C00/img_2400x2400_3x8bit_C00C00_RGB_coins.png,0874,DIV2K_valid_HR/0874.png,false,24,34,false,not_required,retain
img_2400x2400_3x8bit_C00C00_RGB_coins,SAMPLING/8BIT/RGB/2400x2400/C00C00/img_2400x2400_3x8bit_C00C00_RGB_coins.png,0875,DIV2K_valid_HR/0875.png,false,36,36,false,not_required,retain
img_2400x2400_3x8bit_C00C00_RGB_coins,SAMPLING/8BIT/RGB/2400x2400/C00C00/img_2400x2400_3x8bit_C00C00_RGB_coins.png,0876,DIV2K_valid_HR/0876.png,false,32,28,false,not_required,retain
img_2400x2400_3x8bit_C00C00_RGB_coins,SAMPLING/8BIT/RGB/2400x2400/C00C00/img_2400x2400_3x8bit_C00C00_RGB_coins.png,0877,DIV2K_valid_HR/0877.png,false,32,35,false,not_required,retain
img_2400x2400_3x8bit_C00C00_RGB_coins,SAMPLING/8BIT/RGB/2400x2400/C00C00/img_2400x2400_3x8bit_C00C00_RGB_coins.png,0878,DIV2K_valid_HR/0878.png,false,28,21,false,not_required,retain
img_2400x2400_3x8bit_C00C00_RGB_coins,SAMPLING/8BIT/RGB/2400x2400/C00C00/img_2400x2400_3x8bit_C00C00_RGB_coins.png,0879,DIV2K_valid_HR/0879.png,false,30,33,false,not_required,retain
img_2400x2400_3x8bit_C00C00_RGB_coins,SAMPLING/8BIT/RGB/2400x2400/C00C00/img_2400x2400_3x8bit_C00C00_RGB_coins.png,0880,DIV2K_valid_HR/0880.png,false,30,30,false,not_required,retain
img_2400x2400_3x8bit_C00C00_RGB_coins,SAMPLING/8BIT/RGB/2400x2400/C00C00/img_2400x2400_3x8bit_C00C00_RGB_coins.png,0881,DIV2K_valid_HR/0881.png,false,30,34,false,not_required,retain
img_2400x2400_3x8bit_C00C00_RGB_coins,SAMPLING/8BIT/RGB/2400x2400/C00C00/img_2400x2400_3x8bit_C00C00_RGB_coins.png,0882,DIV2K_valid_HR/0882.png,false,40,36,false,not_required,retain
img_2400x2400_3x8bit_C00C00_RGB_coins,SAMPLING/8BIT/RGB/2400x2400/C00C00/img_2400x2400_3x8bit_C00C00_RGB_coins.png,0883,DIV2K_valid_HR/0883.png,false,28,33,false,not_required,retain
img_2400x2400_3x8bit_C00C00_RGB_coins,SAMPLING/8BIT/RGB/2400x2400/C00C00/img_2400x2400_3x8bit_C00C00_RGB_coins.png,0884,DIV2K_valid_HR/0884.png,false,26,26,false,not_required,retain
img_2400x2400_3x8bit_C00C00_RGB_coins,SAMPLING/8BIT/RGB/2400x2400/C00C00/img_2400x2400_3x8bit_C00C00_RGB_coins.png,0885,DIV2K_valid_HR/0885.png,false,30,25,false,not_required,retain
img_2400x2400_3x8bit_C00C00_RGB_coins,SAMPLING/8BIT/RGB/2400x2400/C00C00/img_2400x2400_3x8bit_C00C00_RGB_coins.png,0886,DIV2K_valid_HR/0886.png,false,30,22,false,not_required,retain
img_2400x2400_3x8bit_C00C00_RGB_coins,SAMPLING/8BIT/RGB/2400x2400/C00C00/img_2400x2400_3x8bit_C00C00_RGB_coins.png,0887,DIV2K_valid_HR/0887.png,false,30,30,false,not_required,retain
img_2400x2400_3x8bit_C00C00_RGB_coins,SAMPLING/8BIT/RGB/2400x2400/C00C00/img_2400x2400_3x8bit_C00C00_RGB_coins.png,0888,DIV2K_valid_HR/0888.png,false,38,32,false,not_required,retain
img_2400x2400_3x8bit_C00C00_RGB_coins,SAMPLING/8BIT/RGB/2400x2400/C00C00/img_2400x2400_3x8bit_C00C00_RGB_coins.png,0889,DIV2K_valid_HR/0889.png,false,40,42,false,not_required,retain
img_2400x2400_3x8bit_C00C00_RGB_coins,SAMPLING/8BIT/RGB/2400x2400/C00C00/img_2400x2400_3x8bit_C00C00_RGB_coins.png,0890,DIV2K_valid_HR/0890.png,false,34,35,false,not_required,retain
img_2400x2400_3x8bit_C00C00_RGB_coins,SAMPLING/8BIT/RGB/2400x2400/C00C00/img_2400x2400_3x8bit_C00C00_RGB_coins.png,0891,DIV2K_valid_HR/0891.png,false,26,29,false,not_required,retain
img_2400x2400_3x8bit_C00C00_RGB_coins,SAMPLING/8BIT/RGB/2400x2400/C00C00/img_2400x2400_3x8bit_C00C00_RGB_coins.png,0892,DIV2K_valid_HR/0892.png,false,32,32,false,not_required,retain
img_2400x2400_3x8bit_C00C00_RGB_coins,SAMPLING/8BIT/RGB/2400x2400/C00C00/img_2400x2400_3x8bit_C00C00_RGB_coins.png,0893,DIV2K_valid_HR/0893.png,false,30,36,false,not_required,retain
img_2400x2400_3x8bit_C00C00_RGB_coins,SAMPLING/8BIT/RGB/2400x2400/C00C00/img_2400x2400_3x8bit_C00C00_RGB_coins.png,0894,DIV2K_valid_HR/0894.png,false,22,28,false,not_required,retain
img_2400x2400_3x8bit_C00C00_RGB_coins,SAMPLING/8BIT/RGB/2400x2400/C00C00/img_2400x2400_3x8bit_C00C00_RGB_coins.png,0895,DIV2K_valid_HR/0895.png,false,30,31,false,not_required,retain
img_2400x2400_3x8bit_C00C00_RGB_coins,SAMPLING/8BIT/RGB/2400x2400/C00C00/img_2400x2400_3x8bit_C00C00_RGB_coins.png,0896,DIV2K_valid_HR/0896.png,false,32,31,false,not_required,retain
img_2400x2400_3x8bit_C00C00_RGB_coins,SAMPLING/8BIT/RGB/2400x2400/C00C00/img_2400x2400_3x8bit_C00C00_RGB_coins.png,0897,DIV2K_valid_HR/0897.png,false,28,27,false,not_required,retain
img_2400x2400_3x8bit_C00C00_RGB_coins,SAMPLING/8BIT/RGB/2400x2400/C00C00/img_2400x2400_3x8bit_C00C00_RGB_coins.png,0898,DIV2K_valid_HR/0898.png,false,26,25,false,not_required,retain
img_2400x2400_3x8bit_C00C00_RGB_coins,SAMPLING/8BIT/RGB/2400x2400/C00C00/img_2400x2400_3x8bit_C00C00_RGB_coins.png,0899,DIV2K_valid_HR/0899.png,false,38,42,false,not_required,retain
img_2400x2400_3x8bit_C00C00_RGB_coins,SAMPLING/8BIT/RGB/2400x2400/C00C00/img_2400x2400_3x8bit_C00C00_RGB_coins.png,0900,DIV2K_valid_HR/0900.png,false,28,22,false,not_required,retain
img_2400x2400_3x8bit_C00C00_RGB_cushions,SAMPLING/8BIT/RGB/2400x2400/C00C00/img_2400x2400_3x8bit_C00C00_RGB_cushions.png,0805,DIV2K_valid_HR/0805.png,false,24,33,false,not_required,retain
img_2400x2400_3x8bit_C00C00_RGB_cushions,SAMPLING/8BIT/RGB/2400x2400/C00C00/img_2400x2400_3x8bit_C00C00_RGB_cushions.png,0806,DIV2K_valid_HR/0806.png,false,34,27,false,not_required,retain
img_2400x2400_3x8bit_C00C00_RGB_cushions,SAMPLING/8BIT/RGB/2400x2400/C00C00/img_2400x2400_3x8bit_C00C00_RGB_cushions.png,0807,DIV2K_valid_HR/0807.png,false,38,31,false,not_required,retain
img_2400x2400_3x8bit_C00C00_RGB_cushions,SAMPLING/8BIT/RGB/2400x2400/C00C00/img_2400x2400_3x8bit_C00C00_RGB_cushions.png,0808,DIV2K_valid_HR/0808.png,false,36,36,false,not_required,retain
img_2400x2400_3x8bit_C00C00_RGB_cushions,SAMPLING/8BIT/RGB/2400x2400/C00C00/img_2400x2400_3x8bit_C00C00_RGB_cushions.png,0809,DIV2K_valid_HR/0809.png,false,30,38,false,not_required,retain
img_2400x2400_3x8bit_C00C00_RGB_cushions,SAMPLING/8BIT/RGB/2400x2400/C00C00/img_2400x2400_3x8bit_C00C00_RGB_cushions.png,0810,DIV2K_valid_HR/0810.png,false,26,19,false,not_required,retain
img_2400x2400_3x8bit_C00C00_RGB_cushions,SAMPLING/8BIT/RGB/2400x2400/C00C00/img_2400x2400_3x8bit_C00C00_RGB_cushions.png,0811,DIV2K_valid_HR/0811.png,false,34,34,false,not_required,retain
img_2400x2400_3x8bit_C00C00_RGB_cushions,SAMPLING/8BIT/RGB/2400x2400/C00C00/img_2400x2400_3x8bit_C00C00_RGB_cushions.png,0812,DIV2K_valid_HR/0812.png,false,28,24,false,not_required,retain
img_2400x2400_3x8bit_C00C00_RGB_cushions,SAMPLING/8BIT/RGB/2400x2400/C00C00/img_2400x2400_3x8bit_C00C00_RGB_cushions.png,0813,DIV2K_valid_HR/0813.png,false,26,31,false,not_required,retain
img_2400x2400_3x8bit_C00C00_RGB_cushions,SAMPLING/8BIT/RGB/2400x2400/C00C00/img_2400x2400_3x8bit_C00C00_RGB_cushions.png,0814,DIV2K_valid_HR/0814.png,false,28,22,false,not_required,retain
img_2400x2400_3x8bit_C00C00_RGB_cushions,SAMPLING/8BIT/RGB/2400x2400/C00C00/img_2400x2400_3x8bit_C00C00_RGB_cushions.png,0815,DIV2K_valid_HR/0815.png,false,22,22,false,not_required,retain
img_2400x2400_3x8bit_C00C00_RGB_cushions,SAMPLING/8BIT/RGB/2400x2400/C00C00/img_2400x2400_3x8bit_C00C00_RGB_cushions.png,0816,DIV2K_valid_HR/0816.png,false,32,30,false,not_required,retain
img_2400x2400_3x8bit_C00C00_RGB_cushions,SAMPLING/8BIT/RGB/2400x2400/C00C00/img_2400x2400_3x8bit_C00C00_RGB_cushions.png,0817,DIV2K_valid_HR/0817.png,false,38,25,false,not_required,retain
img_2400x2400_3x8bit_C00C00_RGB_cushions,SAMPLING/8BIT/RGB/2400x2400/C00C00/img_2400x2400_3x8bit_C00C00_RGB_cushions.png,0818,DIV2K_valid_HR/0818.png,false,32,38,false,not_required,retain
img_2400x2400_3x8bit_C00C00_RGB_cushions,SAMPLING/8BIT/RGB/2400x2400/C00C00/img_2400x2400_3x8bit_C00C00_RGB_cushions.png,0819,DIV2K_valid_HR/0819.png,false,36,33,false,not_required,retain
img_2400x2400_3x8bit_C00C00_RGB_cushions,SAMPLING/8BIT/RGB/2400x2400/C00C00/img_2400x2400_3x8bit_C00C00_RGB_cushions.png,0820,DIV2K_valid_HR/0820.png,false,32,36,false,not_required,retain
img_2400x2400_3x8bit_C00C00_RGB_cushions,SAMPLING/8BIT/RGB/2400x2400/C00C00/img_2400x2400_3x8bit_C00C00_RGB_cushions.png,0821,DIV2K_valid_HR/0821.png,false,36,35,false,not_required,retain
img_2400x2400_3x8bit_C00C00_RGB_cushions,SAMPLING/8BIT/RGB/2400x2400/C00C00/img_2400x2400_3x8bit_C00C00_RGB_cushions.png,0822,DIV2K_valid_HR/0822.png,false,28,35,false,not_required,retain
img_2400x2400_3x8bit_C00C00_RGB_cushions,SAMPLING/8BIT/RGB/2400x2400/C00C00/img_2400x2400_3x8bit_C00C00_RGB_cushions.png,0823,DIV2K_valid_HR/0823.png,false,34,33,false,not_required,retain
img_2400x2400_3x8bit_C00C00_RGB_cushions,SAMPLING/8BIT/RGB/2400x2400/C00C00/img_2400x2400_3x8bit_C00C00_RGB_cushions.png,0824,DIV2K_valid_HR/0824.png,false,30,27,false,not_required,retain
img_2400x2400_3x8bit_C00C00_RGB_cushions,SAMPLING/8BIT/RGB/2400x2400/C00C00/img_2400x2400_3x8bit_C00C00_RGB_cushions.png,0825,DIV2K_valid_HR/0825.png,false,34,32,false,not_required,retain
img_2400x2400_3x8bit_C00C00_RGB_cushions,SAMPLING/8BIT/RGB/2400x2400/C00C00/img_2400x2400_3x8bit_C00C00_RGB_cushions.png,0826,DIV2K_valid_HR/0826.png,false,32,34,false,not_required,retain
img_2400x2400_3x8bit_C00C00_RGB_cushions,SAMPLING/8BIT/RGB/2400x2400/C00C00/img_2400x2400_3x8bit_C00C00_RGB_cushions.png,0827,DIV2K_valid_HR/0827.png,false,28,31,false,not_required,retain
img_2400x2400_3x8bit_C00C00_RGB_cushions,SAMPLING/8BIT/RGB/2400x2400/C00C00/img_2400x2400_3x8bit_C00C00_RGB_cushions.png,0828,DIV2K_valid_HR/0828.png,false,30,32,false,not_required,retain
img_2400x2400_3x8bit_C00C00_RGB_cushions,SAMPLING/8BIT/RGB/2400x2400/C00C00/img_2400x2400_3x8bit_C00C00_RGB_cushions.png,0829,DIV2K_valid_HR/0829.png,false,30,36,false,not_required,retain
img_2400x2400_3x8bit_C00C00_RGB_cushions,SAMPLING/8BIT/RGB/2400x2400/C00C00/img_2400x2400_3x8bit_C00C00_RGB_cushions.png,0830,DIV2K_valid_HR/0830.png,false,30,30,false,not_required,retain
img_2400x2400_3x8bit_C00C00_RGB_cushions,SAMPLING/8BIT/RGB/2400x2400/C00C00/img_2400x2400_3x8bit_C00C00_RGB_cushions.png,0831,DIV2K_valid_HR/0831.png,false,36,36,false,not_required,retain
img_2400x2400_3x8bit_C00C00_RGB_cushions,SAMPLING/8BIT/RGB/2400x2400/C00C00/img_2400x2400_3x8bit_C00C00_RGB_cushions.png,0832,DIV2K_valid_HR/0832.png,false,28,32,false,not_required,retain
img_2400x2400_3x8bit_C00C00_RGB_cushions,SAMPLING/8BIT/RGB/2400x2400/C00C00/img_2400x2400_3x8bit_C00C00_RGB_cushions.png,0833,DIV2K_valid_HR/0833.png,false,34,34,false,not_required,retain
img_2400x2400_3x8bit_C00C00_RGB_cushions,SAMPLING/8BIT/RGB/2400x2400/C00C00/img_2400x2400_3x8bit_C00C00_RGB_cushions.png,0834,DIV2K_valid_HR/0834.png,false,32,28,false,not_required,retain
img_2400x2400_3x8bit_C00C00_RGB_cushions,SAMPLING/8BIT/RGB/2400x2400/C00C00/img_2400x2400_3x8bit_C00C00_RGB_cushions.png,0835,DIV2K_valid_HR/0835.png,false,38,30,false,not_required,retain
img_2400x2400_3x8bit_C00C00_RGB_cushions,SAMPLING/8BIT/RGB/2400x2400/C00C00/img_2400x2400_3x8bit_C00C00_RGB_cushions.png,0836,DIV2K_valid_HR/0836.png,false,34,31,false,not_required,retain
img_2400x2400_3x8bit_C00C00_RGB_cushions,SAMPLING/8BIT/RGB/2400x2400/C00C00/img_2400x2400_3x8bit_C00C00_RGB_cushions.png,0837,DIV2K_valid_HR/0837.png,false,28,38,false,not_required,retain
img_2400x2400_3x8bit_C00C00_RGB_cushions,SAMPLING/8BIT/RGB/2400x2400/C00C00/img_2400x2400_3x8bit_C00C00_RGB_cushions.png,0838,DIV2K_valid_HR/0838.png,false,32,30,false,not_required,retain
img_2400x2400_3x8bit_C00C00_RGB_cushions,SAMPLING/8BIT/RGB/2400x2400/C00C00/img_2400x2400_3x8bit_C00C00_RGB_cushions.png,0839,DIV2K_valid_HR/0839.png,false,34,35,false,not_required,retain
img_2400x2400_3x8bit_C00C00_RGB_cushions,SAMPLING/8BIT/RGB/2400x2400/C00C00/img_2400x2400_3x8bit_C00C00_RGB_cushions.png,0840,DIV2K_valid_HR/0840.png,false,36,39,false,not_required,retain
img_2400x2400_3x8bit_C00C00_RGB_cushions,SAMPLING/8BIT/RGB/2400x2400/C00C00/img_2400x2400_3x8bit_C00C00_RGB_cushions.png,0841,DIV2K_valid_HR/0841.png,false,40,26,false,not_required,retain
img_2400x2400_3x8bit_C00C00_RGB_cushions,SAMPLING/8BIT/RGB/2400x2400/C00C00/img_2400x2400_3x8bit_C00C00_RGB_cushions.png,0842,DIV2K_valid_HR/0842.png,false,28,32,false,not_required,retain
img_2400x2400_3x8bit_C00C00_RGB_cushions,SAMPLING/8BIT/RGB/2400x2400/C00C00/img_2400x2400_3x8bit_C00C00_RGB_cushions.png,0843,DIV2K_valid_HR/0843.png,false,30,34,false,not_required,retain
img_2400x2400_3x8bit_C00C00_RGB_cushions,SAMPLING/8BIT/RGB/2400x2400/C00C00/img_2400x2400_3x8bit_C00C00_RGB_cushions.png,0844,DIV2K_valid_HR/0844.png,false,34,42,false,not_required,retain
img_2400x2400_3x8bit_C00C00_RGB_cushions,SAMPLING/8BIT/RGB/2400x2400/C00C00/img_2400x2400_3x8bit_C00C00_RGB_cushions.png,0845,DIV2K_valid_HR/0845.png,false,34,31,false,not_required,retain
img_2400x2400_3x8bit_C00C00_RGB_cushions,SAMPLING/8BIT/RGB/2400x2400/C00C00/img_2400x2400_3x8bit_C00C00_RGB_cushions.png,0846,DIV2K_valid_HR/0846.png,false,36,35,false,not_required,retain
img_2400x2400_3x8bit_C00C00_RGB_cushions,SAMPLING/8BIT/RGB/2400x2400/C00C00/img_2400x2400_3x8bit_C00C00_RGB_cushions.png,0847,DIV2K_valid_HR/0847.png,false,34,35,false,not_required,retain
img_2400x2400_3x8bit_C00C00_RGB_cushions,SAMPLING/8BIT/RGB/2400x2400/C00C00/img_2400x2400_3x8bit_C00C00_RGB_cushions.png,0848,DIV2K_valid_HR/0848.png,false,24,25,false,not_required,retain
img_2400x2400_3x8bit_C00C00_RGB_cushions,SAMPLING/8BIT/RGB/2400x2400/C00C00/img_2400x2400_3x8bit_C00C00_RGB_cushions.png,0849,DIV2K_valid_HR/0849.png,false,32,30,false,not_required,retain
img_2400x2400_3x8bit_C00C00_RGB_cushions,SAMPLING/8BIT/RGB/2400x2400/C00C00/img_2400x2400_3x8bit_C00C00_RGB_cushions.png,0850,DIV2K_valid_HR/0850.png,false,34,33,false,not_required,retain
img_2400x2400_3x8bit_C00C00_RGB_cushions,SAMPLING/8BIT/RGB/2400x2400/C00C00/img_2400x2400_3x8bit_C00C00_RGB_cushions.png,0851,DIV2K_valid_HR/0851.png,false,32,36,false,not_required,retain
img_2400x2400_3x8bit_C00C00_RGB_cushions,SAMPLING/8BIT/RGB/2400x2400/C00C00/img_2400x2400_3x8bit_C00C00_RGB_cushions.png,0852,DIV2K_valid_HR/0852.png,false,32,42,false,not_required,retain
img_2400x2400_3x8bit_C00C00_RGB_cushions,SAMPLING/8BIT/RGB/2400x2400/C00C00/img_2400x2400_3x8bit_C00C00_RGB_cushions.png,0853,DIV2K_valid_HR/0853.png,false,24,35,false,not_required,retain
img_2400x2400_3x8bit_C00C00_RGB_cushions,SAMPLING/8BIT/RGB/2400x2400/C00C00/img_2400x2400_3x8bit_C00C00_RGB_cushions.png,0854,DIV2K_valid_HR/0854.png,false,42,38,false,not_required,retain
img_2400x2400_3x8bit_C00C00_RGB_cushions,SAMPLING/8BIT/RGB/2400x2400/C00C00/img_2400x2400_3x8bit_C00C00_RGB_cushions.png,0855,DIV2K_valid_HR/0855.png,false,34,28,false,not_required,retain
img_2400x2400_3x8bit_C00C00_RGB_cushions,SAMPLING/8BIT/RGB/2400x2400/C00C00/img_2400x2400_3x8bit_C00C00_RGB_cushions.png,0856,DIV2K_valid_HR/0856.png,false,34,39,false,not_required,retain
img_2400x2400_3x8bit_C00C00_RGB_cushions,SAMPLING/8BIT/RGB/2400x2400/C00C00/img_2400x2400_3x8bit_C00C00_RGB_cushions.png,0857,DIV2K_valid_HR/0857.png,false,34,26,false,not_required,retain
img_2400x2400_3x8bit_C00C00_RGB_cushions,SAMPLING/8BIT/RGB/2400x2400/C00C00/img_2400x2400_3x8bit_C00C00_RGB_cushions.png,0858,DIV2K_valid_HR/0858.png,false,34,36,false,not_required,retain
img_2400x2400_3x8bit_C00C00_RGB_cushions,SAMPLING/8BIT/RGB/2400x2400/C00C00/img_2400x2400_3x8bit_C00C00_RGB_cushions.png,0859,DIV2K_valid_HR/0859.png,false,36,37,false,not_required,retain
img_2400x2400_3x8bit_C00C00_RGB_cushions,SAMPLING/8BIT/RGB/2400x2400/C00C00/img_2400x2400_3x8bit_C00C00_RGB_cushions.png,0860,DIV2K_valid_HR/0860.png,false,32,28,false,not_required,retain
img_2400x2400_3x8bit_C00C00_RGB_cushions,SAMPLING/8BIT/RGB/2400x2400/C00C00/img_2400x2400_3x8bit_C00C00_RGB_cushions.png,0861,DIV2K_valid_HR/0861.png,false,30,39,false,not_required,retain
img_2400x2400_3x8bit_C00C00_RGB_cushions,SAMPLING/8BIT/RGB/2400x2400/C00C00/img_2400x2400_3x8bit_C00C00_RGB_cushions.png,0862,DIV2K_valid_HR/0862.png,false,32,39,false,not_required,retain
img_2400x2400_3x8bit_C00C00_RGB_cushions,SAMPLING/8BIT/RGB/2400x2400/C00C00/img_2400x2400_3x8bit_C00C00_RGB_cushions.png,0863,DIV2K_valid_HR/0863.png,false,28,25,false,not_required,retain
img_2400x2400_3x8bit_C00C00_RGB_cushions,SAMPLING/8BIT/RGB/2400x2400/C00C00/img_2400x2400_3x8bit_C00C00_RGB_cushions.png,0864,DIV2K_valid_HR/0864.png,false,32,38,false,not_required,retain
img_2400x2400_3x8bit_C00C00_RGB_cushions,SAMPLING/8BIT/RGB/2400x2400/C00C00/img_2400x2400_3x8bit_C00C00_RGB_cushions.png,0865,DIV2K_valid_HR/0865.png,false,34,30,false,not_required,retain
img_2400x2400_3x8bit_C00C00_RGB_cushions,SAMPLING/8BIT/RGB/2400x2400/C00C00/img_2400x2400_3x8bit_C00C00_RGB_cushions.png,0866,DIV2K_valid_HR/0866.png,false,34,33,false,not_required,retain
img_2400x2400_3x8bit_C00C00_RGB_cushions,SAMPLING/8BIT/RGB/2400x2400/C00C00/img_2400x2400_3x8bit_C00C00_RGB_cushions.png,0867,DIV2K_valid_HR/0867.png,false,34,33,false,not_required,retain
img_2400x2400_3x8bit_C00C00_RGB_cushions,SAMPLING/8BIT/RGB/2400x2400/C00C00/img_2400x2400_3x8bit_C00C00_RGB_cushions.png,0868,DIV2K_valid_HR/0868.png,false,34,40,false,not_required,retain
img_2400x2400_3x8bit_C00C00_RGB_cushions,SAMPLING/8BIT/RGB/2400x2400/C00C00/img_2400x2400_3x8bit_C00C00_RGB_cushions.png,0869,DIV2K_valid_HR/0869.png,false,34,32,false,not_required,retain
img_2400x2400_3x8bit_C00C00_RGB_cushions,SAMPLING/8BIT/RGB/2400x2400/C00C00/img_2400x2400_3x8bit_C00C00_RGB_cushions.png,0870,DIV2K_valid_HR/0870.png,false,32,41,false,not_required,retain
img_2400x2400_3x8bit_C00C00_RGB_cushions,SAMPLING/8BIT/RGB/2400x2400/C00C00/img_2400x2400_3x8bit_C00C00_RGB_cushions.png,0871,DIV2K_valid_HR/0871.png,false,36,30,false,not_required,retain
img_2400x2400_3x8bit_C00C00_RGB_cushions,SAMPLING/8BIT/RGB/2400x2400/C00C00/img_2400x2400_3x8bit_C00C00_RGB_cushions.png,0872,DIV2K_valid_HR/0872.png,false,28,37,false,not_required,retain
img_2400x2400_3x8bit_C00C00_RGB_cushions,SAMPLING/8BIT/RGB/2400x2400/C00C00/img_2400x2400_3x8bit_C00C00_RGB_cushions.png,0873,DIV2K_valid_HR/0873.png,false,28,37,false,not_required,retain
img_2400x2400_3x8bit_C00C00_RGB_cushions,SAMPLING/8BIT/RGB/2400x2400/C00C00/img_2400x2400_3x8bit_C00C00_RGB_cushions.png,0874,DIV2K_valid_HR/0874.png,false,30,34,false,not_required,retain
img_2400x2400_3x8bit_C00C00_RGB_cushions,SAMPLING/8BIT/RGB/2400x2400/C00C00/img_2400x2400_3x8bit_C00C00_RGB_cushions.png,0875,DIV2K_valid_HR/0875.png,false,30,30,false,not_required,retain
img_2400x2400_3x8bit_C00C00_RGB_cushions,SAMPLING/8BIT/RGB/2400x2400/C00C00/img_2400x2400_3x8bit_C00C00_RGB_cushions.png,0876,DIV2K_valid_HR/0876.png,false,34,30,false,not_required,retain
img_2400x2400_3x8bit_C00C00_RGB_cushions,SAMPLING/8BIT/RGB/2400x2400/C00C00/img_2400x2400_3x8bit_C00C00_RGB_cushions.png,0877,DIV2K_valid_HR/0877.png,false,36,31,false,not_required,retain
img_2400x2400_3x8bit_C00C00_RGB_cushions,SAMPLING/8BIT/RGB/2400x2400/C00C00/img_2400x2400_3x8bit_C00C00_RGB_cushions.png,0878,DIV2K_valid_HR/0878.png,false,28,33,false,not_required,retain
img_2400x2400_3x8bit_C00C00_RGB_cushions,SAMPLING/8BIT/RGB/2400x2400/C00C00/img_2400x2400_3x8bit_C00C00_RGB_cushions.png,0879,DIV2K_valid_HR/0879.png,false,34,29,false,not_required,retain
img_2400x2400_3x8bit_C00C00_RGB_cushions,SAMPLING/8BIT/RGB/2400x2400/C00C00/img_2400x2400_3x8bit_C00C00_RGB_cushions.png,0880,DIV2K_valid_HR/0880.png,false,22,28,false,not_required,retain
img_2400x2400_3x8bit_C00C00_RGB_cushions,SAMPLING/8BIT/RGB/2400x2400/C00C00/img_2400x2400_3x8bit_C00C00_RGB_cushions.png,0881,DIV2K_valid_HR/0881.png,false,30,22,false,not_required,retain
img_2400x2400_3x8bit_C00C00_RGB_cushions,SAMPLING/8BIT/RGB/2400x2400/C00C00/img_2400x2400_3x8bit_C00C00_RGB_cushions.png,0882,DIV2K_valid_HR/0882.png,false,34,30,false,not_required,retain
img_2400x2400_3x8bit_C00C00_RGB_cushions,SAMPLING/8BIT/RGB/2400x2400/C00C00/img_2400x2400_3x8bit_C00C00_RGB_cushions.png,0883,DIV2K_valid_HR/0883.png,false,26,35,false,not_required,retain
img_2400x2400_3x8bit_C00C00_RGB_cushions,SAMPLING/8BIT/RGB/2400x2400/C00C00/img_2400x2400_3x8bit_C00C00_RGB_cushions.png,0884,DIV2K_valid_HR/0884.png,false,34,32,false,not_required,retain
img_2400x2400_3x8bit_C00C00_RGB_cushions,SAMPLING/8BIT/RGB/2400x2400/C00C00/img_2400x2400_3x8bit_C00C00_RGB_cushions.png,0885,DIV2K_valid_HR/0885.png,false,44,39,false,not_required,retain
img_2400x2400_3x8bit_C00C00_RGB_cushions,SAMPLING/8BIT/RGB/2400x2400/C00C00/img_2400x2400_3x8bit_C00C00_RGB_cushions.png,0886,DIV2K_valid_HR/0886.png,false,36,34,false,not_required,retain
img_2400x2400_3x8bit_C00C00_RGB_cushions,SAMPLING/8BIT/RGB/2400x2400/C00C00/img_2400x2400_3x8bit_C00C00_RGB_cushions.png,0887,DIV2K_valid_HR/0887.png,false,34,34,false,not_required,retain
img_2400x2400_3x8bit_C00C00_RGB_cushions,SAMPLING/8BIT/RGB/2400x2400/C00C00/img_2400x2400_3x8bit_C00C00_RGB_cushions.png,0888,DIV2K_valid_HR/0888.png,false,32,28,false,not_required,retain
img_2400x2400_3x8bit_C00C00_RGB_cushions,SAMPLING/8BIT/RGB/2400x2400/C00C00/img_2400x2400_3x8bit_C00C00_RGB_cushions.png,0889,DIV2K_valid_HR/0889.png,false,24,28,false,not_required,retain
img_2400x2400_3x8bit_C00C00_RGB_cushions,SAMPLING/8BIT/RGB/2400x2400/C00C00/img_2400x2400_3x8bit_C00C00_RGB_cushions.png,0890,DIV2K_valid_HR/0890.png,false,34,29,false,not_required,retain
img_2400x2400_3x8bit_C00C00_RGB_cushions,SAMPLING/8BIT/RGB/2400x2400/C00C00/img_2400x2400_3x8bit_C00C00_RGB_cushions.png,0891,DIV2K_valid_HR/0891.png,false,34,31,false,not_required,retain
img_2400x2400_3x8bit_C00C00_RGB_cushions,SAMPLING/8BIT/RGB/2400x2400/C00C00/img_2400x2400_3x8bit_C00C00_RGB_cushions.png,0892,DIV2K_valid_HR/0892.png,false,32,34,false,not_required,retain
img_2400x2400_3x8bit_C00C00_RGB_cushions,SAMPLING/8BIT/RGB/2400x2400/C00C00/img_2400x2400_3x8bit_C00C00_RGB_cushions.png,0893,DIV2K_valid_HR/0893.png,false,34,34,false,not_required,retain
img_2400x2400_3x8bit_C00C00_RGB_cushions,SAMPLING/8BIT/RGB/2400x2400/C00C00/img_2400x2400_3x8bit_C00C00_RGB_cushions.png,0894,DIV2K_valid_HR/0894.png,false,28,28,false,not_required,retain
img_2400x2400_3x8bit_C00C00_RGB_cushions,SAMPLING/8BIT/RGB/2400x2400/C00C00/img_2400x2400_3x8bit_C00C00_RGB_cushions.png,0895,DIV2K_valid_HR/0895.png,false,26,29,false,not_required,retain
img_2400x2400_3x8bit_C00C00_RGB_cushions,SAMPLING/8BIT/RGB/2400x2400/C00C00/img_2400x2400_3x8bit_C00C00_RGB_cushions.png,0896,DIV2K_valid_HR/0896.png,false,36,41,false,not_required,retain
img_2400x2400_3x8bit_C00C00_RGB_cushions,SAMPLING/8BIT/RGB/2400x2400/C00C00/img_2400x2400_3x8bit_C00C00_RGB_cushions.png,0897,DIV2K_valid_HR/0897.png,false,28,25,false,not_required,retain
img_2400x2400_3x8bit_C00C00_RGB_cushions,SAMPLING/8BIT/RGB/2400x2400/C00C00/img_2400x2400_3x8bit_C00C00_RGB_cushions.png,0898,DIV2K_valid_HR/0898.png,false,30,39,false,not_required,retain
img_2400x2400_3x8bit_C00C00_RGB_cushions,SAMPLING/8BIT/RGB/2400x2400/C00C00/img_2400x2400_3x8bit_C00C00_RGB_cushions.png,0899,DIV2K_valid_HR/0899.png,false,36,30,false,not_required,retain
img_2400x2400_3x8bit_C00C00_RGB_cushions,SAMPLING/8BIT/RGB/2400x2400/C00C00/img_2400x2400_3x8bit_C00C00_RGB_cushions.png,0900,DIV2K_valid_HR/0900.png,false,26,38,false,not_required,retain
img_2400x2400_3x8bit_C00C00_RGB_ducks,SAMPLING/8BIT/RGB/2400x2400/C00C00/img_2400x2400_3x8bit_C00C00_RGB_ducks.png,0805,DIV2K_valid_HR/0805.png,false,38,35,false,not_required,retain
img_2400x2400_3x8bit_C00C00_RGB_ducks,SAMPLING/8BIT/RGB/2400x2400/C00C00/img_2400x2400_3x8bit_C00C00_RGB_ducks.png,0806,DIV2K_valid_HR/0806.png,false,24,31,false,not_required,retain
img_2400x2400_3x8bit_C00C00_RGB_ducks,SAMPLING/8BIT/RGB/2400x2400/C00C00/img_2400x2400_3x8bit_C00C00_RGB_ducks.png,0807,DIV2K_valid_HR/0807.png,false,32,35,false,not_required,retain
img_2400x2400_3x8bit_C00C00_RGB_ducks,SAMPLING/8BIT/RGB/2400x2400/C00C00/img_2400x2400_3x8bit_C00C00_RGB_ducks.png,0808,DIV2K_valid_HR/0808.png,false,36,28,false,not_required,retain
img_2400x2400_3x8bit_C00C00_RGB_ducks,SAMPLING/8BIT/RGB/2400x2400/C00C00/img_2400x2400_3x8bit_C00C00_RGB_ducks.png,0809,DIV2K_valid_HR/0809.png,false,28,26,false,not_required,retain
img_2400x2400_3x8bit_C00C00_RGB_ducks,SAMPLING/8BIT/RGB/2400x2400/C00C00/img_2400x2400_3x8bit_C00C00_RGB_ducks.png,0810,DIV2K_valid_HR/0810.png,false,28,31,false,not_required,retain
img_2400x2400_3x8bit_C00C00_RGB_ducks,SAMPLING/8BIT/RGB/2400x2400/C00C00/img_2400x2400_3x8bit_C00C00_RGB_ducks.png,0811,DIV2K_valid_HR/0811.png,false,36,34,false,not_required,retain
img_2400x2400_3x8bit_C00C00_RGB_ducks,SAMPLING/8BIT/RGB/2400x2400/C00C00/img_2400x2400_3x8bit_C00C00_RGB_ducks.png,0812,DIV2K_valid_HR/0812.png,false,36,32,false,not_required,retain
img_2400x2400_3x8bit_C00C00_RGB_ducks,SAMPLING/8BIT/RGB/2400x2400/C00C00/img_2400x2400_3x8bit_C00C00_RGB_ducks.png,0813,DIV2K_valid_HR/0813.png,false,28,37,false,not_required,retain
img_2400x2400_3x8bit_C00C00_RGB_ducks,SAMPLING/8BIT/RGB/2400x2400/C00C00/img_2400x2400_3x8bit_C00C00_RGB_ducks.png,0814,DIV2K_valid_HR/0814.png,false,32,32,false,not_required,retain
img_2400x2400_3x8bit_C00C00_RGB_ducks,SAMPLING/8BIT/RGB/2400x2400/C00C00/img_2400x2400_3x8bit_C00C00_RGB_ducks.png,0815,DIV2K_valid_HR/0815.png,false,36,34,false,not_required,retain
img_2400x2400_3x8bit_C00C00_RGB_ducks,SAMPLING/8BIT/RGB/2400x2400/C00C00/img_2400x2400_3x8bit_C00C00_RGB_ducks.png,0816,DIV2K_valid_HR/0816.png,false,34,38,false,not_required,retain
img_2400x2400_3x8bit_C00C00_RGB_ducks,SAMPLING/8BIT/RGB/2400x2400/C00C00/img_2400x2400_3x8bit_C00C00_RGB_ducks.png,0817,DIV2K_valid_HR/0817.png,false,26,27,false,not_required,retain
img_2400x2400_3x8bit_C00C00_RGB_ducks,SAMPLING/8BIT/RGB/2400x2400/C00C00/img_2400x2400_3x8bit_C00C00_RGB_ducks.png,0818,DIV2K_valid_HR/0818.png,false,30,34,false,not_required,retain
img_2400x2400_3x8bit_C00C00_RGB_ducks,SAMPLING/8BIT/RGB/2400x2400/C00C00/img_2400x2400_3x8bit_C00C00_RGB_ducks.png,0819,DIV2K_valid_HR/0819.png,false,28,35,false,not_required,retain
img_2400x2400_3x8bit_C00C00_RGB_ducks,SAMPLING/8BIT/RGB/2400x2400/C00C00/img_2400x2400_3x8bit_C00C00_RGB_ducks.png,0820,DIV2K_valid_HR/0820.png,false,32,32,false,not_required,retain
img_2400x2400_3x8bit_C00C00_RGB_ducks,SAMPLING/8BIT/RGB/2400x2400/C00C00/img_2400x2400_3x8bit_C00C00_RGB_ducks.png,0821,DIV2K_valid_HR/0821.png,false,28,31,false,not_required,retain
img_2400x2400_3x8bit_C00C00_RGB_ducks,SAMPLING/8BIT/RGB/2400x2400/C00C00/img_2400x2400_3x8bit_C00C00_RGB_ducks.png,0822,DIV2K_valid_HR/0822.png,false,32,31,false,not_required,retain
img_2400x2400_3x8bit_C00C00_RGB_ducks,SAMPLING/8BIT/RGB/2400x2400/C00C00/img_2400x2400_3x8bit_C00C00_RGB_ducks.png,0823,DIV2K_valid_HR/0823.png,false,34,31,false,not_required,retain
img_2400x2400_3x8bit_C00C00_RGB_ducks,SAMPLING/8BIT/RGB/2400x2400/C00C00/img_2400x2400_3x8bit_C00C00_RGB_ducks.png,0824,DIV2K_valid_HR/0824.png,false,34,33,false,not_required,retain
img_2400x2400_3x8bit_C00C00_RGB_ducks,SAMPLING/8BIT/RGB/2400x2400/C00C00/img_2400x2400_3x8bit_C00C00_RGB_ducks.png,0825,DIV2K_valid_HR/0825.png,false,32,34,false,not_required,retain
img_2400x2400_3x8bit_C00C00_RGB_ducks,SAMPLING/8BIT/RGB/2400x2400/C00C00/img_2400x2400_3x8bit_C00C00_RGB_ducks.png,0826,DIV2K_valid_HR/0826.png,false,28,38,false,not_required,retain
img_2400x2400_3x8bit_C00C00_RGB_ducks,SAMPLING/8BIT/RGB/2400x2400/C00C00/img_2400x2400_3x8bit_C00C00_RGB_ducks.png,0827,DIV2K_valid_HR/0827.png,false,34,29,false,not_required,retain
img_2400x2400_3x8bit_C00C00_RGB_ducks,SAMPLING/8BIT/RGB/2400x2400/C00C00/img_2400x2400_3x8bit_C00C00_RGB_ducks.png,0828,DIV2K_valid_HR/0828.png,false,36,32,false,not_required,retain
img_2400x2400_3x8bit_C00C00_RGB_ducks,SAMPLING/8BIT/RGB/2400x2400/C00C00/img_2400x2400_3x8bit_C00C00_RGB_ducks.png,0829,DIV2K_valid_HR/0829.png,false,32,28,false,not_required,retain
img_2400x2400_3x8bit_C00C00_RGB_ducks,SAMPLING/8BIT/RGB/2400x2400/C00C00/img_2400x2400_3x8bit_C00C00_RGB_ducks.png,0830,DIV2K_valid_HR/0830.png,false,30,32,false,not_required,retain
img_2400x2400_3x8bit_C00C00_RGB_ducks,SAMPLING/8BIT/RGB/2400x2400/C00C00/img_2400x2400_3x8bit_C00C00_RGB_ducks.png,0831,DIV2K_valid_HR/0831.png,false,34,34,false,not_required,retain
img_2400x2400_3x8bit_C00C00_RGB_ducks,SAMPLING/8BIT/RGB/2400x2400/C00C00/img_2400x2400_3x8bit_C00C00_RGB_ducks.png,0832,DIV2K_valid_HR/0832.png,false,38,38,false,not_required,retain
img_2400x2400_3x8bit_C00C00_RGB_ducks,SAMPLING/8BIT/RGB/2400x2400/C00C00/img_2400x2400_3x8bit_C00C00_RGB_ducks.png,0833,DIV2K_valid_HR/0833.png,false,22,28,false,not_required,retain
img_2400x2400_3x8bit_C00C00_RGB_ducks,SAMPLING/8BIT/RGB/2400x2400/C00C00/img_2400x2400_3x8bit_C00C00_RGB_ducks.png,0834,DIV2K_valid_HR/0834.png,false,32,28,false,not_required,retain
img_2400x2400_3x8bit_C00C00_RGB_ducks,SAMPLING/8BIT/RGB/2400x2400/C00C00/img_2400x2400_3x8bit_C00C00_RGB_ducks.png,0835,DIV2K_valid_HR/0835.png,false,36,38,false,not_required,retain
img_2400x2400_3x8bit_C00C00_RGB_ducks,SAMPLING/8BIT/RGB/2400x2400/C00C00/img_2400x2400_3x8bit_C00C00_RGB_ducks.png,0836,DIV2K_valid_HR/0836.png,false,34,37,false,not_required,retain
img_2400x2400_3x8bit_C00C00_RGB_ducks,SAMPLING/8BIT/RGB/2400x2400/C00C00/img_2400x2400_3x8bit_C00C00_RGB_ducks.png,0837,DIV2K_valid_HR/0837.png,false,32,36,false,not_required,retain
img_2400x2400_3x8bit_C00C00_RGB_ducks,SAMPLING/8BIT/RGB/2400x2400/C00C00/img_2400x2400_3x8bit_C00C00_RGB_ducks.png,0838,DIV2K_valid_HR/0838.png,false,36,22,false,not_required,retain
img_2400x2400_3x8bit_C00C00_RGB_ducks,SAMPLING/8BIT/RGB/2400x2400/C00C00/img_2400x2400_3x8bit_C00C00_RGB_ducks.png,0839,DIV2K_valid_HR/0839.png,false,32,31,false,not_required,retain
img_2400x2400_3x8bit_C00C00_RGB_ducks,SAMPLING/8BIT/RGB/2400x2400/C00C00/img_2400x2400_3x8bit_C00C00_RGB_ducks.png,0840,DIV2K_valid_HR/0840.png,false,40,41,false,not_required,retain
img_2400x2400_3x8bit_C00C00_RGB_ducks,SAMPLING/8BIT/RGB/2400x2400/C00C00/img_2400x2400_3x8bit_C00C00_RGB_ducks.png,0841,DIV2K_valid_HR/0841.png,false,36,44,false,not_required,retain
img_2400x2400_3x8bit_C00C00_RGB_ducks,SAMPLING/8BIT/RGB/2400x2400/C00C00/img_2400x2400_3x8bit_C00C00_RGB_ducks.png,0842,DIV2K_valid_HR/0842.png,false,34,30,false,not_required,retain
img_2400x2400_3x8bit_C00C00_RGB_ducks,SAMPLING/8BIT/RGB/2400x2400/C00C00/img_2400x2400_3x8bit_C00C00_RGB_ducks.png,0843,DIV2K_valid_HR/0843.png,false,34,26,false,not_required,retain
img_2400x2400_3x8bit_C00C00_RGB_ducks,SAMPLING/8BIT/RGB/2400x2400/C00C00/img_2400x2400_3x8bit_C00C00_RGB_ducks.png,0844,DIV2K_valid_HR/0844.png,false,28,36,false,not_required,retain
img_2400x2400_3x8bit_C00C00_RGB_ducks,SAMPLING/8BIT/RGB/2400x2400/C00C00/img_2400x2400_3x8bit_C00C00_RGB_ducks.png,0845,DIV2K_valid_HR/0845.png,false,32,39,false,not_required,retain
img_2400x2400_3x8bit_C00C00_RGB_ducks,SAMPLING/8BIT/RGB/2400x2400/C00C00/img_2400x2400_3x8bit_C00C00_RGB_ducks.png,0846,DIV2K_valid_HR/0846.png,false,28,37,false,not_required,retain
img_2400x2400_3x8bit_C00C00_RGB_ducks,SAMPLING/8BIT/RGB/2400x2400/C00C00/img_2400x2400_3x8bit_C00C00_RGB_ducks.png,0847,DIV2K_valid_HR/0847.png,false,28,37,false,not_required,retain
img_2400x2400_3x8bit_C00C00_RGB_ducks,SAMPLING/8BIT/RGB/2400x2400/C00C00/img_2400x2400_3x8bit_C00C00_RGB_ducks.png,0848,DIV2K_valid_HR/0848.png,false,36,37,false,not_required,retain
img_2400x2400_3x8bit_C00C00_RGB_ducks,SAMPLING/8BIT/RGB/2400x2400/C00C00/img_2400x2400_3x8bit_C00C00_RGB_ducks.png,0849,DIV2K_valid_HR/0849.png,false,22,24,false,not_required,retain
img_2400x2400_3x8bit_C00C00_RGB_ducks,SAMPLING/8BIT/RGB/2400x2400/C00C00/img_2400x2400_3x8bit_C00C00_RGB_ducks.png,0850,DIV2K_valid_HR/0850.png,false,30,31,false,not_required,retain
img_2400x2400_3x8bit_C00C00_RGB_ducks,SAMPLING/8BIT/RGB/2400x2400/C00C00/img_2400x2400_3x8bit_C00C00_RGB_ducks.png,0851,DIV2K_valid_HR/0851.png,false,32,26,false,not_required,retain
img_2400x2400_3x8bit_C00C00_RGB_ducks,SAMPLING/8BIT/RGB/2400x2400/C00C00/img_2400x2400_3x8bit_C00C00_RGB_ducks.png,0852,DIV2K_valid_HR/0852.png,false,38,26,false,not_required,retain
img_2400x2400_3x8bit_C00C00_RGB_ducks,SAMPLING/8BIT/RGB/2400x2400/C00C00/img_2400x2400_3x8bit_C00C00_RGB_ducks.png,0853,DIV2K_valid_HR/0853.png,false,32,35,false,not_required,retain
img_2400x2400_3x8bit_C00C00_RGB_ducks,SAMPLING/8BIT/RGB/2400x2400/C00C00/img_2400x2400_3x8bit_C00C00_RGB_ducks.png,0854,DIV2K_valid_HR/0854.png,false,30,36,false,not_required,retain
img_2400x2400_3x8bit_C00C00_RGB_ducks,SAMPLING/8BIT/RGB/2400x2400/C00C00/img_2400x2400_3x8bit_C00C00_RGB_ducks.png,0855,DIV2K_valid_HR/0855.png,false,26,36,false,not_required,retain
img_2400x2400_3x8bit_C00C00_RGB_ducks,SAMPLING/8BIT/RGB/2400x2400/C00C00/img_2400x2400_3x8bit_C00C00_RGB_ducks.png,0856,DIV2K_valid_HR/0856.png,false,38,33,false,not_required,retain
img_2400x2400_3x8bit_C00C00_RGB_ducks,SAMPLING/8BIT/RGB/2400x2400/C00C00/img_2400x2400_3x8bit_C00C00_RGB_ducks.png,0857,DIV2K_valid_HR/0857.png,false,36,32,false,not_required,retain
img_2400x2400_3x8bit_C00C00_RGB_ducks,SAMPLING/8BIT/RGB/2400x2400/C00C00/img_2400x2400_3x8bit_C00C00_RGB_ducks.png,0858,DIV2K_valid_HR/0858.png,false,30,36,false,not_required,retain
img_2400x2400_3x8bit_C00C00_RGB_ducks,SAMPLING/8BIT/RGB/2400x2400/C00C00/img_2400x2400_3x8bit_C00C00_RGB_ducks.png,0859,DIV2K_valid_HR/0859.png,false,32,35,false,not_required,retain
img_2400x2400_3x8bit_C00C00_RGB_ducks,SAMPLING/8BIT/RGB/2400x2400/C00C00/img_2400x2400_3x8bit_C00C00_RGB_ducks.png,0860,DIV2K_valid_HR/0860.png,false,30,26,false,not_required,retain
img_2400x2400_3x8bit_C00C00_RGB_ducks,SAMPLING/8BIT/RGB/2400x2400/C00C00/img_2400x2400_3x8bit_C00C00_RGB_ducks.png,0861,DIV2K_valid_HR/0861.png,false,28,35,false,not_required,retain
img_2400x2400_3x8bit_C00C00_RGB_ducks,SAMPLING/8BIT/RGB/2400x2400/C00C00/img_2400x2400_3x8bit_C00C00_RGB_ducks.png,0862,DIV2K_valid_HR/0862.png,false,34,35,false,not_required,retain
img_2400x2400_3x8bit_C00C00_RGB_ducks,SAMPLING/8BIT/RGB/2400x2400/C00C00/img_2400x2400_3x8bit_C00C00_RGB_ducks.png,0863,DIV2K_valid_HR/0863.png,false,28,35,false,not_required,retain
img_2400x2400_3x8bit_C00C00_RGB_ducks,SAMPLING/8BIT/RGB/2400x2400/C00C00/img_2400x2400_3x8bit_C00C00_RGB_ducks.png,0864,DIV2K_valid_HR/0864.png,false,34,32,false,not_required,retain
img_2400x2400_3x8bit_C00C00_RGB_ducks,SAMPLING/8BIT/RGB/2400x2400/C00C00/img_2400x2400_3x8bit_C00C00_RGB_ducks.png,0865,DIV2K_valid_HR/0865.png,false,32,34,false,not_required,retain
img_2400x2400_3x8bit_C00C00_RGB_ducks,SAMPLING/8BIT/RGB/2400x2400/C00C00/img_2400x2400_3x8bit_C00C00_RGB_ducks.png,0866,DIV2K_valid_HR/0866.png,false,32,35,false,not_required,retain
img_2400x2400_3x8bit_C00C00_RGB_ducks,SAMPLING/8BIT/RGB/2400x2400/C00C00/img_2400x2400_3x8bit_C00C00_RGB_ducks.png,0867,DIV2K_valid_HR/0867.png,false,32,37,false,not_required,retain
img_2400x2400_3x8bit_C00C00_RGB_ducks,SAMPLING/8BIT/RGB/2400x2400/C00C00/img_2400x2400_3x8bit_C00C00_RGB_ducks.png,0868,DIV2K_valid_HR/0868.png,false,36,38,false,not_required,retain
img_2400x2400_3x8bit_C00C00_RGB_ducks,SAMPLING/8BIT/RGB/2400x2400/C00C00/img_2400x2400_3x8bit_C00C00_RGB_ducks.png,0869,DIV2K_valid_HR/0869.png,false,36,38,false,not_required,retain
img_2400x2400_3x8bit_C00C00_RGB_ducks,SAMPLING/8BIT/RGB/2400x2400/C00C00/img_2400x2400_3x8bit_C00C00_RGB_ducks.png,0870,DIV2K_valid_HR/0870.png,false,32,27,false,not_required,retain
img_2400x2400_3x8bit_C00C00_RGB_ducks,SAMPLING/8BIT/RGB/2400x2400/C00C00/img_2400x2400_3x8bit_C00C00_RGB_ducks.png,0871,DIV2K_valid_HR/0871.png,false,34,30,false,not_required,retain
img_2400x2400_3x8bit_C00C00_RGB_ducks,SAMPLING/8BIT/RGB/2400x2400/C00C00/img_2400x2400_3x8bit_C00C00_RGB_ducks.png,0872,DIV2K_valid_HR/0872.png,false,34,31,false,not_required,retain
img_2400x2400_3x8bit_C00C00_RGB_ducks,SAMPLING/8BIT/RGB/2400x2400/C00C00/img_2400x2400_3x8bit_C00C00_RGB_ducks.png,0873,DIV2K_valid_HR/0873.png,false,26,35,false,not_required,retain
img_2400x2400_3x8bit_C00C00_RGB_ducks,SAMPLING/8BIT/RGB/2400x2400/C00C00/img_2400x2400_3x8bit_C00C00_RGB_ducks.png,0874,DIV2K_valid_HR/0874.png,false,28,28,false,not_required,retain
img_2400x2400_3x8bit_C00C00_RGB_ducks,SAMPLING/8BIT/RGB/2400x2400/C00C00/img_2400x2400_3x8bit_C00C00_RGB_ducks.png,0875,DIV2K_valid_HR/0875.png,false,34,30,false,not_required,retain
img_2400x2400_3x8bit_C00C00_RGB_ducks,SAMPLING/8BIT/RGB/2400x2400/C00C00/img_2400x2400_3x8bit_C00C00_RGB_ducks.png,0876,DIV2K_valid_HR/0876.png,false,34,36,false,not_required,retain
img_2400x2400_3x8bit_C00C00_RGB_ducks,SAMPLING/8BIT/RGB/2400x2400/C00C00/img_2400x2400_3x8bit_C00C00_RGB_ducks.png,0877,DIV2K_valid_HR/0877.png,false,28,31,false,not_required,retain
img_2400x2400_3x8bit_C00C00_RGB_ducks,SAMPLING/8BIT/RGB/2400x2400/C00C00/img_2400x2400_3x8bit_C00C00_RGB_ducks.png,0878,DIV2K_valid_HR/0878.png,false,34,35,false,not_required,retain
img_2400x2400_3x8bit_C00C00_RGB_ducks,SAMPLING/8BIT/RGB/2400x2400/C00C00/img_2400x2400_3x8bit_C00C00_RGB_ducks.png,0879,DIV2K_valid_HR/0879.png,false,32,27,false,not_required,retain
img_2400x2400_3x8bit_C00C00_RGB_ducks,SAMPLING/8BIT/RGB/2400x2400/C00C00/img_2400x2400_3x8bit_C00C00_RGB_ducks.png,0880,DIV2K_valid_HR/0880.png,false,36,28,false,not_required,retain
img_2400x2400_3x8bit_C00C00_RGB_ducks,SAMPLING/8BIT/RGB/2400x2400/C00C00/img_2400x2400_3x8bit_C00C00_RGB_ducks.png,0881,DIV2K_valid_HR/0881.png,false,24,32,false,not_required,retain
img_2400x2400_3x8bit_C00C00_RGB_ducks,SAMPLING/8BIT/RGB/2400x2400/C00C00/img_2400x2400_3x8bit_C00C00_RGB_ducks.png,0882,DIV2K_valid_HR/0882.png,false,30,26,false,not_required,retain
img_2400x2400_3x8bit_C00C00_RGB_ducks,SAMPLING/8BIT/RGB/2400x2400/C00C00/img_2400x2400_3x8bit_C00C00_RGB_ducks.png,0883,DIV2K_valid_HR/0883.png,false,30,29,false,not_required,retain
img_2400x2400_3x8bit_C00C00_RGB_ducks,SAMPLING/8BIT/RGB/2400x2400/C00C00/img_2400x2400_3x8bit_C00C00_RGB_ducks.png,0884,DIV2K_valid_HR/0884.png,false,32,26,false,not_required,retain
img_2400x2400_3x8bit_C00C00_RGB_ducks,SAMPLING/8BIT/RGB/2400x2400/C00C00/img_2400x2400_3x8bit_C00C00_RGB_ducks.png,0885,DIV2K_valid_HR/0885.png,false,34,35,false,not_required,retain
img_2400x2400_3x8bit_C00C00_RGB_ducks,SAMPLING/8BIT/RGB/2400x2400/C00C00/img_2400x2400_3x8bit_C00C00_RGB_ducks.png,0886,DIV2K_valid_HR/0886.png,false,34,30,false,not_required,retain
img_2400x2400_3x8bit_C00C00_RGB_ducks,SAMPLING/8BIT/RGB/2400x2400/C00C00/img_2400x2400_3x8bit_C00C00_RGB_ducks.png,0887,DIV2K_valid_HR/0887.png,false,30,34,false,not_required,retain
img_2400x2400_3x8bit_C00C00_RGB_ducks,SAMPLING/8BIT/RGB/2400x2400/C00C00/img_2400x2400_3x8bit_C00C00_RGB_ducks.png,0888,DIV2K_valid_HR/0888.png,false,32,28,false,not_required,retain
img_2400x2400_3x8bit_C00C00_RGB_ducks,SAMPLING/8BIT/RGB/2400x2400/C00C00/img_2400x2400_3x8bit_C00C00_RGB_ducks.png,0889,DIV2K_valid_HR/0889.png,false,28,22,false,not_required,retain
img_2400x2400_3x8bit_C00C00_RGB_ducks,SAMPLING/8BIT/RGB/2400x2400/C00C00/img_2400x2400_3x8bit_C00C00_RGB_ducks.png,0890,DIV2K_valid_HR/0890.png,false,34,27,false,not_required,retain
img_2400x2400_3x8bit_C00C00_RGB_ducks,SAMPLING/8BIT/RGB/2400x2400/C00C00/img_2400x2400_3x8bit_C00C00_RGB_ducks.png,0891,DIV2K_valid_HR/0891.png,false,26,31,false,not_required,retain
img_2400x2400_3x8bit_C00C00_RGB_ducks,SAMPLING/8BIT/RGB/2400x2400/C00C00/img_2400x2400_3x8bit_C00C00_RGB_ducks.png,0892,DIV2K_valid_HR/0892.png,false,32,34,false,not_required,retain
img_2400x2400_3x8bit_C00C00_RGB_ducks,SAMPLING/8BIT/RGB/2400x2400/C00C00/img_2400x2400_3x8bit_C00C00_RGB_ducks.png,0893,DIV2K_valid_HR/0893.png,false,34,30,false,not_required,retain
img_2400x2400_3x8bit_C00C00_RGB_ducks,SAMPLING/8BIT/RGB/2400x2400/C00C00/img_2400x2400_3x8bit_C00C00_RGB_ducks.png,0894,DIV2K_valid_HR/0894.png,false,30,28,false,not_required,retain
img_2400x2400_3x8bit_C00C00_RGB_ducks,SAMPLING/8BIT/RGB/2400x2400/C00C00/img_2400x2400_3x8bit_C00C00_RGB_ducks.png,0895,DIV2K_valid_HR/0895.png,false,34,29,false,not_required,retain
img_2400x2400_3x8bit_C00C00_RGB_ducks,SAMPLING/8BIT/RGB/2400x2400/C00C00/img_2400x2400_3x8bit_C00C00_RGB_ducks.png,0896,DIV2K_valid_HR/0896.png,false,24,33,false,not_required,retain
img_2400x2400_3x8bit_C00C00_RGB_ducks,SAMPLING/8BIT/RGB/2400x2400/C00C00/img_2400x2400_3x8bit_C00C00_RGB_ducks.png,0897,DIV2K_valid_HR/0897.png,false,32,29,false,not_required,retain
img_2400x2400_3x8bit_C00C00_RGB_ducks,SAMPLING/8BIT/RGB/2400x2400/C00C00/img_2400x2400_3x8bit_C00C00_RGB_ducks.png,0898,DIV2K_valid_HR/0898.png,false,30,33,false,not_required,retain
img_2400x2400_3x8bit_C00C00_RGB_ducks,SAMPLING/8BIT/RGB/2400x2400/C00C00/img_2400x2400_3x8bit_C00C00_RGB_ducks.png,0899,DIV2K_valid_HR/0899.png,false,26,26,false,not_required,retain
img_2400x2400_3x8bit_C00C00_RGB_ducks,SAMPLING/8BIT/RGB/2400x2400/C00C00/img_2400x2400_3x8bit_C00C00_RGB_ducks.png,0900,DIV2K_valid_HR/0900.png,false,32,28,false,not_required,retain
img_2400x2400_3x8bit_C00C00_RGB_fence,SAMPLING/8BIT/RGB/2400x2400/C00C00/img_2400x2400_3x8bit_C00C00_RGB_fence.png,0805,DIV2K_valid_HR/0805.png,false,30,29,false,not_required,retain
img_2400x2400_3x8bit_C00C00_RGB_fence,SAMPLING/8BIT/RGB/2400x2400/C00C00/img_2400x2400_3x8bit_C00C00_RGB_fence.png,0806,DIV2K_valid_HR/0806.png,false,32,33,false,not_required,retain
img_2400x2400_3x8bit_C00C00_RGB_fence,SAMPLING/8BIT/RGB/2400x2400/C00C00/img_2400x2400_3x8bit_C00C00_RGB_fence.png,0807,DIV2K_valid_HR/0807.png,false,26,33,false,not_required,retain
img_2400x2400_3x8bit_C00C00_RGB_fence,SAMPLING/8BIT/RGB/2400x2400/C00C00/img_2400x2400_3x8bit_C00C00_RGB_fence.png,0808,DIV2K_valid_HR/0808.png,false,40,24,false,not_required,retain
img_2400x2400_3x8bit_C00C00_RGB_fence,SAMPLING/8BIT/RGB/2400x2400/C00C00/img_2400x2400_3x8bit_C00C00_RGB_fence.png,0809,DIV2K_valid_HR/0809.png,false,38,34,false,not_required,retain
img_2400x2400_3x8bit_C00C00_RGB_fence,SAMPLING/8BIT/RGB/2400x2400/C00C00/img_2400x2400_3x8bit_C00C00_RGB_fence.png,0810,DIV2K_valid_HR/0810.png,false,34,33,false,not_required,retain
img_2400x2400_3x8bit_C00C00_RGB_fence,SAMPLING/8BIT/RGB/2400x2400/C00C00/img_2400x2400_3x8bit_C00C00_RGB_fence.png,0811,DIV2K_valid_HR/0811.png,false,36,30,false,not_required,retain
img_2400x2400_3x8bit_C00C00_RGB_fence,SAMPLING/8BIT/RGB/2400x2400/C00C00/img_2400x2400_3x8bit_C00C00_RGB_fence.png,0812,DIV2K_valid_HR/0812.png,false,40,32,false,not_required,retain
img_2400x2400_3x8bit_C00C00_RGB_fence,SAMPLING/8BIT/RGB/2400x2400/C00C00/img_2400x2400_3x8bit_C00C00_RGB_fence.png,0813,DIV2K_valid_HR/0813.png,false,36,25,false,not_required,retain
img_2400x2400_3x8bit_C00C00_RGB_fence,SAMPLING/8BIT/RGB/2400x2400/C00C00/img_2400x2400_3x8bit_C00C00_RGB_fence.png,0814,DIV2K_valid_HR/0814.png,false,34,36,false,not_required,retain
img_2400x2400_3x8bit_C00C00_RGB_fence,SAMPLING/8BIT/RGB/2400x2400/C00C00/img_2400x2400_3x8bit_C00C00_RGB_fence.png,0815,DIV2K_valid_HR/0815.png,false,26,34,false,not_required,retain
img_2400x2400_3x8bit_C00C00_RGB_fence,SAMPLING/8BIT/RGB/2400x2400/C00C00/img_2400x2400_3x8bit_C00C00_RGB_fence.png,0816,DIV2K_valid_HR/0816.png,false,30,26,false,not_required,retain
img_2400x2400_3x8bit_C00C00_RGB_fence,SAMPLING/8BIT/RGB/2400x2400/C00C00/img_2400x2400_3x8bit_C00C00_RGB_fence.png,0817,DIV2K_valid_HR/0817.png,false,34,35,false,not_required,retain
img_2400x2400_3x8bit_C00C00_RGB_fence,SAMPLING/8BIT/RGB/2400x2400/C00C00/img_2400x2400_3x8bit_C00C00_RGB_fence.png,0818,DIV2K_valid_HR/0818.png,false,38,38,false,not_required,retain
img_2400x2400_3x8bit_C00C00_RGB_fence,SAMPLING/8BIT/RGB/2400x2400/C00C00/img_2400x2400_3x8bit_C00C00_RGB_fence.png,0819,DIV2K_valid_HR/0819.png,false,38,35,false,not_required,retain
img_2400x2400_3x8bit_C00C00_RGB_fence,SAMPLING/8BIT/RGB/2400x2400/C00C00/img_2400x2400_3x8bit_C00C00_RGB_fence.png,0820,DIV2K_valid_HR/0820.png,false,28,26,false,not_required,retain
img_2400x2400_3x8bit_C00C00_RGB_fence,SAMPLING/8BIT/RGB/2400x2400/C00C00/img_2400x2400_3x8bit_C00C00_RGB_fence.png,0821,DIV2K_valid_HR/0821.png,false,28,37,false,not_required,retain
img_2400x2400_3x8bit_C00C00_RGB_fence,SAMPLING/8BIT/RGB/2400x2400/C00C00/img_2400x2400_3x8bit_C00C00_RGB_fence.png,0822,DIV2K_valid_HR/0822.png,false,40,37,false,not_required,retain
img_2400x2400_3x8bit_C00C00_RGB_fence,SAMPLING/8BIT/RGB/2400x2400/C00C00/img_2400x2400_3x8bit_C00C00_RGB_fence.png,0823,DIV2K_valid_HR/0823.png,false,32,29,false,not_required,retain
img_2400x2400_3x8bit_C00C00_RGB_fence,SAMPLING/8BIT/RGB/2400x2400/C00C00/img_2400x2400_3x8bit_C00C00_RGB_fence.png,0824,DIV2K_valid_HR/0824.png,false,32,27,false,not_required,retain
img_2400x2400_3x8bit_C00C00_RGB_fence,SAMPLING/8BIT/RGB/2400x2400/C00C00/img_2400x2400_3x8bit_C00C00_RGB_fence.png,0825,DIV2K_valid_HR/0825.png,false,28,28,false,not_required,retain
img_2400x2400_3x8bit_C00C00_RGB_fence,SAMPLING/8BIT/RGB/2400x2400/C00C00/img_2400x2400_3x8bit_C00C00_RGB_fence.png,0826,DIV2K_valid_HR/0826.png,false,34,32,false,not_required,retain
img_2400x2400_3x8bit_C00C00_RGB_fence,SAMPLING/8BIT/RGB/2400x2400/C00C00/img_2400x2400_3x8bit_C00C00_RGB_fence.png,0827,DIV2K_valid_HR/0827.png,false,28,31,false,not_required,retain
img_2400x2400_3x8bit_C00C00_RGB_fence,SAMPLING/8BIT/RGB/2400x2400/C00C00/img_2400x2400_3x8bit_C00C00_RGB_fence.png,0828,DIV2K_valid_HR/0828.png,false,32,32,false,not_required,retain
img_2400x2400_3x8bit_C00C00_RGB_fence,SAMPLING/8BIT/RGB/2400x2400/C00C00/img_2400x2400_3x8bit_C00C00_RGB_fence.png,0829,DIV2K_valid_HR/0829.png,false,38,30,false,not_required,retain
img_2400x2400_3x8bit_C00C00_RGB_fence,SAMPLING/8BIT/RGB/2400x2400/C00C00/img_2400x2400_3x8bit_C00C00_RGB_fence.png,0830,DIV2K_valid_HR/0830.png,false,28,36,false,not_required,retain
img_2400x2400_3x8bit_C00C00_RGB_fence,SAMPLING/8BIT/RGB/2400x2400/C00C00/img_2400x2400_3x8bit_C00C00_RGB_fence.png,0831,DIV2K_valid_HR/0831.png,false,34,30,false,not_required,retain
img_2400x2400_3x8bit_C00C00_RGB_fence,SAMPLING/8BIT/RGB/2400x2400/C00C00/img_2400x2400_3x8bit_C00C00_RGB_fence.png,0832,DIV2K_valid_HR/0832.png,false,38,32,false,not_required,retain
img_2400x2400_3x8bit_C00C00_RGB_fence,SAMPLING/8BIT/RGB/2400x2400/C00C00/img_2400x2400_3x8bit_C00C00_RGB_fence.png,0833,DIV2K_valid_HR/0833.png,false,30,42,false,not_required,retain
img_2400x2400_3x8bit_C00C00_RGB_fence,SAMPLING/8BIT/RGB/2400x2400/C00C00/img_2400x2400_3x8bit_C00C00_RGB_fence.png,0834,DIV2K_valid_HR/0834.png,false,32,28,false,not_required,retain
img_2400x2400_3x8bit_C00C00_RGB_fence,SAMPLING/8BIT/RGB/2400x2400/C00C00/img_2400x2400_3x8bit_C00C00_RGB_fence.png,0835,DIV2K_valid_HR/0835.png,false,26,28,false,not_required,retain
img_2400x2400_3x8bit_C00C00_RGB_fence,SAMPLING/8BIT/RGB/2400x2400/C00C00/img_2400x2400_3x8bit_C00C00_RGB_fence.png,0836,DIV2K_valid_HR/0836.png,false,22,29,false,not_required,retain
img_2400x2400_3x8bit_C00C00_RGB_fence,SAMPLING/8BIT/RGB/2400x2400/C00C00/img_2400x2400_3x8bit_C00C00_RGB_fence.png,0837,DIV2K_valid_HR/0837.png,false,30,26,false,not_required,retain
img_2400x2400_3x8bit_C00C00_RGB_fence,SAMPLING/8BIT/RGB/2400x2400/C00C00/img_2400x2400_3x8bit_C00C00_RGB_fence.png,0838,DIV2K_valid_HR/0838.png,false,34,40,false,not_required,retain
img_2400x2400_3x8bit_C00C00_RGB_fence,SAMPLING/8BIT/RGB/2400x2400/C00C00/img_2400x2400_3x8bit_C00C00_RGB_fence.png,0839,DIV2K_valid_HR/0839.png,false,32,29,false,not_required,retain
img_2400x2400_3x8bit_C00C00_RGB_fence,SAMPLING/8BIT/RGB/2400x2400/C00C00/img_2400x2400_3x8bit_C00C00_RGB_fence.png,0840,DIV2K_valid_HR/0840.png,false,28,33,false,not_required,retain
img_2400x2400_3x8bit_C00C00_RGB_fence,SAMPLING/8BIT/RGB/2400x2400/C00C00/img_2400x2400_3x8bit_C00C00_RGB_fence.png,0841,DIV2K_valid_HR/0841.png,false,30,28,false,not_required,retain
img_2400x2400_3x8bit_C00C00_RGB_fence,SAMPLING/8BIT/RGB/2400x2400/C00C00/img_2400x2400_3x8bit_C00C00_RGB_fence.png,0842,DIV2K_valid_HR/0842.png,false,26,28,false,not_required,retain
img_2400x2400_3x8bit_C00C00_RGB_fence,SAMPLING/8BIT/RGB/2400x2400/C00C00/img_2400x2400_3x8bit_C00C00_RGB_fence.png,0843,DIV2K_valid_HR/0843.png,false,30,32,false,not_required,retain
img_2400x2400_3x8bit_C00C00_RGB_fence,SAMPLING/8BIT/RGB/2400x2400/C00C00/img_2400x2400_3x8bit_C00C00_RGB_fence.png,0844,DIV2K_valid_HR/0844.png,false,24,32,false,not_required,retain
img_2400x2400_3x8bit_C00C00_RGB_fence,SAMPLING/8BIT/RGB/2400x2400/C00C00/img_2400x2400_3x8bit_C00C00_RGB_fence.png,0845,DIV2K_valid_HR/0845.png,false,36,27,false,not_required,retain
img_2400x2400_3x8bit_C00C00_RGB_fence,SAMPLING/8BIT/RGB/2400x2400/C00C00/img_2400x2400_3x8bit_C00C00_RGB_fence.png,0846,DIV2K_valid_HR/0846.png,false,34,39,false,not_required,retain
img_2400x2400_3x8bit_C00C00_RGB_fence,SAMPLING/8BIT/RGB/2400x2400/C00C00/img_2400x2400_3x8bit_C00C00_RGB_fence.png,0847,DIV2K_valid_HR/0847.png,false,30,31,false,not_required,retain
img_2400x2400_3x8bit_C00C00_RGB_fence,SAMPLING/8BIT/RGB/2400x2400/C00C00/img_2400x2400_3x8bit_C00C00_RGB_fence.png,0848,DIV2K_valid_HR/0848.png,false,38,31,false,not_required,retain
img_2400x2400_3x8bit_C00C00_RGB_fence,SAMPLING/8BIT/RGB/2400x2400/C00C00/img_2400x2400_3x8bit_C00C00_RGB_fence.png,0849,DIV2K_valid_HR/0849.png,false,34,32,false,not_required,retain
img_2400x2400_3x8bit_C00C00_RGB_fence,SAMPLING/8BIT/RGB/2400x2400/C00C00/img_2400x2400_3x8bit_C00C00_RGB_fence.png,0850,DIV2K_valid_HR/0850.png,false,32,33,false,not_required,retain
img_2400x2400_3x8bit_C00C00_RGB_fence,SAMPLING/8BIT/RGB/2400x2400/C00C00/img_2400x2400_3x8bit_C00C00_RGB_fence.png,0851,DIV2K_valid_HR/0851.png,false,34,30,false,not_required,retain
img_2400x2400_3x8bit_C00C00_RGB_fence,SAMPLING/8BIT/RGB/2400x2400/C00C00/img_2400x2400_3x8bit_C00C00_RGB_fence.png,0852,DIV2K_valid_HR/0852.png,false,38,30,false,not_required,retain
img_2400x2400_3x8bit_C00C00_RGB_fence,SAMPLING/8BIT/RGB/2400x2400/C00C00/img_2400x2400_3x8bit_C00C00_RGB_fence.png,0853,DIV2K_valid_HR/0853.png,false,38,33,false,not_required,retain
img_2400x2400_3x8bit_C00C00_RGB_fence,SAMPLING/8BIT/RGB/2400x2400/C00C00/img_2400x2400_3x8bit_C00C00_RGB_fence.png,0854,DIV2K_valid_HR/0854.png,false,38,38,false,not_required,retain
img_2400x2400_3x8bit_C00C00_RGB_fence,SAMPLING/8BIT/RGB/2400x2400/C00C00/img_2400x2400_3x8bit_C00C00_RGB_fence.png,0855,DIV2K_valid_HR/0855.png,false,38,40,false,not_required,retain
img_2400x2400_3x8bit_C00C00_RGB_fence,SAMPLING/8BIT/RGB/2400x2400/C00C00/img_2400x2400_3x8bit_C00C00_RGB_fence.png,0856,DIV2K_valid_HR/0856.png,false,28,29,false,not_required,retain
img_2400x2400_3x8bit_C00C00_RGB_fence,SAMPLING/8BIT/RGB/2400x2400/C00C00/img_2400x2400_3x8bit_C00C00_RGB_fence.png,0857,DIV2K_valid_HR/0857.png,false,32,34,false,not_required,retain
img_2400x2400_3x8bit_C00C00_RGB_fence,SAMPLING/8BIT/RGB/2400x2400/C00C00/img_2400x2400_3x8bit_C00C00_RGB_fence.png,0858,DIV2K_valid_HR/0858.png,false,28,32,false,not_required,retain
img_2400x2400_3x8bit_C00C00_RGB_fence,SAMPLING/8BIT/RGB/2400x2400/C00C00/img_2400x2400_3x8bit_C00C00_RGB_fence.png,0859,DIV2K_valid_HR/0859.png,false,34,33,false,not_required,retain
img_2400x2400_3x8bit_C00C00_RGB_fence,SAMPLING/8BIT/RGB/2400x2400/C00C00/img_2400x2400_3x8bit_C00C00_RGB_fence.png,0860,DIV2K_valid_HR/0860.png,false,38,34,false,not_required,retain
img_2400x2400_3x8bit_C00C00_RGB_fence,SAMPLING/8BIT/RGB/2400x2400/C00C00/img_2400x2400_3x8bit_C00C00_RGB_fence.png,0861,DIV2K_valid_HR/0861.png,false,28,33,false,not_required,retain
img_2400x2400_3x8bit_C00C00_RGB_fence,SAMPLING/8BIT/RGB/2400x2400/C00C00/img_2400x2400_3x8bit_C00C00_RGB_fence.png,0862,DIV2K_valid_HR/0862.png,false,34,35,false,not_required,retain
img_2400x2400_3x8bit_C00C00_RGB_fence,SAMPLING/8BIT/RGB/2400x2400/C00C00/img_2400x2400_3x8bit_C00C00_RGB_fence.png,0863,DIV2K_valid_HR/0863.png,false,28,31,false,not_required,retain
img_2400x2400_3x8bit_C00C00_RGB_fence,SAMPLING/8BIT/RGB/2400x2400/C00C00/img_2400x2400_3x8bit_C00C00_RGB_fence.png,0864,DIV2K_valid_HR/0864.png,false,36,34,false,not_required,retain
img_2400x2400_3x8bit_C00C00_RGB_fence,SAMPLING/8BIT/RGB/2400x2400/C00C00/img_2400x2400_3x8bit_C00C00_RGB_fence.png,0865,DIV2K_valid_HR/0865.png,false,18,24,false,not_required,retain
img_2400x2400_3x8bit_C00C00_RGB_fence,SAMPLING/8BIT/RGB/2400x2400/C00C00/img_2400x2400_3x8bit_C00C00_RGB_fence.png,0866,DIV2K_valid_HR/0866.png,false,32,29,false,not_required,retain
img_2400x2400_3x8bit_C00C00_RGB_fence,SAMPLING/8BIT/RGB/2400x2400/C00C00/img_2400x2400_3x8bit_C00C00_RGB_fence.png,0867,DIV2K_valid_HR/0867.png,false,32,31,false,not_required,retain
img_2400x2400_3x8bit_C00C00_RGB_fence,SAMPLING/8BIT/RGB/2400x2400/C00C00/img_2400x2400_3x8bit_C00C00_RGB_fence.png,0868,DIV2K_valid_HR/0868.png,false,24,20,false,not_required,retain
img_2400x2400_3x8bit_C00C00_RGB_fence,SAMPLING/8BIT/RGB/2400x2400/C00C00/img_2400x2400_3x8bit_C00C00_RGB_fence.png,0869,DIV2K_valid_HR/0869.png,false,34,26,false,not_required,retain
img_2400x2400_3x8bit_C00C00_RGB_fence,SAMPLING/8BIT/RGB/2400x2400/C00C00/img_2400x2400_3x8bit_C00C00_RGB_fence.png,0870,DIV2K_valid_HR/0870.png,false,28,39,false,not_required,retain
img_2400x2400_3x8bit_C00C00_RGB_fence,SAMPLING/8BIT/RGB/2400x2400/C00C00/img_2400x2400_3x8bit_C00C00_RGB_fence.png,0871,DIV2K_valid_HR/0871.png,false,32,28,false,not_required,retain
img_2400x2400_3x8bit_C00C00_RGB_fence,SAMPLING/8BIT/RGB/2400x2400/C00C00/img_2400x2400_3x8bit_C00C00_RGB_fence.png,0872,DIV2K_valid_HR/0872.png,false,34,37,false,not_required,retain
img_2400x2400_3x8bit_C00C00_RGB_fence,SAMPLING/8BIT/RGB/2400x2400/C00C00/img_2400x2400_3x8bit_C00C00_RGB_fence.png,0873,DIV2K_valid_HR/0873.png,false,36,31,false,not_required,retain
img_2400x2400_3x8bit_C00C00_RGB_fence,SAMPLING/8BIT/RGB/2400x2400/C00C00/img_2400x2400_3x8bit_C00C00_RGB_fence.png,0874,DIV2K_valid_HR/0874.png,false,34,38,false,not_required,retain
img_2400x2400_3x8bit_C00C00_RGB_fence,SAMPLING/8BIT/RGB/2400x2400/C00C00/img_2400x2400_3x8bit_C00C00_RGB_fence.png,0875,DIV2K_valid_HR/0875.png,false,28,38,false,not_required,retain
img_2400x2400_3x8bit_C00C00_RGB_fence,SAMPLING/8BIT/RGB/2400x2400/C00C00/img_2400x2400_3x8bit_C00C00_RGB_fence.png,0876,DIV2K_valid_HR/0876.png,false,30,30,false,not_required,retain
img_2400x2400_3x8bit_C00C00_RGB_fence,SAMPLING/8BIT/RGB/2400x2400/C00C00/img_2400x2400_3x8bit_C00C00_RGB_fence.png,0877,DIV2K_valid_HR/0877.png,false,28,33,false,not_required,retain
img_2400x2400_3x8bit_C00C00_RGB_fence,SAMPLING/8BIT/RGB/2400x2400/C00C00/img_2400x2400_3x8bit_C00C00_RGB_fence.png,0878,DIV2K_valid_HR/0878.png,false,34,25,false,not_required,retain
img_2400x2400_3x8bit_C00C00_RGB_fence,SAMPLING/8BIT/RGB/2400x2400/C00C00/img_2400x2400_3x8bit_C00C00_RGB_fence.png,0879,DIV2K_valid_HR/0879.png,false,30,35,false,not_required,retain
img_2400x2400_3x8bit_C00C00_RGB_fence,SAMPLING/8BIT/RGB/2400x2400/C00C00/img_2400x2400_3x8bit_C00C00_RGB_fence.png,0880,DIV2K_valid_HR/0880.png,false,40,36,false,not_required,retain
img_2400x2400_3x8bit_C00C00_RGB_fence,SAMPLING/8BIT/RGB/2400x2400/C00C00/img_2400x2400_3x8bit_C00C00_RGB_fence.png,0881,DIV2K_valid_HR/0881.png,false,32,32,false,not_required,retain
img_2400x2400_3x8bit_C00C00_RGB_fence,SAMPLING/8BIT/RGB/2400x2400/C00C00/img_2400x2400_3x8bit_C00C00_RGB_fence.png,0882,DIV2K_valid_HR/0882.png,false,32,28,false,not_required,retain
img_2400x2400_3x8bit_C00C00_RGB_fence,SAMPLING/8BIT/RGB/2400x2400/C00C00/img_2400x2400_3x8bit_C00C00_RGB_fence.png,0883,DIV2K_valid_HR/0883.png,false,28,37,false,not_required,retain
img_2400x2400_3x8bit_C00C00_RGB_fence,SAMPLING/8BIT/RGB/2400x2400/C00C00/img_2400x2400_3x8bit_C00C00_RGB_fence.png,0884,DIV2K_valid_HR/0884.png,false,28,34,false,not_required,retain
img_2400x2400_3x8bit_C00C00_RGB_fence,SAMPLING/8BIT/RGB/2400x2400/C00C00/img_2400x2400_3x8bit_C00C00_RGB_fence.png,0885,DIV2K_valid_HR/0885.png,false,36,29,false,not_required,retain
img_2400x2400_3x8bit_C00C00_RGB_fence,SAMPLING/8BIT/RGB/2400x2400/C00C00/img_2400x2400_3x8bit_C00C00_RGB_fence.png,0886,DIV2K_valid_HR/0886.png,false,24,30,false,not_required,retain
img_2400x2400_3x8bit_C00C00_RGB_fence,SAMPLING/8BIT/RGB/2400x2400/C00C00/img_2400x2400_3x8bit_C00C00_RGB_fence.png,0887,DIV2K_valid_HR/0887.png,false,36,30,false,not_required,retain
img_2400x2400_3x8bit_C00C00_RGB_fence,SAMPLING/8BIT/RGB/2400x2400/C00C00/img_2400x2400_3x8bit_C00C00_RGB_fence.png,0888,DIV2K_valid_HR/0888.png,false,36,32,false,not_required,retain
img_2400x2400_3x8bit_C00C00_RGB_fence,SAMPLING/8BIT/RGB/2400x2400/C00C00/img_2400x2400_3x8bit_C00C00_RGB_fence.png,0889,DIV2K_valid_HR/0889.png,false,36,36,false,not_required,retain
img_2400x2400_3x8bit_C00C00_RGB_fence,SAMPLING/8BIT/RGB/2400x2400/C00C00/img_2400x2400_3x8bit_C00C00_RGB_fence.png,0890,DIV2K_valid_HR/0890.png,false,30,29,false,not_required,retain
img_2400x2400_3x8bit_C00C00_RGB_fence,SAMPLING/8BIT/RGB/2400x2400/C00C00/img_2400x2400_3x8bit_C00C00_RGB_fence.png,0891,DIV2K_valid_HR/0891.png,false,34,37,false,not_required,retain
img_2400x2400_3x8bit_C00C00_RGB_fence,SAMPLING/8BIT/RGB/2400x2400/C00C00/img_2400x2400_3x8bit_C00C00_RGB_fence.png,0892,DIV2K_valid_HR/0892.png,false,34,32,false,not_required,retain
img_2400x2400_3x8bit_C00C00_RGB_fence,SAMPLING/8BIT/RGB/2400x2400/C00C00/img_2400x2400_3x8bit_C00C00_RGB_fence.png,0893,DIV2K_valid_HR/0893.png,false,26,22,false,not_required,retain
img_2400x2400_3x8bit_C00C00_RGB_fence,SAMPLING/8BIT/RGB/2400x2400/C00C00/img_2400x2400_3x8bit_C00C00_RGB_fence.png,0894,DIV2K_valid_HR/0894.png,false,26,30,false,not_required,retain
img_2400x2400_3x8bit_C00C00_RGB_fence,SAMPLING/8BIT/RGB/2400x2400/C00C00/img_2400x2400_3x8bit_C00C00_RGB_fence.png,0895,DIV2K_valid_HR/0895.png,false,28,37,false,not_required,retain
img_2400x2400_3x8bit_C00C00_RGB_fence,SAMPLING/8BIT/RGB/2400x2400/C00C00/img_2400x2400_3x8bit_C00C00_RGB_fence.png,0896,DIV2K_valid_HR/0896.png,false,32,31,false,not_required,retain
img_2400x2400_3x8bit_C00C00_RGB_fence,SAMPLING/8BIT/RGB/2400x2400/C00C00/img_2400x2400_3x8bit_C00C00_RGB_fence.png,0897,DIV2K_valid_HR/0897.png,false,28,39,false,not_required,retain
img_2400x2400_3x8bit_C00C00_RGB_fence,SAMPLING/8BIT/RGB/2400x2400/C00C00/img_2400x2400_3x8bit_C00C00_RGB_fence.png,0898,DIV2K_valid_HR/0898.png,false,32,29,false,not_required,retain
img_2400x2400_3x8bit_C00C00_RGB_fence,SAMPLING/8BIT/RGB/2400x2400/C00C00/img_2400x2400_3x8bit_C00C00_RGB_fence.png,0899,DIV2K_valid_HR/0899.png,false,30,26,false,not_required,retain
img_2400x2400_3x8bit_C00C00_RGB_fence,SAMPLING/8BIT/RGB/2400x2400/C00C00/img_2400x2400_3x8bit_C00C00_RGB_fence.png,0900,DIV2K_valid_HR/0900.png,false,30,42,false,not_required,retain
img_2400x2400_3x8bit_C00C00_RGB_flowers,SAMPLING/8BIT/RGB/2400x2400/C00C00/img_2400x2400_3x8bit_C00C00_RGB_flowers.png,0805,DIV2K_valid_HR/0805.png,false,36,40,false,not_required,retain
img_2400x2400_3x8bit_C00C00_RGB_flowers,SAMPLING/8BIT/RGB/2400x2400/C00C00/img_2400x2400_3x8bit_C00C00_RGB_flowers.png,0806,DIV2K_valid_HR/0806.png,false,28,32,false,not_required,retain
img_2400x2400_3x8bit_C00C00_RGB_flowers,SAMPLING/8BIT/RGB/2400x2400/C00C00/img_2400x2400_3x8bit_C00C00_RGB_flowers.png,0807,DIV2K_valid_HR/0807.png,false,32,32,false,not_required,retain
img_2400x2400_3x8bit_C00C00_RGB_flowers,SAMPLING/8BIT/RGB/2400x2400/C00C00/img_2400x2400_3x8bit_C00C00_RGB_flowers.png,0808,DIV2K_valid_HR/0808.png,false,26,25,false,not_required,retain
img_2400x2400_3x8bit_C00C00_RGB_flowers,SAMPLING/8BIT/RGB/2400x2400/C00C00/img_2400x2400_3x8bit_C00C00_RGB_flowers.png,0809,DIV2K_valid_HR/0809.png,false,20,29,false,not_required,retain
img_2400x2400_3x8bit_C00C00_RGB_flowers,SAMPLING/8BIT/RGB/2400x2400/C00C00/img_2400x2400_3x8bit_C00C00_RGB_flowers.png,0810,DIV2K_valid_HR/0810.png,false,30,26,false,not_required,retain
img_2400x2400_3x8bit_C00C00_RGB_flowers,SAMPLING/8BIT/RGB/2400x2400/C00C00/img_2400x2400_3x8bit_C00C00_RGB_flowers.png,0811,DIV2K_valid_HR/0811.png,false,30,37,false,not_required,retain
img_2400x2400_3x8bit_C00C00_RGB_flowers,SAMPLING/8BIT/RGB/2400x2400/C00C00/img_2400x2400_3x8bit_C00C00_RGB_flowers.png,0812,DIV2K_valid_HR/0812.png,false,30,31,false,not_required,retain
img_2400x2400_3x8bit_C00C00_RGB_flowers,SAMPLING/8BIT/RGB/2400x2400/C00C00/img_2400x2400_3x8bit_C00C00_RGB_flowers.png,0813,DIV2K_valid_HR/0813.png,false,30,32,false,not_required,retain
img_2400x2400_3x8bit_C00C00_RGB_flowers,SAMPLING/8BIT/RGB/2400x2400/C00C00/img_2400x2400_3x8bit_C00C00_RGB_flowers.png,0814,DIV2K_valid_HR/0814.png,false,30,33,false,not_required,retain
img_2400x2400_3x8bit_C00C00_RGB_flowers,SAMPLING/8BIT/RGB/2400x2400/C00C00/img_2400x2400_3x8bit_C00C00_RGB_flowers.png,0815,DIV2K_valid_HR/0815.png,false,36,35,false,not_required,retain
img_2400x2400_3x8bit_C00C00_RGB_flowers,SAMPLING/8BIT/RGB/2400x2400/C00C00/img_2400x2400_3x8bit_C00C00_RGB_flowers.png,0816,DIV2K_valid_HR/0816.png,false,32,33,false,not_required,retain
img_2400x2400_3x8bit_C00C00_RGB_flowers,SAMPLING/8BIT/RGB/2400x2400/C00C00/img_2400x2400_3x8bit_C00C00_RGB_flowers.png,0817,DIV2K_valid_HR/0817.png,false,24,26,false,not_required,retain
img_2400x2400_3x8bit_C00C00_RGB_flowers,SAMPLING/8BIT/RGB/2400x2400/C00C00/img_2400x2400_3x8bit_C00C00_RGB_flowers.png,0818,DIV2K_valid_HR/0818.png,false,34,29,false,not_required,retain
img_2400x2400_3x8bit_C00C00_RGB_flowers,SAMPLING/8BIT/RGB/2400x2400/C00C00/img_2400x2400_3x8bit_C00C00_RGB_flowers.png,0819,DIV2K_valid_HR/0819.png,false,36,40,false,not_required,retain
img_2400x2400_3x8bit_C00C00_RGB_flowers,SAMPLING/8BIT/RGB/2400x2400/C00C00/img_2400x2400_3x8bit_C00C00_RGB_flowers.png,0820,DIV2K_valid_HR/0820.png,false,34,33,false,not_required,retain
img_2400x2400_3x8bit_C00C00_RGB_flowers,SAMPLING/8BIT/RGB/2400x2400/C00C00/img_2400x2400_3x8bit_C00C00_RGB_flowers.png,0821,DIV2K_valid_HR/0821.png,false,32,36,false,not_required,retain
img_2400x2400_3x8bit_C00C00_RGB_flowers,SAMPLING/8BIT/RGB/2400x2400/C00C00/img_2400x2400_3x8bit_C00C00_RGB_flowers.png,0822,DIV2K_valid_HR/0822.png,false,30,26,false,not_required,retain
img_2400x2400_3x8bit_C00C00_RGB_flowers,SAMPLING/8BIT/RGB/2400x2400/C00C00/img_2400x2400_3x8bit_C00C00_RGB_flowers.png,0823,DIV2K_valid_HR/0823.png,false,32,32,false,not_required,retain
img_2400x2400_3x8bit_C00C00_RGB_flowers,SAMPLING/8BIT/RGB/2400x2400/C00C00/img_2400x2400_3x8bit_C00C00_RGB_flowers.png,0824,DIV2K_valid_HR/0824.png,false,30,26,false,not_required,retain
img_2400x2400_3x8bit_C00C00_RGB_flowers,SAMPLING/8BIT/RGB/2400x2400/C00C00/img_2400x2400_3x8bit_C00C00_RGB_flowers.png,0825,DIV2K_valid_HR/0825.png,false,28,31,false,not_required,retain
img_2400x2400_3x8bit_C00C00_RGB_flowers,SAMPLING/8BIT/RGB/2400x2400/C00C00/img_2400x2400_3x8bit_C00C00_RGB_flowers.png,0826,DIV2K_valid_HR/0826.png,false,28,35,false,not_required,retain
img_2400x2400_3x8bit_C00C00_RGB_flowers,SAMPLING/8BIT/RGB/2400x2400/C00C00/img_2400x2400_3x8bit_C00C00_RGB_flowers.png,0827,DIV2K_valid_HR/0827.png,false,26,32,false,not_required,retain
img_2400x2400_3x8bit_C00C00_RGB_flowers,SAMPLING/8BIT/RGB/2400x2400/C00C00/img_2400x2400_3x8bit_C00C00_RGB_flowers.png,0828,DIV2K_valid_HR/0828.png,false,32,29,false,not_required,retain
img_2400x2400_3x8bit_C00C00_RGB_flowers,SAMPLING/8BIT/RGB/2400x2400/C00C00/img_2400x2400_3x8bit_C00C00_RGB_flowers.png,0829,DIV2K_valid_HR/0829.png,false,24,31,false,not_required,retain
img_2400x2400_3x8bit_C00C00_RGB_flowers,SAMPLING/8BIT/RGB/2400x2400/C00C00/img_2400x2400_3x8bit_C00C00_RGB_flowers.png,0830,DIV2K_valid_HR/0830.png,false,30,35,false,not_required,retain
img_2400x2400_3x8bit_C00C00_RGB_flowers,SAMPLING/8BIT/RGB/2400x2400/C00C00/img_2400x2400_3x8bit_C00C00_RGB_flowers.png,0831,DIV2K_valid_HR/0831.png,false,24,21,false,not_required,retain
img_2400x2400_3x8bit_C00C00_RGB_flowers,SAMPLING/8BIT/RGB/2400x2400/C00C00/img_2400x2400_3x8bit_C00C00_RGB_flowers.png,0832,DIV2K_valid_HR/0832.png,false,32,35,false,not_required,retain
img_2400x2400_3x8bit_C00C00_RGB_flowers,SAMPLING/8BIT/RGB/2400x2400/C00C00/img_2400x2400_3x8bit_C00C00_RGB_flowers.png,0833,DIV2K_valid_HR/0833.png,false,24,33,false,not_required,retain
img_2400x2400_3x8bit_C00C00_RGB_flowers,SAMPLING/8BIT/RGB/2400x2400/C00C00/img_2400x2400_3x8bit_C00C00_RGB_flowers.png,0834,DIV2K_valid_HR/0834.png,false,34,31,false,not_required,retain
img_2400x2400_3x8bit_C00C00_RGB_flowers,SAMPLING/8BIT/RGB/2400x2400/C00C00/img_2400x2400_3x8bit_C00C00_RGB_flowers.png,0835,DIV2K_valid_HR/0835.png,false,34,31,false,not_required,retain
img_2400x2400_3x8bit_C00C00_RGB_flowers,SAMPLING/8BIT/RGB/2400x2400/C00C00/img_2400x2400_3x8bit_C00C00_RGB_flowers.png,0836,DIV2K_valid_HR/0836.png,false,36,38,false,not_required,retain
img_2400x2400_3x8bit_C00C00_RGB_flowers,SAMPLING/8BIT/RGB/2400x2400/C00C00/img_2400x2400_3x8bit_C00C00_RGB_flowers.png,0837,DIV2K_valid_HR/0837.png,false,34,31,false,not_required,retain
img_2400x2400_3x8bit_C00C00_RGB_flowers,SAMPLING/8BIT/RGB/2400x2400/C00C00/img_2400x2400_3x8bit_C00C00_RGB_flowers.png,0838,DIV2K_valid_HR/0838.png,false,26,31,false,not_required,retain
img_2400x2400_3x8bit_C00C00_RGB_flowers,SAMPLING/8BIT/RGB/2400x2400/C00C00/img_2400x2400_3x8bit_C00C00_RGB_flowers.png,0839,DIV2K_valid_HR/0839.png,false,24,30,false,not_required,retain
img_2400x2400_3x8bit_C00C00_RGB_flowers,SAMPLING/8BIT/RGB/2400x2400/C00C00/img_2400x2400_3x8bit_C00C00_RGB_flowers.png,0840,DIV2K_valid_HR/0840.png,false,38,34,false,not_required,retain
img_2400x2400_3x8bit_C00C00_RGB_flowers,SAMPLING/8BIT/RGB/2400x2400/C00C00/img_2400x2400_3x8bit_C00C00_RGB_flowers.png,0841,DIV2K_valid_HR/0841.png,false,38,31,false,not_required,retain
img_2400x2400_3x8bit_C00C00_RGB_flowers,SAMPLING/8BIT/RGB/2400x2400/C00C00/img_2400x2400_3x8bit_C00C00_RGB_flowers.png,0842,DIV2K_valid_HR/0842.png,false,36,37,false,not_required,retain
img_2400x2400_3x8bit_C00C00_RGB_flowers,SAMPLING/8BIT/RGB/2400x2400/C00C00/img_2400x2400_3x8bit_C00C00_RGB_flowers.png,0843,DIV2K_valid_HR/0843.png,false,30,25,false,not_required,retain
img_2400x2400_3x8bit_C00C00_RGB_flowers,SAMPLING/8BIT/RGB/2400x2400/C00C00/img_2400x2400_3x8bit_C00C00_RGB_flowers.png,0844,DIV2K_valid_HR/0844.png,false,32,35,false,not_required,retain
img_2400x2400_3x8bit_C00C00_RGB_flowers,SAMPLING/8BIT/RGB/2400x2400/C00C00/img_2400x2400_3x8bit_C00C00_RGB_flowers.png,0845,DIV2K_valid_HR/0845.png,false,40,32,false,not_required,retain
img_2400x2400_3x8bit_C00C00_RGB_flowers,SAMPLING/8BIT/RGB/2400x2400/C00C00/img_2400x2400_3x8bit_C00C00_RGB_flowers.png,0846,DIV2K_valid_HR/0846.png,false,34,36,false,not_required,retain
img_2400x2400_3x8bit_C00C00_RGB_flowers,SAMPLING/8BIT/RGB/2400x2400/C00C00/img_2400x2400_3x8bit_C00C00_RGB_flowers.png,0847,DIV2K_valid_HR/0847.png,false,32,34,false,not_required,retain
img_2400x2400_3x8bit_C00C00_RGB_flowers,SAMPLING/8BIT/RGB/2400x2400/C00C00/img_2400x2400_3x8bit_C00C00_RGB_flowers.png,0848,DIV2K_valid_HR/0848.png,false,34,28,false,not_required,retain
img_2400x2400_3x8bit_C00C00_RGB_flowers,SAMPLING/8BIT/RGB/2400x2400/C00C00/img_2400x2400_3x8bit_C00C00_RGB_flowers.png,0849,DIV2K_valid_HR/0849.png,false,32,25,false,not_required,retain
img_2400x2400_3x8bit_C00C00_RGB_flowers,SAMPLING/8BIT/RGB/2400x2400/C00C00/img_2400x2400_3x8bit_C00C00_RGB_flowers.png,0850,DIV2K_valid_HR/0850.png,false,30,26,false,not_required,retain
img_2400x2400_3x8bit_C00C00_RGB_flowers,SAMPLING/8BIT/RGB/2400x2400/C00C00/img_2400x2400_3x8bit_C00C00_RGB_flowers.png,0851,DIV2K_valid_HR/0851.png,false,30,25,false,not_required,retain
img_2400x2400_3x8bit_C00C00_RGB_flowers,SAMPLING/8BIT/RGB/2400x2400/C00C00/img_2400x2400_3x8bit_C00C00_RGB_flowers.png,0852,DIV2K_valid_HR/0852.png,false,32,31,false,not_required,retain
img_2400x2400_3x8bit_C00C00_RGB_flowers,SAMPLING/8BIT/RGB/2400x2400/C00C00/img_2400x2400_3x8bit_C00C00_RGB_flowers.png,0853,DIV2K_valid_HR/0853.png,false,32,38,false,not_required,retain
img_2400x2400_3x8bit_C00C00_RGB_flowers,SAMPLING/8BIT/RGB/2400x2400/C00C00/img_2400x2400_3x8bit_C00C00_RGB_flowers.png,0854,DIV2K_valid_HR/0854.png,false,30,35,false,not_required,retain
img_2400x2400_3x8bit_C00C00_RGB_flowers,SAMPLING/8BIT/RGB/2400x2400/C00C00/img_2400x2400_3x8bit_C00C00_RGB_flowers.png,0855,DIV2K_valid_HR/0855.png,false,30,31,false,not_required,retain
img_2400x2400_3x8bit_C00C00_RGB_flowers,SAMPLING/8BIT/RGB/2400x2400/C00C00/img_2400x2400_3x8bit_C00C00_RGB_flowers.png,0856,DIV2K_valid_HR/0856.png,false,30,30,false,not_required,retain
img_2400x2400_3x8bit_C00C00_RGB_flowers,SAMPLING/8BIT/RGB/2400x2400/C00C00/img_2400x2400_3x8bit_C00C00_RGB_flowers.png,0857,DIV2K_valid_HR/0857.png,false,42,41,false,not_required,retain
img_2400x2400_3x8bit_C00C00_RGB_flowers,SAMPLING/8BIT/RGB/2400x2400/C00C00/img_2400x2400_3x8bit_C00C00_RGB_flowers.png,0858,DIV2K_valid_HR/0858.png,false,30,29,false,not_required,retain
img_2400x2400_3x8bit_C00C00_RGB_flowers,SAMPLING/8BIT/RGB/2400x2400/C00C00/img_2400x2400_3x8bit_C00C00_RGB_flowers.png,0859,DIV2K_valid_HR/0859.png,false,30,30,false,not_required,retain
img_2400x2400_3x8bit_C00C00_RGB_flowers,SAMPLING/8BIT/RGB/2400x2400/C00C00/img_2400x2400_3x8bit_C00C00_RGB_flowers.png,0860,DIV2K_valid_HR/0860.png,false,34,33,false,not_required,retain
img_2400x2400_3x8bit_C00C00_RGB_flowers,SAMPLING/8BIT/RGB/2400x2400/C00C00/img_2400x2400_3x8bit_C00C00_RGB_flowers.png,0861,DIV2K_valid_HR/0861.png,false,26,32,false,not_required,retain
img_2400x2400_3x8bit_C00C00_RGB_flowers,SAMPLING/8BIT/RGB/2400x2400/C00C00/img_2400x2400_3x8bit_C00C00_RGB_flowers.png,0862,DIV2K_valid_HR/0862.png,false,26,32,false,not_required,retain
img_2400x2400_3x8bit_C00C00_RGB_flowers,SAMPLING/8BIT/RGB/2400x2400/C00C00/img_2400x2400_3x8bit_C00C00_RGB_flowers.png,0863,DIV2K_valid_HR/0863.png,false,38,34,false,not_required,retain
img_2400x2400_3x8bit_C00C00_RGB_flowers,SAMPLING/8BIT/RGB/2400x2400/C00C00/img_2400x2400_3x8bit_C00C00_RGB_flowers.png,0864,DIV2K_valid_HR/0864.png,false,34,31,false,not_required,retain
img_2400x2400_3x8bit_C00C00_RGB_flowers,SAMPLING/8BIT/RGB/2400x2400/C00C00/img_2400x2400_3x8bit_C00C00_RGB_flowers.png,0865,DIV2K_valid_HR/0865.png,false,32,31,false,not_required,retain
img_2400x2400_3x8bit_C00C00_RGB_flowers,SAMPLING/8BIT/RGB/2400x2400/C00C00/img_2400x2400_3x8bit_C00C00_RGB_flowers.png,0866,DIV2K_valid_HR/0866.png,false,30,38,false,not_required,retain
img_2400x2400_3x8bit_C00C00_RGB_flowers,SAMPLING/8BIT/RGB/2400x2400/C00C00/img_2400x2400_3x8bit_C00C00_RGB_flowers.png,0867,DIV2K_valid_HR/0867.png,false,34,30,false,not_required,retain
img_2400x2400_3x8bit_C00C00_RGB_flowers,SAMPLING/8BIT/RGB/2400x2400/C00C00/img_2400x2400_3x8bit_C00C00_RGB_flowers.png,0868,DIV2K_valid_HR/0868.png,false,28,35,false,not_required,retain
img_2400x2400_3x8bit_C00C00_RGB_flowers,SAMPLING/8BIT/RGB/2400x2400/C00C00/img_2400x2400_3x8bit_C00C00_RGB_flowers.png,0869,DIV2K_valid_HR/0869.png,false,30,35,false,not_required,retain
img_2400x2400_3x8bit_C00C00_RGB_flowers,SAMPLING/8BIT/RGB/2400x2400/C00C00/img_2400x2400_3x8bit_C00C00_RGB_flowers.png,0870,DIV2K_valid_HR/0870.png,false,32,36,false,not_required,retain
img_2400x2400_3x8bit_C00C00_RGB_flowers,SAMPLING/8BIT/RGB/2400x2400/C00C00/img_2400x2400_3x8bit_C00C00_RGB_flowers.png,0871,DIV2K_valid_HR/0871.png,false,30,29,false,not_required,retain
img_2400x2400_3x8bit_C00C00_RGB_flowers,SAMPLING/8BIT/RGB/2400x2400/C00C00/img_2400x2400_3x8bit_C00C00_RGB_flowers.png,0872,DIV2K_valid_HR/0872.png,false,26,34,false,not_required,retain
img_2400x2400_3x8bit_C00C00_RGB_flowers,SAMPLING/8BIT/RGB/2400x2400/C00C00/img_2400x2400_3x8bit_C00C00_RGB_flowers.png,0873,DIV2K_valid_HR/0873.png,false,34,34,false,not_required,retain
img_2400x2400_3x8bit_C00C00_RGB_flowers,SAMPLING/8BIT/RGB/2400x2400/C00C00/img_2400x2400_3x8bit_C00C00_RGB_flowers.png,0874,DIV2K_valid_HR/0874.png,false,26,31,false,not_required,retain
img_2400x2400_3x8bit_C00C00_RGB_flowers,SAMPLING/8BIT/RGB/2400x2400/C00C00/img_2400x2400_3x8bit_C00C00_RGB_flowers.png,0875,DIV2K_valid_HR/0875.png,false,34,31,false,not_required,retain
img_2400x2400_3x8bit_C00C00_RGB_flowers,SAMPLING/8BIT/RGB/2400x2400/C00C00/img_2400x2400_3x8bit_C00C00_RGB_flowers.png,0876,DIV2K_valid_HR/0876.png,false,34,35,false,not_required,retain
img_2400x2400_3x8bit_C00C00_RGB_flowers,SAMPLING/8BIT/RGB/2400x2400/C00C00/img_2400x2400_3x8bit_C00C00_RGB_flowers.png,0877,DIV2K_valid_HR/0877.png,false,26,28,false,not_required,retain
img_2400x2400_3x8bit_C00C00_RGB_flowers,SAMPLING/8BIT/RGB/2400x2400/C00C00/img_2400x2400_3x8bit_C00C00_RGB_flowers.png,0878,DIV2K_valid_HR/0878.png,false,28,28,false,not_required,retain
img_2400x2400_3x8bit_C00C00_RGB_flowers,SAMPLING/8BIT/RGB/2400x2400/C00C00/img_2400x2400_3x8bit_C00C00_RGB_flowers.png,0879,DIV2K_valid_HR/0879.png,false,36,28,false,not_required,retain
img_2400x2400_3x8bit_C00C00_RGB_flowers,SAMPLING/8BIT/RGB/2400x2400/C00C00/img_2400x2400_3x8bit_C00C00_RGB_flowers.png,0880,DIV2K_valid_HR/0880.png,false,34,29,false,not_required,retain
img_2400x2400_3x8bit_C00C00_RGB_flowers,SAMPLING/8BIT/RGB/2400x2400/C00C00/img_2400x2400_3x8bit_C00C00_RGB_flowers.png,0881,DIV2K_valid_HR/0881.png,false,34,31,false,not_required,retain
img_2400x2400_3x8bit_C00C00_RGB_flowers,SAMPLING/8BIT/RGB/2400x2400/C00C00/img_2400x2400_3x8bit_C00C00_RGB_flowers.png,0882,DIV2K_valid_HR/0882.png,false,24,25,false,not_required,retain
img_2400x2400_3x8bit_C00C00_RGB_flowers,SAMPLING/8BIT/RGB/2400x2400/C00C00/img_2400x2400_3x8bit_C00C00_RGB_flowers.png,0883,DIV2K_valid_HR/0883.png,false,32,36,false,not_required,retain
img_2400x2400_3x8bit_C00C00_RGB_flowers,SAMPLING/8BIT/RGB/2400x2400/C00C00/img_2400x2400_3x8bit_C00C00_RGB_flowers.png,0884,DIV2K_valid_HR/0884.png,false,28,31,false,not_required,retain
img_2400x2400_3x8bit_C00C00_RGB_flowers,SAMPLING/8BIT/RGB/2400x2400/C00C00/img_2400x2400_3x8bit_C00C00_RGB_flowers.png,0885,DIV2K_valid_HR/0885.png,false,26,32,false,not_required,retain
img_2400x2400_3x8bit_C00C00_RGB_flowers,SAMPLING/8BIT/RGB/2400x2400/C00C00/img_2400x2400_3x8bit_C00C00_RGB_flowers.png,0886,DIV2K_valid_HR/0886.png,false,32,33,false,not_required,retain
img_2400x2400_3x8bit_C00C00_RGB_flowers,SAMPLING/8BIT/RGB/2400x2400/C00C00/img_2400x2400_3x8bit_C00C00_RGB_flowers.png,0887,DIV2K_valid_HR/0887.png,false,32,33,false,not_required,retain
img_2400x2400_3x8bit_C00C00_RGB_flowers,SAMPLING/8BIT/RGB/2400x2400/C00C00/img_2400x2400_3x8bit_C00C00_RGB_flowers.png,0888,DIV2K_valid_HR/0888.png,false,36,25,false,not_required,retain
img_2400x2400_3x8bit_C00C00_RGB_flowers,SAMPLING/8BIT/RGB/2400x2400/C00C00/img_2400x2400_3x8bit_C00C00_RGB_flowers.png,0889,DIV2K_valid_HR/0889.png,false,30,31,false,not_required,retain
img_2400x2400_3x8bit_C00C00_RGB_flowers,SAMPLING/8BIT/RGB/2400x2400/C00C00/img_2400x2400_3x8bit_C00C00_RGB_flowers.png,0890,DIV2K_valid_HR/0890.png,false,26,24,false,not_required,retain
img_2400x2400_3x8bit_C00C00_RGB_flowers,SAMPLING/8BIT/RGB/2400x2400/C00C00/img_2400x2400_3x8bit_C00C00_RGB_flowers.png,0891,DIV2K_valid_HR/0891.png,false,30,36,false,not_required,retain
img_2400x2400_3x8bit_C00C00_RGB_flowers,SAMPLING/8BIT/RGB/2400x2400/C00C00/img_2400x2400_3x8bit_C00C00_RGB_flowers.png,0892,DIV2K_valid_HR/0892.png,false,28,31,false,not_required,retain
img_2400x2400_3x8bit_C00C00_RGB_flowers,SAMPLING/8BIT/RGB/2400x2400/C00C00/img_2400x2400_3x8bit_C00C00_RGB_flowers.png,0893,DIV2K_valid_HR/0893.png,false,26,29,false,not_required,retain
img_2400x2400_3x8bit_C00C00_RGB_flowers,SAMPLING/8BIT/RGB/2400x2400/C00C00/img_2400x2400_3x8bit_C00C00_RGB_flowers.png,0894,DIV2K_valid_HR/0894.png,false,28,29,false,not_required,retain
img_2400x2400_3x8bit_C00C00_RGB_flowers,SAMPLING/8BIT/RGB/2400x2400/C00C00/img_2400x2400_3x8bit_C00C00_RGB_flowers.png,0895,DIV2K_valid_HR/0895.png,false,34,28,false,not_required,retain
img_2400x2400_3x8bit_C00C00_RGB_flowers,SAMPLING/8BIT/RGB/2400x2400/C00C00/img_2400x2400_3x8bit_C00C00_RGB_flowers.png,0896,DIV2K_valid_HR/0896.png,false,34,32,false,not_required,retain
img_2400x2400_3x8bit_C00C00_RGB_flowers,SAMPLING/8BIT/RGB/2400x2400/C00C00/img_2400x2400_3x8bit_C00C00_RGB_flowers.png,0897,DIV2K_valid_HR/0897.png,false,40,34,false,not_required,retain
img_2400x2400_3x8bit_C00C00_RGB_flowers,SAMPLING/8BIT/RGB/2400x2400/C00C00/img_2400x2400_3x8bit_C00C00_RGB_flowers.png,0898,DIV2K_valid_HR/0898.png,false,28,28,false,not_required,retain
img_2400x2400_3x8bit_C00C00_RGB_flowers,SAMPLING/8BIT/RGB/2400x2400/C00C00/img_2400x2400_3x8bit_C00C00_RGB_flowers.png,0899,DIV2K_valid_HR/0899.png,false,32,29,false,not_required,retain
img_2400x2400_3x8bit_C00C00_RGB_flowers,SAMPLING/8BIT/RGB/2400x2400/C00C00/img_2400x2400_3x8bit_C00C00_RGB_flowers.png,0900,DIV2K_valid_HR/0900.png,false,32,27,false,not_required,retain
img_2400x2400_3x8bit_C00C00_RGB_garden_table,SAMPLING/8BIT/RGB/2400x2400/C00C00/img_2400x2400_3x8bit_C00C00_RGB_garden_table.png,0805,DIV2K_valid_HR/0805.png,false,30,31,false,not_required,retain
img_2400x2400_3x8bit_C00C00_RGB_garden_table,SAMPLING/8BIT/RGB/2400x2400/C00C00/img_2400x2400_3x8bit_C00C00_RGB_garden_table.png,0806,DIV2K_valid_HR/0806.png,false,28,31,false,not_required,retain
img_2400x2400_3x8bit_C00C00_RGB_garden_table,SAMPLING/8BIT/RGB/2400x2400/C00C00/img_2400x2400_3x8bit_C00C00_RGB_garden_table.png,0807,DIV2K_valid_HR/0807.png,false,24,35,false,not_required,retain
img_2400x2400_3x8bit_C00C00_RGB_garden_table,SAMPLING/8BIT/RGB/2400x2400/C00C00/img_2400x2400_3x8bit_C00C00_RGB_garden_table.png,0808,DIV2K_valid_HR/0808.png,false,32,28,false,not_required,retain
img_2400x2400_3x8bit_C00C00_RGB_garden_table,SAMPLING/8BIT/RGB/2400x2400/C00C00/img_2400x2400_3x8bit_C00C00_RGB_garden_table.png,0809,DIV2K_valid_HR/0809.png,false,36,30,false,not_required,retain
img_2400x2400_3x8bit_C00C00_RGB_garden_table,SAMPLING/8BIT/RGB/2400x2400/C00C00/img_2400x2400_3x8bit_C00C00_RGB_garden_table.png,0810,DIV2K_valid_HR/0810.png,false,34,39,false,not_required,retain
img_2400x2400_3x8bit_C00C00_RGB_garden_table,SAMPLING/8BIT/RGB/2400x2400/C00C00/img_2400x2400_3x8bit_C00C00_RGB_garden_table.png,0811,DIV2K_valid_HR/0811.png,false,32,30,false,not_required,retain
img_2400x2400_3x8bit_C00C00_RGB_garden_table,SAMPLING/8BIT/RGB/2400x2400/C00C00/img_2400x2400_3x8bit_C00C00_RGB_garden_table.png,0812,DIV2K_valid_HR/0812.png,false,26,32,false,not_required,retain
img_2400x2400_3x8bit_C00C00_RGB_garden_table,SAMPLING/8BIT/RGB/2400x2400/C00C00/img_2400x2400_3x8bit_C00C00_RGB_garden_table.png,0813,DIV2K_valid_HR/0813.png,false,30,27,false,not_required,retain
img_2400x2400_3x8bit_C00C00_RGB_garden_table,SAMPLING/8BIT/RGB/2400x2400/C00C00/img_2400x2400_3x8bit_C00C00_RGB_garden_table.png,0814,DIV2K_valid_HR/0814.png,false,26,32,false,not_required,retain
img_2400x2400_3x8bit_C00C00_RGB_garden_table,SAMPLING/8BIT/RGB/2400x2400/C00C00/img_2400x2400_3x8bit_C00C00_RGB_garden_table.png,0815,DIV2K_valid_HR/0815.png,false,34,32,false,not_required,retain
img_2400x2400_3x8bit_C00C00_RGB_garden_table,SAMPLING/8BIT/RGB/2400x2400/C00C00/img_2400x2400_3x8bit_C00C00_RGB_garden_table.png,0816,DIV2K_valid_HR/0816.png,false,30,30,false,not_required,retain
img_2400x2400_3x8bit_C00C00_RGB_garden_table,SAMPLING/8BIT/RGB/2400x2400/C00C00/img_2400x2400_3x8bit_C00C00_RGB_garden_table.png,0817,DIV2K_valid_HR/0817.png,false,34,37,false,not_required,retain
img_2400x2400_3x8bit_C00C00_RGB_garden_table,SAMPLING/8BIT/RGB/2400x2400/C00C00/img_2400x2400_3x8bit_C00C00_RGB_garden_table.png,0818,DIV2K_valid_HR/0818.png,false,36,32,false,not_required,retain
img_2400x2400_3x8bit_C00C00_RGB_garden_table,SAMPLING/8BIT/RGB/2400x2400/C00C00/img_2400x2400_3x8bit_C00C00_RGB_garden_table.png,0819,DIV2K_valid_HR/0819.png,false,40,43,false,not_required,retain
img_2400x2400_3x8bit_C00C00_RGB_garden_table,SAMPLING/8BIT/RGB/2400x2400/C00C00/img_2400x2400_3x8bit_C00C00_RGB_garden_table.png,0820,DIV2K_valid_HR/0820.png,false,32,28,false,not_required,retain
img_2400x2400_3x8bit_C00C00_RGB_garden_table,SAMPLING/8BIT/RGB/2400x2400/C00C00/img_2400x2400_3x8bit_C00C00_RGB_garden_table.png,0821,DIV2K_valid_HR/0821.png,false,28,31,false,not_required,retain
img_2400x2400_3x8bit_C00C00_RGB_garden_table,SAMPLING/8BIT/RGB/2400x2400/C00C00/img_2400x2400_3x8bit_C00C00_RGB_garden_table.png,0822,DIV2K_valid_HR/0822.png,false,34,29,false,not_required,retain
img_2400x2400_3x8bit_C00C00_RGB_garden_table,SAMPLING/8BIT/RGB/2400x2400/C00C00/img_2400x2400_3x8bit_C00C00_RGB_garden_table.png,0823,DIV2K_valid_HR/0823.png,false,40,25,false,not_required,retain
img_2400x2400_3x8bit_C00C00_RGB_garden_table,SAMPLING/8BIT/RGB/2400x2400/C00C00/img_2400x2400_3x8bit_C00C00_RGB_garden_table.png,0824,DIV2K_valid_HR/0824.png,false,30,29,false,not_required,retain
img_2400x2400_3x8bit_C00C00_RGB_garden_table,SAMPLING/8BIT/RGB/2400x2400/C00C00/img_2400x2400_3x8bit_C00C00_RGB_garden_table.png,0825,DIV2K_valid_HR/0825.png,false,28,34,false,not_required,retain
img_2400x2400_3x8bit_C00C00_RGB_garden_table,SAMPLING/8BIT/RGB/2400x2400/C00C00/img_2400x2400_3x8bit_C00C00_RGB_garden_table.png,0826,DIV2K_valid_HR/0826.png,false,32,24,false,not_required,retain
img_2400x2400_3x8bit_C00C00_RGB_garden_table,SAMPLING/8BIT/RGB/2400x2400/C00C00/img_2400x2400_3x8bit_C00C00_RGB_garden_table.png,0827,DIV2K_valid_HR/0827.png,false,30,35,false,not_required,retain
img_2400x2400_3x8bit_C00C00_RGB_garden_table,SAMPLING/8BIT/RGB/2400x2400/C00C00/img_2400x2400_3x8bit_C00C00_RGB_garden_table.png,0828,DIV2K_valid_HR/0828.png,false,32,28,false,not_required,retain
img_2400x2400_3x8bit_C00C00_RGB_garden_table,SAMPLING/8BIT/RGB/2400x2400/C00C00/img_2400x2400_3x8bit_C00C00_RGB_garden_table.png,0829,DIV2K_valid_HR/0829.png,false,38,32,false,not_required,retain
img_2400x2400_3x8bit_C00C00_RGB_garden_table,SAMPLING/8BIT/RGB/2400x2400/C00C00/img_2400x2400_3x8bit_C00C00_RGB_garden_table.png,0830,DIV2K_valid_HR/0830.png,false,28,34,false,not_required,retain
img_2400x2400_3x8bit_C00C00_RGB_garden_table,SAMPLING/8BIT/RGB/2400x2400/C00C00/img_2400x2400_3x8bit_C00C00_RGB_garden_table.png,0831,DIV2K_valid_HR/0831.png,false,34,34,false,not_required,retain
img_2400x2400_3x8bit_C00C00_RGB_garden_table,SAMPLING/8BIT/RGB/2400x2400/C00C00/img_2400x2400_3x8bit_C00C00_RGB_garden_table.png,0832,DIV2K_valid_HR/0832.png,false,30,28,false,not_required,retain
img_2400x2400_3x8bit_C00C00_RGB_garden_table,SAMPLING/8BIT/RGB/2400x2400/C00C00/img_2400x2400_3x8bit_C00C00_RGB_garden_table.png,0833,DIV2K_valid_HR/0833.png,false,28,36,false,not_required,retain
img_2400x2400_3x8bit_C00C00_RGB_garden_table,SAMPLING/8BIT/RGB/2400x2400/C00C00/img_2400x2400_3x8bit_C00C00_RGB_garden_table.png,0834,DIV2K_valid_HR/0834.png,false,34,32,false,not_required,retain
img_2400x2400_3x8bit_C00C00_RGB_garden_table,SAMPLING/8BIT/RGB/2400x2400/C00C00/img_2400x2400_3x8bit_C00C00_RGB_garden_table.png,0835,DIV2K_valid_HR/0835.png,false,32,24,false,not_required,retain
img_2400x2400_3x8bit_C00C00_RGB_garden_table,SAMPLING/8BIT/RGB/2400x2400/C00C00/img_2400x2400_3x8bit_C00C00_RGB_garden_table.png,0836,DIV2K_valid_HR/0836.png,false,28,37,false,not_required,retain
img_2400x2400_3x8bit_C00C00_RGB_garden_table,SAMPLING/8BIT/RGB/2400x2400/C00C00/img_2400x2400_3x8bit_C00C00_RGB_garden_table.png,0837,DIV2K_valid_HR/0837.png,false,34,34,false,not_required,retain
img_2400x2400_3x8bit_C00C00_RGB_garden_table,SAMPLING/8BIT/RGB/2400x2400/C00C00/img_2400x2400_3x8bit_C00C00_RGB_garden_table.png,0838,DIV2K_valid_HR/0838.png,false,30,38,false,not_required,retain
img_2400x2400_3x8bit_C00C00_RGB_garden_table,SAMPLING/8BIT/RGB/2400x2400/C00C00/img_2400x2400_3x8bit_C00C00_RGB_garden_table.png,0839,DIV2K_valid_HR/0839.png,false,32,25,false,not_required,retain
img_2400x2400_3x8bit_C00C00_RGB_garden_table,SAMPLING/8BIT/RGB/2400x2400/C00C00/img_2400x2400_3x8bit_C00C00_RGB_garden_table.png,0840,DIV2K_valid_HR/0840.png,false,30,29,false,not_required,retain
img_2400x2400_3x8bit_C00C00_RGB_garden_table,SAMPLING/8BIT/RGB/2400x2400/C00C00/img_2400x2400_3x8bit_C00C00_RGB_garden_table.png,0841,DIV2K_valid_HR/0841.png,false,30,30,false,not_required,retain
img_2400x2400_3x8bit_C00C00_RGB_garden_table,SAMPLING/8BIT/RGB/2400x2400/C00C00/img_2400x2400_3x8bit_C00C00_RGB_garden_table.png,0842,DIV2K_valid_HR/0842.png,false,36,30,false,not_required,retain
img_2400x2400_3x8bit_C00C00_RGB_garden_table,SAMPLING/8BIT/RGB/2400x2400/C00C00/img_2400x2400_3x8bit_C00C00_RGB_garden_table.png,0843,DIV2K_valid_HR/0843.png,false,38,38,false,not_required,retain
img_2400x2400_3x8bit_C00C00_RGB_garden_table,SAMPLING/8BIT/RGB/2400x2400/C00C00/img_2400x2400_3x8bit_C00C00_RGB_garden_table.png,0844,DIV2K_valid_HR/0844.png,false,30,38,false,not_required,retain
img_2400x2400_3x8bit_C00C00_RGB_garden_table,SAMPLING/8BIT/RGB/2400x2400/C00C00/img_2400x2400_3x8bit_C00C00_RGB_garden_table.png,0845,DIV2K_valid_HR/0845.png,false,28,29,false,not_required,retain
img_2400x2400_3x8bit_C00C00_RGB_garden_table,SAMPLING/8BIT/RGB/2400x2400/C00C00/img_2400x2400_3x8bit_C00C00_RGB_garden_table.png,0846,DIV2K_valid_HR/0846.png,false,36,33,false,not_required,retain
img_2400x2400_3x8bit_C00C00_RGB_garden_table,SAMPLING/8BIT/RGB/2400x2400/C00C00/img_2400x2400_3x8bit_C00C00_RGB_garden_table.png,0847,DIV2K_valid_HR/0847.png,false,32,37,false,not_required,retain
img_2400x2400_3x8bit_C00C00_RGB_garden_table,SAMPLING/8BIT/RGB/2400x2400/C00C00/img_2400x2400_3x8bit_C00C00_RGB_garden_table.png,0848,DIV2K_valid_HR/0848.png,false,28,23,false,not_required,retain
img_2400x2400_3x8bit_C00C00_RGB_garden_table,SAMPLING/8BIT/RGB/2400x2400/C00C00/img_2400x2400_3x8bit_C00C00_RGB_garden_table.png,0849,DIV2K_valid_HR/0849.png,false,38,26,false,not_required,retain
img_2400x2400_3x8bit_C00C00_RGB_garden_table,SAMPLING/8BIT/RGB/2400x2400/C00C00/img_2400x2400_3x8bit_C00C00_RGB_garden_table.png,0850,DIV2K_valid_HR/0850.png,false,30,31,false,not_required,retain
img_2400x2400_3x8bit_C00C00_RGB_garden_table,SAMPLING/8BIT/RGB/2400x2400/C00C00/img_2400x2400_3x8bit_C00C00_RGB_garden_table.png,0851,DIV2K_valid_HR/0851.png,false,32,36,false,not_required,retain
img_2400x2400_3x8bit_C00C00_RGB_garden_table,SAMPLING/8BIT/RGB/2400x2400/C00C00/img_2400x2400_3x8bit_C00C00_RGB_garden_table.png,0852,DIV2K_valid_HR/0852.png,false,32,28,false,not_required,retain
img_2400x2400_3x8bit_C00C00_RGB_garden_table,SAMPLING/8BIT/RGB/2400x2400/C00C00/img_2400x2400_3x8bit_C00C00_RGB_garden_table.png,0853,DIV2K_valid_HR/0853.png,false,38,31,false,not_required,retain
img_2400x2400_3x8bit_C00C00_RGB_garden_table,SAMPLING/8BIT/RGB/2400x2400/C00C00/img_2400x2400_3x8bit_C00C00_RGB_garden_table.png,0854,DIV2K_valid_HR/0854.png,false,38,36,false,not_required,retain
img_2400x2400_3x8bit_C00C00_RGB_garden_table,SAMPLING/8BIT/RGB/2400x2400/C00C00/img_2400x2400_3x8bit_C00C00_RGB_garden_table.png,0855,DIV2K_valid_HR/0855.png,false,26,34,false,not_required,retain
img_2400x2400_3x8bit_C00C00_RGB_garden_table,SAMPLING/8BIT/RGB/2400x2400/C00C00/img_2400x2400_3x8bit_C00C00_RGB_garden_table.png,0856,DIV2K_valid_HR/0856.png,false,28,25,false,not_required,retain
img_2400x2400_3x8bit_C00C00_RGB_garden_table,SAMPLING/8BIT/RGB/2400x2400/C00C00/img_2400x2400_3x8bit_C00C00_RGB_garden_table.png,0857,DIV2K_valid_HR/0857.png,false,36,36,false,not_required,retain
img_2400x2400_3x8bit_C00C00_RGB_garden_table,SAMPLING/8BIT/RGB/2400x2400/C00C00/img_2400x2400_3x8bit_C00C00_RGB_garden_table.png,0858,DIV2K_valid_HR/0858.png,false,26,28,false,not_required,retain
img_2400x2400_3x8bit_C00C00_RGB_garden_table,SAMPLING/8BIT/RGB/2400x2400/C00C00/img_2400x2400_3x8bit_C00C00_RGB_garden_table.png,0859,DIV2K_valid_HR/0859.png,false,28,33,false,not_required,retain
img_2400x2400_3x8bit_C00C00_RGB_garden_table,SAMPLING/8BIT/RGB/2400x2400/C00C00/img_2400x2400_3x8bit_C00C00_RGB_garden_table.png,0860,DIV2K_valid_HR/0860.png,false,28,34,false,not_required,retain
img_2400x2400_3x8bit_C00C00_RGB_garden_table,SAMPLING/8BIT/RGB/2400x2400/C00C00/img_2400x2400_3x8bit_C00C00_RGB_garden_table.png,0861,DIV2K_valid_HR/0861.png,false,38,29,false,not_required,retain
img_2400x2400_3x8bit_C00C00_RGB_garden_table,SAMPLING/8BIT/RGB/2400x2400/C00C00/img_2400x2400_3x8bit_C00C00_RGB_garden_table.png,0862,DIV2K_valid_HR/0862.png,false,34,29,false,not_required,retain
img_2400x2400_3x8bit_C00C00_RGB_garden_table,SAMPLING/8BIT/RGB/2400x2400/C00C00/img_2400x2400_3x8bit_C00C00_RGB_garden_table.png,0863,DIV2K_valid_HR/0863.png,false,26,31,false,not_required,retain
img_2400x2400_3x8bit_C00C00_RGB_garden_table,SAMPLING/8BIT/RGB/2400x2400/C00C00/img_2400x2400_3x8bit_C00C00_RGB_garden_table.png,0864,DIV2K_valid_HR/0864.png,false,30,34,false,not_required,retain
img_2400x2400_3x8bit_C00C00_RGB_garden_table,SAMPLING/8BIT/RGB/2400x2400/C00C00/img_2400x2400_3x8bit_C00C00_RGB_garden_table.png,0865,DIV2K_valid_HR/0865.png,false,40,38,false,not_required,retain
img_2400x2400_3x8bit_C00C00_RGB_garden_table,SAMPLING/8BIT/RGB/2400x2400/C00C00/img_2400x2400_3x8bit_C00C00_RGB_garden_table.png,0866,DIV2K_valid_HR/0866.png,false,22,33,false,not_required,retain
img_2400x2400_3x8bit_C00C00_RGB_garden_table,SAMPLING/8BIT/RGB/2400x2400/C00C00/img_2400x2400_3x8bit_C00C00_RGB_garden_table.png,0867,DIV2K_valid_HR/0867.png,false,28,29,false,not_required,retain
img_2400x2400_3x8bit_C00C00_RGB_garden_table,SAMPLING/8BIT/RGB/2400x2400/C00C00/img_2400x2400_3x8bit_C00C00_RGB_garden_table.png,0868,DIV2K_valid_HR/0868.png,false,32,26,false,not_required,retain
img_2400x2400_3x8bit_C00C00_RGB_garden_table,SAMPLING/8BIT/RGB/2400x2400/C00C00/img_2400x2400_3x8bit_C00C00_RGB_garden_table.png,0869,DIV2K_valid_HR/0869.png,false,28,32,false,not_required,retain
img_2400x2400_3x8bit_C00C00_RGB_garden_table,SAMPLING/8BIT/RGB/2400x2400/C00C00/img_2400x2400_3x8bit_C00C00_RGB_garden_table.png,0870,DIV2K_valid_HR/0870.png,false,34,33,false,not_required,retain
img_2400x2400_3x8bit_C00C00_RGB_garden_table,SAMPLING/8BIT/RGB/2400x2400/C00C00/img_2400x2400_3x8bit_C00C00_RGB_garden_table.png,0871,DIV2K_valid_HR/0871.png,false,28,24,false,not_required,retain
img_2400x2400_3x8bit_C00C00_RGB_garden_table,SAMPLING/8BIT/RGB/2400x2400/C00C00/img_2400x2400_3x8bit_C00C00_RGB_garden_table.png,0872,DIV2K_valid_HR/0872.png,false,30,25,false,not_required,retain
img_2400x2400_3x8bit_C00C00_RGB_garden_table,SAMPLING/8BIT/RGB/2400x2400/C00C00/img_2400x2400_3x8bit_C00C00_RGB_garden_table.png,0873,DIV2K_valid_HR/0873.png,false,36,33,false,not_required,retain
img_2400x2400_3x8bit_C00C00_RGB_garden_table,SAMPLING/8BIT/RGB/2400x2400/C00C00/img_2400x2400_3x8bit_C00C00_RGB_garden_table.png,0874,DIV2K_valid_HR/0874.png,false,38,32,false,not_required,retain
img_2400x2400_3x8bit_C00C00_RGB_garden_table,SAMPLING/8BIT/RGB/2400x2400/C00C00/img_2400x2400_3x8bit_C00C00_RGB_garden_table.png,0875,DIV2K_valid_HR/0875.png,false,36,34,false,not_required,retain
img_2400x2400_3x8bit_C00C00_RGB_garden_table,SAMPLING/8BIT/RGB/2400x2400/C00C00/img_2400x2400_3x8bit_C00C00_RGB_garden_table.png,0876,DIV2K_valid_HR/0876.png,false,26,32,false,not_required,retain
img_2400x2400_3x8bit_C00C00_RGB_garden_table,SAMPLING/8BIT/RGB/2400x2400/C00C00/img_2400x2400_3x8bit_C00C00_RGB_garden_table.png,0877,DIV2K_valid_HR/0877.png,false,30,31,false,not_required,retain
img_2400x2400_3x8bit_C00C00_RGB_garden_table,SAMPLING/8BIT/RGB/2400x2400/C00C00/img_2400x2400_3x8bit_C00C00_RGB_garden_table.png,0878,DIV2K_valid_HR/0878.png,false,38,27,false,not_required,retain
img_2400x2400_3x8bit_C00C00_RGB_garden_table,SAMPLING/8BIT/RGB/2400x2400/C00C00/img_2400x2400_3x8bit_C00C00_RGB_garden_table.png,0879,DIV2K_valid_HR/0879.png,false,24,31,false,not_required,retain
img_2400x2400_3x8bit_C00C00_RGB_garden_table,SAMPLING/8BIT/RGB/2400x2400/C00C00/img_2400x2400_3x8bit_C00C00_RGB_garden_table.png,0880,DIV2K_valid_HR/0880.png,false,38,38,false,not_required,retain
img_2400x2400_3x8bit_C00C00_RGB_garden_table,SAMPLING/8BIT/RGB/2400x2400/C00C00/img_2400x2400_3x8bit_C00C00_RGB_garden_table.png,0881,DIV2K_valid_HR/0881.png,false,34,34,false,not_required,retain
img_2400x2400_3x8bit_C00C00_RGB_garden_table,SAMPLING/8BIT/RGB/2400x2400/C00C00/img_2400x2400_3x8bit_C00C00_RGB_garden_table.png,0882,DIV2K_valid_HR/0882.png,false,38,40,false,not_required,retain
img_2400x2400_3x8bit_C00C00_RGB_garden_table,SAMPLING/8BIT/RGB/2400x2400/C00C00/img_2400x2400_3x8bit_C00C00_RGB_garden_table.png,0883,DIV2K_valid_HR/0883.png,false,32,41,false,not_required,retain
img_2400x2400_3x8bit_C00C00_RGB_garden_table,SAMPLING/8BIT/RGB/2400x2400/C00C00/img_2400x2400_3x8bit_C00C00_RGB_garden_table.png,0884,DIV2K_valid_HR/0884.png,false,36,36,false,not_required,retain
img_2400x2400_3x8bit_C00C00_RGB_garden_table,SAMPLING/8BIT/RGB/2400x2400/C00C00/img_2400x2400_3x8bit_C00C00_RGB_garden_table.png,0885,DIV2K_valid_HR/0885.png,false,28,31,false,not_required,retain
img_2400x2400_3x8bit_C00C00_RGB_garden_table,SAMPLING/8BIT/RGB/2400x2400/C00C00/img_2400x2400_3x8bit_C00C00_RGB_garden_table.png,0886,DIV2K_valid_HR/0886.png,false,36,32,false,not_required,retain
img_2400x2400_3x8bit_C00C00_RGB_garden_table,SAMPLING/8BIT/RGB/2400x2400/C00C00/img_2400x2400_3x8bit_C00C00_RGB_garden_table.png,0887,DIV2K_valid_HR/0887.png,false,30,26,false,not_required,retain
img_2400x2400_3x8bit_C00C00_RGB_garden_table,SAMPLING/8BIT/RGB/2400x2400/C00C00/img_2400x2400_3x8bit_C00C00_RGB_garden_table.png,0888,DIV2K_valid_HR/0888.png,false,30,30,false,not_required,retain
img_2400x2400_3x8bit_C00C00_RGB_garden_table,SAMPLING/8BIT/RGB/2400x2400/C00C00/img_2400x2400_3x8bit_C00C00_RGB_garden_table.png,0889,DIV2K_valid_HR/0889.png,false,30,36,false,not_required,retain
img_2400x2400_3x8bit_C00C00_RGB_garden_table,SAMPLING/8BIT/RGB/2400x2400/C00C00/img_2400x2400_3x8bit_C00C00_RGB_garden_table.png,0890,DIV2K_valid_HR/0890.png,false,24,33,false,not_required,retain
img_2400x2400_3x8bit_C00C00_RGB_garden_table,SAMPLING/8BIT/RGB/2400x2400/C00C00/img_2400x2400_3x8bit_C00C00_RGB_garden_table.png,0891,DIV2K_valid_HR/0891.png,false,30,29,false,not_required,retain
img_2400x2400_3x8bit_C00C00_RGB_garden_table,SAMPLING/8BIT/RGB/2400x2400/C00C00/img_2400x2400_3x8bit_C00C00_RGB_garden_table.png,0892,DIV2K_valid_HR/0892.png,false,36,30,false,not_required,retain
img_2400x2400_3x8bit_C00C00_RGB_garden_table,SAMPLING/8BIT/RGB/2400x2400/C00C00/img_2400x2400_3x8bit_C00C00_RGB_garden_table.png,0893,DIV2K_valid_HR/0893.png,false,30,30,false,not_required,retain
img_2400x2400_3x8bit_C00C00_RGB_garden_table,SAMPLING/8BIT/RGB/2400x2400/C00C00/img_2400x2400_3x8bit_C00C00_RGB_garden_table.png,0894,DIV2K_valid_HR/0894.png,false,38,32,false,not_required,retain
img_2400x2400_3x8bit_C00C00_RGB_garden_table,SAMPLING/8BIT/RGB/2400x2400/C00C00/img_2400x2400_3x8bit_C00C00_RGB_garden_table.png,0895,DIV2K_valid_HR/0895.png,false,32,37,false,not_required,retain
img_2400x2400_3x8bit_C00C00_RGB_garden_table,SAMPLING/8BIT/RGB/2400x2400/C00C00/img_2400x2400_3x8bit_C00C00_RGB_garden_table.png,0896,DIV2K_valid_HR/0896.png,false,32,25,false,not_required,retain
img_2400x2400_3x8bit_C00C00_RGB_garden_table,SAMPLING/8BIT/RGB/2400x2400/C00C00/img_2400x2400_3x8bit_C00C00_RGB_garden_table.png,0897,DIV2K_valid_HR/0897.png,false,32,37,false,not_required,retain
img_2400x2400_3x8bit_C00C00_RGB_garden_table,SAMPLING/8BIT/RGB/2400x2400/C00C00/img_2400x2400_3x8bit_C00C00_RGB_garden_table.png,0898,DIV2K_valid_HR/0898.png,false,32,27,false,not_required,retain
img_2400x2400_3x8bit_C00C00_RGB_garden_table,SAMPLING/8BIT/RGB/2400x2400/C00C00/img_2400x2400_3x8bit_C00C00_RGB_garden_table.png,0899,DIV2K_valid_HR/0899.png,false,30,34,false,not_required,retain
img_2400x2400_3x8bit_C00C00_RGB_garden_table,SAMPLING/8BIT/RGB/2400x2400/C00C00/img_2400x2400_3x8bit_C00C00_RGB_garden_table.png,0900,DIV2K_valid_HR/0900.png,false,38,34,false,not_required,retain
img_2400x2400_3x8bit_C00C00_RGB_guitar_bridge,SAMPLING/8BIT/RGB/2400x2400/C00C00/img_2400x2400_3x8bit_C00C00_RGB_guitar_bridge.png,0805,DIV2K_valid_HR/0805.png,false,24,20,false,not_required,retain
img_2400x2400_3x8bit_C00C00_RGB_guitar_bridge,SAMPLING/8BIT/RGB/2400x2400/C00C00/img_2400x2400_3x8bit_C00C00_RGB_guitar_bridge.png,0806,DIV2K_valid_HR/0806.png,false,42,40,false,not_required,retain
img_2400x2400_3x8bit_C00C00_RGB_guitar_bridge,SAMPLING/8BIT/RGB/2400x2400/C00C00/img_2400x2400_3x8bit_C00C00_RGB_guitar_bridge.png,0807,DIV2K_valid_HR/0807.png,false,34,42,false,not_required,retain
img_2400x2400_3x8bit_C00C00_RGB_guitar_bridge,SAMPLING/8BIT/RGB/2400x2400/C00C00/img_2400x2400_3x8bit_C00C00_RGB_guitar_bridge.png,0808,DIV2K_valid_HR/0808.png,false,34,31,false,not_required,retain
img_2400x2400_3x8bit_C00C00_RGB_guitar_bridge,SAMPLING/8BIT/RGB/2400x2400/C00C00/img_2400x2400_3x8bit_C00C00_RGB_guitar_bridge.png,0809,DIV2K_valid_HR/0809.png,false,34,37,false,not_required,retain
img_2400x2400_3x8bit_C00C00_RGB_guitar_bridge,SAMPLING/8BIT/RGB/2400x2400/C00C00/img_2400x2400_3x8bit_C00C00_RGB_guitar_bridge.png,0810,DIV2K_valid_HR/0810.png,false,32,40,false,not_required,retain
img_2400x2400_3x8bit_C00C00_RGB_guitar_bridge,SAMPLING/8BIT/RGB/2400x2400/C00C00/img_2400x2400_3x8bit_C00C00_RGB_guitar_bridge.png,0811,DIV2K_valid_HR/0811.png,false,30,31,false,not_required,retain
img_2400x2400_3x8bit_C00C00_RGB_guitar_bridge,SAMPLING/8BIT/RGB/2400x2400/C00C00/img_2400x2400_3x8bit_C00C00_RGB_guitar_bridge.png,0812,DIV2K_valid_HR/0812.png,false,22,21,false,not_required,retain
img_2400x2400_3x8bit_C00C00_RGB_guitar_bridge,SAMPLING/8BIT/RGB/2400x2400/C00C00/img_2400x2400_3x8bit_C00C00_RGB_guitar_bridge.png,0813,DIV2K_valid_HR/0813.png,false,32,26,false,not_required,retain
img_2400x2400_3x8bit_C00C00_RGB_guitar_bridge,SAMPLING/8BIT/RGB/2400x2400/C00C00/img_2400x2400_3x8bit_C00C00_RGB_guitar_bridge.png,0814,DIV2K_valid_HR/0814.png,false,34,37,false,not_required,retain
img_2400x2400_3x8bit_C00C00_RGB_guitar_bridge,SAMPLING/8BIT/RGB/2400x2400/C00C00/img_2400x2400_3x8bit_C00C00_RGB_guitar_bridge.png,0815,DIV2K_valid_HR/0815.png,false,38,29,false,not_required,retain
img_2400x2400_3x8bit_C00C00_RGB_guitar_bridge,SAMPLING/8BIT/RGB/2400x2400/C00C00/img_2400x2400_3x8bit_C00C00_RGB_guitar_bridge.png,0816,DIV2K_valid_HR/0816.png,false,30,35,false,not_required,retain
img_2400x2400_3x8bit_C00C00_RGB_guitar_bridge,SAMPLING/8BIT/RGB/2400x2400/C00C00/img_2400x2400_3x8bit_C00C00_RGB_guitar_bridge.png,0817,DIV2K_valid_HR/0817.png,false,32,36,false,not_required,retain
img_2400x2400_3x8bit_C00C00_RGB_guitar_bridge,SAMPLING/8BIT/RGB/2400x2400/C00C00/img_2400x2400_3x8bit_C00C00_RGB_guitar_bridge.png,0818,DIV2K_valid_HR/0818.png,false,36,37,false,not_required,retain
img_2400x2400_3x8bit_C00C00_RGB_guitar_bridge,SAMPLING/8BIT/RGB/2400x2400/C00C00/img_2400x2400_3x8bit_C00C00_RGB_guitar_bridge.png,0819,DIV2K_valid_HR/0819.png,false,32,38,false,not_required,retain
img_2400x2400_3x8bit_C00C00_RGB_guitar_bridge,SAMPLING/8BIT/RGB/2400x2400/C00C00/img_2400x2400_3x8bit_C00C00_RGB_guitar_bridge.png,0820,DIV2K_valid_HR/0820.png,false,28,27,false,not_required,retain
img_2400x2400_3x8bit_C00C00_RGB_guitar_bridge,SAMPLING/8BIT/RGB/2400x2400/C00C00/img_2400x2400_3x8bit_C00C00_RGB_guitar_bridge.png,0821,DIV2K_valid_HR/0821.png,false,24,28,false,not_required,retain
img_2400x2400_3x8bit_C00C00_RGB_guitar_bridge,SAMPLING/8BIT/RGB/2400x2400/C00C00/img_2400x2400_3x8bit_C00C00_RGB_guitar_bridge.png,0822,DIV2K_valid_HR/0822.png,false,36,36,false,not_required,retain
img_2400x2400_3x8bit_C00C00_RGB_guitar_bridge,SAMPLING/8BIT/RGB/2400x2400/C00C00/img_2400x2400_3x8bit_C00C00_RGB_guitar_bridge.png,0823,DIV2K_valid_HR/0823.png,false,30,22,false,not_required,retain
img_2400x2400_3x8bit_C00C00_RGB_guitar_bridge,SAMPLING/8BIT/RGB/2400x2400/C00C00/img_2400x2400_3x8bit_C00C00_RGB_guitar_bridge.png,0824,DIV2K_valid_HR/0824.png,false,38,24,false,not_required,retain
img_2400x2400_3x8bit_C00C00_RGB_guitar_bridge,SAMPLING/8BIT/RGB/2400x2400/C00C00/img_2400x2400_3x8bit_C00C00_RGB_guitar_bridge.png,0825,DIV2K_valid_HR/0825.png,false,34,35,false,not_required,retain
img_2400x2400_3x8bit_C00C00_RGB_guitar_bridge,SAMPLING/8BIT/RGB/2400x2400/C00C00/img_2400x2400_3x8bit_C00C00_RGB_guitar_bridge.png,0826,DIV2K_valid_HR/0826.png,false,30,31,false,not_required,retain
img_2400x2400_3x8bit_C00C00_RGB_guitar_bridge,SAMPLING/8BIT/RGB/2400x2400/C00C00/img_2400x2400_3x8bit_C00C00_RGB_guitar_bridge.png,0827,DIV2K_valid_HR/0827.png,false,32,36,false,not_required,retain
img_2400x2400_3x8bit_C00C00_RGB_guitar_bridge,SAMPLING/8BIT/RGB/2400x2400/C00C00/img_2400x2400_3x8bit_C00C00_RGB_guitar_bridge.png,0828,DIV2K_valid_HR/0828.png,false,26,35,false,not_required,retain
img_2400x2400_3x8bit_C00C00_RGB_guitar_bridge,SAMPLING/8BIT/RGB/2400x2400/C00C00/img_2400x2400_3x8bit_C00C00_RGB_guitar_bridge.png,0829,DIV2K_valid_HR/0829.png,false,36,27,false,not_required,retain
img_2400x2400_3x8bit_C00C00_RGB_guitar_bridge,SAMPLING/8BIT/RGB/2400x2400/C00C00/img_2400x2400_3x8bit_C00C00_RGB_guitar_bridge.png,0830,DIV2K_valid_HR/0830.png,false,32,35,false,not_required,retain
img_2400x2400_3x8bit_C00C00_RGB_guitar_bridge,SAMPLING/8BIT/RGB/2400x2400/C00C00/img_2400x2400_3x8bit_C00C00_RGB_guitar_bridge.png,0831,DIV2K_valid_HR/0831.png,false,34,29,false,not_required,retain
img_2400x2400_3x8bit_C00C00_RGB_guitar_bridge,SAMPLING/8BIT/RGB/2400x2400/C00C00/img_2400x2400_3x8bit_C00C00_RGB_guitar_bridge.png,0832,DIV2K_valid_HR/0832.png,false,26,29,false,not_required,retain
img_2400x2400_3x8bit_C00C00_RGB_guitar_bridge,SAMPLING/8BIT/RGB/2400x2400/C00C00/img_2400x2400_3x8bit_C00C00_RGB_guitar_bridge.png,0833,DIV2K_valid_HR/0833.png,false,34,37,false,not_required,retain
img_2400x2400_3x8bit_C00C00_RGB_guitar_bridge,SAMPLING/8BIT/RGB/2400x2400/C00C00/img_2400x2400_3x8bit_C00C00_RGB_guitar_bridge.png,0834,DIV2K_valid_HR/0834.png,false,32,29,false,not_required,retain
img_2400x2400_3x8bit_C00C00_RGB_guitar_bridge,SAMPLING/8BIT/RGB/2400x2400/C00C00/img_2400x2400_3x8bit_C00C00_RGB_guitar_bridge.png,0835,DIV2K_valid_HR/0835.png,false,30,17,false,not_required,retain
img_2400x2400_3x8bit_C00C00_RGB_guitar_bridge,SAMPLING/8BIT/RGB/2400x2400/C00C00/img_2400x2400_3x8bit_C00C00_RGB_guitar_bridge.png,0836,DIV2K_valid_HR/0836.png,false,34,36,false,not_required,retain
img_2400x2400_3x8bit_C00C00_RGB_guitar_bridge,SAMPLING/8BIT/RGB/2400x2400/C00C00/img_2400x2400_3x8bit_C00C00_RGB_guitar_bridge.png,0837,DIV2K_valid_HR/0837.png,false,30,29,false,not_required,retain
img_2400x2400_3x8bit_C00C00_RGB_guitar_bridge,SAMPLING/8BIT/RGB/2400x2400/C00C00/img_2400x2400_3x8bit_C00C00_RGB_guitar_bridge.png,0838,DIV2K_valid_HR/0838.png,false,36,25,false,not_required,retain
img_2400x2400_3x8bit_C00C00_RGB_guitar_bridge,SAMPLING/8BIT/RGB/2400x2400/C00C00/img_2400x2400_3x8bit_C00C00_RGB_guitar_bridge.png,0839,DIV2K_valid_HR/0839.png,false,34,28,false,not_required,retain
img_2400x2400_3x8bit_C00C00_RGB_guitar_bridge,SAMPLING/8BIT/RGB/2400x2400/C00C00/img_2400x2400_3x8bit_C00C00_RGB_guitar_bridge.png,0840,DIV2K_valid_HR/0840.png,false,28,30,false,not_required,retain
img_2400x2400_3x8bit_C00C00_RGB_guitar_bridge,SAMPLING/8BIT/RGB/2400x2400/C00C00/img_2400x2400_3x8bit_C00C00_RGB_guitar_bridge.png,0841,DIV2K_valid_HR/0841.png,false,30,25,false,not_required,retain
img_2400x2400_3x8bit_C00C00_RGB_guitar_bridge,SAMPLING/8BIT/RGB/2400x2400/C00C00/img_2400x2400_3x8bit_C00C00_RGB_guitar_bridge.png,0842,DIV2K_valid_HR/0842.png,false,34,27,false,not_required,retain
img_2400x2400_3x8bit_C00C00_RGB_guitar_bridge,SAMPLING/8BIT/RGB/2400x2400/C00C00/img_2400x2400_3x8bit_C00C00_RGB_guitar_bridge.png,0843,DIV2K_valid_HR/0843.png,false,34,41,false,not_required,retain
img_2400x2400_3x8bit_C00C00_RGB_guitar_bridge,SAMPLING/8BIT/RGB/2400x2400/C00C00/img_2400x2400_3x8bit_C00C00_RGB_guitar_bridge.png,0844,DIV2K_valid_HR/0844.png,false,24,27,false,not_required,retain
img_2400x2400_3x8bit_C00C00_RGB_guitar_bridge,SAMPLING/8BIT/RGB/2400x2400/C00C00/img_2400x2400_3x8bit_C00C00_RGB_guitar_bridge.png,0845,DIV2K_valid_HR/0845.png,false,30,22,false,not_required,retain
img_2400x2400_3x8bit_C00C00_RGB_guitar_bridge,SAMPLING/8BIT/RGB/2400x2400/C00C00/img_2400x2400_3x8bit_C00C00_RGB_guitar_bridge.png,0846,DIV2K_valid_HR/0846.png,false,34,32,false,not_required,retain
img_2400x2400_3x8bit_C00C00_RGB_guitar_bridge,SAMPLING/8BIT/RGB/2400x2400/C00C00/img_2400x2400_3x8bit_C00C00_RGB_guitar_bridge.png,0847,DIV2K_valid_HR/0847.png,false,34,38,false,not_required,retain
img_2400x2400_3x8bit_C00C00_RGB_guitar_bridge,SAMPLING/8BIT/RGB/2400x2400/C00C00/img_2400x2400_3x8bit_C00C00_RGB_guitar_bridge.png,0848,DIV2K_valid_HR/0848.png,false,24,22,false,not_required,retain
img_2400x2400_3x8bit_C00C00_RGB_guitar_bridge,SAMPLING/8BIT/RGB/2400x2400/C00C00/img_2400x2400_3x8bit_C00C00_RGB_guitar_bridge.png,0849,DIV2K_valid_HR/0849.png,false,30,31,false,not_required,retain
img_2400x2400_3x8bit_C00C00_RGB_guitar_bridge,SAMPLING/8BIT/RGB/2400x2400/C00C00/img_2400x2400_3x8bit_C00C00_RGB_guitar_bridge.png,0850,DIV2K_valid_HR/0850.png,false,38,34,false,not_required,retain
img_2400x2400_3x8bit_C00C00_RGB_guitar_bridge,SAMPLING/8BIT/RGB/2400x2400/C00C00/img_2400x2400_3x8bit_C00C00_RGB_guitar_bridge.png,0851,DIV2K_valid_HR/0851.png,false,28,25,false,not_required,retain
img_2400x2400_3x8bit_C00C00_RGB_guitar_bridge,SAMPLING/8BIT/RGB/2400x2400/C00C00/img_2400x2400_3x8bit_C00C00_RGB_guitar_bridge.png,0852,DIV2K_valid_HR/0852.png,false,24,37,false,not_required,retain
img_2400x2400_3x8bit_C00C00_RGB_guitar_bridge,SAMPLING/8BIT/RGB/2400x2400/C00C00/img_2400x2400_3x8bit_C00C00_RGB_guitar_bridge.png,0853,DIV2K_valid_HR/0853.png,false,36,32,false,not_required,retain
img_2400x2400_3x8bit_C00C00_RGB_guitar_bridge,SAMPLING/8BIT/RGB/2400x2400/C00C00/img_2400x2400_3x8bit_C00C00_RGB_guitar_bridge.png,0854,DIV2K_valid_HR/0854.png,false,30,31,false,not_required,retain
img_2400x2400_3x8bit_C00C00_RGB_guitar_bridge,SAMPLING/8BIT/RGB/2400x2400/C00C00/img_2400x2400_3x8bit_C00C00_RGB_guitar_bridge.png,0855,DIV2K_valid_HR/0855.png,false,34,45,false,not_required,retain
img_2400x2400_3x8bit_C00C00_RGB_guitar_bridge,SAMPLING/8BIT/RGB/2400x2400/C00C00/img_2400x2400_3x8bit_C00C00_RGB_guitar_bridge.png,0856,DIV2K_valid_HR/0856.png,false,34,34,false,not_required,retain
img_2400x2400_3x8bit_C00C00_RGB_guitar_bridge,SAMPLING/8BIT/RGB/2400x2400/C00C00/img_2400x2400_3x8bit_C00C00_RGB_guitar_bridge.png,0857,DIV2K_valid_HR/0857.png,false,30,33,false,not_required,retain
img_2400x2400_3x8bit_C00C00_RGB_guitar_bridge,SAMPLING/8BIT/RGB/2400x2400/C00C00/img_2400x2400_3x8bit_C00C00_RGB_guitar_bridge.png,0858,DIV2K_valid_HR/0858.png,false,36,37,false,not_required,retain
img_2400x2400_3x8bit_C00C00_RGB_guitar_bridge,SAMPLING/8BIT/RGB/2400x2400/C00C00/img_2400x2400_3x8bit_C00C00_RGB_guitar_bridge.png,0859,DIV2K_valid_HR/0859.png,false,28,30,false,not_required,retain
img_2400x2400_3x8bit_C00C00_RGB_guitar_bridge,SAMPLING/8BIT/RGB/2400x2400/C00C00/img_2400x2400_3x8bit_C00C00_RGB_guitar_bridge.png,0860,DIV2K_valid_HR/0860.png,false,30,31,false,not_required,retain
img_2400x2400_3x8bit_C00C00_RGB_guitar_bridge,SAMPLING/8BIT/RGB/2400x2400/C00C00/img_2400x2400_3x8bit_C00C00_RGB_guitar_bridge.png,0861,DIV2K_valid_HR/0861.png,false,32,36,false,not_required,retain
img_2400x2400_3x8bit_C00C00_RGB_guitar_bridge,SAMPLING/8BIT/RGB/2400x2400/C00C00/img_2400x2400_3x8bit_C00C00_RGB_guitar_bridge.png,0862,DIV2K_valid_HR/0862.png,false,30,26,false,not_required,retain
img_2400x2400_3x8bit_C00C00_RGB_guitar_bridge,SAMPLING/8BIT/RGB/2400x2400/C00C00/img_2400x2400_3x8bit_C00C00_RGB_guitar_bridge.png,0863,DIV2K_valid_HR/0863.png,false,40,36,false,not_required,retain
img_2400x2400_3x8bit_C00C00_RGB_guitar_bridge,SAMPLING/8BIT/RGB/2400x2400/C00C00/img_2400x2400_3x8bit_C00C00_RGB_guitar_bridge.png,0864,DIV2K_valid_HR/0864.png,false,30,37,false,not_required,retain
img_2400x2400_3x8bit_C00C00_RGB_guitar_bridge,SAMPLING/8BIT/RGB/2400x2400/C00C00/img_2400x2400_3x8bit_C00C00_RGB_guitar_bridge.png,0865,DIV2K_valid_HR/0865.png,false,32,31,false,not_required,retain
img_2400x2400_3x8bit_C00C00_RGB_guitar_bridge,SAMPLING/8BIT/RGB/2400x2400/C00C00/img_2400x2400_3x8bit_C00C00_RGB_guitar_bridge.png,0866,DIV2K_valid_HR/0866.png,false,38,32,false,not_required,retain
img_2400x2400_3x8bit_C00C00_RGB_guitar_bridge,SAMPLING/8BIT/RGB/2400x2400/C00C00/img_2400x2400_3x8bit_C00C00_RGB_guitar_bridge.png,0867,DIV2K_valid_HR/0867.png,false,24,30,false,not_required,retain
img_2400x2400_3x8bit_C00C00_RGB_guitar_bridge,SAMPLING/8BIT/RGB/2400x2400/C00C00/img_2400x2400_3x8bit_C00C00_RGB_guitar_bridge.png,0868,DIV2K_valid_HR/0868.png,false,28,15,false,not_required,retain
img_2400x2400_3x8bit_C00C00_RGB_guitar_bridge,SAMPLING/8BIT/RGB/2400x2400/C00C00/img_2400x2400_3x8bit_C00C00_RGB_guitar_bridge.png,0869,DIV2K_valid_HR/0869.png,false,34,27,false,not_required,retain
img_2400x2400_3x8bit_C00C00_RGB_guitar_bridge,SAMPLING/8BIT/RGB/2400x2400/C00C00/img_2400x2400_3x8bit_C00C00_RGB_guitar_bridge.png,0870,DIV2K_valid_HR/0870.png,false,30,24,false,not_required,retain
img_2400x2400_3x8bit_C00C00_RGB_guitar_bridge,SAMPLING/8BIT/RGB/2400x2400/C00C00/img_2400x2400_3x8bit_C00C00_RGB_guitar_bridge.png,0871,DIV2K_valid_HR/0871.png,false,28,31,false,not_required,retain
img_2400x2400_3x8bit_C00C00_RGB_guitar_bridge,SAMPLING/8BIT/RGB/2400x2400/C00C00/img_2400x2400_3x8bit_C00C00_RGB_guitar_bridge.png,0872,DIV2K_valid_HR/0872.png,false,22,32,false,not_required,retain
img_2400x2400_3x8bit_C00C00_RGB_guitar_bridge,SAMPLING/8BIT/RGB/2400x2400/C00C00/img_2400x2400_3x8bit_C00C00_RGB_guitar_bridge.png,0873,DIV2K_valid_HR/0873.png,false,36,36,false,not_required,retain
img_2400x2400_3x8bit_C00C00_RGB_guitar_bridge,SAMPLING/8BIT/RGB/2400x2400/C00C00/img_2400x2400_3x8bit_C00C00_RGB_guitar_bridge.png,0874,DIV2K_valid_HR/0874.png,false,32,43,false,not_required,retain
img_2400x2400_3x8bit_C00C00_RGB_guitar_bridge,SAMPLING/8BIT/RGB/2400x2400/C00C00/img_2400x2400_3x8bit_C00C00_RGB_guitar_bridge.png,0875,DIV2K_valid_HR/0875.png,false,30,39,false,not_required,retain
img_2400x2400_3x8bit_C00C00_RGB_guitar_bridge,SAMPLING/8BIT/RGB/2400x2400/C00C00/img_2400x2400_3x8bit_C00C00_RGB_guitar_bridge.png,0876,DIV2K_valid_HR/0876.png,false,34,35,false,not_required,retain
img_2400x2400_3x8bit_C00C00_RGB_guitar_bridge,SAMPLING/8BIT/RGB/2400x2400/C00C00/img_2400x2400_3x8bit_C00C00_RGB_guitar_bridge.png,0877,DIV2K_valid_HR/0877.png,false,36,36,false,not_required,retain
img_2400x2400_3x8bit_C00C00_RGB_guitar_bridge,SAMPLING/8BIT/RGB/2400x2400/C00C00/img_2400x2400_3x8bit_C00C00_RGB_guitar_bridge.png,0878,DIV2K_valid_HR/0878.png,false,16,16,false,not_required,retain
img_2400x2400_3x8bit_C00C00_RGB_guitar_bridge,SAMPLING/8BIT/RGB/2400x2400/C00C00/img_2400x2400_3x8bit_C00C00_RGB_guitar_bridge.png,0879,DIV2K_valid_HR/0879.png,false,44,38,false,not_required,retain
img_2400x2400_3x8bit_C00C00_RGB_guitar_bridge,SAMPLING/8BIT/RGB/2400x2400/C00C00/img_2400x2400_3x8bit_C00C00_RGB_guitar_bridge.png,0880,DIV2K_valid_HR/0880.png,false,24,39,false,not_required,retain
img_2400x2400_3x8bit_C00C00_RGB_guitar_bridge,SAMPLING/8BIT/RGB/2400x2400/C00C00/img_2400x2400_3x8bit_C00C00_RGB_guitar_bridge.png,0881,DIV2K_valid_HR/0881.png,false,30,33,false,not_required,retain
img_2400x2400_3x8bit_C00C00_RGB_guitar_bridge,SAMPLING/8BIT/RGB/2400x2400/C00C00/img_2400x2400_3x8bit_C00C00_RGB_guitar_bridge.png,0882,DIV2K_valid_HR/0882.png,false,32,35,false,not_required,retain
img_2400x2400_3x8bit_C00C00_RGB_guitar_bridge,SAMPLING/8BIT/RGB/2400x2400/C00C00/img_2400x2400_3x8bit_C00C00_RGB_guitar_bridge.png,0883,DIV2K_valid_HR/0883.png,false,40,32,false,not_required,retain
img_2400x2400_3x8bit_C00C00_RGB_guitar_bridge,SAMPLING/8BIT/RGB/2400x2400/C00C00/img_2400x2400_3x8bit_C00C00_RGB_guitar_bridge.png,0884,DIV2K_valid_HR/0884.png,false,34,35,false,not_required,retain
img_2400x2400_3x8bit_C00C00_RGB_guitar_bridge,SAMPLING/8BIT/RGB/2400x2400/C00C00/img_2400x2400_3x8bit_C00C00_RGB_guitar_bridge.png,0885,DIV2K_valid_HR/0885.png,false,28,26,false,not_required,retain
img_2400x2400_3x8bit_C00C00_RGB_guitar_bridge,SAMPLING/8BIT/RGB/2400x2400/C00C00/img_2400x2400_3x8bit_C00C00_RGB_guitar_bridge.png,0886,DIV2K_valid_HR/0886.png,false,34,31,false,not_required,retain
img_2400x2400_3x8bit_C00C00_RGB_guitar_bridge,SAMPLING/8BIT/RGB/2400x2400/C00C00/img_2400x2400_3x8bit_C00C00_RGB_guitar_bridge.png,0887,DIV2K_valid_HR/0887.png,false,34,33,false,not_required,retain
img_2400x2400_3x8bit_C00C00_RGB_guitar_bridge,SAMPLING/8BIT/RGB/2400x2400/C00C00/img_2400x2400_3x8bit_C00C00_RGB_guitar_bridge.png,0888,DIV2K_valid_HR/0888.png,false,32,29,false,not_required,retain
img_2400x2400_3x8bit_C00C00_RGB_guitar_bridge,SAMPLING/8BIT/RGB/2400x2400/C00C00/img_2400x2400_3x8bit_C00C00_RGB_guitar_bridge.png,0889,DIV2K_valid_HR/0889.png,false,32,49,false,not_required,retain
img_2400x2400_3x8bit_C00C00_RGB_guitar_bridge,SAMPLING/8BIT/RGB/2400x2400/C00C00/img_2400x2400_3x8bit_C00C00_RGB_guitar_bridge.png,0890,DIV2K_valid_HR/0890.png,false,36,24,false,not_required,retain
img_2400x2400_3x8bit_C00C00_RGB_guitar_bridge,SAMPLING/8BIT/RGB/2400x2400/C00C00/img_2400x2400_3x8bit_C00C00_RGB_guitar_bridge.png,0891,DIV2K_valid_HR/0891.png,false,30,34,false,not_required,retain
img_2400x2400_3x8bit_C00C00_RGB_guitar_bridge,SAMPLING/8BIT/RGB/2400x2400/C00C00/img_2400x2400_3x8bit_C00C00_RGB_guitar_bridge.png,0892,DIV2K_valid_HR/0892.png,false,34,29,false,not_required,retain
img_2400x2400_3x8bit_C00C00_RGB_guitar_bridge,SAMPLING/8BIT/RGB/2400x2400/C00C00/img_2400x2400_3x8bit_C00C00_RGB_guitar_bridge.png,0893,DIV2K_valid_HR/0893.png,false,36,31,false,not_required,retain
img_2400x2400_3x8bit_C00C00_RGB_guitar_bridge,SAMPLING/8BIT/RGB/2400x2400/C00C00/img_2400x2400_3x8bit_C00C00_RGB_guitar_bridge.png,0894,DIV2K_valid_HR/0894.png,false,32,21,false,not_required,retain
img_2400x2400_3x8bit_C00C00_RGB_guitar_bridge,SAMPLING/8BIT/RGB/2400x2400/C00C00/img_2400x2400_3x8bit_C00C00_RGB_guitar_bridge.png,0895,DIV2K_valid_HR/0895.png,false,32,32,false,not_required,retain
img_2400x2400_3x8bit_C00C00_RGB_guitar_bridge,SAMPLING/8BIT/RGB/2400x2400/C00C00/img_2400x2400_3x8bit_C00C00_RGB_guitar_bridge.png,0896,DIV2K_valid_HR/0896.png,false,38,30,false,not_required,retain
img_2400x2400_3x8bit_C00C00_RGB_guitar_bridge,SAMPLING/8BIT/RGB/2400x2400/C00C00/img_2400x2400_3x8bit_C00C00_RGB_guitar_bridge.png,0897,DIV2K_valid_HR/0897.png,false,30,36,false,not_required,retain
img_2400x2400_3x8bit_C00C00_RGB_guitar_bridge,SAMPLING/8BIT/RGB/2400x2400/C00C00/img_2400x2400_3x8bit_C00C00_RGB_guitar_bridge.png,0898,DIV2K_valid_HR/0898.png,false,28,28,false,not_required,retain
img_2400x2400_3x8bit_C00C00_RGB_guitar_bridge,SAMPLING/8BIT/RGB/2400x2400/C00C00/img_2400x2400_3x8bit_C00C00_RGB_guitar_bridge.png,0899,DIV2K_valid_HR/0899.png,false,32,31,false,not_required,retain
img_2400x2400_3x8bit_C00C00_RGB_guitar_bridge,SAMPLING/8BIT/RGB/2400x2400/C00C00/img_2400x2400_3x8bit_C00C00_RGB_guitar_bridge.png,0900,DIV2K_valid_HR/0900.png,false,38,41,false,not_required,retain
img_2400x2400_3x8bit_C00C00_RGB_guitar_fret,SAMPLING/8BIT/RGB/2400x2400/C00C00/img_2400x2400_3x8bit_C00C00_RGB_guitar_fret.png,0805,DIV2K_valid_HR/0805.png,false,34,33,false,not_required,retain
img_2400x2400_3x8bit_C00C00_RGB_guitar_fret,SAMPLING/8BIT/RGB/2400x2400/C00C00/img_2400x2400_3x8bit_C00C00_RGB_guitar_fret.png,0806,DIV2K_valid_HR/0806.png,false,28,25,false,not_required,retain
img_2400x2400_3x8bit_C00C00_RGB_guitar_fret,SAMPLING/8BIT/RGB/2400x2400/C00C00/img_2400x2400_3x8bit_C00C00_RGB_guitar_fret.png,0807,DIV2K_valid_HR/0807.png,false,30,31,false,not_required,retain
img_2400x2400_3x8bit_C00C00_RGB_guitar_fret,SAMPLING/8BIT/RGB/2400x2400/C00C00/img_2400x2400_3x8bit_C00C00_RGB_guitar_fret.png,0808,DIV2K_valid_HR/0808.png,false,30,38,false,not_required,retain
img_2400x2400_3x8bit_C00C00_RGB_guitar_fret,SAMPLING/8BIT/RGB/2400x2400/C00C00/img_2400x2400_3x8bit_C00C00_RGB_guitar_fret.png,0809,DIV2K_valid_HR/0809.png,false,28,34,false,not_required,retain
img_2400x2400_3x8bit_C00C00_RGB_guitar_fret,SAMPLING/8BIT/RGB/2400x2400/C00C00/img_2400x2400_3x8bit_C00C00_RGB_guitar_fret.png,0810,DIV2K_valid_HR/0810.png,false,30,31,false,not_required,retain
img_2400x2400_3x8bit_C00C00_RGB_guitar_fret,SAMPLING/8BIT/RGB/2400x2400/C00C00/img_2400x2400_3x8bit_C00C00_RGB_guitar_fret.png,0811,DIV2K_valid_HR/0811.png,false,36,38,false,not_required,retain
img_2400x2400_3x8bit_C00C00_RGB_guitar_fret,SAMPLING/8BIT/RGB/2400x2400/C00C00/img_2400x2400_3x8bit_C00C00_RGB_guitar_fret.png,0812,DIV2K_valid_HR/0812.png,false,40,30,false,not_required,retain
img_2400x2400_3x8bit_C00C00_RGB_guitar_fret,SAMPLING/8BIT/RGB/2400x2400/C00C00/img_2400x2400_3x8bit_C00C00_RGB_guitar_fret.png,0813,DIV2K_valid_HR/0813.png,false,34,35,false,not_required,retain
img_2400x2400_3x8bit_C00C00_RGB_guitar_fret,SAMPLING/8BIT/RGB/2400x2400/C00C00/img_2400x2400_3x8bit_C00C00_RGB_guitar_fret.png,0814,DIV2K_valid_HR/0814.png,false,28,26,false,not_required,retain
img_2400x2400_3x8bit_C00C00_RGB_guitar_fret,SAMPLING/8BIT/RGB/2400x2400/C00C00/img_2400x2400_3x8bit_C00C00_RGB_guitar_fret.png,0815,DIV2K_valid_HR/0815.png,false,34,38,false,not_required,retain
img_2400x2400_3x8bit_C00C00_RGB_guitar_fret,SAMPLING/8BIT/RGB/2400x2400/C00C00/img_2400x2400_3x8bit_C00C00_RGB_guitar_fret.png,0816,DIV2K_valid_HR/0816.png,false,26,28,false,not_required,retain
img_2400x2400_3x8bit_C00C00_RGB_guitar_fret,SAMPLING/8BIT/RGB/2400x2400/C00C00/img_2400x2400_3x8bit_C00C00_RGB_guitar_fret.png,0817,DIV2K_valid_HR/0817.png,false,28,29,false,not_required,retain
img_2400x2400_3x8bit_C00C00_RGB_guitar_fret,SAMPLING/8BIT/RGB/2400x2400/C00C00/img_2400x2400_3x8bit_C00C00_RGB_guitar_fret.png,0818,DIV2K_valid_HR/0818.png,false,42,40,false,not_required,retain
img_2400x2400_3x8bit_C00C00_RGB_guitar_fret,SAMPLING/8BIT/RGB/2400x2400/C00C00/img_2400x2400_3x8bit_C00C00_RGB_guitar_fret.png,0819,DIV2K_valid_HR/0819.png,false,24,27,false,not_required,retain
img_2400x2400_3x8bit_C00C00_RGB_guitar_fret,SAMPLING/8BIT/RGB/2400x2400/C00C00/img_2400x2400_3x8bit_C00C00_RGB_guitar_fret.png,0820,DIV2K_valid_HR/0820.png,false,30,40,false,not_required,retain
img_2400x2400_3x8bit_C00C00_RGB_guitar_fret,SAMPLING/8BIT/RGB/2400x2400/C00C00/img_2400x2400_3x8bit_C00C00_RGB_guitar_fret.png,0821,DIV2K_valid_HR/0821.png,false,34,37,false,not_required,retain
img_2400x2400_3x8bit_C00C00_RGB_guitar_fret,SAMPLING/8BIT/RGB/2400x2400/C00C00/img_2400x2400_3x8bit_C00C00_RGB_guitar_fret.png,0822,DIV2K_valid_HR/0822.png,false,34,35,false,not_required,retain
img_2400x2400_3x8bit_C00C00_RGB_guitar_fret,SAMPLING/8BIT/RGB/2400x2400/C00C00/img_2400x2400_3x8bit_C00C00_RGB_guitar_fret.png,0823,DIV2K_valid_HR/0823.png,false,30,45,false,not_required,retain
img_2400x2400_3x8bit_C00C00_RGB_guitar_fret,SAMPLING/8BIT/RGB/2400x2400/C00C00/img_2400x2400_3x8bit_C00C00_RGB_guitar_fret.png,0824,DIV2K_valid_HR/0824.png,false,36,33,false,not_required,retain
img_2400x2400_3x8bit_C00C00_RGB_guitar_fret,SAMPLING/8BIT/RGB/2400x2400/C00C00/img_2400x2400_3x8bit_C00C00_RGB_guitar_fret.png,0825,DIV2K_valid_HR/0825.png,false,34,40,false,not_required,retain
img_2400x2400_3x8bit_C00C00_RGB_guitar_fret,SAMPLING/8BIT/RGB/2400x2400/C00C00/img_2400x2400_3x8bit_C00C00_RGB_guitar_fret.png,0826,DIV2K_valid_HR/0826.png,false,36,32,false,not_required,retain
img_2400x2400_3x8bit_C00C00_RGB_guitar_fret,SAMPLING/8BIT/RGB/2400x2400/C00C00/img_2400x2400_3x8bit_C00C00_RGB_guitar_fret.png,0827,DIV2K_valid_HR/0827.png,false,24,33,false,not_required,retain
img_2400x2400_3x8bit_C00C00_RGB_guitar_fret,SAMPLING/8BIT/RGB/2400x2400/C00C00/img_2400x2400_3x8bit_C00C00_RGB_guitar_fret.png,0828,DIV2K_valid_HR/0828.png,false,30,38,false,not_required,retain
img_2400x2400_3x8bit_C00C00_RGB_guitar_fret,SAMPLING/8BIT/RGB/2400x2400/C00C00/img_2400x2400_3x8bit_C00C00_RGB_guitar_fret.png,0829,DIV2K_valid_HR/0829.png,false,32,32,false,not_required,retain
img_2400x2400_3x8bit_C00C00_RGB_guitar_fret,SAMPLING/8BIT/RGB/2400x2400/C00C00/img_2400x2400_3x8bit_C00C00_RGB_guitar_fret.png,0830,DIV2K_valid_HR/0830.png,false,30,36,false,not_required,retain
img_2400x2400_3x8bit_C00C00_RGB_guitar_fret,SAMPLING/8BIT/RGB/2400x2400/C00C00/img_2400x2400_3x8bit_C00C00_RGB_guitar_fret.png,0831,DIV2K_valid_HR/0831.png,false,28,32,false,not_required,retain
img_2400x2400_3x8bit_C00C00_RGB_guitar_fret,SAMPLING/8BIT/RGB/2400x2400/C00C00/img_2400x2400_3x8bit_C00C00_RGB_guitar_fret.png,0832,DIV2K_valid_HR/0832.png,false,36,32,false,not_required,retain
img_2400x2400_3x8bit_C00C00_RGB_guitar_fret,SAMPLING/8BIT/RGB/2400x2400/C00C00/img_2400x2400_3x8bit_C00C00_RGB_guitar_fret.png,0833,DIV2K_valid_HR/0833.png,false,30,20,false,not_required,retain
img_2400x2400_3x8bit_C00C00_RGB_guitar_fret,SAMPLING/8BIT/RGB/2400x2400/C00C00/img_2400x2400_3x8bit_C00C00_RGB_guitar_fret.png,0834,DIV2K_valid_HR/0834.png,false,28,34,false,not_required,retain
img_2400x2400_3x8bit_C00C00_RGB_guitar_fret,SAMPLING/8BIT/RGB/2400x2400/C00C00/img_2400x2400_3x8bit_C00C00_RGB_guitar_fret.png,0835,DIV2K_valid_HR/0835.png,false,30,30,false,not_required,retain
img_2400x2400_3x8bit_C00C00_RGB_guitar_fret,SAMPLING/8BIT/RGB/2400x2400/C00C00/img_2400x2400_3x8bit_C00C00_RGB_guitar_fret.png,0836,DIV2K_valid_HR/0836.png,false,30,39,false,not_required,retain
img_2400x2400_3x8bit_C00C00_RGB_guitar_fret,SAMPLING/8BIT/RGB/2400x2400/C00C00/img_2400x2400_3x8bit_C00C00_RGB_guitar_fret.png,0837,DIV2K_valid_HR/0837.png,false,34,34,false,not_required,retain
img_2400x2400_3x8bit_C00C00_RGB_guitar_fret,SAMPLING/8BIT/RGB/2400x2400/C00C00/img_2400x2400_3x8bit_C00C00_RGB_guitar_fret.png,0838,DIV2K_valid_HR/0838.png,false,28,34,false,not_required,retain
img_2400x2400_3x8bit_C00C00_RGB_guitar_fret,SAMPLING/8BIT/RGB/2400x2400/C00C00/img_2400x2400_3x8bit_C00C00_RGB_guitar_fret.png,0839,DIV2K_valid_HR/0839.png,false,30,39,false,not_required,retain
img_2400x2400_3x8bit_C00C00_RGB_guitar_fret,SAMPLING/8BIT/RGB/2400x2400/C00C00/img_2400x2400_3x8bit_C00C00_RGB_guitar_fret.png,0840,DIV2K_valid_HR/0840.png,false,32,29,false,not_required,retain
img_2400x2400_3x8bit_C00C00_RGB_guitar_fret,SAMPLING/8BIT/RGB/2400x2400/C00C00/img_2400x2400_3x8bit_C00C00_RGB_guitar_fret.png,0841,DIV2K_valid_HR/0841.png,false,36,32,false,not_required,retain
img_2400x2400_3x8bit_C00C00_RGB_guitar_fret,SAMPLING/8BIT/RGB/2400x2400/C00C00/img_2400x2400_3x8bit_C00C00_RGB_guitar_fret.png,0842,DIV2K_valid_HR/0842.png,false,34,32,false,not_required,retain
img_2400x2400_3x8bit_C00C00_RGB_guitar_fret,SAMPLING/8BIT/RGB/2400x2400/C00C00/img_2400x2400_3x8bit_C00C00_RGB_guitar_fret.png,0843,DIV2K_valid_HR/0843.png,false,34,38,false,not_required,retain
img_2400x2400_3x8bit_C00C00_RGB_guitar_fret,SAMPLING/8BIT/RGB/2400x2400/C00C00/img_2400x2400_3x8bit_C00C00_RGB_guitar_fret.png,0844,DIV2K_valid_HR/0844.png,false,32,38,false,not_required,retain
img_2400x2400_3x8bit_C00C00_RGB_guitar_fret,SAMPLING/8BIT/RGB/2400x2400/C00C00/img_2400x2400_3x8bit_C00C00_RGB_guitar_fret.png,0845,DIV2K_valid_HR/0845.png,false,28,31,false,not_required,retain
img_2400x2400_3x8bit_C00C00_RGB_guitar_fret,SAMPLING/8BIT/RGB/2400x2400/C00C00/img_2400x2400_3x8bit_C00C00_RGB_guitar_fret.png,0846,DIV2K_valid_HR/0846.png,false,20,27,false,not_required,retain
img_2400x2400_3x8bit_C00C00_RGB_guitar_fret,SAMPLING/8BIT/RGB/2400x2400/C00C00/img_2400x2400_3x8bit_C00C00_RGB_guitar_fret.png,0847,DIV2K_valid_HR/0847.png,false,34,39,false,not_required,retain
img_2400x2400_3x8bit_C00C00_RGB_guitar_fret,SAMPLING/8BIT/RGB/2400x2400/C00C00/img_2400x2400_3x8bit_C00C00_RGB_guitar_fret.png,0848,DIV2K_valid_HR/0848.png,false,32,35,false,not_required,retain
img_2400x2400_3x8bit_C00C00_RGB_guitar_fret,SAMPLING/8BIT/RGB/2400x2400/C00C00/img_2400x2400_3x8bit_C00C00_RGB_guitar_fret.png,0849,DIV2K_valid_HR/0849.png,false,30,38,false,not_required,retain
img_2400x2400_3x8bit_C00C00_RGB_guitar_fret,SAMPLING/8BIT/RGB/2400x2400/C00C00/img_2400x2400_3x8bit_C00C00_RGB_guitar_fret.png,0850,DIV2K_valid_HR/0850.png,false,28,29,false,not_required,retain
img_2400x2400_3x8bit_C00C00_RGB_guitar_fret,SAMPLING/8BIT/RGB/2400x2400/C00C00/img_2400x2400_3x8bit_C00C00_RGB_guitar_fret.png,0851,DIV2K_valid_HR/0851.png,false,30,38,false,not_required,retain
img_2400x2400_3x8bit_C00C00_RGB_guitar_fret,SAMPLING/8BIT/RGB/2400x2400/C00C00/img_2400x2400_3x8bit_C00C00_RGB_guitar_fret.png,0852,DIV2K_valid_HR/0852.png,false,26,36,false,not_required,retain
img_2400x2400_3x8bit_C00C00_RGB_guitar_fret,SAMPLING/8BIT/RGB/2400x2400/C00C00/img_2400x2400_3x8bit_C00C00_RGB_guitar_fret.png,0853,DIV2K_valid_HR/0853.png,false,34,33,false,not_required,retain
img_2400x2400_3x8bit_C00C00_RGB_guitar_fret,SAMPLING/8BIT/RGB/2400x2400/C00C00/img_2400x2400_3x8bit_C00C00_RGB_guitar_fret.png,0854,DIV2K_valid_HR/0854.png,false,32,34,false,not_required,retain
img_2400x2400_3x8bit_C00C00_RGB_guitar_fret,SAMPLING/8BIT/RGB/2400x2400/C00C00/img_2400x2400_3x8bit_C00C00_RGB_guitar_fret.png,0855,DIV2K_valid_HR/0855.png,false,30,30,false,not_required,retain
img_2400x2400_3x8bit_C00C00_RGB_guitar_fret,SAMPLING/8BIT/RGB/2400x2400/C00C00/img_2400x2400_3x8bit_C00C00_RGB_guitar_fret.png,0856,DIV2K_valid_HR/0856.png,false,32,37,false,not_required,retain
img_2400x2400_3x8bit_C00C00_RGB_guitar_fret,SAMPLING/8BIT/RGB/2400x2400/C00C00/img_2400x2400_3x8bit_C00C00_RGB_guitar_fret.png,0857,DIV2K_valid_HR/0857.png,false,24,32,false,not_required,retain
img_2400x2400_3x8bit_C00C00_RGB_guitar_fret,SAMPLING/8BIT/RGB/2400x2400/C00C00/img_2400x2400_3x8bit_C00C00_RGB_guitar_fret.png,0858,DIV2K_valid_HR/0858.png,false,28,36,false,not_required,retain
img_2400x2400_3x8bit_C00C00_RGB_guitar_fret,SAMPLING/8BIT/RGB/2400x2400/C00C00/img_2400x2400_3x8bit_C00C00_RGB_guitar_fret.png,0859,DIV2K_valid_HR/0859.png,false,32,31,false,not_required,retain
img_2400x2400_3x8bit_C00C00_RGB_guitar_fret,SAMPLING/8BIT/RGB/2400x2400/C00C00/img_2400x2400_3x8bit_C00C00_RGB_guitar_fret.png,0860,DIV2K_valid_HR/0860.png,false,26,36,false,not_required,retain
img_2400x2400_3x8bit_C00C00_RGB_guitar_fret,SAMPLING/8BIT/RGB/2400x2400/C00C00/img_2400x2400_3x8bit_C00C00_RGB_guitar_fret.png,0861,DIV2K_valid_HR/0861.png,false,30,35,false,not_required,retain
img_2400x2400_3x8bit_C00C00_RGB_guitar_fret,SAMPLING/8BIT/RGB/2400x2400/C00C00/img_2400x2400_3x8bit_C00C00_RGB_guitar_fret.png,0862,DIV2K_valid_HR/0862.png,false,30,31,false,not_required,retain
img_2400x2400_3x8bit_C00C00_RGB_guitar_fret,SAMPLING/8BIT/RGB/2400x2400/C00C00/img_2400x2400_3x8bit_C00C00_RGB_guitar_fret.png,0863,DIV2K_valid_HR/0863.png,false,36,29,false,not_required,retain
img_2400x2400_3x8bit_C00C00_RGB_guitar_fret,SAMPLING/8BIT/RGB/2400x2400/C00C00/img_2400x2400_3x8bit_C00C00_RGB_guitar_fret.png,0864,DIV2K_valid_HR/0864.png,false,34,40,false,not_required,retain
img_2400x2400_3x8bit_C00C00_RGB_guitar_fret,SAMPLING/8BIT/RGB/2400x2400/C00C00/img_2400x2400_3x8bit_C00C00_RGB_guitar_fret.png,0865,DIV2K_valid_HR/0865.png,false,28,28,false,not_required,retain
img_2400x2400_3x8bit_C00C00_RGB_guitar_fret,SAMPLING/8BIT/RGB/2400x2400/C00C00/img_2400x2400_3x8bit_C00C00_RGB_guitar_fret.png,0866,DIV2K_valid_HR/0866.png,false,28,25,false,not_required,retain
img_2400x2400_3x8bit_C00C00_RGB_guitar_fret,SAMPLING/8BIT/RGB/2400x2400/C00C00/img_2400x2400_3x8bit_C00C00_RGB_guitar_fret.png,0867,DIV2K_valid_HR/0867.png,false,32,41,false,not_required,retain
img_2400x2400_3x8bit_C00C00_RGB_guitar_fret,SAMPLING/8BIT/RGB/2400x2400/C00C00/img_2400x2400_3x8bit_C00C00_RGB_guitar_fret.png,0868,DIV2K_valid_HR/0868.png,false,38,36,false,not_required,retain
img_2400x2400_3x8bit_C00C00_RGB_guitar_fret,SAMPLING/8BIT/RGB/2400x2400/C00C00/img_2400x2400_3x8bit_C00C00_RGB_guitar_fret.png,0869,DIV2K_valid_HR/0869.png,false,26,32,false,not_required,retain
img_2400x2400_3x8bit_C00C00_RGB_guitar_fret,SAMPLING/8BIT/RGB/2400x2400/C00C00/img_2400x2400_3x8bit_C00C00_RGB_guitar_fret.png,0870,DIV2K_valid_HR/0870.png,false,32,29,false,not_required,retain
img_2400x2400_3x8bit_C00C00_RGB_guitar_fret,SAMPLING/8BIT/RGB/2400x2400/C00C00/img_2400x2400_3x8bit_C00C00_RGB_guitar_fret.png,0871,DIV2K_valid_HR/0871.png,false,28,34,false,not_required,retain
img_2400x2400_3x8bit_C00C00_RGB_guitar_fret,SAMPLING/8BIT/RGB/2400x2400/C00C00/img_2400x2400_3x8bit_C00C00_RGB_guitar_fret.png,0872,DIV2K_valid_HR/0872.png,false,34,31,false,not_required,retain
img_2400x2400_3x8bit_C00C00_RGB_guitar_fret,SAMPLING/8BIT/RGB/2400x2400/C00C00/img_2400x2400_3x8bit_C00C00_RGB_guitar_fret.png,0873,DIV2K_valid_HR/0873.png,false,32,31,false,not_required,retain
img_2400x2400_3x8bit_C00C00_RGB_guitar_fret,SAMPLING/8BIT/RGB/2400x2400/C00C00/img_2400x2400_3x8bit_C00C00_RGB_guitar_fret.png,0874,DIV2K_valid_HR/0874.png,false,28,32,false,not_required,retain
img_2400x2400_3x8bit_C00C00_RGB_guitar_fret,SAMPLING/8BIT/RGB/2400x2400/C00C00/img_2400x2400_3x8bit_C00C00_RGB_guitar_fret.png,0875,DIV2K_valid_HR/0875.png,false,32,34,false,not_required,retain
img_2400x2400_3x8bit_C00C00_RGB_guitar_fret,SAMPLING/8BIT/RGB/2400x2400/C00C00/img_2400x2400_3x8bit_C00C00_RGB_guitar_fret.png,0876,DIV2K_valid_HR/0876.png,false,36,30,false,not_required,retain
img_2400x2400_3x8bit_C00C00_RGB_guitar_fret,SAMPLING/8BIT/RGB/2400x2400/C00C00/img_2400x2400_3x8bit_C00C00_RGB_guitar_fret.png,0877,DIV2K_valid_HR/0877.png,false,26,39,false,not_required,retain
img_2400x2400_3x8bit_C00C00_RGB_guitar_fret,SAMPLING/8BIT/RGB/2400x2400/C00C00/img_2400x2400_3x8bit_C00C00_RGB_guitar_fret.png,0878,DIV2K_valid_HR/0878.png,false,36,31,false,not_required,retain
img_2400x2400_3x8bit_C00C00_RGB_guitar_fret,SAMPLING/8BIT/RGB/2400x2400/C00C00/img_2400x2400_3x8bit_C00C00_RGB_guitar_fret.png,0879,DIV2K_valid_HR/0879.png,false,30,37,false,not_required,retain
img_2400x2400_3x8bit_C00C00_RGB_guitar_fret,SAMPLING/8BIT/RGB/2400x2400/C00C00/img_2400x2400_3x8bit_C00C00_RGB_guitar_fret.png,0880,DIV2K_valid_HR/0880.png,false,34,24,false,not_required,retain
img_2400x2400_3x8bit_C00C00_RGB_guitar_fret,SAMPLING/8BIT/RGB/2400x2400/C00C00/img_2400x2400_3x8bit_C00C00_RGB_guitar_fret.png,0881,DIV2K_valid_HR/0881.png,false,32,28,false,not_required,retain
img_2400x2400_3x8bit_C00C00_RGB_guitar_fret,SAMPLING/8BIT/RGB/2400x2400/C00C00/img_2400x2400_3x8bit_C00C00_RGB_guitar_fret.png,0882,DIV2K_valid_HR/0882.png,false,32,28,false,not_required,retain
img_2400x2400_3x8bit_C00C00_RGB_guitar_fret,SAMPLING/8BIT/RGB/2400x2400/C00C00/img_2400x2400_3x8bit_C00C00_RGB_guitar_fret.png,0883,DIV2K_valid_HR/0883.png,false,30,33,false,not_required,retain
img_2400x2400_3x8bit_C00C00_RGB_guitar_fret,SAMPLING/8BIT/RGB/2400x2400/C00C00/img_2400x2400_3x8bit_C00C00_RGB_guitar_fret.png,0884,DIV2K_valid_HR/0884.png,false,26,38,false,not_required,retain
img_2400x2400_3x8bit_C00C00_RGB_guitar_fret,SAMPLING/8BIT/RGB/2400x2400/C00C00/img_2400x2400_3x8bit_C00C00_RGB_guitar_fret.png,0885,DIV2K_valid_HR/0885.png,false,26,35,false,not_required,retain
img_2400x2400_3x8bit_C00C00_RGB_guitar_fret,SAMPLING/8BIT/RGB/2400x2400/C00C00/img_2400x2400_3x8bit_C00C00_RGB_guitar_fret.png,0886,DIV2K_valid_HR/0886.png,false,28,30,false,not_required,retain
img_2400x2400_3x8bit_C00C00_RGB_guitar_fret,SAMPLING/8BIT/RGB/2400x2400/C00C00/img_2400x2400_3x8bit_C00C00_RGB_guitar_fret.png,0887,DIV2K_valid_HR/0887.png,false,30,34,false,not_required,retain
img_2400x2400_3x8bit_C00C00_RGB_guitar_fret,SAMPLING/8BIT/RGB/2400x2400/C00C00/img_2400x2400_3x8bit_C00C00_RGB_guitar_fret.png,0888,DIV2K_valid_HR/0888.png,false,26,30,false,not_required,retain
img_2400x2400_3x8bit_C00C00_RGB_guitar_fret,SAMPLING/8BIT/RGB/2400x2400/C00C00/img_2400x2400_3x8bit_C00C00_RGB_guitar_fret.png,0889,DIV2K_valid_HR/0889.png,false,34,28,false,not_required,retain
img_2400x2400_3x8bit_C00C00_RGB_guitar_fret,SAMPLING/8BIT/RGB/2400x2400/C00C00/img_2400x2400_3x8bit_C00C00_RGB_guitar_fret.png,0890,DIV2K_valid_HR/0890.png,false,34,43,false,not_required,retain
img_2400x2400_3x8bit_C00C00_RGB_guitar_fret,SAMPLING/8BIT/RGB/2400x2400/C00C00/img_2400x2400_3x8bit_C00C00_RGB_guitar_fret.png,0891,DIV2K_valid_HR/0891.png,false,30,37,false,not_required,retain
img_2400x2400_3x8bit_C00C00_RGB_guitar_fret,SAMPLING/8BIT/RGB/2400x2400/C00C00/img_2400x2400_3x8bit_C00C00_RGB_guitar_fret.png,0892,DIV2K_valid_HR/0892.png,false,34,28,false,not_required,retain
img_2400x2400_3x8bit_C00C00_RGB_guitar_fret,SAMPLING/8BIT/RGB/2400x2400/C00C00/img_2400x2400_3x8bit_C00C00_RGB_guitar_fret.png,0893,DIV2K_valid_HR/0893.png,false,26,30,false,not_required,retain
img_2400x2400_3x8bit_C00C00_RGB_guitar_fret,SAMPLING/8BIT/RGB/2400x2400/C00C00/img_2400x2400_3x8bit_C00C00_RGB_guitar_fret.png,0894,DIV2K_valid_HR/0894.png,false,34,28,false,not_required,retain
img_2400x2400_3x8bit_C00C00_RGB_guitar_fret,SAMPLING/8BIT/RGB/2400x2400/C00C00/img_2400x2400_3x8bit_C00C00_RGB_guitar_fret.png,0895,DIV2K_valid_HR/0895.png,false,30,27,false,not_required,retain
img_2400x2400_3x8bit_C00C00_RGB_guitar_fret,SAMPLING/8BIT/RGB/2400x2400/C00C00/img_2400x2400_3x8bit_C00C00_RGB_guitar_fret.png,0896,DIV2K_valid_HR/0896.png,false,34,31,false,not_required,retain
img_2400x2400_3x8bit_C00C00_RGB_guitar_fret,SAMPLING/8BIT/RGB/2400x2400/C00C00/img_2400x2400_3x8bit_C00C00_RGB_guitar_fret.png,0897,DIV2K_valid_HR/0897.png,false,30,27,false,not_required,retain
img_2400x2400_3x8bit_C00C00_RGB_guitar_fret,SAMPLING/8BIT/RGB/2400x2400/C00C00/img_2400x2400_3x8bit_C00C00_RGB_guitar_fret.png,0898,DIV2K_valid_HR/0898.png,false,32,35,false,not_required,retain
img_2400x2400_3x8bit_C00C00_RGB_guitar_fret,SAMPLING/8BIT/RGB/2400x2400/C00C00/img_2400x2400_3x8bit_C00C00_RGB_guitar_fret.png,0899,DIV2K_valid_HR/0899.png,false,34,40,false,not_required,retain
img_2400x2400_3x8bit_C00C00_RGB_guitar_fret,SAMPLING/8BIT/RGB/2400x2400/C00C00/img_2400x2400_3x8bit_C00C00_RGB_guitar_fret.png,0900,DIV2K_valid_HR/0900.png,false,30,32,false,not_required,retain
img_2400x2400_3x8bit_C00C00_RGB_guitar_head,SAMPLING/8BIT/RGB/2400x2400/C00C00/img_2400x2400_3x8bit_C00C00_RGB_guitar_head.png,0805,DIV2K_valid_HR/0805.png,false,32,33,false,not_required,retain
img_2400x2400_3x8bit_C00C00_RGB_guitar_head,SAMPLING/8BIT/RGB/2400x2400/C00C00/img_2400x2400_3x8bit_C00C00_RGB_guitar_head.png,0806,DIV2K_valid_HR/0806.png,false,30,29,false,not_required,retain
img_2400x2400_3x8bit_C00C00_RGB_guitar_head,SAMPLING/8BIT/RGB/2400x2400/C00C00/img_2400x2400_3x8bit_C00C00_RGB_guitar_head.png,0807,DIV2K_valid_HR/0807.png,false,30,27,false,not_required,retain
img_2400x2400_3x8bit_C00C00_RGB_guitar_head,SAMPLING/8BIT/RGB/2400x2400/C00C00/img_2400x2400_3x8bit_C00C00_RGB_guitar_head.png,0808,DIV2K_valid_HR/0808.png,false,28,30,false,not_required,retain
img_2400x2400_3x8bit_C00C00_RGB_guitar_head,SAMPLING/8BIT/RGB/2400x2400/C00C00/img_2400x2400_3x8bit_C00C00_RGB_guitar_head.png,0809,DIV2K_valid_HR/0809.png,false,36,36,false,not_required,retain
img_2400x2400_3x8bit_C00C00_RGB_guitar_head,SAMPLING/8BIT/RGB/2400x2400/C00C00/img_2400x2400_3x8bit_C00C00_RGB_guitar_head.png,0810,DIV2K_valid_HR/0810.png,false,38,37,false,not_required,retain
img_2400x2400_3x8bit_C00C00_RGB_guitar_head,SAMPLING/8BIT/RGB/2400x2400/C00C00/img_2400x2400_3x8bit_C00C00_RGB_guitar_head.png,0811,DIV2K_valid_HR/0811.png,false,26,30,false,not_required,retain
img_2400x2400_3x8bit_C00C00_RGB_guitar_head,SAMPLING/8BIT/RGB/2400x2400/C00C00/img_2400x2400_3x8bit_C00C00_RGB_guitar_head.png,0812,DIV2K_valid_HR/0812.png,false,30,34,false,not_required,retain
img_2400x2400_3x8bit_C00C00_RGB_guitar_head,SAMPLING/8BIT/RGB/2400x2400/C00C00/img_2400x2400_3x8bit_C00C00_RGB_guitar_head.png,0813,DIV2K_valid_HR/0813.png,false,36,31,false,not_required,retain
img_2400x2400_3x8bit_C00C00_RGB_guitar_head,SAMPLING/8BIT/RGB/2400x2400/C00C00/img_2400x2400_3x8bit_C00C00_RGB_guitar_head.png,0814,DIV2K_valid_HR/0814.png,false,26,26,false,not_required,retain
img_2400x2400_3x8bit_C00C00_RGB_guitar_head,SAMPLING/8BIT/RGB/2400x2400/C00C00/img_2400x2400_3x8bit_C00C00_RGB_guitar_head.png,0815,DIV2K_valid_HR/0815.png,false,32,38,false,not_required,retain
img_2400x2400_3x8bit_C00C00_RGB_guitar_head,SAMPLING/8BIT/RGB/2400x2400/C00C00/img_2400x2400_3x8bit_C00C00_RGB_guitar_head.png,0816,DIV2K_valid_HR/0816.png,false,30,34,false,not_required,retain
img_2400x2400_3x8bit_C00C00_RGB_guitar_head,SAMPLING/8BIT/RGB/2400x2400/C00C00/img_2400x2400_3x8bit_C00C00_RGB_guitar_head.png,0817,DIV2K_valid_HR/0817.png,false,40,29,false,not_required,retain
img_2400x2400_3x8bit_C00C00_RGB_guitar_head,SAMPLING/8BIT/RGB/2400x2400/C00C00/img_2400x2400_3x8bit_C00C00_RGB_guitar_head.png,0818,DIV2K_valid_HR/0818.png,false,30,36,false,not_required,retain
img_2400x2400_3x8bit_C00C00_RGB_guitar_head,SAMPLING/8BIT/RGB/2400x2400/C00C00/img_2400x2400_3x8bit_C00C00_RGB_guitar_head.png,0819,DIV2K_valid_HR/0819.png,false,28,31,false,not_required,retain
img_2400x2400_3x8bit_C00C00_RGB_guitar_head,SAMPLING/8BIT/RGB/2400x2400/C00C00/img_2400x2400_3x8bit_C00C00_RGB_guitar_head.png,0820,DIV2K_valid_HR/0820.png,false,28,28,false,not_required,retain
img_2400x2400_3x8bit_C00C00_RGB_guitar_head,SAMPLING/8BIT/RGB/2400x2400/C00C00/img_2400x2400_3x8bit_C00C00_RGB_guitar_head.png,0821,DIV2K_valid_HR/0821.png,false,34,33,false,not_required,retain
img_2400x2400_3x8bit_C00C00_RGB_guitar_head,SAMPLING/8BIT/RGB/2400x2400/C00C00/img_2400x2400_3x8bit_C00C00_RGB_guitar_head.png,0822,DIV2K_valid_HR/0822.png,false,28,23,false,not_required,retain
img_2400x2400_3x8bit_C00C00_RGB_guitar_head,SAMPLING/8BIT/RGB/2400x2400/C00C00/img_2400x2400_3x8bit_C00C00_RGB_guitar_head.png,0823,DIV2K_valid_HR/0823.png,false,26,31,false,not_required,retain
img_2400x2400_3x8bit_C00C00_RGB_guitar_head,SAMPLING/8BIT/RGB/2400x2400/C00C00/img_2400x2400_3x8bit_C00C00_RGB_guitar_head.png,0824,DIV2K_valid_HR/0824.png,false,28,35,false,not_required,retain
img_2400x2400_3x8bit_C00C00_RGB_guitar_head,SAMPLING/8BIT/RGB/2400x2400/C00C00/img_2400x2400_3x8bit_C00C00_RGB_guitar_head.png,0825,DIV2K_valid_HR/0825.png,false,30,28,false,not_required,retain
img_2400x2400_3x8bit_C00C00_RGB_guitar_head,SAMPLING/8BIT/RGB/2400x2400/C00C00/img_2400x2400_3x8bit_C00C00_RGB_guitar_head.png,0826,DIV2K_valid_HR/0826.png,false,32,30,false,not_required,retain
img_2400x2400_3x8bit_C00C00_RGB_guitar_head,SAMPLING/8BIT/RGB/2400x2400/C00C00/img_2400x2400_3x8bit_C00C00_RGB_guitar_head.png,0827,DIV2K_valid_HR/0827.png,false,34,27,false,not_required,retain
img_2400x2400_3x8bit_C00C00_RGB_guitar_head,SAMPLING/8BIT/RGB/2400x2400/C00C00/img_2400x2400_3x8bit_C00C00_RGB_guitar_head.png,0828,DIV2K_valid_HR/0828.png,false,28,28,false,not_required,retain
img_2400x2400_3x8bit_C00C00_RGB_guitar_head,SAMPLING/8BIT/RGB/2400x2400/C00C00/img_2400x2400_3x8bit_C00C00_RGB_guitar_head.png,0829,DIV2K_valid_HR/0829.png,false,28,34,false,not_required,retain
img_2400x2400_3x8bit_C00C00_RGB_guitar_head,SAMPLING/8BIT/RGB/2400x2400/C00C00/img_2400x2400_3x8bit_C00C00_RGB_guitar_head.png,0830,DIV2K_valid_HR/0830.png,false,28,30,false,not_required,retain
img_2400x2400_3x8bit_C00C00_RGB_guitar_head,SAMPLING/8BIT/RGB/2400x2400/C00C00/img_2400x2400_3x8bit_C00C00_RGB_guitar_head.png,0831,DIV2K_valid_HR/0831.png,false,32,36,false,not_required,retain
img_2400x2400_3x8bit_C00C00_RGB_guitar_head,SAMPLING/8BIT/RGB/2400x2400/C00C00/img_2400x2400_3x8bit_C00C00_RGB_guitar_head.png,0832,DIV2K_valid_HR/0832.png,false,28,40,false,not_required,retain
img_2400x2400_3x8bit_C00C00_RGB_guitar_head,SAMPLING/8BIT/RGB/2400x2400/C00C00/img_2400x2400_3x8bit_C00C00_RGB_guitar_head.png,0833,DIV2K_valid_HR/0833.png,false,28,32,false,not_required,retain
img_2400x2400_3x8bit_C00C00_RGB_guitar_head,SAMPLING/8BIT/RGB/2400x2400/C00C00/img_2400x2400_3x8bit_C00C00_RGB_guitar_head.png,0834,DIV2K_valid_HR/0834.png,false,32,40,false,not_required,retain
img_2400x2400_3x8bit_C00C00_RGB_guitar_head,SAMPLING/8BIT/RGB/2400x2400/C00C00/img_2400x2400_3x8bit_C00C00_RGB_guitar_head.png,0835,DIV2K_valid_HR/0835.png,false,24,28,false,not_required,retain
img_2400x2400_3x8bit_C00C00_RGB_guitar_head,SAMPLING/8BIT/RGB/2400x2400/C00C00/img_2400x2400_3x8bit_C00C00_RGB_guitar_head.png,0836,DIV2K_valid_HR/0836.png,false,30,37,false,not_required,retain
img_2400x2400_3x8bit_C00C00_RGB_guitar_head,SAMPLING/8BIT/RGB/2400x2400/C00C00/img_2400x2400_3x8bit_C00C00_RGB_guitar_head.png,0837,DIV2K_valid_HR/0837.png,false,34,32,false,not_required,retain
img_2400x2400_3x8bit_C00C00_RGB_guitar_head,SAMPLING/8BIT/RGB/2400x2400/C00C00/img_2400x2400_3x8bit_C00C00_RGB_guitar_head.png,0838,DIV2K_valid_HR/0838.png,false,34,32,false,not_required,retain
img_2400x2400_3x8bit_C00C00_RGB_guitar_head,SAMPLING/8BIT/RGB/2400x2400/C00C00/img_2400x2400_3x8bit_C00C00_RGB_guitar_head.png,0839,DIV2K_valid_HR/0839.png,false,26,31,false,not_required,retain
img_2400x2400_3x8bit_C00C00_RGB_guitar_head,SAMPLING/8BIT/RGB/2400x2400/C00C00/img_2400x2400_3x8bit_C00C00_RGB_guitar_head.png,0840,DIV2K_valid_HR/0840.png,false,32,37,false,not_required,retain
img_2400x2400_3x8bit_C00C00_RGB_guitar_head,SAMPLING/8BIT/RGB/2400x2400/C00C00/img_2400x2400_3x8bit_C00C00_RGB_guitar_head.png,0841,DIV2K_valid_HR/0841.png,false,24,28,false,not_required,retain
img_2400x2400_3x8bit_C00C00_RGB_guitar_head,SAMPLING/8BIT/RGB/2400x2400/C00C00/img_2400x2400_3x8bit_C00C00_RGB_guitar_head.png,0842,DIV2K_valid_HR/0842.png,false,32,32,false,not_required,retain
img_2400x2400_3x8bit_C00C00_RGB_guitar_head,SAMPLING/8BIT/RGB/2400x2400/C00C00/img_2400x2400_3x8bit_C00C00_RGB_guitar_head.png,0843,DIV2K_valid_HR/0843.png,false,28,34,false,not_required,retain
img_2400x2400_3x8bit_C00C00_RGB_guitar_head,SAMPLING/8BIT/RGB/2400x2400/C00C00/img_2400x2400_3x8bit_C00C00_RGB_guitar_head.png,0844,DIV2K_valid_HR/0844.png,false,28,30,false,not_required,retain
img_2400x2400_3x8bit_C00C00_RGB_guitar_head,SAMPLING/8BIT/RGB/2400x2400/C00C00/img_2400x2400_3x8bit_C00C00_RGB_guitar_head.png,0845,DIV2K_valid_HR/0845.png,false,34,33,false,not_required,retain
img_2400x2400_3x8bit_C00C00_RGB_guitar_head,SAMPLING/8BIT/RGB/2400x2400/C00C00/img_2400x2400_3x8bit_C00C00_RGB_guitar_head.png,0846,DIV2K_valid_HR/0846.png,false,30,33,false,not_required,retain
img_2400x2400_3x8bit_C00C00_RGB_guitar_head,SAMPLING/8BIT/RGB/2400x2400/C00C00/img_2400x2400_3x8bit_C00C00_RGB_guitar_head.png,0847,DIV2K_valid_HR/0847.png,false,34,29,false,not_required,retain
img_2400x2400_3x8bit_C00C00_RGB_guitar_head,SAMPLING/8BIT/RGB/2400x2400/C00C00/img_2400x2400_3x8bit_C00C00_RGB_guitar_head.png,0848,DIV2K_valid_HR/0848.png,false,38,29,false,not_required,retain
img_2400x2400_3x8bit_C00C00_RGB_guitar_head,SAMPLING/8BIT/RGB/2400x2400/C00C00/img_2400x2400_3x8bit_C00C00_RGB_guitar_head.png,0849,DIV2K_valid_HR/0849.png,false,30,32,false,not_required,retain
img_2400x2400_3x8bit_C00C00_RGB_guitar_head,SAMPLING/8BIT/RGB/2400x2400/C00C00/img_2400x2400_3x8bit_C00C00_RGB_guitar_head.png,0850,DIV2K_valid_HR/0850.png,false,26,27,false,not_required,retain
img_2400x2400_3x8bit_C00C00_RGB_guitar_head,SAMPLING/8BIT/RGB/2400x2400/C00C00/img_2400x2400_3x8bit_C00C00_RGB_guitar_head.png,0851,DIV2K_valid_HR/0851.png,false,34,34,false,not_required,retain
img_2400x2400_3x8bit_C00C00_RGB_guitar_head,SAMPLING/8BIT/RGB/2400x2400/C00C00/img_2400x2400_3x8bit_C00C00_RGB_guitar_head.png,0852,DIV2K_valid_HR/0852.png,false,30,32,false,not_required,retain
img_2400x2400_3x8bit_C00C00_RGB_guitar_head,SAMPLING/8BIT/RGB/2400x2400/C00C00/img_2400x2400_3x8bit_C00C00_RGB_guitar_head.png,0853,DIV2K_valid_HR/0853.png,false,32,35,false,not_required,retain
img_2400x2400_3x8bit_C00C00_RGB_guitar_head,SAMPLING/8BIT/RGB/2400x2400/C00C00/img_2400x2400_3x8bit_C00C00_RGB_guitar_head.png,0854,DIV2K_valid_HR/0854.png,false,32,32,false,not_required,retain
img_2400x2400_3x8bit_C00C00_RGB_guitar_head,SAMPLING/8BIT/RGB/2400x2400/C00C00/img_2400x2400_3x8bit_C00C00_RGB_guitar_head.png,0855,DIV2K_valid_HR/0855.png,false,36,42,false,not_required,retain
img_2400x2400_3x8bit_C00C00_RGB_guitar_head,SAMPLING/8BIT/RGB/2400x2400/C00C00/img_2400x2400_3x8bit_C00C00_RGB_guitar_head.png,0856,DIV2K_valid_HR/0856.png,false,24,31,false,not_required,retain
img_2400x2400_3x8bit_C00C00_RGB_guitar_head,SAMPLING/8BIT/RGB/2400x2400/C00C00/img_2400x2400_3x8bit_C00C00_RGB_guitar_head.png,0857,DIV2K_valid_HR/0857.png,false,28,26,false,not_required,retain
img_2400x2400_3x8bit_C00C00_RGB_guitar_head,SAMPLING/8BIT/RGB/2400x2400/C00C00/img_2400x2400_3x8bit_C00C00_RGB_guitar_head.png,0858,DIV2K_valid_HR/0858.png,false,32,26,false,not_required,retain
img_2400x2400_3x8bit_C00C00_RGB_guitar_head,SAMPLING/8BIT/RGB/2400x2400/C00C00/img_2400x2400_3x8bit_C00C00_RGB_guitar_head.png,0859,DIV2K_valid_HR/0859.png,false,38,39,false,not_required,retain
img_2400x2400_3x8bit_C00C00_RGB_guitar_head,SAMPLING/8BIT/RGB/2400x2400/C00C00/img_2400x2400_3x8bit_C00C00_RGB_guitar_head.png,0860,DIV2K_valid_HR/0860.png,false,36,30,false,not_required,retain
img_2400x2400_3x8bit_C00C00_RGB_guitar_head,SAMPLING/8BIT/RGB/2400x2400/C00C00/img_2400x2400_3x8bit_C00C00_RGB_guitar_head.png,0861,DIV2K_valid_HR/0861.png,false,32,31,false,not_required,retain
img_2400x2400_3x8bit_C00C00_RGB_guitar_head,SAMPLING/8BIT/RGB/2400x2400/C00C00/img_2400x2400_3x8bit_C00C00_RGB_guitar_head.png,0862,DIV2K_valid_HR/0862.png,false,34,25,false,not_required,retain
img_2400x2400_3x8bit_C00C00_RGB_guitar_head,SAMPLING/8BIT/RGB/2400x2400/C00C00/img_2400x2400_3x8bit_C00C00_RGB_guitar_head.png,0863,DIV2K_valid_HR/0863.png,false,32,27,false,not_required,retain
img_2400x2400_3x8bit_C00C00_RGB_guitar_head,SAMPLING/8BIT/RGB/2400x2400/C00C00/img_2400x2400_3x8bit_C00C00_RGB_guitar_head.png,0864,DIV2K_valid_HR/0864.png,false,36,34,false,not_required,retain
img_2400x2400_3x8bit_C00C00_RGB_guitar_head,SAMPLING/8BIT/RGB/2400x2400/C00C00/img_2400x2400_3x8bit_C00C00_RGB_guitar_head.png,0865,DIV2K_valid_HR/0865.png,false,30,34,false,not_required,retain
img_2400x2400_3x8bit_C00C00_RGB_guitar_head,SAMPLING/8BIT/RGB/2400x2400/C00C00/img_2400x2400_3x8bit_C00C00_RGB_guitar_head.png,0866,DIV2K_valid_HR/0866.png,false,32,25,false,not_required,retain
img_2400x2400_3x8bit_C00C00_RGB_guitar_head,SAMPLING/8BIT/RGB/2400x2400/C00C00/img_2400x2400_3x8bit_C00C00_RGB_guitar_head.png,0867,DIV2K_valid_HR/0867.png,false,34,23,false,not_required,retain
img_2400x2400_3x8bit_C00C00_RGB_guitar_head,SAMPLING/8BIT/RGB/2400x2400/C00C00/img_2400x2400_3x8bit_C00C00_RGB_guitar_head.png,0868,DIV2K_valid_HR/0868.png,false,26,30,false,not_required,retain
img_2400x2400_3x8bit_C00C00_RGB_guitar_head,SAMPLING/8BIT/RGB/2400x2400/C00C00/img_2400x2400_3x8bit_C00C00_RGB_guitar_head.png,0869,DIV2K_valid_HR/0869.png,false,28,22,false,not_required,retain
img_2400x2400_3x8bit_C00C00_RGB_guitar_head,SAMPLING/8BIT/RGB/2400x2400/C00C00/img_2400x2400_3x8bit_C00C00_RGB_guitar_head.png,0870,DIV2K_valid_HR/0870.png,false,34,35,false,not_required,retain
img_2400x2400_3x8bit_C00C00_RGB_guitar_head,SAMPLING/8BIT/RGB/2400x2400/C00C00/img_2400x2400_3x8bit_C00C00_RGB_guitar_head.png,0871,DIV2K_valid_HR/0871.png,false,32,26,false,not_required,retain
img_2400x2400_3x8bit_C00C00_RGB_guitar_head,SAMPLING/8BIT/RGB/2400x2400/C00C00/img_2400x2400_3x8bit_C00C00_RGB_guitar_head.png,0872,DIV2K_valid_HR/0872.png,false,34,33,false,not_required,retain
img_2400x2400_3x8bit_C00C00_RGB_guitar_head,SAMPLING/8BIT/RGB/2400x2400/C00C00/img_2400x2400_3x8bit_C00C00_RGB_guitar_head.png,0873,DIV2K_valid_HR/0873.png,false,28,25,false,not_required,retain
img_2400x2400_3x8bit_C00C00_RGB_guitar_head,SAMPLING/8BIT/RGB/2400x2400/C00C00/img_2400x2400_3x8bit_C00C00_RGB_guitar_head.png,0874,DIV2K_valid_HR/0874.png,false,34,34,false,not_required,retain
img_2400x2400_3x8bit_C00C00_RGB_guitar_head,SAMPLING/8BIT/RGB/2400x2400/C00C00/img_2400x2400_3x8bit_C00C00_RGB_guitar_head.png,0875,DIV2K_valid_HR/0875.png,false,28,30,false,not_required,retain
img_2400x2400_3x8bit_C00C00_RGB_guitar_head,SAMPLING/8BIT/RGB/2400x2400/C00C00/img_2400x2400_3x8bit_C00C00_RGB_guitar_head.png,0876,DIV2K_valid_HR/0876.png,false,26,30,false,not_required,retain
img_2400x2400_3x8bit_C00C00_RGB_guitar_head,SAMPLING/8BIT/RGB/2400x2400/C00C00/img_2400x2400_3x8bit_C00C00_RGB_guitar_head.png,0877,DIV2K_valid_HR/0877.png,false,34,35,false,not_required,retain
img_2400x2400_3x8bit_C00C00_RGB_guitar_head,SAMPLING/8BIT/RGB/2400x2400/C00C00/img_2400x2400_3x8bit_C00C00_RGB_guitar_head.png,0878,DIV2K_valid_HR/0878.png,false,30,29,false,not_required,retain
img_2400x2400_3x8bit_C00C00_RGB_guitar_head,SAMPLING/8BIT/RGB/2400x2400/C00C00/img_2400x2400_3x8bit_C00C00_RGB_guitar_head.png,0879,DIV2K_valid_HR/0879.png,false,36,37,false,not_required,retain
img_2400x2400_3x8bit_C00C00_RGB_guitar_head,SAMPLING/8BIT/RGB/2400x2400/C00C00/img_2400x2400_3x8bit_C00C00_RGB_guitar_head.png,0880,DIV2K_valid_HR/0880.png,false,32,26,false,not_required,retain
img_2400x2400_3x8bit_C00C00_RGB_guitar_head,SAMPLING/8BIT/RGB/2400x2400/C00C00/img_2400x2400_3x8bit_C00C00_RGB_guitar_head.png,0881,DIV2K_valid_HR/0881.png,false,26,26,false,not_required,retain
img_2400x2400_3x8bit_C00C00_RGB_guitar_head,SAMPLING/8BIT/RGB/2400x2400/C00C00/img_2400x2400_3x8bit_C00C00_RGB_guitar_head.png,0882,DIV2K_valid_HR/0882.png,false,30,36,false,not_required,retain
img_2400x2400_3x8bit_C00C00_RGB_guitar_head,SAMPLING/8BIT/RGB/2400x2400/C00C00/img_2400x2400_3x8bit_C00C00_RGB_guitar_head.png,0883,DIV2K_valid_HR/0883.png,false,34,27,false,not_required,retain
img_2400x2400_3x8bit_C00C00_RGB_guitar_head,SAMPLING/8BIT/RGB/2400x2400/C00C00/img_2400x2400_3x8bit_C00C00_RGB_guitar_head.png,0884,DIV2K_valid_HR/0884.png,false,28,26,false,not_required,retain
img_2400x2400_3x8bit_C00C00_RGB_guitar_head,SAMPLING/8BIT/RGB/2400x2400/C00C00/img_2400x2400_3x8bit_C00C00_RGB_guitar_head.png,0885,DIV2K_valid_HR/0885.png,false,24,29,false,not_required,retain
img_2400x2400_3x8bit_C00C00_RGB_guitar_head,SAMPLING/8BIT/RGB/2400x2400/C00C00/img_2400x2400_3x8bit_C00C00_RGB_guitar_head.png,0886,DIV2K_valid_HR/0886.png,false,28,32,false,not_required,retain
img_2400x2400_3x8bit_C00C00_RGB_guitar_head,SAMPLING/8BIT/RGB/2400x2400/C00C00/img_2400x2400_3x8bit_C00C00_RGB_guitar_head.png,0887,DIV2K_valid_HR/0887.png,false,30,32,false,not_required,retain
img_2400x2400_3x8bit_C00C00_RGB_guitar_head,SAMPLING/8BIT/RGB/2400x2400/C00C00/img_2400x2400_3x8bit_C00C00_RGB_guitar_head.png,0888,DIV2K_valid_HR/0888.png,false,30,32,false,not_required,retain
img_2400x2400_3x8bit_C00C00_RGB_guitar_head,SAMPLING/8BIT/RGB/2400x2400/C00C00/img_2400x2400_3x8bit_C00C00_RGB_guitar_head.png,0889,DIV2K_valid_HR/0889.png,false,34,32,false,not_required,retain
img_2400x2400_3x8bit_C00C00_RGB_guitar_head,SAMPLING/8BIT/RGB/2400x2400/C00C00/img_2400x2400_3x8bit_C00C00_RGB_guitar_head.png,0890,DIV2K_valid_HR/0890.png,false,30,35,false,not_required,retain
img_2400x2400_3x8bit_C00C00_RGB_guitar_head,SAMPLING/8BIT/RGB/2400x2400/C00C00/img_2400x2400_3x8bit_C00C00_RGB_guitar_head.png,0891,DIV2K_valid_HR/0891.png,false,32,31,false,not_required,retain
img_2400x2400_3x8bit_C00C00_RGB_guitar_head,SAMPLING/8BIT/RGB/2400x2400/C00C00/img_2400x2400_3x8bit_C00C00_RGB_guitar_head.png,0892,DIV2K_valid_HR/0892.png,false,28,30,false,not_required,retain
img_2400x2400_3x8bit_C00C00_RGB_guitar_head,SAMPLING/8BIT/RGB/2400x2400/C00C00/img_2400x2400_3x8bit_C00C00_RGB_guitar_head.png,0893,DIV2K_valid_HR/0893.png,false,28,32,false,not_required,retain
img_2400x2400_3x8bit_C00C00_RGB_guitar_head,SAMPLING/8BIT/RGB/2400x2400/C00C00/img_2400x2400_3x8bit_C00C00_RGB_guitar_head.png,0894,DIV2K_valid_HR/0894.png,false,28,30,false,not_required,retain
img_2400x2400_3x8bit_C00C00_RGB_guitar_head,SAMPLING/8BIT/RGB/2400x2400/C00C00/img_2400x2400_3x8bit_C00C00_RGB_guitar_head.png,0895,DIV2K_valid_HR/0895.png,false,40,31,false,not_required,retain
img_2400x2400_3x8bit_C00C00_RGB_guitar_head,SAMPLING/8BIT/RGB/2400x2400/C00C00/img_2400x2400_3x8bit_C00C00_RGB_guitar_head.png,0896,DIV2K_valid_HR/0896.png,false,30,39,false,not_required,retain
img_2400x2400_3x8bit_C00C00_RGB_guitar_head,SAMPLING/8BIT/RGB/2400x2400/C00C00/img_2400x2400_3x8bit_C00C00_RGB_guitar_head.png,0897,DIV2K_valid_HR/0897.png,false,28,33,false,not_required,retain
img_2400x2400_3x8bit_C00C00_RGB_guitar_head,SAMPLING/8BIT/RGB/2400x2400/C00C00/img_2400x2400_3x8bit_C00C00_RGB_guitar_head.png,0898,DIV2K_valid_HR/0898.png,false,24,29,false,not_required,retain
img_2400x2400_3x8bit_C00C00_RGB_guitar_head,SAMPLING/8BIT/RGB/2400x2400/C00C00/img_2400x2400_3x8bit_C00C00_RGB_guitar_head.png,0899,DIV2K_valid_HR/0899.png,false,36,30,false,not_required,retain
img_2400x2400_3x8bit_C00C00_RGB_guitar_head,SAMPLING/8BIT/RGB/2400x2400/C00C00/img_2400x2400_3x8bit_C00C00_RGB_guitar_head.png,0900,DIV2K_valid_HR/0900.png,false,34,32,false,not_required,retain
img_2400x2400_3x8bit_C00C00_RGB_keyboard_a,SAMPLING/8BIT/RGB/2400x2400/C00C00/img_2400x2400_3x8bit_C00C00_RGB_keyboard_a.png,0805,DIV2K_valid_HR/0805.png,false,28,39,false,not_required,retain
img_2400x2400_3x8bit_C00C00_RGB_keyboard_a,SAMPLING/8BIT/RGB/2400x2400/C00C00/img_2400x2400_3x8bit_C00C00_RGB_keyboard_a.png,0806,DIV2K_valid_HR/0806.png,false,36,31,false,not_required,retain
img_2400x2400_3x8bit_C00C00_RGB_keyboard_a,SAMPLING/8BIT/RGB/2400x2400/C00C00/img_2400x2400_3x8bit_C00C00_RGB_keyboard_a.png,0807,DIV2K_valid_HR/0807.png,false,28,31,false,not_required,retain
img_2400x2400_3x8bit_C00C00_RGB_keyboard_a,SAMPLING/8BIT/RGB/2400x2400/C00C00/img_2400x2400_3x8bit_C00C00_RGB_keyboard_a.png,0808,DIV2K_valid_HR/0808.png,false,30,24,false,not_required,retain
img_2400x2400_3x8bit_C00C00_RGB_keyboard_a,SAMPLING/8BIT/RGB/2400x2400/C00C00/img_2400x2400_3x8bit_C00C00_RGB_keyboard_a.png,0809,DIV2K_valid_HR/0809.png,false,28,32,false,not_required,retain
img_2400x2400_3x8bit_C00C00_RGB_keyboard_a,SAMPLING/8BIT/RGB/2400x2400/C00C00/img_2400x2400_3x8bit_C00C00_RGB_keyboard_a.png,0810,DIV2K_valid_HR/0810.png,false,36,29,false,not_required,retain
img_2400x2400_3x8bit_C00C00_RGB_keyboard_a,SAMPLING/8BIT/RGB/2400x2400/C00C00/img_2400x2400_3x8bit_C00C00_RGB_keyboard_a.png,0811,DIV2K_valid_HR/0811.png,false,38,30,false,not_required,retain
img_2400x2400_3x8bit_C00C00_RGB_keyboard_a,SAMPLING/8BIT/RGB/2400x2400/C00C00/img_2400x2400_3x8bit_C00C00_RGB_keyboard_a.png,0812,DIV2K_valid_HR/0812.png,false,28,28,false,not_required,retain
img_2400x2400_3x8bit_C00C00_RGB_keyboard_a,SAMPLING/8BIT/RGB/2400x2400/C00C00/img_2400x2400_3x8bit_C00C00_RGB_keyboard_a.png,0813,DIV2K_valid_HR/0813.png,false,36,33,false,not_required,retain
img_2400x2400_3x8bit_C00C00_RGB_keyboard_a,SAMPLING/8BIT/RGB/2400x2400/C00C00/img_2400x2400_3x8bit_C00C00_RGB_keyboard_a.png,0814,DIV2K_valid_HR/0814.png,false,34,36,false,not_required,retain
img_2400x2400_3x8bit_C00C00_RGB_keyboard_a,SAMPLING/8BIT/RGB/2400x2400/C00C00/img_2400x2400_3x8bit_C00C00_RGB_keyboard_a.png,0815,DIV2K_valid_HR/0815.png,false,32,30,false,not_required,retain
img_2400x2400_3x8bit_C00C00_RGB_keyboard_a,SAMPLING/8BIT/RGB/2400x2400/C00C00/img_2400x2400_3x8bit_C00C00_RGB_keyboard_a.png,0816,DIV2K_valid_HR/0816.png,false,36,28,false,not_required,retain
img_2400x2400_3x8bit_C00C00_RGB_keyboard_a,SAMPLING/8BIT/RGB/2400x2400/C00C00/img_2400x2400_3x8bit_C00C00_RGB_keyboard_a.png,0817,DIV2K_valid_HR/0817.png,false,28,33,false,not_required,retain
img_2400x2400_3x8bit_C00C00_RGB_keyboard_a,SAMPLING/8BIT/RGB/2400x2400/C00C00/img_2400x2400_3x8bit_C00C00_RGB_keyboard_a.png,0818,DIV2K_valid_HR/0818.png,false,32,28,false,not_required,retain
img_2400x2400_3x8bit_C00C00_RGB_keyboard_a,SAMPLING/8BIT/RGB/2400x2400/C00C00/img_2400x2400_3x8bit_C00C00_RGB_keyboard_a.png,0819,DIV2K_valid_HR/0819.png,false,32,35,false,not_required,retain
img_2400x2400_3x8bit_C00C00_RGB_keyboard_a,SAMPLING/8BIT/RGB/2400x2400/C00C00/img_2400x2400_3x8bit_C00C00_RGB_keyboard_a.png,0820,DIV2K_valid_HR/0820.png,false,34,40,false,not_required,retain
img_2400x2400_3x8bit_C00C00_RGB_keyboard_a,SAMPLING/8BIT/RGB/2400x2400/C00C00/img_2400x2400_3x8bit_C00C00_RGB_keyboard_a.png,0821,DIV2K_valid_HR/0821.png,false,34,31,false,not_required,retain
img_2400x2400_3x8bit_C00C00_RGB_keyboard_a,SAMPLING/8BIT/RGB/2400x2400/C00C00/img_2400x2400_3x8bit_C00C00_RGB_keyboard_a.png,0822,DIV2K_valid_HR/0822.png,false,34,29,false,not_required,retain
img_2400x2400_3x8bit_C00C00_RGB_keyboard_a,SAMPLING/8BIT/RGB/2400x2400/C00C00/img_2400x2400_3x8bit_C00C00_RGB_keyboard_a.png,0823,DIV2K_valid_HR/0823.png,false,26,27,false,not_required,retain
img_2400x2400_3x8bit_C00C00_RGB_keyboard_a,SAMPLING/8BIT/RGB/2400x2400/C00C00/img_2400x2400_3x8bit_C00C00_RGB_keyboard_a.png,0824,DIV2K_valid_HR/0824.png,false,34,29,false,not_required,retain
img_2400x2400_3x8bit_C00C00_RGB_keyboard_a,SAMPLING/8BIT/RGB/2400x2400/C00C00/img_2400x2400_3x8bit_C00C00_RGB_keyboard_a.png,0825,DIV2K_valid_HR/0825.png,false,32,26,false,not_required,retain
img_2400x2400_3x8bit_C00C00_RGB_keyboard_a,SAMPLING/8BIT/RGB/2400x2400/C00C00/img_2400x2400_3x8bit_C00C00_RGB_keyboard_a.png,0826,DIV2K_valid_HR/0826.png,false,28,30,false,not_required,retain
img_2400x2400_3x8bit_C00C00_RGB_keyboard_a,SAMPLING/8BIT/RGB/2400x2400/C00C00/img_2400x2400_3x8bit_C00C00_RGB_keyboard_a.png,0827,DIV2K_valid_HR/0827.png,false,30,23,false,not_required,retain
img_2400x2400_3x8bit_C00C00_RGB_keyboard_a,SAMPLING/8BIT/RGB/2400x2400/C00C00/img_2400x2400_3x8bit_C00C00_RGB_keyboard_a.png,0828,DIV2K_valid_HR/0828.png,false,34,26,false,not_required,retain
img_2400x2400_3x8bit_C00C00_RGB_keyboard_a,SAMPLING/8BIT/RGB/2400x2400/C00C00/img_2400x2400_3x8bit_C00C00_RGB_keyboard_a.png,0829,DIV2K_valid_HR/0829.png,false,34,28,false,not_required,retain
img_2400x2400_3x8bit_C00C00_RGB_keyboard_a,SAMPLING/8BIT/RGB/2400x2400/C00C00/img_2400x2400_3x8bit_C00C00_RGB_keyboard_a.png,0830,DIV2K_valid_HR/0830.png,false,28,26,false,not_required,retain
img_2400x2400_3x8bit_C00C00_RGB_keyboard_a,SAMPLING/8BIT/RGB/2400x2400/C00C00/img_2400x2400_3x8bit_C00C00_RGB_keyboard_a.png,0831,DIV2K_valid_HR/0831.png,false,26,26,false,not_required,retain
img_2400x2400_3x8bit_C00C00_RGB_keyboard_a,SAMPLING/8BIT/RGB/2400x2400/C00C00/img_2400x2400_3x8bit_C00C00_RGB_keyboard_a.png,0832,DIV2K_valid_HR/0832.png,false,24,28,false,not_required,retain
img_2400x2400_3x8bit_C00C00_RGB_keyboard_a,SAMPLING/8BIT/RGB/2400x2400/C00C00/img_2400x2400_3x8bit_C00C00_RGB_keyboard_a.png,0833,DIV2K_valid_HR/0833.png,false,32,30,false,not_required,retain
img_2400x2400_3x8bit_C00C00_RGB_keyboard_a,SAMPLING/8BIT/RGB/2400x2400/C00C00/img_2400x2400_3x8bit_C00C00_RGB_keyboard_a.png,0834,DIV2K_valid_HR/0834.png,false,36,34,false,not_required,retain
img_2400x2400_3x8bit_C00C00_RGB_keyboard_a,SAMPLING/8BIT/RGB/2400x2400/C00C00/img_2400x2400_3x8bit_C00C00_RGB_keyboard_a.png,0835,DIV2K_valid_HR/0835.png,false,32,34,false,not_required,retain
img_2400x2400_3x8bit_C00C00_RGB_keyboard_a,SAMPLING/8BIT/RGB/2400x2400/C00C00/img_2400x2400_3x8bit_C00C00_RGB_keyboard_a.png,0836,DIV2K_valid_HR/0836.png,false,28,29,false,not_required,retain
img_2400x2400_3x8bit_C00C00_RGB_keyboard_a,SAMPLING/8BIT/RGB/2400x2400/C00C00/img_2400x2400_3x8bit_C00C00_RGB_keyboard_a.png,0837,DIV2K_valid_HR/0837.png,false,32,30,false,not_required,retain
img_2400x2400_3x8bit_C00C00_RGB_keyboard_a,SAMPLING/8BIT/RGB/2400x2400/C00C00/img_2400x2400_3x8bit_C00C00_RGB_keyboard_a.png,0838,DIV2K_valid_HR/0838.png,false,28,26,false,not_required,retain
img_2400x2400_3x8bit_C00C00_RGB_keyboard_a,SAMPLING/8BIT/RGB/2400x2400/C00C00/img_2400x2400_3x8bit_C00C00_RGB_keyboard_a.png,0839,DIV2K_valid_HR/0839.png,false,26,31,false,not_required,retain
img_2400x2400_3x8bit_C00C00_RGB_keyboard_a,SAMPLING/8BIT/RGB/2400x2400/C00C00/img_2400x2400_3x8bit_C00C00_RGB_keyboard_a.png,0840,DIV2K_valid_HR/0840.png,false,32,35,false,not_required,retain
img_2400x2400_3x8bit_C00C00_RGB_keyboard_a,SAMPLING/8BIT/RGB/2400x2400/C00C00/img_2400x2400_3x8bit_C00C00_RGB_keyboard_a.png,0841,DIV2K_valid_HR/0841.png,false,32,30,false,not_required,retain
img_2400x2400_3x8bit_C00C00_RGB_keyboard_a,SAMPLING/8BIT/RGB/2400x2400/C00C00/img_2400x2400_3x8bit_C00C00_RGB_keyboard_a.png,0842,DIV2K_valid_HR/0842.png,false,34,38,false,not_required,retain
img_2400x2400_3x8bit_C00C00_RGB_keyboard_a,SAMPLING/8BIT/RGB/2400x2400/C00C00/img_2400x2400_3x8bit_C00C00_RGB_keyboard_a.png,0843,DIV2K_valid_HR/0843.png,false,26,30,false,not_required,retain
img_2400x2400_3x8bit_C00C00_RGB_keyboard_a,SAMPLING/8BIT/RGB/2400x2400/C00C00/img_2400x2400_3x8bit_C00C00_RGB_keyboard_a.png,0844,DIV2K_valid_HR/0844.png,false,30,32,false,not_required,retain
img_2400x2400_3x8bit_C00C00_RGB_keyboard_a,SAMPLING/8BIT/RGB/2400x2400/C00C00/img_2400x2400_3x8bit_C00C00_RGB_keyboard_a.png,0845,DIV2K_valid_HR/0845.png,false,28,37,false,not_required,retain
img_2400x2400_3x8bit_C00C00_RGB_keyboard_a,SAMPLING/8BIT/RGB/2400x2400/C00C00/img_2400x2400_3x8bit_C00C00_RGB_keyboard_a.png,0846,DIV2K_valid_HR/0846.png,false,34,39,false,not_required,retain
img_2400x2400_3x8bit_C00C00_RGB_keyboard_a,SAMPLING/8BIT/RGB/2400x2400/C00C00/img_2400x2400_3x8bit_C00C00_RGB_keyboard_a.png,0847,DIV2K_valid_HR/0847.png,false,34,35,false,not_required,retain
img_2400x2400_3x8bit_C00C00_RGB_keyboard_a,SAMPLING/8BIT/RGB/2400x2400/C00C00/img_2400x2400_3x8bit_C00C00_RGB_keyboard_a.png,0848,DIV2K_valid_HR/0848.png,false,30,25,false,not_required,retain
img_2400x2400_3x8bit_C00C00_RGB_keyboard_a,SAMPLING/8BIT/RGB/2400x2400/C00C00/img_2400x2400_3x8bit_C00C00_RGB_keyboard_a.png,0849,DIV2K_valid_HR/0849.png,false,34,26,false,not_required,retain
img_2400x2400_3x8bit_C00C00_RGB_keyboard_a,SAMPLING/8BIT/RGB/2400x2400/C00C00/img_2400x2400_3x8bit_C00C00_RGB_keyboard_a.png,0850,DIV2K_valid_HR/0850.png,false,32,31,false,not_required,retain
img_2400x2400_3x8bit_C00C00_RGB_keyboard_a,SAMPLING/8BIT/RGB/2400x2400/C00C00/img_2400x2400_3x8bit_C00C00_RGB_keyboard_a.png,0851,DIV2K_valid_HR/0851.png,false,34,24,false,not_required,retain
img_2400x2400_3x8bit_C00C00_RGB_keyboard_a,SAMPLING/8BIT/RGB/2400x2400/C00C00/img_2400x2400_3x8bit_C00C00_RGB_keyboard_a.png,0852,DIV2K_valid_HR/0852.png,false,36,30,false,not_required,retain
img_2400x2400_3x8bit_C00C00_RGB_keyboard_a,SAMPLING/8BIT/RGB/2400x2400/C00C00/img_2400x2400_3x8bit_C00C00_RGB_keyboard_a.png,0853,DIV2K_valid_HR/0853.png,false,30,29,false,not_required,retain
img_2400x2400_3x8bit_C00C00_RGB_keyboard_a,SAMPLING/8BIT/RGB/2400x2400/C00C00/img_2400x2400_3x8bit_C00C00_RGB_keyboard_a.png,0854,DIV2K_valid_HR/0854.png,false,30,34,false,not_required,retain
img_2400x2400_3x8bit_C00C00_RGB_keyboard_a,SAMPLING/8BIT/RGB/2400x2400/C00C00/img_2400x2400_3x8bit_C00C00_RGB_keyboard_a.png,0855,DIV2K_valid_HR/0855.png,false,32,26,false,not_required,retain
img_2400x2400_3x8bit_C00C00_RGB_keyboard_a,SAMPLING/8BIT/RGB/2400x2400/C00C00/img_2400x2400_3x8bit_C00C00_RGB_keyboard_a.png,0856,DIV2K_valid_HR/0856.png,false,28,29,false,not_required,retain
img_2400x2400_3x8bit_C00C00_RGB_keyboard_a,SAMPLING/8BIT/RGB/2400x2400/C00C00/img_2400x2400_3x8bit_C00C00_RGB_keyboard_a.png,0857,DIV2K_valid_HR/0857.png,false,38,36,false,not_required,retain
img_2400x2400_3x8bit_C00C00_RGB_keyboard_a,SAMPLING/8BIT/RGB/2400x2400/C00C00/img_2400x2400_3x8bit_C00C00_RGB_keyboard_a.png,0858,DIV2K_valid_HR/0858.png,false,30,30,false,not_required,retain
img_2400x2400_3x8bit_C00C00_RGB_keyboard_a,SAMPLING/8BIT/RGB/2400x2400/C00C00/img_2400x2400_3x8bit_C00C00_RGB_keyboard_a.png,0859,DIV2K_valid_HR/0859.png,false,34,37,false,not_required,retain
img_2400x2400_3x8bit_C00C00_RGB_keyboard_a,SAMPLING/8BIT/RGB/2400x2400/C00C00/img_2400x2400_3x8bit_C00C00_RGB_keyboard_a.png,0860,DIV2K_valid_HR/0860.png,false,30,34,false,not_required,retain
img_2400x2400_3x8bit_C00C00_RGB_keyboard_a,SAMPLING/8BIT/RGB/2400x2400/C00C00/img_2400x2400_3x8bit_C00C00_RGB_keyboard_a.png,0861,DIV2K_valid_HR/0861.png,false,34,29,false,not_required,retain
img_2400x2400_3x8bit_C00C00_RGB_keyboard_a,SAMPLING/8BIT/RGB/2400x2400/C00C00/img_2400x2400_3x8bit_C00C00_RGB_keyboard_a.png,0862,DIV2K_valid_HR/0862.png,false,36,33,false,not_required,retain
img_2400x2400_3x8bit_C00C00_RGB_keyboard_a,SAMPLING/8BIT/RGB/2400x2400/C00C00/img_2400x2400_3x8bit_C00C00_RGB_keyboard_a.png,0863,DIV2K_valid_HR/0863.png,false,30,33,false,not_required,retain
img_2400x2400_3x8bit_C00C00_RGB_keyboard_a,SAMPLING/8BIT/RGB/2400x2400/C00C00/img_2400x2400_3x8bit_C00C00_RGB_keyboard_a.png,0864,DIV2K_valid_HR/0864.png,false,28,32,false,not_required,retain
img_2400x2400_3x8bit_C00C00_RGB_keyboard_a,SAMPLING/8BIT/RGB/2400x2400/C00C00/img_2400x2400_3x8bit_C00C00_RGB_keyboard_a.png,0865,DIV2K_valid_HR/0865.png,false,26,36,false,not_required,retain
img_2400x2400_3x8bit_C00C00_RGB_keyboard_a,SAMPLING/8BIT/RGB/2400x2400/C00C00/img_2400x2400_3x8bit_C00C00_RGB_keyboard_a.png,0866,DIV2K_valid_HR/0866.png,false,38,37,false,not_required,retain
img_2400x2400_3x8bit_C00C00_RGB_keyboard_a,SAMPLING/8BIT/RGB/2400x2400/C00C00/img_2400x2400_3x8bit_C00C00_RGB_keyboard_a.png,0867,DIV2K_valid_HR/0867.png,false,34,29,false,not_required,retain
img_2400x2400_3x8bit_C00C00_RGB_keyboard_a,SAMPLING/8BIT/RGB/2400x2400/C00C00/img_2400x2400_3x8bit_C00C00_RGB_keyboard_a.png,0868,DIV2K_valid_HR/0868.png,false,28,34,false,not_required,retain
img_2400x2400_3x8bit_C00C00_RGB_keyboard_a,SAMPLING/8BIT/RGB/2400x2400/C00C00/img_2400x2400_3x8bit_C00C00_RGB_keyboard_a.png,0869,DIV2K_valid_HR/0869.png,false,38,32,false,not_required,retain
img_2400x2400_3x8bit_C00C00_RGB_keyboard_a,SAMPLING/8BIT/RGB/2400x2400/C00C00/img_2400x2400_3x8bit_C00C00_RGB_keyboard_a.png,0870,DIV2K_valid_HR/0870.png,false,26,33,false,not_required,retain
img_2400x2400_3x8bit_C00C00_RGB_keyboard_a,SAMPLING/8BIT/RGB/2400x2400/C00C00/img_2400x2400_3x8bit_C00C00_RGB_keyboard_a.png,0871,DIV2K_valid_HR/0871.png,false,28,28,false,not_required,retain
img_2400x2400_3x8bit_C00C00_RGB_keyboard_a,SAMPLING/8BIT/RGB/2400x2400/C00C00/img_2400x2400_3x8bit_C00C00_RGB_keyboard_a.png,0872,DIV2K_valid_HR/0872.png,false,30,35,false,not_required,retain
img_2400x2400_3x8bit_C00C00_RGB_keyboard_a,SAMPLING/8BIT/RGB/2400x2400/C00C00/img_2400x2400_3x8bit_C00C00_RGB_keyboard_a.png,0873,DIV2K_valid_HR/0873.png,false,34,39,false,not_required,retain
img_2400x2400_3x8bit_C00C00_RGB_keyboard_a,SAMPLING/8BIT/RGB/2400x2400/C00C00/img_2400x2400_3x8bit_C00C00_RGB_keyboard_a.png,0874,DIV2K_valid_HR/0874.png,false,32,30,false,not_required,retain
img_2400x2400_3x8bit_C00C00_RGB_keyboard_a,SAMPLING/8BIT/RGB/2400x2400/C00C00/img_2400x2400_3x8bit_C00C00_RGB_keyboard_a.png,0875,DIV2K_valid_HR/0875.png,false,36,26,false,not_required,retain
img_2400x2400_3x8bit_C00C00_RGB_keyboard_a,SAMPLING/8BIT/RGB/2400x2400/C00C00/img_2400x2400_3x8bit_C00C00_RGB_keyboard_a.png,0876,DIV2K_valid_HR/0876.png,false,30,28,false,not_required,retain
img_2400x2400_3x8bit_C00C00_RGB_keyboard_a,SAMPLING/8BIT/RGB/2400x2400/C00C00/img_2400x2400_3x8bit_C00C00_RGB_keyboard_a.png,0877,DIV2K_valid_HR/0877.png,false,34,25,false,not_required,retain
img_2400x2400_3x8bit_C00C00_RGB_keyboard_a,SAMPLING/8BIT/RGB/2400x2400/C00C00/img_2400x2400_3x8bit_C00C00_RGB_keyboard_a.png,0878,DIV2K_valid_HR/0878.png,false,28,33,false,not_required,retain
img_2400x2400_3x8bit_C00C00_RGB_keyboard_a,SAMPLING/8BIT/RGB/2400x2400/C00C00/img_2400x2400_3x8bit_C00C00_RGB_keyboard_a.png,0879,DIV2K_valid_HR/0879.png,false,34,31,false,not_required,retain
img_2400x2400_3x8bit_C00C00_RGB_keyboard_a,SAMPLING/8BIT/RGB/2400x2400/C00C00/img_2400x2400_3x8bit_C00C00_RGB_keyboard_a.png,0880,DIV2K_valid_HR/0880.png,false,28,28,false,not_required,retain
img_2400x2400_3x8bit_C00C00_RGB_keyboard_a,SAMPLING/8BIT/RGB/2400x2400/C00C00/img_2400x2400_3x8bit_C00C00_RGB_keyboard_a.png,0881,DIV2K_valid_HR/0881.png,false,26,36,false,not_required,retain
img_2400x2400_3x8bit_C00C00_RGB_keyboard_a,SAMPLING/8BIT/RGB/2400x2400/C00C00/img_2400x2400_3x8bit_C00C00_RGB_keyboard_a.png,0882,DIV2K_valid_HR/0882.png,false,28,26,false,not_required,retain
img_2400x2400_3x8bit_C00C00_RGB_keyboard_a,SAMPLING/8BIT/RGB/2400x2400/C00C00/img_2400x2400_3x8bit_C00C00_RGB_keyboard_a.png,0883,DIV2K_valid_HR/0883.png,false,32,37,false,not_required,retain
img_2400x2400_3x8bit_C00C00_RGB_keyboard_a,SAMPLING/8BIT/RGB/2400x2400/C00C00/img_2400x2400_3x8bit_C00C00_RGB_keyboard_a.png,0884,DIV2K_valid_HR/0884.png,false,24,32,false,not_required,retain
img_2400x2400_3x8bit_C00C00_RGB_keyboard_a,SAMPLING/8BIT/RGB/2400x2400/C00C00/img_2400x2400_3x8bit_C00C00_RGB_keyboard_a.png,0885,DIV2K_valid_HR/0885.png,false,34,33,false,not_required,retain
img_2400x2400_3x8bit_C00C00_RGB_keyboard_a,SAMPLING/8BIT/RGB/2400x2400/C00C00/img_2400x2400_3x8bit_C00C00_RGB_keyboard_a.png,0886,DIV2K_valid_HR/0886.png,false,32,38,false,not_required,retain
img_2400x2400_3x8bit_C00C00_RGB_keyboard_a,SAMPLING/8BIT/RGB/2400x2400/C00C00/img_2400x2400_3x8bit_C00C00_RGB_keyboard_a.png,0887,DIV2K_valid_HR/0887.png,false,30,30,false,not_required,retain
img_2400x2400_3x8bit_C00C00_RGB_keyboard_a,SAMPLING/8BIT/RGB/2400x2400/C00C00/img_2400x2400_3x8bit_C00C00_RGB_keyboard_a.png,0888,DIV2K_valid_HR/0888.png,false,34,28,false,not_required,retain
img_2400x2400_3x8bit_C00C00_RGB_keyboard_a,SAMPLING/8BIT/RGB/2400x2400/C00C00/img_2400x2400_3x8bit_C00C00_RGB_keyboard_a.png,0889,DIV2K_valid_HR/0889.png,false,20,32,false,not_required,retain
img_2400x2400_3x8bit_C00C00_RGB_keyboard_a,SAMPLING/8BIT/RGB/2400x2400/C00C00/img_2400x2400_3x8bit_C00C00_RGB_keyboard_a.png,0890,DIV2K_valid_HR/0890.png,false,24,23,false,not_required,retain
img_2400x2400_3x8bit_C00C00_RGB_keyboard_a,SAMPLING/8BIT/RGB/2400x2400/C00C00/img_2400x2400_3x8bit_C00C00_RGB_keyboard_a.png,0891,DIV2K_valid_HR/0891.png,false,32,33,false,not_required,retain
img_2400x2400_3x8bit_C00C00_RGB_keyboard_a,SAMPLING/8BIT/RGB/2400x2400/C00C00/img_2400x2400_3x8bit_C00C00_RGB_keyboard_a.png,0892,DIV2K_valid_HR/0892.png,false,38,34,false,not_required,retain
img_2400x2400_3x8bit_C00C00_RGB_keyboard_a,SAMPLING/8BIT/RGB/2400x2400/C00C00/img_2400x2400_3x8bit_C00C00_RGB_keyboard_a.png,0893,DIV2K_valid_HR/0893.png,false,38,32,false,not_required,retain
img_2400x2400_3x8bit_C00C00_RGB_keyboard_a,SAMPLING/8BIT/RGB/2400x2400/C00C00/img_2400x2400_3x8bit_C00C00_RGB_keyboard_a.png,0894,DIV2K_valid_HR/0894.png,false,34,34,false,not_required,retain
img_2400x2400_3x8bit_C00C00_RGB_keyboard_a,SAMPLING/8BIT/RGB/2400x2400/C00C00/img_2400x2400_3x8bit_C00C00_RGB_keyboard_a.png,0895,DIV2K_valid_HR/0895.png,false,32,35,false,not_required,retain
img_2400x2400_3x8bit_C00C00_RGB_keyboard_a,SAMPLING/8BIT/RGB/2400x2400/C00C00/img_2400x2400_3x8bit_C00C00_RGB_keyboard_a.png,0896,DIV2K_valid_HR/0896.png,false,32,27,false,not_required,retain
img_2400x2400_3x8bit_C00C00_RGB_keyboard_a,SAMPLING/8BIT/RGB/2400x2400/C00C00/img_2400x2400_3x8bit_C00C00_RGB_keyboard_a.png,0897,DIV2K_valid_HR/0897.png,false,30,41,false,not_required,retain
img_2400x2400_3x8bit_C00C00_RGB_keyboard_a,SAMPLING/8BIT/RGB/2400x2400/C00C00/img_2400x2400_3x8bit_C00C00_RGB_keyboard_a.png,0898,DIV2K_valid_HR/0898.png,false,30,29,false,not_required,retain
img_2400x2400_3x8bit_C00C00_RGB_keyboard_a,SAMPLING/8BIT/RGB/2400x2400/C00C00/img_2400x2400_3x8bit_C00C00_RGB_keyboard_a.png,0899,DIV2K_valid_HR/0899.png,false,34,28,false,not_required,retain
img_2400x2400_3x8bit_C00C00_RGB_keyboard_a,SAMPLING/8BIT/RGB/2400x2400/C00C00/img_2400x2400_3x8bit_C00C00_RGB_keyboard_a.png,0900,DIV2K_valid_HR/0900.png,false,32,28,false,not_required,retain
img_2400x2400_3x8bit_C00C00_RGB_keyboard_b,SAMPLING/8BIT/RGB/2400x2400/C00C00/img_2400x2400_3x8bit_C00C00_RGB_keyboard_b.png,0805,DIV2K_valid_HR/0805.png,false,36,28,false,not_required,retain
img_2400x2400_3x8bit_C00C00_RGB_keyboard_b,SAMPLING/8BIT/RGB/2400x2400/C00C00/img_2400x2400_3x8bit_C00C00_RGB_keyboard_b.png,0806,DIV2K_valid_HR/0806.png,false,32,44,false,not_required,retain
img_2400x2400_3x8bit_C00C00_RGB_keyboard_b,SAMPLING/8BIT/RGB/2400x2400/C00C00/img_2400x2400_3x8bit_C00C00_RGB_keyboard_b.png,0807,DIV2K_valid_HR/0807.png,false,36,36,false,not_required,retain
img_2400x2400_3x8bit_C00C00_RGB_keyboard_b,SAMPLING/8BIT/RGB/2400x2400/C00C00/img_2400x2400_3x8bit_C00C00_RGB_keyboard_b.png,0808,DIV2K_valid_HR/0808.png,false,24,33,false,not_required,retain
img_2400x2400_3x8bit_C00C00_RGB_keyboard_b,SAMPLING/8BIT/RGB/2400x2400/C00C00/img_2400x2400_3x8bit_C00C00_RGB_keyboard_b.png,0809,DIV2K_valid_HR/0809.png,false,32,31,false,not_required,retain
img_2400x2400_3x8bit_C00C00_RGB_keyboard_b,SAMPLING/8BIT/RGB/2400x2400/C00C00/img_2400x2400_3x8bit_C00C00_RGB_keyboard_b.png,0810,DIV2K_valid_HR/0810.png,false,30,28,false,not_required,retain
img_2400x2400_3x8bit_C00C00_RGB_keyboard_b,SAMPLING/8BIT/RGB/2400x2400/C00C00/img_2400x2400_3x8bit_C00C00_RGB_keyboard_b.png,0811,DIV2K_valid_HR/0811.png,false,34,35,false,not_required,retain
img_2400x2400_3x8bit_C00C00_RGB_keyboard_b,SAMPLING/8BIT/RGB/2400x2400/C00C00/img_2400x2400_3x8bit_C00C00_RGB_keyboard_b.png,0812,DIV2K_valid_HR/0812.png,false,34,25,false,not_required,retain
img_2400x2400_3x8bit_C00C00_RGB_keyboard_b,SAMPLING/8BIT/RGB/2400x2400/C00C00/img_2400x2400_3x8bit_C00C00_RGB_keyboard_b.png,0813,DIV2K_valid_HR/0813.png,false,34,38,false,not_required,retain
img_2400x2400_3x8bit_C00C00_RGB_keyboard_b,SAMPLING/8BIT/RGB/2400x2400/C00C00/img_2400x2400_3x8bit_C00C00_RGB_keyboard_b.png,0814,DIV2K_valid_HR/0814.png,false,32,39,false,not_required,retain
img_2400x2400_3x8bit_C00C00_RGB_keyboard_b,SAMPLING/8BIT/RGB/2400x2400/C00C00/img_2400x2400_3x8bit_C00C00_RGB_keyboard_b.png,0815,DIV2K_valid_HR/0815.png,false,34,31,false,not_required,retain
img_2400x2400_3x8bit_C00C00_RGB_keyboard_b,SAMPLING/8BIT/RGB/2400x2400/C00C00/img_2400x2400_3x8bit_C00C00_RGB_keyboard_b.png,0816,DIV2K_valid_HR/0816.png,false,28,31,false,not_required,retain
img_2400x2400_3x8bit_C00C00_RGB_keyboard_b,SAMPLING/8BIT/RGB/2400x2400/C00C00/img_2400x2400_3x8bit_C00C00_RGB_keyboard_b.png,0817,DIV2K_valid_HR/0817.png,false,30,32,false,not_required,retain
img_2400x2400_3x8bit_C00C00_RGB_keyboard_b,SAMPLING/8BIT/RGB/2400x2400/C00C00/img_2400x2400_3x8bit_C00C00_RGB_keyboard_b.png,0818,DIV2K_valid_HR/0818.png,false,30,47,false,not_required,retain
img_2400x2400_3x8bit_C00C00_RGB_keyboard_b,SAMPLING/8BIT/RGB/2400x2400/C00C00/img_2400x2400_3x8bit_C00C00_RGB_keyboard_b.png,0819,DIV2K_valid_HR/0819.png,false,30,24,false,not_required,retain
img_2400x2400_3x8bit_C00C00_RGB_keyboard_b,SAMPLING/8BIT/RGB/2400x2400/C00C00/img_2400x2400_3x8bit_C00C00_RGB_keyboard_b.png,0820,DIV2K_valid_HR/0820.png,false,34,43,false,not_required,retain
img_2400x2400_3x8bit_C00C00_RGB_keyboard_b,SAMPLING/8BIT/RGB/2400x2400/C00C00/img_2400x2400_3x8bit_C00C00_RGB_keyboard_b.png,0821,DIV2K_valid_HR/0821.png,false,32,32,false,not_required,retain
img_2400x2400_3x8bit_C00C00_RGB_keyboard_b,SAMPLING/8BIT/RGB/2400x2400/C00C00/img_2400x2400_3x8bit_C00C00_RGB_keyboard_b.png,0822,DIV2K_valid_HR/0822.png,false,32,40,false,not_required,retain
img_2400x2400_3x8bit_C00C00_RGB_keyboard_b,SAMPLING/8BIT/RGB/2400x2400/C00C00/img_2400x2400_3x8bit_C00C00_RGB_keyboard_b.png,0823,DIV2K_valid_HR/0823.png,false,24,32,false,not_required,retain
img_2400x2400_3x8bit_C00C00_RGB_keyboard_b,SAMPLING/8BIT/RGB/2400x2400/C00C00/img_2400x2400_3x8bit_C00C00_RGB_keyboard_b.png,0824,DIV2K_valid_HR/0824.png,false,22,30,false,not_required,retain
img_2400x2400_3x8bit_C00C00_RGB_keyboard_b,SAMPLING/8BIT/RGB/2400x2400/C00C00/img_2400x2400_3x8bit_C00C00_RGB_keyboard_b.png,0825,DIV2K_valid_HR/0825.png,false,32,41,false,not_required,retain
img_2400x2400_3x8bit_C00C00_RGB_keyboard_b,SAMPLING/8BIT/RGB/2400x2400/C00C00/img_2400x2400_3x8bit_C00C00_RGB_keyboard_b.png,0826,DIV2K_valid_HR/0826.png,false,36,35,false,not_required,retain
img_2400x2400_3x8bit_C00C00_RGB_keyboard_b,SAMPLING/8BIT/RGB/2400x2400/C00C00/img_2400x2400_3x8bit_C00C00_RGB_keyboard_b.png,0827,DIV2K_valid_HR/0827.png,false,36,36,false,not_required,retain
img_2400x2400_3x8bit_C00C00_RGB_keyboard_b,SAMPLING/8BIT/RGB/2400x2400/C00C00/img_2400x2400_3x8bit_C00C00_RGB_keyboard_b.png,0828,DIV2K_valid_HR/0828.png,false,32,29,false,not_required,retain
img_2400x2400_3x8bit_C00C00_RGB_keyboard_b,SAMPLING/8BIT/RGB/2400x2400/C00C00/img_2400x2400_3x8bit_C00C00_RGB_keyboard_b.png,0829,DIV2K_valid_HR/0829.png,false,30,35,false,not_required,retain
img_2400x2400_3x8bit_C00C00_RGB_keyboard_b,SAMPLING/8BIT/RGB/2400x2400/C00C00/img_2400x2400_3x8bit_C00C00_RGB_keyboard_b.png,0830,DIV2K_valid_HR/0830.png,false,36,27,false,not_required,retain
img_2400x2400_3x8bit_C00C00_RGB_keyboard_b,SAMPLING/8BIT/RGB/2400x2400/C00C00/img_2400x2400_3x8bit_C00C00_RGB_keyboard_b.png,0831,DIV2K_valid_HR/0831.png,false,34,37,false,not_required,retain
img_2400x2400_3x8bit_C00C00_RGB_keyboard_b,SAMPLING/8BIT/RGB/2400x2400/C00C00/img_2400x2400_3x8bit_C00C00_RGB_keyboard_b.png,0832,DIV2K_valid_HR/0832.png,false,32,35,false,not_required,retain
img_2400x2400_3x8bit_C00C00_RGB_keyboard_b,SAMPLING/8BIT/RGB/2400x2400/C00C00/img_2400x2400_3x8bit_C00C00_RGB_keyboard_b.png,0833,DIV2K_valid_HR/0833.png,false,28,25,false,not_required,retain
img_2400x2400_3x8bit_C00C00_RGB_keyboard_b,SAMPLING/8BIT/RGB/2400x2400/C00C00/img_2400x2400_3x8bit_C00C00_RGB_keyboard_b.png,0834,DIV2K_valid_HR/0834.png,false,34,35,false,not_required,retain
img_2400x2400_3x8bit_C00C00_RGB_keyboard_b,SAMPLING/8BIT/RGB/2400x2400/C00C00/img_2400x2400_3x8bit_C00C00_RGB_keyboard_b.png,0835,DIV2K_valid_HR/0835.png,false,28,37,false,not_required,retain
img_2400x2400_3x8bit_C00C00_RGB_keyboard_b,SAMPLING/8BIT/RGB/2400x2400/C00C00/img_2400x2400_3x8bit_C00C00_RGB_keyboard_b.png,0836,DIV2K_valid_HR/0836.png,false,30,24,false,not_required,retain
img_2400x2400_3x8bit_C00C00_RGB_keyboard_b,SAMPLING/8BIT/RGB/2400x2400/C00C00/img_2400x2400_3x8bit_C00C00_RGB_keyboard_b.png,0837,DIV2K_valid_HR/0837.png,false,38,35,false,not_required,retain
img_2400x2400_3x8bit_C00C00_RGB_keyboard_b,SAMPLING/8BIT/RGB/2400x2400/C00C00/img_2400x2400_3x8bit_C00C00_RGB_keyboard_b.png,0838,DIV2K_valid_HR/0838.png,false,32,35,false,not_required,retain
img_2400x2400_3x8bit_C00C00_RGB_keyboard_b,SAMPLING/8BIT/RGB/2400x2400/C00C00/img_2400x2400_3x8bit_C00C00_RGB_keyboard_b.png,0839,DIV2K_valid_HR/0839.png,false,26,34,false,not_required,retain
img_2400x2400_3x8bit_C00C00_RGB_keyboard_b,SAMPLING/8BIT/RGB/2400x2400/C00C00/img_2400x2400_3x8bit_C00C00_RGB_keyboard_b.png,0840,DIV2K_valid_HR/0840.png,false,30,28,false,not_required,retain
img_2400x2400_3x8bit_C00C00_RGB_keyboard_b,SAMPLING/8BIT/RGB/2400x2400/C00C00/img_2400x2400_3x8bit_C00C00_RGB_keyboard_b.png,0841,DIV2K_valid_HR/0841.png,false,24,33,false,not_required,retain
img_2400x2400_3x8bit_C00C00_RGB_keyboard_b,SAMPLING/8BIT/RGB/2400x2400/C00C00/img_2400x2400_3x8bit_C00C00_RGB_keyboard_b.png,0842,DIV2K_valid_HR/0842.png,false,32,31,false,not_required,retain
img_2400x2400_3x8bit_C00C00_RGB_keyboard_b,SAMPLING/8BIT/RGB/2400x2400/C00C00/img_2400x2400_3x8bit_C00C00_RGB_keyboard_b.png,0843,DIV2K_valid_HR/0843.png,false,38,43,false,not_required,retain
img_2400x2400_3x8bit_C00C00_RGB_keyboard_b,SAMPLING/8BIT/RGB/2400x2400/C00C00/img_2400x2400_3x8bit_C00C00_RGB_keyboard_b.png,0844,DIV2K_valid_HR/0844.png,false,34,23,false,not_required,retain
img_2400x2400_3x8bit_C00C00_RGB_keyboard_b,SAMPLING/8BIT/RGB/2400x2400/C00C00/img_2400x2400_3x8bit_C00C00_RGB_keyboard_b.png,0845,DIV2K_valid_HR/0845.png,false,36,38,false,not_required,retain
img_2400x2400_3x8bit_C00C00_RGB_keyboard_b,SAMPLING/8BIT/RGB/2400x2400/C00C00/img_2400x2400_3x8bit_C00C00_RGB_keyboard_b.png,0846,DIV2K_valid_HR/0846.png,false,28,36,false,not_required,retain
img_2400x2400_3x8bit_C00C00_RGB_keyboard_b,SAMPLING/8BIT/RGB/2400x2400/C00C00/img_2400x2400_3x8bit_C00C00_RGB_keyboard_b.png,0847,DIV2K_valid_HR/0847.png,false,34,34,false,not_required,retain
img_2400x2400_3x8bit_C00C00_RGB_keyboard_b,SAMPLING/8BIT/RGB/2400x2400/C00C00/img_2400x2400_3x8bit_C00C00_RGB_keyboard_b.png,0848,DIV2K_valid_HR/0848.png,false,28,36,false,not_required,retain
img_2400x2400_3x8bit_C00C00_RGB_keyboard_b,SAMPLING/8BIT/RGB/2400x2400/C00C00/img_2400x2400_3x8bit_C00C00_RGB_keyboard_b.png,0849,DIV2K_valid_HR/0849.png,false,40,39,false,not_required,retain
img_2400x2400_3x8bit_C00C00_RGB_keyboard_b,SAMPLING/8BIT/RGB/2400x2400/C00C00/img_2400x2400_3x8bit_C00C00_RGB_keyboard_b.png,0850,DIV2K_valid_HR/0850.png,false,32,38,false,not_required,retain
img_2400x2400_3x8bit_C00C00_RGB_keyboard_b,SAMPLING/8BIT/RGB/2400x2400/C00C00/img_2400x2400_3x8bit_C00C00_RGB_keyboard_b.png,0851,DIV2K_valid_HR/0851.png,false,34,25,false,not_required,retain
img_2400x2400_3x8bit_C00C00_RGB_keyboard_b,SAMPLING/8BIT/RGB/2400x2400/C00C00/img_2400x2400_3x8bit_C00C00_RGB_keyboard_b.png,0852,DIV2K_valid_HR/0852.png,false,32,37,false,not_required,retain
img_2400x2400_3x8bit_C00C00_RGB_keyboard_b,SAMPLING/8BIT/RGB/2400x2400/C00C00/img_2400x2400_3x8bit_C00C00_RGB_keyboard_b.png,0853,DIV2K_valid_HR/0853.png,false,30,42,false,not_required,retain
img_2400x2400_3x8bit_C00C00_RGB_keyboard_b,SAMPLING/8BIT/RGB/2400x2400/C00C00/img_2400x2400_3x8bit_C00C00_RGB_keyboard_b.png,0854,DIV2K_valid_HR/0854.png,false,28,31,false,not_required,retain
img_2400x2400_3x8bit_C00C00_RGB_keyboard_b,SAMPLING/8BIT/RGB/2400x2400/C00C00/img_2400x2400_3x8bit_C00C00_RGB_keyboard_b.png,0855,DIV2K_valid_HR/0855.png,false,32,33,false,not_required,retain
img_2400x2400_3x8bit_C00C00_RGB_keyboard_b,SAMPLING/8BIT/RGB/2400x2400/C00C00/img_2400x2400_3x8bit_C00C00_RGB_keyboard_b.png,0856,DIV2K_valid_HR/0856.png,false,32,40,false,not_required,retain
img_2400x2400_3x8bit_C00C00_RGB_keyboard_b,SAMPLING/8BIT/RGB/2400x2400/C00C00/img_2400x2400_3x8bit_C00C00_RGB_keyboard_b.png,0857,DIV2K_valid_HR/0857.png,false,26,33,false,not_required,retain
img_2400x2400_3x8bit_C00C00_RGB_keyboard_b,SAMPLING/8BIT/RGB/2400x2400/C00C00/img_2400x2400_3x8bit_C00C00_RGB_keyboard_b.png,0858,DIV2K_valid_HR/0858.png,false,34,41,false,not_required,retain
img_2400x2400_3x8bit_C00C00_RGB_keyboard_b,SAMPLING/8BIT/RGB/2400x2400/C00C00/img_2400x2400_3x8bit_C00C00_RGB_keyboard_b.png,0859,DIV2K_valid_HR/0859.png,false,34,32,false,not_required,retain
img_2400x2400_3x8bit_C00C00_RGB_keyboard_b,SAMPLING/8BIT/RGB/2400x2400/C00C00/img_2400x2400_3x8bit_C00C00_RGB_keyboard_b.png,0860,DIV2K_valid_HR/0860.png,false,32,33,false,not_required,retain
img_2400x2400_3x8bit_C00C00_RGB_keyboard_b,SAMPLING/8BIT/RGB/2400x2400/C00C00/img_2400x2400_3x8bit_C00C00_RGB_keyboard_b.png,0861,DIV2K_valid_HR/0861.png,false,36,46,false,not_required,retain
img_2400x2400_3x8bit_C00C00_RGB_keyboard_b,SAMPLING/8BIT/RGB/2400x2400/C00C00/img_2400x2400_3x8bit_C00C00_RGB_keyboard_b.png,0862,DIV2K_valid_HR/0862.png,false,30,36,false,not_required,retain
img_2400x2400_3x8bit_C00C00_RGB_keyboard_b,SAMPLING/8BIT/RGB/2400x2400/C00C00/img_2400x2400_3x8bit_C00C00_RGB_keyboard_b.png,0863,DIV2K_valid_HR/0863.png,false,24,20,false,not_required,retain
img_2400x2400_3x8bit_C00C00_RGB_keyboard_b,SAMPLING/8BIT/RGB/2400x2400/C00C00/img_2400x2400_3x8bit_C00C00_RGB_keyboard_b.png,0864,DIV2K_valid_HR/0864.png,false,32,49,false,not_required,retain
img_2400x2400_3x8bit_C00C00_RGB_keyboard_b,SAMPLING/8BIT/RGB/2400x2400/C00C00/img_2400x2400_3x8bit_C00C00_RGB_keyboard_b.png,0865,DIV2K_valid_HR/0865.png,false,28,25,false,not_required,retain
img_2400x2400_3x8bit_C00C00_RGB_keyboard_b,SAMPLING/8BIT/RGB/2400x2400/C00C00/img_2400x2400_3x8bit_C00C00_RGB_keyboard_b.png,0866,DIV2K_valid_HR/0866.png,false,40,26,false,not_required,retain
img_2400x2400_3x8bit_C00C00_RGB_keyboard_b,SAMPLING/8BIT/RGB/2400x2400/C00C00/img_2400x2400_3x8bit_C00C00_RGB_keyboard_b.png,0867,DIV2K_valid_HR/0867.png,false,26,36,false,not_required,retain
img_2400x2400_3x8bit_C00C00_RGB_keyboard_b,SAMPLING/8BIT/RGB/2400x2400/C00C00/img_2400x2400_3x8bit_C00C00_RGB_keyboard_b.png,0868,DIV2K_valid_HR/0868.png,false,32,27,false,not_required,retain
img_2400x2400_3x8bit_C00C00_RGB_keyboard_b,SAMPLING/8BIT/RGB/2400x2400/C00C00/img_2400x2400_3x8bit_C00C00_RGB_keyboard_b.png,0869,DIV2K_valid_HR/0869.png,false,32,33,false,not_required,retain
img_2400x2400_3x8bit_C00C00_RGB_keyboard_b,SAMPLING/8BIT/RGB/2400x2400/C00C00/img_2400x2400_3x8bit_C00C00_RGB_keyboard_b.png,0870,DIV2K_valid_HR/0870.png,false,26,26,false,not_required,retain
img_2400x2400_3x8bit_C00C00_RGB_keyboard_b,SAMPLING/8BIT/RGB/2400x2400/C00C00/img_2400x2400_3x8bit_C00C00_RGB_keyboard_b.png,0871,DIV2K_valid_HR/0871.png,false,28,35,false,not_required,retain
img_2400x2400_3x8bit_C00C00_RGB_keyboard_b,SAMPLING/8BIT/RGB/2400x2400/C00C00/img_2400x2400_3x8bit_C00C00_RGB_keyboard_b.png,0872,DIV2K_valid_HR/0872.png,false,24,44,false,not_required,retain
img_2400x2400_3x8bit_C00C00_RGB_keyboard_b,SAMPLING/8BIT/RGB/2400x2400/C00C00/img_2400x2400_3x8bit_C00C00_RGB_keyboard_b.png,0873,DIV2K_valid_HR/0873.png,false,34,38,false,not_required,retain
img_2400x2400_3x8bit_C00C00_RGB_keyboard_b,SAMPLING/8BIT/RGB/2400x2400/C00C00/img_2400x2400_3x8bit_C00C00_RGB_keyboard_b.png,0874,DIV2K_valid_HR/0874.png,false,34,31,false,not_required,retain
img_2400x2400_3x8bit_C00C00_RGB_keyboard_b,SAMPLING/8BIT/RGB/2400x2400/C00C00/img_2400x2400_3x8bit_C00C00_RGB_keyboard_b.png,0875,DIV2K_valid_HR/0875.png,false,32,31,false,not_required,retain
img_2400x2400_3x8bit_C00C00_RGB_keyboard_b,SAMPLING/8BIT/RGB/2400x2400/C00C00/img_2400x2400_3x8bit_C00C00_RGB_keyboard_b.png,0876,DIV2K_valid_HR/0876.png,false,40,33,false,not_required,retain
img_2400x2400_3x8bit_C00C00_RGB_keyboard_b,SAMPLING/8BIT/RGB/2400x2400/C00C00/img_2400x2400_3x8bit_C00C00_RGB_keyboard_b.png,0877,DIV2K_valid_HR/0877.png,false,30,30,false,not_required,retain
img_2400x2400_3x8bit_C00C00_RGB_keyboard_b,SAMPLING/8BIT/RGB/2400x2400/C00C00/img_2400x2400_3x8bit_C00C00_RGB_keyboard_b.png,0878,DIV2K_valid_HR/0878.png,false,30,28,false,not_required,retain
img_2400x2400_3x8bit_C00C00_RGB_keyboard_b,SAMPLING/8BIT/RGB/2400x2400/C00C00/img_2400x2400_3x8bit_C00C00_RGB_keyboard_b.png,0879,DIV2K_valid_HR/0879.png,false,30,40,false,not_required,retain
img_2400x2400_3x8bit_C00C00_RGB_keyboard_b,SAMPLING/8BIT/RGB/2400x2400/C00C00/img_2400x2400_3x8bit_C00C00_RGB_keyboard_b.png,0880,DIV2K_valid_HR/0880.png,false,34,35,false,not_required,retain
img_2400x2400_3x8bit_C00C00_RGB_keyboard_b,SAMPLING/8BIT/RGB/2400x2400/C00C00/img_2400x2400_3x8bit_C00C00_RGB_keyboard_b.png,0881,DIV2K_valid_HR/0881.png,false,32,31,false,not_required,retain
img_2400x2400_3x8bit_C00C00_RGB_keyboard_b,SAMPLING/8BIT/RGB/2400x2400/C00C00/img_2400x2400_3x8bit_C00C00_RGB_keyboard_b.png,0882,DIV2K_valid_HR/0882.png,false,28,25,false,not_required,retain
img_2400x2400_3x8bit_C00C00_RGB_keyboard_b,SAMPLING/8BIT/RGB/2400x2400/C00C00/img_2400x2400_3x8bit_C00C00_RGB_keyboard_b.png,0883,DIV2K_valid_HR/0883.png,false,36,38,false,not_required,retain
img_2400x2400_3x8bit_C00C00_RGB_keyboard_b,SAMPLING/8BIT/RGB/2400x2400/C00C00/img_2400x2400_3x8bit_C00C00_RGB_keyboard_b.png,0884,DIV2K_valid_HR/0884.png,false,32,39,false,not_required,retain
img_2400x2400_3x8bit_C00C00_RGB_keyboard_b,SAMPLING/8BIT/RGB/2400x2400/C00C00/img_2400x2400_3x8bit_C00C00_RGB_keyboard_b.png,0885,DIV2K_valid_HR/0885.png,false,28,28,false,not_required,retain
img_2400x2400_3x8bit_C00C00_RGB_keyboard_b,SAMPLING/8BIT/RGB/2400x2400/C00C00/img_2400x2400_3x8bit_C00C00_RGB_keyboard_b.png,0886,DIV2K_valid_HR/0886.png,false,38,41,false,not_required,retain
img_2400x2400_3x8bit_C00C00_RGB_keyboard_b,SAMPLING/8BIT/RGB/2400x2400/C00C00/img_2400x2400_3x8bit_C00C00_RGB_keyboard_b.png,0887,DIV2K_valid_HR/0887.png,false,30,39,false,not_required,retain
img_2400x2400_3x8bit_C00C00_RGB_keyboard_b,SAMPLING/8BIT/RGB/2400x2400/C00C00/img_2400x2400_3x8bit_C00C00_RGB_keyboard_b.png,0888,DIV2K_valid_HR/0888.png,false,30,21,false,not_required,retain
img_2400x2400_3x8bit_C00C00_RGB_keyboard_b,SAMPLING/8BIT/RGB/2400x2400/C00C00/img_2400x2400_3x8bit_C00C00_RGB_keyboard_b.png,0889,DIV2K_valid_HR/0889.png,false,32,31,false,not_required,retain
img_2400x2400_3x8bit_C00C00_RGB_keyboard_b,SAMPLING/8BIT/RGB/2400x2400/C00C00/img_2400x2400_3x8bit_C00C00_RGB_keyboard_b.png,0890,DIV2K_valid_HR/0890.png,false,38,28,false,not_required,retain
img_2400x2400_3x8bit_C00C00_RGB_keyboard_b,SAMPLING/8BIT/RGB/2400x2400/C00C00/img_2400x2400_3x8bit_C00C00_RGB_keyboard_b.png,0891,DIV2K_valid_HR/0891.png,false,38,34,false,not_required,retain
img_2400x2400_3x8bit_C00C00_RGB_keyboard_b,SAMPLING/8BIT/RGB/2400x2400/C00C00/img_2400x2400_3x8bit_C00C00_RGB_keyboard_b.png,0892,DIV2K_valid_HR/0892.png,false,30,37,false,not_required,retain
img_2400x2400_3x8bit_C00C00_RGB_keyboard_b,SAMPLING/8BIT/RGB/2400x2400/C00C00/img_2400x2400_3x8bit_C00C00_RGB_keyboard_b.png,0893,DIV2K_valid_HR/0893.png,false,28,29,false,not_required,retain
img_2400x2400_3x8bit_C00C00_RGB_keyboard_b,SAMPLING/8BIT/RGB/2400x2400/C00C00/img_2400x2400_3x8bit_C00C00_RGB_keyboard_b.png,0894,DIV2K_valid_HR/0894.png,false,40,25,false,not_required,retain
img_2400x2400_3x8bit_C00C00_RGB_keyboard_b,SAMPLING/8BIT/RGB/2400x2400/C00C00/img_2400x2400_3x8bit_C00C00_RGB_keyboard_b.png,0895,DIV2K_valid_HR/0895.png,false,32,22,false,not_required,retain
img_2400x2400_3x8bit_C00C00_RGB_keyboard_b,SAMPLING/8BIT/RGB/2400x2400/C00C00/img_2400x2400_3x8bit_C00C00_RGB_keyboard_b.png,0896,DIV2K_valid_HR/0896.png,false,30,40,false,not_required,retain
img_2400x2400_3x8bit_C00C00_RGB_keyboard_b,SAMPLING/8BIT/RGB/2400x2400/C00C00/img_2400x2400_3x8bit_C00C00_RGB_keyboard_b.png,0897,DIV2K_valid_HR/0897.png,false,28,34,false,not_required,retain
img_2400x2400_3x8bit_C00C00_RGB_keyboard_b,SAMPLING/8BIT/RGB/2400x2400/C00C00/img_2400x2400_3x8bit_C00C00_RGB_keyboard_b.png,0898,DIV2K_valid_HR/0898.png,false,32,44,false,not_required,retain
img_2400x2400_3x8bit_C00C00_RGB_keyboard_b,SAMPLING/8BIT/RGB/2400x2400/C00C00/img_2400x2400_3x8bit_C00C00_RGB_keyboard_b.png,0899,DIV2K_valid_HR/0899.png,false,24,29,false,not_required,retain
img_2400x2400_3x8bit_C00C00_RGB_keyboard_b,SAMPLING/8BIT/RGB/2400x2400/C00C00/img_2400x2400_3x8bit_C00C00_RGB_keyboard_b.png,0900,DIV2K_valid_HR/0900.png,false,36,41,false,not_required,retain
img_2400x2400_3x8bit_C00C00_RGB_lion,SAMPLING/8BIT/RGB/2400x2400/C00C00/img_2400x2400_3x8bit_C00C00_RGB_lion.png,0805,DIV2K_valid_HR/0805.png,false,30,31,false,not_required,retain
img_2400x2400_3x8bit_C00C00_RGB_lion,SAMPLING/8BIT/RGB/2400x2400/C00C00/img_2400x2400_3x8bit_C00C00_RGB_lion.png,0806,DIV2K_valid_HR/0806.png,false,36,37,false,not_required,retain
img_2400x2400_3x8bit_C00C00_RGB_lion,SAMPLING/8BIT/RGB/2400x2400/C00C00/img_2400x2400_3x8bit_C00C00_RGB_lion.png,0807,DIV2K_valid_HR/0807.png,false,30,39,false,not_required,retain
img_2400x2400_3x8bit_C00C00_RGB_lion,SAMPLING/8BIT/RGB/2400x2400/C00C00/img_2400x2400_3x8bit_C00C00_RGB_lion.png,0808,DIV2K_valid_HR/0808.png,false,26,38,false,not_required,retain
img_2400x2400_3x8bit_C00C00_RGB_lion,SAMPLING/8BIT/RGB/2400x2400/C00C00/img_2400x2400_3x8bit_C00C00_RGB_lion.png,0809,DIV2K_valid_HR/0809.png,false,30,28,false,not_required,retain
img_2400x2400_3x8bit_C00C00_RGB_lion,SAMPLING/8BIT/RGB/2400x2400/C00C00/img_2400x2400_3x8bit_C00C00_RGB_lion.png,0810,DIV2K_valid_HR/0810.png,false,32,31,false,not_required,retain
img_2400x2400_3x8bit_C00C00_RGB_lion,SAMPLING/8BIT/RGB/2400x2400/C00C00/img_2400x2400_3x8bit_C00C00_RGB_lion.png,0811,DIV2K_valid_HR/0811.png,false,26,32,false,not_required,retain
img_2400x2400_3x8bit_C00C00_RGB_lion,SAMPLING/8BIT/RGB/2400x2400/C00C00/img_2400x2400_3x8bit_C00C00_RGB_lion.png,0812,DIV2K_valid_HR/0812.png,false,34,24,false,not_required,retain
img_2400x2400_3x8bit_C00C00_RGB_lion,SAMPLING/8BIT/RGB/2400x2400/C00C00/img_2400x2400_3x8bit_C00C00_RGB_lion.png,0813,DIV2K_valid_HR/0813.png,false,34,37,false,not_required,retain
img_2400x2400_3x8bit_C00C00_RGB_lion,SAMPLING/8BIT/RGB/2400x2400/C00C00/img_2400x2400_3x8bit_C00C00_RGB_lion.png,0814,DIV2K_valid_HR/0814.png,false,40,36,false,not_required,retain
img_2400x2400_3x8bit_C00C00_RGB_lion,SAMPLING/8BIT/RGB/2400x2400/C00C00/img_2400x2400_3x8bit_C00C00_RGB_lion.png,0815,DIV2K_valid_HR/0815.png,false,34,36,false,not_required,retain
img_2400x2400_3x8bit_C00C00_RGB_lion,SAMPLING/8BIT/RGB/2400x2400/C00C00/img_2400x2400_3x8bit_C00C00_RGB_lion.png,0816,DIV2K_valid_HR/0816.png,false,36,38,false,not_required,retain
img_2400x2400_3x8bit_C00C00_RGB_lion,SAMPLING/8BIT/RGB/2400x2400/C00C00/img_2400x2400_3x8bit_C00C00_RGB_lion.png,0817,DIV2K_valid_HR/0817.png,false,32,33,false,not_required,retain
img_2400x2400_3x8bit_C00C00_RGB_lion,SAMPLING/8BIT/RGB/2400x2400/C00C00/img_2400x2400_3x8bit_C00C00_RGB_lion.png,0818,DIV2K_valid_HR/0818.png,false,28,40,false,not_required,retain
img_2400x2400_3x8bit_C00C00_RGB_lion,SAMPLING/8BIT/RGB/2400x2400/C00C00/img_2400x2400_3x8bit_C00C00_RGB_lion.png,0819,DIV2K_valid_HR/0819.png,false,32,35,false,not_required,retain
img_2400x2400_3x8bit_C00C00_RGB_lion,SAMPLING/8BIT/RGB/2400x2400/C00C00/img_2400x2400_3x8bit_C00C00_RGB_lion.png,0820,DIV2K_valid_HR/0820.png,false,32,36,false,not_required,retain
img_2400x2400_3x8bit_C00C00_RGB_lion,SAMPLING/8BIT/RGB/2400x2400/C00C00/img_2400x2400_3x8bit_C00C00_RGB_lion.png,0821,DIV2K_valid_HR/0821.png,false,26,31,false,not_required,retain
img_2400x2400_3x8bit_C00C00_RGB_lion,SAMPLING/8BIT/RGB/2400x2400/C00C00/img_2400x2400_3x8bit_C00C00_RGB_lion.png,0822,DIV2K_valid_HR/0822.png,false,34,35,false,not_required,retain
img_2400x2400_3x8bit_C00C00_RGB_lion,SAMPLING/8BIT/RGB/2400x2400/C00C00/img_2400x2400_3x8bit_C00C00_RGB_lion.png,0823,DIV2K_valid_HR/0823.png,false,24,39,false,not_required,retain
img_2400x2400_3x8bit_C00C00_RGB_lion,SAMPLING/8BIT/RGB/2400x2400/C00C00/img_2400x2400_3x8bit_C00C00_RGB_lion.png,0824,DIV2K_valid_HR/0824.png,false,32,33,false,not_required,retain
img_2400x2400_3x8bit_C00C00_RGB_lion,SAMPLING/8BIT/RGB/2400x2400/C00C00/img_2400x2400_3x8bit_C00C00_RGB_lion.png,0825,DIV2K_valid_HR/0825.png,false,32,40,false,not_required,retain
img_2400x2400_3x8bit_C00C00_RGB_lion,SAMPLING/8BIT/RGB/2400x2400/C00C00/img_2400x2400_3x8bit_C00C00_RGB_lion.png,0826,DIV2K_valid_HR/0826.png,false,30,32,false,not_required,retain
img_2400x2400_3x8bit_C00C00_RGB_lion,SAMPLING/8BIT/RGB/2400x2400/C00C00/img_2400x2400_3x8bit_C00C00_RGB_lion.png,0827,DIV2K_valid_HR/0827.png,false,34,41,false,not_required,retain
img_2400x2400_3x8bit_C00C00_RGB_lion,SAMPLING/8BIT/RGB/2400x2400/C00C00/img_2400x2400_3x8bit_C00C00_RGB_lion.png,0828,DIV2K_valid_HR/0828.png,false,32,34,false,not_required,retain
img_2400x2400_3x8bit_C00C00_RGB_lion,SAMPLING/8BIT/RGB/2400x2400/C00C00/img_2400x2400_3x8bit_C00C00_RGB_lion.png,0829,DIV2K_valid_HR/0829.png,false,34,32,false,not_required,retain
img_2400x2400_3x8bit_C00C00_RGB_lion,SAMPLING/8BIT/RGB/2400x2400/C00C00/img_2400x2400_3x8bit_C00C00_RGB_lion.png,0830,DIV2K_valid_HR/0830.png,false,30,28,false,not_required,retain
img_2400x2400_3x8bit_C00C00_RGB_lion,SAMPLING/8BIT/RGB/2400x2400/C00C00/img_2400x2400_3x8bit_C00C00_RGB_lion.png,0831,DIV2K_valid_HR/0831.png,false,40,36,false,not_required,retain
img_2400x2400_3x8bit_C00C00_RGB_lion,SAMPLING/8BIT/RGB/2400x2400/C00C00/img_2400x2400_3x8bit_C00C00_RGB_lion.png,0832,DIV2K_valid_HR/0832.png,false,34,32,false,not_required,retain
img_2400x2400_3x8bit_C00C00_RGB_lion,SAMPLING/8BIT/RGB/2400x2400/C00C00/img_2400x2400_3x8bit_C00C00_RGB_lion.png,0833,DIV2K_valid_HR/0833.png,false,26,28,false,not_required,retain
img_2400x2400_3x8bit_C00C00_RGB_lion,SAMPLING/8BIT/RGB/2400x2400/C00C00/img_2400x2400_3x8bit_C00C00_RGB_lion.png,0834,DIV2K_valid_HR/0834.png,false,24,30,false,not_required,retain
img_2400x2400_3x8bit_C00C00_RGB_lion,SAMPLING/8BIT/RGB/2400x2400/C00C00/img_2400x2400_3x8bit_C00C00_RGB_lion.png,0835,DIV2K_valid_HR/0835.png,false,30,30,false,not_required,retain
img_2400x2400_3x8bit_C00C00_RGB_lion,SAMPLING/8BIT/RGB/2400x2400/C00C00/img_2400x2400_3x8bit_C00C00_RGB_lion.png,0836,DIV2K_valid_HR/0836.png,false,24,29,false,not_required,retain
img_2400x2400_3x8bit_C00C00_RGB_lion,SAMPLING/8BIT/RGB/2400x2400/C00C00/img_2400x2400_3x8bit_C00C00_RGB_lion.png,0837,DIV2K_valid_HR/0837.png,false,26,30,false,not_required,retain
img_2400x2400_3x8bit_C00C00_RGB_lion,SAMPLING/8BIT/RGB/2400x2400/C00C00/img_2400x2400_3x8bit_C00C00_RGB_lion.png,0838,DIV2K_valid_HR/0838.png,false,30,34,false,not_required,retain
img_2400x2400_3x8bit_C00C00_RGB_lion,SAMPLING/8BIT/RGB/2400x2400/C00C00/img_2400x2400_3x8bit_C00C00_RGB_lion.png,0839,DIV2K_valid_HR/0839.png,false,32,33,false,not_required,retain
img_2400x2400_3x8bit_C00C00_RGB_lion,SAMPLING/8BIT/RGB/2400x2400/C00C00/img_2400x2400_3x8bit_C00C00_RGB_lion.png,0840,DIV2K_valid_HR/0840.png,false,34,31,false,not_required,retain
img_2400x2400_3x8bit_C00C00_RGB_lion,SAMPLING/8BIT/RGB/2400x2400/C00C00/img_2400x2400_3x8bit_C00C00_RGB_lion.png,0841,DIV2K_valid_HR/0841.png,false,32,38,false,not_required,retain
img_2400x2400_3x8bit_C00C00_RGB_lion,SAMPLING/8BIT/RGB/2400x2400/C00C00/img_2400x2400_3x8bit_C00C00_RGB_lion.png,0842,DIV2K_valid_HR/0842.png,false,30,36,false,not_required,retain
img_2400x2400_3x8bit_C00C00_RGB_lion,SAMPLING/8BIT/RGB/2400x2400/C00C00/img_2400x2400_3x8bit_C00C00_RGB_lion.png,0843,DIV2K_valid_HR/0843.png,false,34,38,false,not_required,retain
img_2400x2400_3x8bit_C00C00_RGB_lion,SAMPLING/8BIT/RGB/2400x2400/C00C00/img_2400x2400_3x8bit_C00C00_RGB_lion.png,0844,DIV2K_valid_HR/0844.png,false,30,30,false,not_required,retain
img_2400x2400_3x8bit_C00C00_RGB_lion,SAMPLING/8BIT/RGB/2400x2400/C00C00/img_2400x2400_3x8bit_C00C00_RGB_lion.png,0845,DIV2K_valid_HR/0845.png,false,32,31,false,not_required,retain
img_2400x2400_3x8bit_C00C00_RGB_lion,SAMPLING/8BIT/RGB/2400x2400/C00C00/img_2400x2400_3x8bit_C00C00_RGB_lion.png,0846,DIV2K_valid_HR/0846.png,false,36,35,false,not_required,retain
img_2400x2400_3x8bit_C00C00_RGB_lion,SAMPLING/8BIT/RGB/2400x2400/C00C00/img_2400x2400_3x8bit_C00C00_RGB_lion.png,0847,DIV2K_valid_HR/0847.png,false,28,33,false,not_required,retain
img_2400x2400_3x8bit_C00C00_RGB_lion,SAMPLING/8BIT/RGB/2400x2400/C00C00/img_2400x2400_3x8bit_C00C00_RGB_lion.png,0848,DIV2K_valid_HR/0848.png,false,34,37,false,not_required,retain
img_2400x2400_3x8bit_C00C00_RGB_lion,SAMPLING/8BIT/RGB/2400x2400/C00C00/img_2400x2400_3x8bit_C00C00_RGB_lion.png,0849,DIV2K_valid_HR/0849.png,false,34,32,false,not_required,retain
img_2400x2400_3x8bit_C00C00_RGB_lion,SAMPLING/8BIT/RGB/2400x2400/C00C00/img_2400x2400_3x8bit_C00C00_RGB_lion.png,0850,DIV2K_valid_HR/0850.png,false,30,37,false,not_required,retain
img_2400x2400_3x8bit_C00C00_RGB_lion,SAMPLING/8BIT/RGB/2400x2400/C00C00/img_2400x2400_3x8bit_C00C00_RGB_lion.png,0851,DIV2K_valid_HR/0851.png,false,28,28,false,not_required,retain
img_2400x2400_3x8bit_C00C00_RGB_lion,SAMPLING/8BIT/RGB/2400x2400/C00C00/img_2400x2400_3x8bit_C00C00_RGB_lion.png,0852,DIV2K_valid_HR/0852.png,false,34,32,false,not_required,retain
img_2400x2400_3x8bit_C00C00_RGB_lion,SAMPLING/8BIT/RGB/2400x2400/C00C00/img_2400x2400_3x8bit_C00C00_RGB_lion.png,0853,DIV2K_valid_HR/0853.png,false,30,33,false,not_required,retain
img_2400x2400_3x8bit_C00C00_RGB_lion,SAMPLING/8BIT/RGB/2400x2400/C00C00/img_2400x2400_3x8bit_C00C00_RGB_lion.png,0854,DIV2K_valid_HR/0854.png,false,30,34,false,not_required,retain
img_2400x2400_3x8bit_C00C00_RGB_lion,SAMPLING/8BIT/RGB/2400x2400/C00C00/img_2400x2400_3x8bit_C00C00_RGB_lion.png,0855,DIV2K_valid_HR/0855.png,false,26,28,false,not_required,retain
img_2400x2400_3x8bit_C00C00_RGB_lion,SAMPLING/8BIT/RGB/2400x2400/C00C00/img_2400x2400_3x8bit_C00C00_RGB_lion.png,0856,DIV2K_valid_HR/0856.png,false,28,35,false,not_required,retain
img_2400x2400_3x8bit_C00C00_RGB_lion,SAMPLING/8BIT/RGB/2400x2400/C00C00/img_2400x2400_3x8bit_C00C00_RGB_lion.png,0857,DIV2K_valid_HR/0857.png,false,30,36,false,not_required,retain
img_2400x2400_3x8bit_C00C00_RGB_lion,SAMPLING/8BIT/RGB/2400x2400/C00C00/img_2400x2400_3x8bit_C00C00_RGB_lion.png,0858,DIV2K_valid_HR/0858.png,false,32,38,false,not_required,retain
img_2400x2400_3x8bit_C00C00_RGB_lion,SAMPLING/8BIT/RGB/2400x2400/C00C00/img_2400x2400_3x8bit_C00C00_RGB_lion.png,0859,DIV2K_valid_HR/0859.png,false,34,31,false,not_required,retain
img_2400x2400_3x8bit_C00C00_RGB_lion,SAMPLING/8BIT/RGB/2400x2400/C00C00/img_2400x2400_3x8bit_C00C00_RGB_lion.png,0860,DIV2K_valid_HR/0860.png,false,28,26,false,not_required,retain
img_2400x2400_3x8bit_C00C00_RGB_lion,SAMPLING/8BIT/RGB/2400x2400/C00C00/img_2400x2400_3x8bit_C00C00_RGB_lion.png,0861,DIV2K_valid_HR/0861.png,false,34,43,false,not_required,retain
img_2400x2400_3x8bit_C00C00_RGB_lion,SAMPLING/8BIT/RGB/2400x2400/C00C00/img_2400x2400_3x8bit_C00C00_RGB_lion.png,0862,DIV2K_valid_HR/0862.png,false,32,37,false,not_required,retain
img_2400x2400_3x8bit_C00C00_RGB_lion,SAMPLING/8BIT/RGB/2400x2400/C00C00/img_2400x2400_3x8bit_C00C00_RGB_lion.png,0863,DIV2K_valid_HR/0863.png,false,22,23,false,not_required,retain
img_2400x2400_3x8bit_C00C00_RGB_lion,SAMPLING/8BIT/RGB/2400x2400/C00C00/img_2400x2400_3x8bit_C00C00_RGB_lion.png,0864,DIV2K_valid_HR/0864.png,false,30,40,false,not_required,retain
img_2400x2400_3x8bit_C00C00_RGB_lion,SAMPLING/8BIT/RGB/2400x2400/C00C00/img_2400x2400_3x8bit_C00C00_RGB_lion.png,0865,DIV2K_valid_HR/0865.png,false,26,26,false,not_required,retain
img_2400x2400_3x8bit_C00C00_RGB_lion,SAMPLING/8BIT/RGB/2400x2400/C00C00/img_2400x2400_3x8bit_C00C00_RGB_lion.png,0866,DIV2K_valid_HR/0866.png,false,34,29,false,not_required,retain
img_2400x2400_3x8bit_C00C00_RGB_lion,SAMPLING/8BIT/RGB/2400x2400/C00C00/img_2400x2400_3x8bit_C00C00_RGB_lion.png,0867,DIV2K_valid_HR/0867.png,false,36,37,false,not_required,retain
img_2400x2400_3x8bit_C00C00_RGB_lion,SAMPLING/8BIT/RGB/2400x2400/C00C00/img_2400x2400_3x8bit_C00C00_RGB_lion.png,0868,DIV2K_valid_HR/0868.png,false,22,28,false,not_required,retain
img_2400x2400_3x8bit_C00C00_RGB_lion,SAMPLING/8BIT/RGB/2400x2400/C00C00/img_2400x2400_3x8bit_C00C00_RGB_lion.png,0869,DIV2K_valid_HR/0869.png,false,32,32,false,not_required,retain
img_2400x2400_3x8bit_C00C00_RGB_lion,SAMPLING/8BIT/RGB/2400x2400/C00C00/img_2400x2400_3x8bit_C00C00_RGB_lion.png,0870,DIV2K_valid_HR/0870.png,false,28,33,false,not_required,retain
img_2400x2400_3x8bit_C00C00_RGB_lion,SAMPLING/8BIT/RGB/2400x2400/C00C00/img_2400x2400_3x8bit_C00C00_RGB_lion.png,0871,DIV2K_valid_HR/0871.png,false,32,34,false,not_required,retain
img_2400x2400_3x8bit_C00C00_RGB_lion,SAMPLING/8BIT/RGB/2400x2400/C00C00/img_2400x2400_3x8bit_C00C00_RGB_lion.png,0872,DIV2K_valid_HR/0872.png,false,32,43,false,not_required,retain
img_2400x2400_3x8bit_C00C00_RGB_lion,SAMPLING/8BIT/RGB/2400x2400/C00C00/img_2400x2400_3x8bit_C00C00_RGB_lion.png,0873,DIV2K_valid_HR/0873.png,false,30,27,false,not_required,retain
img_2400x2400_3x8bit_C00C00_RGB_lion,SAMPLING/8BIT/RGB/2400x2400/C00C00/img_2400x2400_3x8bit_C00C00_RGB_lion.png,0874,DIV2K_valid_HR/0874.png,false,32,36,false,not_required,retain
img_2400x2400_3x8bit_C00C00_RGB_lion,SAMPLING/8BIT/RGB/2400x2400/C00C00/img_2400x2400_3x8bit_C00C00_RGB_lion.png,0875,DIV2K_valid_HR/0875.png,false,30,28,false,not_required,retain
img_2400x2400_3x8bit_C00C00_RGB_lion,SAMPLING/8BIT/RGB/2400x2400/C00C00/img_2400x2400_3x8bit_C00C00_RGB_lion.png,0876,DIV2K_valid_HR/0876.png,false,38,36,false,not_required,retain
img_2400x2400_3x8bit_C00C00_RGB_lion,SAMPLING/8BIT/RGB/2400x2400/C00C00/img_2400x2400_3x8bit_C00C00_RGB_lion.png,0877,DIV2K_valid_HR/0877.png,false,34,39,false,not_required,retain
img_2400x2400_3x8bit_C00C00_RGB_lion,SAMPLING/8BIT/RGB/2400x2400/C00C00/img_2400x2400_3x8bit_C00C00_RGB_lion.png,0878,DIV2K_valid_HR/0878.png,false,26,25,false,not_required,retain
img_2400x2400_3x8bit_C00C00_RGB_lion,SAMPLING/8BIT/RGB/2400x2400/C00C00/img_2400x2400_3x8bit_C00C00_RGB_lion.png,0879,DIV2K_valid_HR/0879.png,false,28,31,false,not_required,retain
img_2400x2400_3x8bit_C00C00_RGB_lion,SAMPLING/8BIT/RGB/2400x2400/C00C00/img_2400x2400_3x8bit_C00C00_RGB_lion.png,0880,DIV2K_valid_HR/0880.png,false,34,32,false,not_required,retain
img_2400x2400_3x8bit_C00C00_RGB_lion,SAMPLING/8BIT/RGB/2400x2400/C00C00/img_2400x2400_3x8bit_C00C00_RGB_lion.png,0881,DIV2K_valid_HR/0881.png,false,38,32,false,not_required,retain
img_2400x2400_3x8bit_C00C00_RGB_lion,SAMPLING/8BIT/RGB/2400x2400/C00C00/img_2400x2400_3x8bit_C00C00_RGB_lion.png,0882,DIV2K_valid_HR/0882.png,false,34,32,false,not_required,retain
img_2400x2400_3x8bit_C00C00_RGB_lion,SAMPLING/8BIT/RGB/2400x2400/C00C00/img_2400x2400_3x8bit_C00C00_RGB_lion.png,0883,DIV2K_valid_HR/0883.png,false,30,33,false,not_required,retain
img_2400x2400_3x8bit_C00C00_RGB_lion,SAMPLING/8BIT/RGB/2400x2400/C00C00/img_2400x2400_3x8bit_C00C00_RGB_lion.png,0884,DIV2K_valid_HR/0884.png,false,28,32,false,not_required,retain
img_2400x2400_3x8bit_C00C00_RGB_lion,SAMPLING/8BIT/RGB/2400x2400/C00C00/img_2400x2400_3x8bit_C00C00_RGB_lion.png,0885,DIV2K_valid_HR/0885.png,false,32,29,false,not_required,retain
img_2400x2400_3x8bit_C00C00_RGB_lion,SAMPLING/8BIT/RGB/2400x2400/C00C00/img_2400x2400_3x8bit_C00C00_RGB_lion.png,0886,DIV2K_valid_HR/0886.png,false,38,42,false,not_required,retain
img_2400x2400_3x8bit_C00C00_RGB_lion,SAMPLING/8BIT/RGB/2400x2400/C00C00/img_2400x2400_3x8bit_C00C00_RGB_lion.png,0887,DIV2K_valid_HR/0887.png,false,42,38,false,not_required,retain
img_2400x2400_3x8bit_C00C00_RGB_lion,SAMPLING/8BIT/RGB/2400x2400/C00C00/img_2400x2400_3x8bit_C00C00_RGB_lion.png,0888,DIV2K_valid_HR/0888.png,false,34,28,false,not_required,retain
img_2400x2400_3x8bit_C00C00_RGB_lion,SAMPLING/8BIT/RGB/2400x2400/C00C00/img_2400x2400_3x8bit_C00C00_RGB_lion.png,0889,DIV2K_valid_HR/0889.png,false,30,32,false,not_required,retain
img_2400x2400_3x8bit_C00C00_RGB_lion,SAMPLING/8BIT/RGB/2400x2400/C00C00/img_2400x2400_3x8bit_C00C00_RGB_lion.png,0890,DIV2K_valid_HR/0890.png,false,40,29,false,not_required,retain
img_2400x2400_3x8bit_C00C00_RGB_lion,SAMPLING/8BIT/RGB/2400x2400/C00C00/img_2400x2400_3x8bit_C00C00_RGB_lion.png,0891,DIV2K_valid_HR/0891.png,false,30,35,false,not_required,retain
img_2400x2400_3x8bit_C00C00_RGB_lion,SAMPLING/8BIT/RGB/2400x2400/C00C00/img_2400x2400_3x8bit_C00C00_RGB_lion.png,0892,DIV2K_valid_HR/0892.png,false,28,36,false,not_required,retain
img_2400x2400_3x8bit_C00C00_RGB_lion,SAMPLING/8BIT/RGB/2400x2400/C00C00/img_2400x2400_3x8bit_C00C00_RGB_lion.png,0893,DIV2K_valid_HR/0893.png,false,28,26,false,not_required,retain
img_2400x2400_3x8bit_C00C00_RGB_lion,SAMPLING/8BIT/RGB/2400x2400/C00C00/img_2400x2400_3x8bit_C00C00_RGB_lion.png,0894,DIV2K_valid_HR/0894.png,false,34,28,false,not_required,retain
img_2400x2400_3x8bit_C00C00_RGB_lion,SAMPLING/8BIT/RGB/2400x2400/C00C00/img_2400x2400_3x8bit_C00C00_RGB_lion.png,0895,DIV2K_valid_HR/0895.png,false,28,25,false,not_required,retain
img_2400x2400_3x8bit_C00C00_RGB_lion,SAMPLING/8BIT/RGB/2400x2400/C00C00/img_2400x2400_3x8bit_C00C00_RGB_lion.png,0896,DIV2K_valid_HR/0896.png,false,30,33,false,not_required,retain
img_2400x2400_3x8bit_C00C00_RGB_lion,SAMPLING/8BIT/RGB/2400x2400/C00C00/img_2400x2400_3x8bit_C00C00_RGB_lion.png,0897,DIV2K_valid_HR/0897.png,false,30,33,false,not_required,retain
img_2400x2400_3x8bit_C00C00_RGB_lion,SAMPLING/8BIT/RGB/2400x2400/C00C00/img_2400x2400_3x8bit_C00C00_RGB_lion.png,0898,DIV2K_valid_HR/0898.png,false,32,35,false,not_required,retain
img_2400x2400_3x8bit_C00C00_RGB_lion,SAMPLING/8BIT/RGB/2400x2400/C00C00/img_2400x2400_3x8bit_C00C00_RGB_lion.png,0899,DIV2K_valid_HR/0899.png,false,30,30,false,not_required,retain
img_2400x2400_3x8bit_C00C00_RGB_lion,SAMPLING/8BIT/RGB/2400x2400/C00C00/img_2400x2400_3x8bit_C00C00_RGB_lion.png,0900,DIV2K_valid_HR/0900.png,false,34,32,false,not_required,retain
img_2400x2400_3x8bit_C00C00_RGB_multimeter,SAMPLING/8BIT/RGB/2400x2400/C00C00/img_2400x2400_3x8bit_C00C00_RGB_multimeter.png,0805,DIV2K_valid_HR/0805.png,false,28,24,false,not_required,retain
img_2400x2400_3x8bit_C00C00_RGB_multimeter,SAMPLING/8BIT/RGB/2400x2400/C00C00/img_2400x2400_3x8bit_C00C00_RGB_multimeter.png,0806,DIV2K_valid_HR/0806.png,false,36,26,false,not_required,retain
img_2400x2400_3x8bit_C00C00_RGB_multimeter,SAMPLING/8BIT/RGB/2400x2400/C00C00/img_2400x2400_3x8bit_C00C00_RGB_multimeter.png,0807,DIV2K_valid_HR/0807.png,false,36,32,false,not_required,retain
img_2400x2400_3x8bit_C00C00_RGB_multimeter,SAMPLING/8BIT/RGB/2400x2400/C00C00/img_2400x2400_3x8bit_C00C00_RGB_multimeter.png,0808,DIV2K_valid_HR/0808.png,false,26,27,false,not_required,retain
img_2400x2400_3x8bit_C00C00_RGB_multimeter,SAMPLING/8BIT/RGB/2400x2400/C00C00/img_2400x2400_3x8bit_C00C00_RGB_multimeter.png,0809,DIV2K_valid_HR/0809.png,false,28,25,false,not_required,retain
img_2400x2400_3x8bit_C00C00_RGB_multimeter,SAMPLING/8BIT/RGB/2400x2400/C00C00/img_2400x2400_3x8bit_C00C00_RGB_multimeter.png,0810,DIV2K_valid_HR/0810.png,false,26,36,false,not_required,retain
img_2400x2400_3x8bit_C00C00_RGB_multimeter,SAMPLING/8BIT/RGB/2400x2400/C00C00/img_2400x2400_3x8bit_C00C00_RGB_multimeter.png,0811,DIV2K_valid_HR/0811.png,false,36,27,false,not_required,retain
img_2400x2400_3x8bit_C00C00_RGB_multimeter,SAMPLING/8BIT/RGB/2400x2400/C00C00/img_2400x2400_3x8bit_C00C00_RGB_multimeter.png,0812,DIV2K_valid_HR/0812.png,false,32,35,false,not_required,retain
img_2400x2400_3x8bit_C00C00_RGB_multimeter,SAMPLING/8BIT/RGB/2400x2400/C00C00/img_2400x2400_3x8bit_C00C00_RGB_multimeter.png,0813,DIV2K_valid_HR/0813.png,false,36,32,false,not_required,retain
img_2400x2400_3x8bit_C00C00_RGB_multimeter,SAMPLING/8BIT/RGB/2400x2400/C00C00/img_2400x2400_3x8bit_C00C00_RGB_multimeter.png,0814,DIV2K_valid_HR/0814.png,false,36,25,false,not_required,retain
img_2400x2400_3x8bit_C00C00_RGB_multimeter,SAMPLING/8BIT/RGB/2400x2400/C00C00/img_2400x2400_3x8bit_C00C00_RGB_multimeter.png,0815,DIV2K_valid_HR/0815.png,false,32,31,false,not_required,retain
img_2400x2400_3x8bit_C00C00_RGB_multimeter,SAMPLING/8BIT/RGB/2400x2400/C00C00/img_2400x2400_3x8bit_C00C00_RGB_multimeter.png,0816,DIV2K_valid_HR/0816.png,false,28,33,false,not_required,retain
img_2400x2400_3x8bit_C00C00_RGB_multimeter,SAMPLING/8BIT/RGB/2400x2400/C00C00/img_2400x2400_3x8bit_C00C00_RGB_multimeter.png,0817,DIV2K_valid_HR/0817.png,false,34,26,false,not_required,retain
img_2400x2400_3x8bit_C00C00_RGB_multimeter,SAMPLING/8BIT/RGB/2400x2400/C00C00/img_2400x2400_3x8bit_C00C00_RGB_multimeter.png,0818,DIV2K_valid_HR/0818.png,false,34,27,false,not_required,retain
img_2400x2400_3x8bit_C00C00_RGB_multimeter,SAMPLING/8BIT/RGB/2400x2400/C00C00/img_2400x2400_3x8bit_C00C00_RGB_multimeter.png,0819,DIV2K_valid_HR/0819.png,false,30,48,false,not_required,retain
img_2400x2400_3x8bit_C00C00_RGB_multimeter,SAMPLING/8BIT/RGB/2400x2400/C00C00/img_2400x2400_3x8bit_C00C00_RGB_multimeter.png,0820,DIV2K_valid_HR/0820.png,false,22,27,false,not_required,retain
img_2400x2400_3x8bit_C00C00_RGB_multimeter,SAMPLING/8BIT/RGB/2400x2400/C00C00/img_2400x2400_3x8bit_C00C00_RGB_multimeter.png,0821,DIV2K_valid_HR/0821.png,false,38,34,false,not_required,retain
img_2400x2400_3x8bit_C00C00_RGB_multimeter,SAMPLING/8BIT/RGB/2400x2400/C00C00/img_2400x2400_3x8bit_C00C00_RGB_multimeter.png,0822,DIV2K_valid_HR/0822.png,false,30,22,false,not_required,retain
img_2400x2400_3x8bit_C00C00_RGB_multimeter,SAMPLING/8BIT/RGB/2400x2400/C00C00/img_2400x2400_3x8bit_C00C00_RGB_multimeter.png,0823,DIV2K_valid_HR/0823.png,false,32,30,false,not_required,retain
img_2400x2400_3x8bit_C00C00_RGB_multimeter,SAMPLING/8BIT/RGB/2400x2400/C00C00/img_2400x2400_3x8bit_C00C00_RGB_multimeter.png,0824,DIV2K_valid_HR/0824.png,false,28,30,false,not_required,retain
img_2400x2400_3x8bit_C00C00_RGB_multimeter,SAMPLING/8BIT/RGB/2400x2400/C00C00/img_2400x2400_3x8bit_C00C00_RGB_multimeter.png,0825,DIV2K_valid_HR/0825.png,false,34,27,false,not_required,retain
img_2400x2400_3x8bit_C00C00_RGB_multimeter,SAMPLING/8BIT/RGB/2400x2400/C00C00/img_2400x2400_3x8bit_C00C00_RGB_multimeter.png,0826,DIV2K_valid_HR/0826.png,false,36,31,false,not_required,retain
img_2400x2400_3x8bit_C00C00_RGB_multimeter,SAMPLING/8BIT/RGB/2400x2400/C00C00/img_2400x2400_3x8bit_C00C00_RGB_multimeter.png,0827,DIV2K_valid_HR/0827.png,false,24,30,false,not_required,retain
img_2400x2400_3x8bit_C00C00_RGB_multimeter,SAMPLING/8BIT/RGB/2400x2400/C00C00/img_2400x2400_3x8bit_C00C00_RGB_multimeter.png,0828,DIV2K_valid_HR/0828.png,false,28,21,false,not_required,retain
img_2400x2400_3x8bit_C00C00_RGB_multimeter,SAMPLING/8BIT/RGB/2400x2400/C00C00/img_2400x2400_3x8bit_C00C00_RGB_multimeter.png,0829,DIV2K_valid_HR/0829.png,false,26,27,false,not_required,retain
img_2400x2400_3x8bit_C00C00_RGB_multimeter,SAMPLING/8BIT/RGB/2400x2400/C00C00/img_2400x2400_3x8bit_C00C00_RGB_multimeter.png,0830,DIV2K_valid_HR/0830.png,false,38,39,false,not_required,retain
img_2400x2400_3x8bit_C00C00_RGB_multimeter,SAMPLING/8BIT/RGB/2400x2400/C00C00/img_2400x2400_3x8bit_C00C00_RGB_multimeter.png,0831,DIV2K_valid_HR/0831.png,false,32,31,false,not_required,retain
img_2400x2400_3x8bit_C00C00_RGB_multimeter,SAMPLING/8BIT/RGB/2400x2400/C00C00/img_2400x2400_3x8bit_C00C00_RGB_multimeter.png,0832,DIV2K_valid_HR/0832.png,false,30,39,false,not_required,retain
img_2400x2400_3x8bit_C00C00_RGB_multimeter,SAMPLING/8BIT/RGB/2400x2400/C00C00/img_2400x2400_3x8bit_C00C00_RGB_multimeter.png,0833,DIV2K_valid_HR/0833.png,false,40,37,false,not_required,retain
img_2400x2400_3x8bit_C00C00_RGB_multimeter,SAMPLING/8BIT/RGB/2400x2400/C00C00/img_2400x2400_3x8bit_C00C00_RGB_multimeter.png,0834,DIV2K_valid_HR/0834.png,false,38,41,false,not_required,retain
img_2400x2400_3x8bit_C00C00_RGB_multimeter,SAMPLING/8BIT/RGB/2400x2400/C00C00/img_2400x2400_3x8bit_C00C00_RGB_multimeter.png,0835,DIV2K_valid_HR/0835.png,false,30,27,false,not_required,retain
img_2400x2400_3x8bit_C00C00_RGB_multimeter,SAMPLING/8BIT/RGB/2400x2400/C00C00/img_2400x2400_3x8bit_C00C00_RGB_multimeter.png,0836,DIV2K_valid_HR/0836.png,false,40,36,false,not_required,retain
img_2400x2400_3x8bit_C00C00_RGB_multimeter,SAMPLING/8BIT/RGB/2400x2400/C00C00/img_2400x2400_3x8bit_C00C00_RGB_multimeter.png,0837,DIV2K_valid_HR/0837.png,false,28,27,false,not_required,retain
img_2400x2400_3x8bit_C00C00_RGB_multimeter,SAMPLING/8BIT/RGB/2400x2400/C00C00/img_2400x2400_3x8bit_C00C00_RGB_multimeter.png,0838,DIV2K_valid_HR/0838.png,false,28,33,false,not_required,retain
img_2400x2400_3x8bit_C00C00_RGB_multimeter,SAMPLING/8BIT/RGB/2400x2400/C00C00/img_2400x2400_3x8bit_C00C00_RGB_multimeter.png,0839,DIV2K_valid_HR/0839.png,false,22,22,false,not_required,retain
img_2400x2400_3x8bit_C00C00_RGB_multimeter,SAMPLING/8BIT/RGB/2400x2400/C00C00/img_2400x2400_3x8bit_C00C00_RGB_multimeter.png,0840,DIV2K_valid_HR/0840.png,false,34,24,false,not_required,retain
img_2400x2400_3x8bit_C00C00_RGB_multimeter,SAMPLING/8BIT/RGB/2400x2400/C00C00/img_2400x2400_3x8bit_C00C00_RGB_multimeter.png,0841,DIV2K_valid_HR/0841.png,false,30,27,false,not_required,retain
img_2400x2400_3x8bit_C00C00_RGB_multimeter,SAMPLING/8BIT/RGB/2400x2400/C00C00/img_2400x2400_3x8bit_C00C00_RGB_multimeter.png,0842,DIV2K_valid_HR/0842.png,false,30,29,false,not_required,retain
img_2400x2400_3x8bit_C00C00_RGB_multimeter,SAMPLING/8BIT/RGB/2400x2400/C00C00/img_2400x2400_3x8bit_C00C00_RGB_multimeter.png,0843,DIV2K_valid_HR/0843.png,false,30,31,false,not_required,retain
img_2400x2400_3x8bit_C00C00_RGB_multimeter,SAMPLING/8BIT/RGB/2400x2400/C00C00/img_2400x2400_3x8bit_C00C00_RGB_multimeter.png,0844,DIV2K_valid_HR/0844.png,false,30,31,false,not_required,retain
img_2400x2400_3x8bit_C00C00_RGB_multimeter,SAMPLING/8BIT/RGB/2400x2400/C00C00/img_2400x2400_3x8bit_C00C00_RGB_multimeter.png,0845,DIV2K_valid_HR/0845.png,false,30,18,false,not_required,retain
img_2400x2400_3x8bit_C00C00_RGB_multimeter,SAMPLING/8BIT/RGB/2400x2400/C00C00/img_2400x2400_3x8bit_C00C00_RGB_multimeter.png,0846,DIV2K_valid_HR/0846.png,false,32,32,false,not_required,retain
img_2400x2400_3x8bit_C00C00_RGB_multimeter,SAMPLING/8BIT/RGB/2400x2400/C00C00/img_2400x2400_3x8bit_C00C00_RGB_multimeter.png,0847,DIV2K_valid_HR/0847.png,false,34,34,false,not_required,retain
img_2400x2400_3x8bit_C00C00_RGB_multimeter,SAMPLING/8BIT/RGB/2400x2400/C00C00/img_2400x2400_3x8bit_C00C00_RGB_multimeter.png,0848,DIV2K_valid_HR/0848.png,false,28,28,false,not_required,retain
img_2400x2400_3x8bit_C00C00_RGB_multimeter,SAMPLING/8BIT/RGB/2400x2400/C00C00/img_2400x2400_3x8bit_C00C00_RGB_multimeter.png,0849,DIV2K_valid_HR/0849.png,false,36,29,false,not_required,retain
img_2400x2400_3x8bit_C00C00_RGB_multimeter,SAMPLING/8BIT/RGB/2400x2400/C00C00/img_2400x2400_3x8bit_C00C00_RGB_multimeter.png,0850,DIV2K_valid_HR/0850.png,false,36,22,false,not_required,retain
img_2400x2400_3x8bit_C00C00_RGB_multimeter,SAMPLING/8BIT/RGB/2400x2400/C00C00/img_2400x2400_3x8bit_C00C00_RGB_multimeter.png,0851,DIV2K_valid_HR/0851.png,false,36,33,false,not_required,retain
img_2400x2400_3x8bit_C00C00_RGB_multimeter,SAMPLING/8BIT/RGB/2400x2400/C00C00/img_2400x2400_3x8bit_C00C00_RGB_multimeter.png,0852,DIV2K_valid_HR/0852.png,false,26,25,false,not_required,retain
img_2400x2400_3x8bit_C00C00_RGB_multimeter,SAMPLING/8BIT/RGB/2400x2400/C00C00/img_2400x2400_3x8bit_C00C00_RGB_multimeter.png,0853,DIV2K_valid_HR/0853.png,false,32,28,false,not_required,retain
img_2400x2400_3x8bit_C00C00_RGB_multimeter,SAMPLING/8BIT/RGB/2400x2400/C00C00/img_2400x2400_3x8bit_C00C00_RGB_multimeter.png,0854,DIV2K_valid_HR/0854.png,false,26,33,false,not_required,retain
img_2400x2400_3x8bit_C00C00_RGB_multimeter,SAMPLING/8BIT/RGB/2400x2400/C00C00/img_2400x2400_3x8bit_C00C00_RGB_multimeter.png,0855,DIV2K_valid_HR/0855.png,false,44,39,false,not_required,retain
img_2400x2400_3x8bit_C00C00_RGB_multimeter,SAMPLING/8BIT/RGB/2400x2400/C00C00/img_2400x2400_3x8bit_C00C00_RGB_multimeter.png,0856,DIV2K_valid_HR/0856.png,false,32,18,false,not_required,retain
img_2400x2400_3x8bit_C00C00_RGB_multimeter,SAMPLING/8BIT/RGB/2400x2400/C00C00/img_2400x2400_3x8bit_C00C00_RGB_multimeter.png,0857,DIV2K_valid_HR/0857.png,false,30,27,false,not_required,retain
img_2400x2400_3x8bit_C00C00_RGB_multimeter,SAMPLING/8BIT/RGB/2400x2400/C00C00/img_2400x2400_3x8bit_C00C00_RGB_multimeter.png,0858,DIV2K_valid_HR/0858.png,false,34,25,false,not_required,retain
img_2400x2400_3x8bit_C00C00_RGB_multimeter,SAMPLING/8BIT/RGB/2400x2400/C00C00/img_2400x2400_3x8bit_C00C00_RGB_multimeter.png,0859,DIV2K_valid_HR/0859.png,false,28,32,false,not_required,retain
img_2400x2400_3x8bit_C00C00_RGB_multimeter,SAMPLING/8BIT/RGB/2400x2400/C00C00/img_2400x2400_3x8bit_C00C00_RGB_multimeter.png,0860,DIV2K_valid_HR/0860.png,false,32,21,false,not_required,retain
img_2400x2400_3x8bit_C00C00_RGB_multimeter,SAMPLING/8BIT/RGB/2400x2400/C00C00/img_2400x2400_3x8bit_C00C00_RGB_multimeter.png,0861,DIV2K_valid_HR/0861.png,false,38,16,false,not_required,retain
img_2400x2400_3x8bit_C00C00_RGB_multimeter,SAMPLING/8BIT/RGB/2400x2400/C00C00/img_2400x2400_3x8bit_C00C00_RGB_multimeter.png,0862,DIV2K_valid_HR/0862.png,false,36,36,false,not_required,retain
img_2400x2400_3x8bit_C00C00_RGB_multimeter,SAMPLING/8BIT/RGB/2400x2400/C00C00/img_2400x2400_3x8bit_C00C00_RGB_multimeter.png,0863,DIV2K_valid_HR/0863.png,false,38,36,false,not_required,retain
img_2400x2400_3x8bit_C00C00_RGB_multimeter,SAMPLING/8BIT/RGB/2400x2400/C00C00/img_2400x2400_3x8bit_C00C00_RGB_multimeter.png,0864,DIV2K_valid_HR/0864.png,false,24,19,false,not_required,retain
img_2400x2400_3x8bit_C00C00_RGB_multimeter,SAMPLING/8BIT/RGB/2400x2400/C00C00/img_2400x2400_3x8bit_C00C00_RGB_multimeter.png,0865,DIV2K_valid_HR/0865.png,false,36,37,false,not_required,retain
img_2400x2400_3x8bit_C00C00_RGB_multimeter,SAMPLING/8BIT/RGB/2400x2400/C00C00/img_2400x2400_3x8bit_C00C00_RGB_multimeter.png,0866,DIV2K_valid_HR/0866.png,false,30,30,false,not_required,retain
img_2400x2400_3x8bit_C00C00_RGB_multimeter,SAMPLING/8BIT/RGB/2400x2400/C00C00/img_2400x2400_3x8bit_C00C00_RGB_multimeter.png,0867,DIV2K_valid_HR/0867.png,false,28,24,false,not_required,retain
img_2400x2400_3x8bit_C00C00_RGB_multimeter,SAMPLING/8BIT/RGB/2400x2400/C00C00/img_2400x2400_3x8bit_C00C00_RGB_multimeter.png,0868,DIV2K_valid_HR/0868.png,false,34,29,false,not_required,retain
img_2400x2400_3x8bit_C00C00_RGB_multimeter,SAMPLING/8BIT/RGB/2400x2400/C00C00/img_2400x2400_3x8bit_C00C00_RGB_multimeter.png,0869,DIV2K_valid_HR/0869.png,false,32,29,false,not_required,retain
img_2400x2400_3x8bit_C00C00_RGB_multimeter,SAMPLING/8BIT/RGB/2400x2400/C00C00/img_2400x2400_3x8bit_C00C00_RGB_multimeter.png,0870,DIV2K_valid_HR/0870.png,false,34,36,false,not_required,retain
img_2400x2400_3x8bit_C00C00_RGB_multimeter,SAMPLING/8BIT/RGB/2400x2400/C00C00/img_2400x2400_3x8bit_C00C00_RGB_multimeter.png,0871,DIV2K_valid_HR/0871.png,false,28,23,false,not_required,retain
img_2400x2400_3x8bit_C00C00_RGB_multimeter,SAMPLING/8BIT/RGB/2400x2400/C00C00/img_2400x2400_3x8bit_C00C00_RGB_multimeter.png,0872,DIV2K_valid_HR/0872.png,false,28,28,false,not_required,retain
img_2400x2400_3x8bit_C00C00_RGB_multimeter,SAMPLING/8BIT/RGB/2400x2400/C00C00/img_2400x2400_3x8bit_C00C00_RGB_multimeter.png,0873,DIV2K_valid_HR/0873.png,false,30,28,false,not_required,retain
img_2400x2400_3x8bit_C00C00_RGB_multimeter,SAMPLING/8BIT/RGB/2400x2400/C00C00/img_2400x2400_3x8bit_C00C00_RGB_multimeter.png,0874,DIV2K_valid_HR/0874.png,false,32,41,false,not_required,retain
img_2400x2400_3x8bit_C00C00_RGB_multimeter,SAMPLING/8BIT/RGB/2400x2400/C00C00/img_2400x2400_3x8bit_C00C00_RGB_multimeter.png,0875,DIV2K_valid_HR/0875.png,false,26,27,false,not_required,retain
img_2400x2400_3x8bit_C00C00_RGB_multimeter,SAMPLING/8BIT/RGB/2400x2400/C00C00/img_2400x2400_3x8bit_C00C00_RGB_multimeter.png,0876,DIV2K_valid_HR/0876.png,false,36,33,false,not_required,retain
img_2400x2400_3x8bit_C00C00_RGB_multimeter,SAMPLING/8BIT/RGB/2400x2400/C00C00/img_2400x2400_3x8bit_C00C00_RGB_multimeter.png,0877,DIV2K_valid_HR/0877.png,false,34,36,false,not_required,retain
img_2400x2400_3x8bit_C00C00_RGB_multimeter,SAMPLING/8BIT/RGB/2400x2400/C00C00/img_2400x2400_3x8bit_C00C00_RGB_multimeter.png,0878,DIV2K_valid_HR/0878.png,false,26,30,false,not_required,retain
img_2400x2400_3x8bit_C00C00_RGB_multimeter,SAMPLING/8BIT/RGB/2400x2400/C00C00/img_2400x2400_3x8bit_C00C00_RGB_multimeter.png,0879,DIV2K_valid_HR/0879.png,false,28,24,false,not_required,retain
img_2400x2400_3x8bit_C00C00_RGB_multimeter,SAMPLING/8BIT/RGB/2400x2400/C00C00/img_2400x2400_3x8bit_C00C00_RGB_multimeter.png,0880,DIV2K_valid_HR/0880.png,false,36,35,false,not_required,retain
img_2400x2400_3x8bit_C00C00_RGB_multimeter,SAMPLING/8BIT/RGB/2400x2400/C00C00/img_2400x2400_3x8bit_C00C00_RGB_multimeter.png,0881,DIV2K_valid_HR/0881.png,false,32,43,false,not_required,retain
img_2400x2400_3x8bit_C00C00_RGB_multimeter,SAMPLING/8BIT/RGB/2400x2400/C00C00/img_2400x2400_3x8bit_C00C00_RGB_multimeter.png,0882,DIV2K_valid_HR/0882.png,false,30,41,false,not_required,retain
img_2400x2400_3x8bit_C00C00_RGB_multimeter,SAMPLING/8BIT/RGB/2400x2400/C00C00/img_2400x2400_3x8bit_C00C00_RGB_multimeter.png,0883,DIV2K_valid_HR/0883.png,false,32,30,false,not_required,retain
img_2400x2400_3x8bit_C00C00_RGB_multimeter,SAMPLING/8BIT/RGB/2400x2400/C00C00/img_2400x2400_3x8bit_C00C00_RGB_multimeter.png,0884,DIV2K_valid_HR/0884.png,false,24,19,false,not_required,retain
img_2400x2400_3x8bit_C00C00_RGB_multimeter,SAMPLING/8BIT/RGB/2400x2400/C00C00/img_2400x2400_3x8bit_C00C00_RGB_multimeter.png,0885,DIV2K_valid_HR/0885.png,false,30,26,false,not_required,retain
img_2400x2400_3x8bit_C00C00_RGB_multimeter,SAMPLING/8BIT/RGB/2400x2400/C00C00/img_2400x2400_3x8bit_C00C00_RGB_multimeter.png,0886,DIV2K_valid_HR/0886.png,false,32,29,false,not_required,retain
img_2400x2400_3x8bit_C00C00_RGB_multimeter,SAMPLING/8BIT/RGB/2400x2400/C00C00/img_2400x2400_3x8bit_C00C00_RGB_multimeter.png,0887,DIV2K_valid_HR/0887.png,false,26,23,false,not_required,retain
img_2400x2400_3x8bit_C00C00_RGB_multimeter,SAMPLING/8BIT/RGB/2400x2400/C00C00/img_2400x2400_3x8bit_C00C00_RGB_multimeter.png,0888,DIV2K_valid_HR/0888.png,false,30,33,false,not_required,retain
img_2400x2400_3x8bit_C00C00_RGB_multimeter,SAMPLING/8BIT/RGB/2400x2400/C00C00/img_2400x2400_3x8bit_C00C00_RGB_multimeter.png,0889,DIV2K_valid_HR/0889.png,false,30,35,false,not_required,retain
img_2400x2400_3x8bit_C00C00_RGB_multimeter,SAMPLING/8BIT/RGB/2400x2400/C00C00/img_2400x2400_3x8bit_C00C00_RGB_multimeter.png,0890,DIV2K_valid_HR/0890.png,false,30,26,false,not_required,retain
img_2400x2400_3x8bit_C00C00_RGB_multimeter,SAMPLING/8BIT/RGB/2400x2400/C00C00/img_2400x2400_3x8bit_C00C00_RGB_multimeter.png,0891,DIV2K_valid_HR/0891.png,false,32,38,false,not_required,retain
img_2400x2400_3x8bit_C00C00_RGB_multimeter,SAMPLING/8BIT/RGB/2400x2400/C00C00/img_2400x2400_3x8bit_C00C00_RGB_multimeter.png,0892,DIV2K_valid_HR/0892.png,false,32,15,false,not_required,retain
img_2400x2400_3x8bit_C00C00_RGB_multimeter,SAMPLING/8BIT/RGB/2400x2400/C00C00/img_2400x2400_3x8bit_C00C00_RGB_multimeter.png,0893,DIV2K_valid_HR/0893.png,false,24,27,false,not_required,retain
img_2400x2400_3x8bit_C00C00_RGB_multimeter,SAMPLING/8BIT/RGB/2400x2400/C00C00/img_2400x2400_3x8bit_C00C00_RGB_multimeter.png,0894,DIV2K_valid_HR/0894.png,false,34,45,false,not_required,retain
img_2400x2400_3x8bit_C00C00_RGB_multimeter,SAMPLING/8BIT/RGB/2400x2400/C00C00/img_2400x2400_3x8bit_C00C00_RGB_multimeter.png,0895,DIV2K_valid_HR/0895.png,false,30,40,false,not_required,retain
img_2400x2400_3x8bit_C00C00_RGB_multimeter,SAMPLING/8BIT/RGB/2400x2400/C00C00/img_2400x2400_3x8bit_C00C00_RGB_multimeter.png,0896,DIV2K_valid_HR/0896.png,false,32,28,false,not_required,retain
img_2400x2400_3x8bit_C00C00_RGB_multimeter,SAMPLING/8BIT/RGB/2400x2400/C00C00/img_2400x2400_3x8bit_C00C00_RGB_multimeter.png,0897,DIV2K_valid_HR/0897.png,false,28,32,false,not_required,retain
img_2400x2400_3x8bit_C00C00_RGB_multimeter,SAMPLING/8BIT/RGB/2400x2400/C00C00/img_2400x2400_3x8bit_C00C00_RGB_multimeter.png,0898,DIV2K_valid_HR/0898.png,false,30,10,false,not_required,retain
img_2400x2400_3x8bit_C00C00_RGB_multimeter,SAMPLING/8BIT/RGB/2400x2400/C00C00/img_2400x2400_3x8bit_C00C00_RGB_multimeter.png,0899,DIV2K_valid_HR/0899.png,false,36,29,false,not_required,retain
img_2400x2400_3x8bit_C00C00_RGB_multimeter,SAMPLING/8BIT/RGB/2400x2400/C00C00/img_2400x2400_3x8bit_C00C00_RGB_multimeter.png,0900,DIV2K_valid_HR/0900.png,false,32,27,false,not_required,retain
img_2400x2400_3x8bit_C00C00_RGB_pencils_a,SAMPLING/8BIT/RGB/2400x2400/C00C00/img_2400x2400_3x8bit_C00C00_RGB_pencils_a.png,0805,DIV2K_valid_HR/0805.png,false,32,32,false,not_required,retain
img_2400x2400_3x8bit_C00C00_RGB_pencils_a,SAMPLING/8BIT/RGB/2400x2400/C00C00/img_2400x2400_3x8bit_C00C00_RGB_pencils_a.png,0806,DIV2K_valid_HR/0806.png,false,34,36,false,not_required,retain
img_2400x2400_3x8bit_C00C00_RGB_pencils_a,SAMPLING/8BIT/RGB/2400x2400/C00C00/img_2400x2400_3x8bit_C00C00_RGB_pencils_a.png,0807,DIV2K_valid_HR/0807.png,false,32,30,false,not_required,retain
img_2400x2400_3x8bit_C00C00_RGB_pencils_a,SAMPLING/8BIT/RGB/2400x2400/C00C00/img_2400x2400_3x8bit_C00C00_RGB_pencils_a.png,0808,DIV2K_valid_HR/0808.png,false,32,37,false,not_required,retain
img_2400x2400_3x8bit_C00C00_RGB_pencils_a,SAMPLING/8BIT/RGB/2400x2400/C00C00/img_2400x2400_3x8bit_C00C00_RGB_pencils_a.png,0809,DIV2K_valid_HR/0809.png,false,34,31,false,not_required,retain
img_2400x2400_3x8bit_C00C00_RGB_pencils_a,SAMPLING/8BIT/RGB/2400x2400/C00C00/img_2400x2400_3x8bit_C00C00_RGB_pencils_a.png,0810,DIV2K_valid_HR/0810.png,false,32,30,false,not_required,retain
img_2400x2400_3x8bit_C00C00_RGB_pencils_a,SAMPLING/8BIT/RGB/2400x2400/C00C00/img_2400x2400_3x8bit_C00C00_RGB_pencils_a.png,0811,DIV2K_valid_HR/0811.png,false,36,37,false,not_required,retain
img_2400x2400_3x8bit_C00C00_RGB_pencils_a,SAMPLING/8BIT/RGB/2400x2400/C00C00/img_2400x2400_3x8bit_C00C00_RGB_pencils_a.png,0812,DIV2K_valid_HR/0812.png,false,34,25,false,not_required,retain
img_2400x2400_3x8bit_C00C00_RGB_pencils_a,SAMPLING/8BIT/RGB/2400x2400/C00C00/img_2400x2400_3x8bit_C00C00_RGB_pencils_a.png,0813,DIV2K_valid_HR/0813.png,false,30,32,false,not_required,retain
img_2400x2400_3x8bit_C00C00_RGB_pencils_a,SAMPLING/8BIT/RGB/2400x2400/C00C00/img_2400x2400_3x8bit_C00C00_RGB_pencils_a.png,0814,DIV2K_valid_HR/0814.png,false,32,31,false,not_required,retain
img_2400x2400_3x8bit_C00C00_RGB_pencils_a,SAMPLING/8BIT/RGB/2400x2400/C00C00/img_2400x2400_3x8bit_C00C00_RGB_pencils_a.png,0815,DIV2K_valid_HR/0815.png,false,34,35,false,not_required,retain
img_2400x2400_3x8bit_C00C00_RGB_pencils_a,SAMPLING/8BIT/RGB/2400x2400/C00C00/img_2400x2400_3x8bit_C00C00_RGB_pencils_a.png,0816,DIV2K_valid_HR/0816.png,false,38,35,false,not_required,retain
img_2400x2400_3x8bit_C00C00_RGB_pencils_a,SAMPLING/8BIT/RGB/2400x2400/C00C00/img_2400x2400_3x8bit_C00C00_RGB_pencils_a.png,0817,DIV2K_valid_HR/0817.png,false,32,32,false,not_required,retain
img_2400x2400_3x8bit_C00C00_RGB_pencils_a,SAMPLING/8BIT/RGB/2400x2400/C00C00/img_2400x2400_3x8bit_C00C00_RGB_pencils_a.png,0818,DIV2K_valid_HR/0818.png,false,24,37,false,not_required,retain
img_2400x2400_3x8bit_C00C00_RGB_pencils_a,SAMPLING/8BIT/RGB/2400x2400/C00C00/img_2400x2400_3x8bit_C00C00_RGB_pencils_a.png,0819,DIV2K_valid_HR/0819.png,false,24,24,false,not_required,retain
img_2400x2400_3x8bit_C00C00_RGB_pencils_a,SAMPLING/8BIT/RGB/2400x2400/C00C00/img_2400x2400_3x8bit_C00C00_RGB_pencils_a.png,0820,DIV2K_valid_HR/0820.png,false,30,31,false,not_required,retain
img_2400x2400_3x8bit_C00C00_RGB_pencils_a,SAMPLING/8BIT/RGB/2400x2400/C00C00/img_2400x2400_3x8bit_C00C00_RGB_pencils_a.png,0821,DIV2K_valid_HR/0821.png,false,34,30,false,not_required,retain
img_2400x2400_3x8bit_C00C00_RGB_pencils_a,SAMPLING/8BIT/RGB/2400x2400/C00C00/img_2400x2400_3x8bit_C00C00_RGB_pencils_a.png,0822,DIV2K_valid_HR/0822.png,false,34,36,false,not_required,retain
img_2400x2400_3x8bit_C00C00_RGB_pencils_a,SAMPLING/8BIT/RGB/2400x2400/C00C00/img_2400x2400_3x8bit_C00C00_RGB_pencils_a.png,0823,DIV2K_valid_HR/0823.png,false,34,34,false,not_required,retain
img_2400x2400_3x8bit_C00C00_RGB_pencils_a,SAMPLING/8BIT/RGB/2400x2400/C00C00/img_2400x2400_3x8bit_C00C00_RGB_pencils_a.png,0824,DIV2K_valid_HR/0824.png,false,30,32,false,not_required,retain
img_2400x2400_3x8bit_C00C00_RGB_pencils_a,SAMPLING/8BIT/RGB/2400x2400/C00C00/img_2400x2400_3x8bit_C00C00_RGB_pencils_a.png,0825,DIV2K_valid_HR/0825.png,false,36,29,false,not_required,retain
img_2400x2400_3x8bit_C00C00_RGB_pencils_a,SAMPLING/8BIT/RGB/2400x2400/C00C00/img_2400x2400_3x8bit_C00C00_RGB_pencils_a.png,0826,DIV2K_valid_HR/0826.png,false,30,31,false,not_required,retain
img_2400x2400_3x8bit_C00C00_RGB_pencils_a,SAMPLING/8BIT/RGB/2400x2400/C00C00/img_2400x2400_3x8bit_C00C00_RGB_pencils_a.png,0827,DIV2K_valid_HR/0827.png,false,32,40,false,not_required,retain
img_2400x2400_3x8bit_C00C00_RGB_pencils_a,SAMPLING/8BIT/RGB/2400x2400/C00C00/img_2400x2400_3x8bit_C00C00_RGB_pencils_a.png,0828,DIV2K_valid_HR/0828.png,false,30,35,false,not_required,retain
img_2400x2400_3x8bit_C00C00_RGB_pencils_a,SAMPLING/8BIT/RGB/2400x2400/C00C00/img_2400x2400_3x8bit_C00C00_RGB_pencils_a.png,0829,DIV2K_valid_HR/0829.png,false,30,37,false,not_required,retain
img_2400x2400_3x8bit_C00C00_RGB_pencils_a,SAMPLING/8BIT/RGB/2400x2400/C00C00/img_2400x2400_3x8bit_C00C00_RGB_pencils_a.png,0830,DIV2K_valid_HR/0830.png,false,32,35,false,not_required,retain
img_2400x2400_3x8bit_C00C00_RGB_pencils_a,SAMPLING/8BIT/RGB/2400x2400/C00C00/img_2400x2400_3x8bit_C00C00_RGB_pencils_a.png,0831,DIV2K_valid_HR/0831.png,false,36,31,false,not_required,retain
img_2400x2400_3x8bit_C00C00_RGB_pencils_a,SAMPLING/8BIT/RGB/2400x2400/C00C00/img_2400x2400_3x8bit_C00C00_RGB_pencils_a.png,0832,DIV2K_valid_HR/0832.png,false,26,35,false,not_required,retain
img_2400x2400_3x8bit_C00C00_RGB_pencils_a,SAMPLING/8BIT/RGB/2400x2400/C00C00/img_2400x2400_3x8bit_C00C00_RGB_pencils_a.png,0833,DIV2K_valid_HR/0833.png,false,28,35,false,not_required,retain
img_2400x2400_3x8bit_C00C00_RGB_pencils_a,SAMPLING/8BIT/RGB/2400x2400/C00C00/img_2400x2400_3x8bit_C00C00_RGB_pencils_a.png,0834,DIV2K_valid_HR/0834.png,false,30,27,false,not_required,retain
img_2400x2400_3x8bit_C00C00_RGB_pencils_a,SAMPLING/8BIT/RGB/2400x2400/C00C00/img_2400x2400_3x8bit_C00C00_RGB_pencils_a.png,0835,DIV2K_valid_HR/0835.png,false,26,27,false,not_required,retain
img_2400x2400_3x8bit_C00C00_RGB_pencils_a,SAMPLING/8BIT/RGB/2400x2400/C00C00/img_2400x2400_3x8bit_C00C00_RGB_pencils_a.png,0836,DIV2K_valid_HR/0836.png,false,34,34,false,not_required,retain
img_2400x2400_3x8bit_C00C00_RGB_pencils_a,SAMPLING/8BIT/RGB/2400x2400/C00C00/img_2400x2400_3x8bit_C00C00_RGB_pencils_a.png,0837,DIV2K_valid_HR/0837.png,false,32,33,false,not_required,retain
img_2400x2400_3x8bit_C00C00_RGB_pencils_a,SAMPLING/8BIT/RGB/2400x2400/C00C00/img_2400x2400_3x8bit_C00C00_RGB_pencils_a.png,0838,DIV2K_valid_HR/0838.png,false,28,31,false,not_required,retain
img_2400x2400_3x8bit_C00C00_RGB_pencils_a,SAMPLING/8BIT/RGB/2400x2400/C00C00/img_2400x2400_3x8bit_C00C00_RGB_pencils_a.png,0839,DIV2K_valid_HR/0839.png,false,32,34,false,not_required,retain
img_2400x2400_3x8bit_C00C00_RGB_pencils_a,SAMPLING/8BIT/RGB/2400x2400/C00C00/img_2400x2400_3x8bit_C00C00_RGB_pencils_a.png,0840,DIV2K_valid_HR/0840.png,false,34,34,false,not_required,retain
img_2400x2400_3x8bit_C00C00_RGB_pencils_a,SAMPLING/8BIT/RGB/2400x2400/C00C00/img_2400x2400_3x8bit_C00C00_RGB_pencils_a.png,0841,DIV2K_valid_HR/0841.png,false,34,27,false,not_required,retain
img_2400x2400_3x8bit_C00C00_RGB_pencils_a,SAMPLING/8BIT/RGB/2400x2400/C00C00/img_2400x2400_3x8bit_C00C00_RGB_pencils_a.png,0842,DIV2K_valid_HR/0842.png,false,36,27,false,not_required,retain
img_2400x2400_3x8bit_C00C00_RGB_pencils_a,SAMPLING/8BIT/RGB/2400x2400/C00C00/img_2400x2400_3x8bit_C00C00_RGB_pencils_a.png,0843,DIV2K_valid_HR/0843.png,false,40,39,false,not_required,retain
img_2400x2400_3x8bit_C00C00_RGB_pencils_a,SAMPLING/8BIT/RGB/2400x2400/C00C00/img_2400x2400_3x8bit_C00C00_RGB_pencils_a.png,0844,DIV2K_valid_HR/0844.png,false,28,31,false,not_required,retain
img_2400x2400_3x8bit_C00C00_RGB_pencils_a,SAMPLING/8BIT/RGB/2400x2400/C00C00/img_2400x2400_3x8bit_C00C00_RGB_pencils_a.png,0845,DIV2K_valid_HR/0845.png,false,26,30,false,not_required,retain
img_2400x2400_3x8bit_C00C00_RGB_pencils_a,SAMPLING/8BIT/RGB/2400x2400/C00C00/img_2400x2400_3x8bit_C00C00_RGB_pencils_a.png,0846,DIV2K_valid_HR/0846.png,false,30,30,false,not_required,retain
img_2400x2400_3x8bit_C00C00_RGB_pencils_a,SAMPLING/8BIT/RGB/2400x2400/C00C00/img_2400x2400_3x8bit_C00C00_RGB_pencils_a.png,0847,DIV2K_valid_HR/0847.png,false,30,28,false,not_required,retain
img_2400x2400_3x8bit_C00C00_RGB_pencils_a,SAMPLING/8BIT/RGB/2400x2400/C00C00/img_2400x2400_3x8bit_C00C00_RGB_pencils_a.png,0848,DIV2K_valid_HR/0848.png,false,34,32,false,not_required,retain
img_2400x2400_3x8bit_C00C00_RGB_pencils_a,SAMPLING/8BIT/RGB/2400x2400/C00C00/img_2400x2400_3x8bit_C00C00_RGB_pencils_a.png,0849,DIV2K_valid_HR/0849.png,false,38,41,false,not_required,retain
img_2400x2400_3x8bit_C00C00_RGB_pencils_a,SAMPLING/8BIT/RGB/2400x2400/C00C00/img_2400x2400_3x8bit_C00C00_RGB_pencils_a.png,0850,DIV2K_valid_HR/0850.png,false,32,30,false,not_required,retain
img_2400x2400_3x8bit_C00C00_RGB_pencils_a,SAMPLING/8BIT/RGB/2400x2400/C00C00/img_2400x2400_3x8bit_C00C00_RGB_pencils_a.png,0851,DIV2K_valid_HR/0851.png,false,28,31,false,not_required,retain
img_2400x2400_3x8bit_C00C00_RGB_pencils_a,SAMPLING/8BIT/RGB/2400x2400/C00C00/img_2400x2400_3x8bit_C00C00_RGB_pencils_a.png,0852,DIV2K_valid_HR/0852.png,false,30,31,false,not_required,retain
img_2400x2400_3x8bit_C00C00_RGB_pencils_a,SAMPLING/8BIT/RGB/2400x2400/C00C00/img_2400x2400_3x8bit_C00C00_RGB_pencils_a.png,0853,DIV2K_valid_HR/0853.png,false,36,34,false,not_required,retain
img_2400x2400_3x8bit_C00C00_RGB_pencils_a,SAMPLING/8BIT/RGB/2400x2400/C00C00/img_2400x2400_3x8bit_C00C00_RGB_pencils_a.png,0854,DIV2K_valid_HR/0854.png,false,36,29,false,not_required,retain
img_2400x2400_3x8bit_C00C00_RGB_pencils_a,SAMPLING/8BIT/RGB/2400x2400/C00C00/img_2400x2400_3x8bit_C00C00_RGB_pencils_a.png,0855,DIV2K_valid_HR/0855.png,false,30,33,false,not_required,retain
img_2400x2400_3x8bit_C00C00_RGB_pencils_a,SAMPLING/8BIT/RGB/2400x2400/C00C00/img_2400x2400_3x8bit_C00C00_RGB_pencils_a.png,0856,DIV2K_valid_HR/0856.png,false,32,30,false,not_required,retain
img_2400x2400_3x8bit_C00C00_RGB_pencils_a,SAMPLING/8BIT/RGB/2400x2400/C00C00/img_2400x2400_3x8bit_C00C00_RGB_pencils_a.png,0857,DIV2K_valid_HR/0857.png,false,26,29,false,not_required,retain
img_2400x2400_3x8bit_C00C00_RGB_pencils_a,SAMPLING/8BIT/RGB/2400x2400/C00C00/img_2400x2400_3x8bit_C00C00_RGB_pencils_a.png,0858,DIV2K_valid_HR/0858.png,false,40,39,false,not_required,retain
img_2400x2400_3x8bit_C00C00_RGB_pencils_a,SAMPLING/8BIT/RGB/2400x2400/C00C00/img_2400x2400_3x8bit_C00C00_RGB_pencils_a.png,0859,DIV2K_valid_HR/0859.png,false,34,30,false,not_required,retain
img_2400x2400_3x8bit_C00C00_RGB_pencils_a,SAMPLING/8BIT/RGB/2400x2400/C00C00/img_2400x2400_3x8bit_C00C00_RGB_pencils_a.png,0860,DIV2K_valid_HR/0860.png,false,32,29,false,not_required,retain
img_2400x2400_3x8bit_C00C00_RGB_pencils_a,SAMPLING/8BIT/RGB/2400x2400/C00C00/img_2400x2400_3x8bit_C00C00_RGB_pencils_a.png,0861,DIV2K_valid_HR/0861.png,false,30,32,false,not_required,retain
img_2400x2400_3x8bit_C00C00_RGB_pencils_a,SAMPLING/8BIT/RGB/2400x2400/C00C00/img_2400x2400_3x8bit_C00C00_RGB_pencils_a.png,0862,DIV2K_valid_HR/0862.png,false,30,28,false,not_required,retain
img_2400x2400_3x8bit_C00C00_RGB_pencils_a,SAMPLING/8BIT/RGB/2400x2400/C00C00/img_2400x2400_3x8bit_C00C00_RGB_pencils_a.png,0863,DIV2K_valid_HR/0863.png,false,34,34,false,not_required,retain
img_2400x2400_3x8bit_C00C00_RGB_pencils_a,SAMPLING/8BIT/RGB/2400x2400/C00C00/img_2400x2400_3x8bit_C00C00_RGB_pencils_a.png,0864,DIV2K_valid_HR/0864.png,false,30,29,false,not_required,retain
img_2400x2400_3x8bit_C00C00_RGB_pencils_a,SAMPLING/8BIT/RGB/2400x2400/C00C00/img_2400x2400_3x8bit_C00C00_RGB_pencils_a.png,0865,DIV2K_valid_HR/0865.png,false,28,31,false,not_required,retain
img_2400x2400_3x8bit_C00C00_RGB_pencils_a,SAMPLING/8BIT/RGB/2400x2400/C00C00/img_2400x2400_3x8bit_C00C00_RGB_pencils_a.png,0866,DIV2K_valid_HR/0866.png,false,42,32,false,not_required,retain
img_2400x2400_3x8bit_C00C00_RGB_pencils_a,SAMPLING/8BIT/RGB/2400x2400/C00C00/img_2400x2400_3x8bit_C00C00_RGB_pencils_a.png,0867,DIV2K_valid_HR/0867.png,false,34,34,false,not_required,retain
img_2400x2400_3x8bit_C00C00_RGB_pencils_a,SAMPLING/8BIT/RGB/2400x2400/C00C00/img_2400x2400_3x8bit_C00C00_RGB_pencils_a.png,0868,DIV2K_valid_HR/0868.png,false,34,23,false,not_required,retain
img_2400x2400_3x8bit_C00C00_RGB_pencils_a,SAMPLING/8BIT/RGB/2400x2400/C00C00/img_2400x2400_3x8bit_C00C00_RGB_pencils_a.png,0869,DIV2K_valid_HR/0869.png,false,26,27,false,not_required,retain
img_2400x2400_3x8bit_C00C00_RGB_pencils_a,SAMPLING/8BIT/RGB/2400x2400/C00C00/img_2400x2400_3x8bit_C00C00_RGB_pencils_a.png,0870,DIV2K_valid_HR/0870.png,false,28,28,false,not_required,retain
img_2400x2400_3x8bit_C00C00_RGB_pencils_a,SAMPLING/8BIT/RGB/2400x2400/C00C00/img_2400x2400_3x8bit_C00C00_RGB_pencils_a.png,0871,DIV2K_valid_HR/0871.png,false,34,35,false,not_required,retain
img_2400x2400_3x8bit_C00C00_RGB_pencils_a,SAMPLING/8BIT/RGB/2400x2400/C00C00/img_2400x2400_3x8bit_C00C00_RGB_pencils_a.png,0872,DIV2K_valid_HR/0872.png,false,32,32,false,not_required,retain
img_2400x2400_3x8bit_C00C00_RGB_pencils_a,SAMPLING/8BIT/RGB/2400x2400/C00C00/img_2400x2400_3x8bit_C00C00_RGB_pencils_a.png,0873,DIV2K_valid_HR/0873.png,false,38,38,false,not_required,retain
img_2400x2400_3x8bit_C00C00_RGB_pencils_a,SAMPLING/8BIT/RGB/2400x2400/C00C00/img_2400x2400_3x8bit_C00C00_RGB_pencils_a.png,0874,DIV2K_valid_HR/0874.png,false,26,35,false,not_required,retain
img_2400x2400_3x8bit_C00C00_RGB_pencils_a,SAMPLING/8BIT/RGB/2400x2400/C00C00/img_2400x2400_3x8bit_C00C00_RGB_pencils_a.png,0875,DIV2K_valid_HR/0875.png,false,30,37,false,not_required,retain
img_2400x2400_3x8bit_C00C00_RGB_pencils_a,SAMPLING/8BIT/RGB/2400x2400/C00C00/img_2400x2400_3x8bit_C00C00_RGB_pencils_a.png,0876,DIV2K_valid_HR/0876.png,false,36,29,false,not_required,retain
img_2400x2400_3x8bit_C00C00_RGB_pencils_a,SAMPLING/8BIT/RGB/2400x2400/C00C00/img_2400x2400_3x8bit_C00C00_RGB_pencils_a.png,0877,DIV2K_valid_HR/0877.png,false,32,36,false,not_required,retain
img_2400x2400_3x8bit_C00C00_RGB_pencils_a,SAMPLING/8BIT/RGB/2400x2400/C00C00/img_2400x2400_3x8bit_C00C00_RGB_pencils_a.png,0878,DIV2K_valid_HR/0878.png,false,34,30,false,not_required,retain
img_2400x2400_3x8bit_C00C00_RGB_pencils_a,SAMPLING/8BIT/RGB/2400x2400/C00C00/img_2400x2400_3x8bit_C00C00_RGB_pencils_a.png,0879,DIV2K_valid_HR/0879.png,false,36,38,false,not_required,retain
img_2400x2400_3x8bit_C00C00_RGB_pencils_a,SAMPLING/8BIT/RGB/2400x2400/C00C00/img_2400x2400_3x8bit_C00C00_RGB_pencils_a.png,0880,DIV2K_valid_HR/0880.png,false,26,35,false,not_required,retain
img_2400x2400_3x8bit_C00C00_RGB_pencils_a,SAMPLING/8BIT/RGB/2400x2400/C00C00/img_2400x2400_3x8bit_C00C00_RGB_pencils_a.png,0881,DIV2K_valid_HR/0881.png,false,34,31,false,not_required,retain
img_2400x2400_3x8bit_C00C00_RGB_pencils_a,SAMPLING/8BIT/RGB/2400x2400/C00C00/img_2400x2400_3x8bit_C00C00_RGB_pencils_a.png,0882,DIV2K_valid_HR/0882.png,false,30,37,false,not_required,retain
img_2400x2400_3x8bit_C00C00_RGB_pencils_a,SAMPLING/8BIT/RGB/2400x2400/C00C00/img_2400x2400_3x8bit_C00C00_RGB_pencils_a.png,0883,DIV2K_valid_HR/0883.png,false,36,36,false,not_required,retain
img_2400x2400_3x8bit_C00C00_RGB_pencils_a,SAMPLING/8BIT/RGB/2400x2400/C00C00/img_2400x2400_3x8bit_C00C00_RGB_pencils_a.png,0884,DIV2K_valid_HR/0884.png,false,26,33,false,not_required,retain
img_2400x2400_3x8bit_C00C00_RGB_pencils_a,SAMPLING/8BIT/RGB/2400x2400/C00C00/img_2400x2400_3x8bit_C00C00_RGB_pencils_a.png,0885,DIV2K_valid_HR/0885.png,false,26,36,false,not_required,retain
img_2400x2400_3x8bit_C00C00_RGB_pencils_a,SAMPLING/8BIT/RGB/2400x2400/C00C00/img_2400x2400_3x8bit_C00C00_RGB_pencils_a.png,0886,DIV2K_valid_HR/0886.png,false,32,31,false,not_required,retain
img_2400x2400_3x8bit_C00C00_RGB_pencils_a,SAMPLING/8BIT/RGB/2400x2400/C00C00/img_2400x2400_3x8bit_C00C00_RGB_pencils_a.png,0887,DIV2K_valid_HR/0887.png,false,34,37,false,not_required,retain
img_2400x2400_3x8bit_C00C00_RGB_pencils_a,SAMPLING/8BIT/RGB/2400x2400/C00C00/img_2400x2400_3x8bit_C00C00_RGB_pencils_a.png,0888,DIV2K_valid_HR/0888.png,false,30,37,false,not_required,retain
img_2400x2400_3x8bit_C00C00_RGB_pencils_a,SAMPLING/8BIT/RGB/2400x2400/C00C00/img_2400x2400_3x8bit_C00C00_RGB_pencils_a.png,0889,DIV2K_valid_HR/0889.png,false,30,37,false,not_required,retain
img_2400x2400_3x8bit_C00C00_RGB_pencils_a,SAMPLING/8BIT/RGB/2400x2400/C00C00/img_2400x2400_3x8bit_C00C00_RGB_pencils_a.png,0890,DIV2K_valid_HR/0890.png,false,34,36,false,not_required,retain
img_2400x2400_3x8bit_C00C00_RGB_pencils_a,SAMPLING/8BIT/RGB/2400x2400/C00C00/img_2400x2400_3x8bit_C00C00_RGB_pencils_a.png,0891,DIV2K_valid_HR/0891.png,false,30,30,false,not_required,retain
img_2400x2400_3x8bit_C00C00_RGB_pencils_a,SAMPLING/8BIT/RGB/2400x2400/C00C00/img_2400x2400_3x8bit_C00C00_RGB_pencils_a.png,0892,DIV2K_valid_HR/0892.png,false,28,29,false,not_required,retain
img_2400x2400_3x8bit_C00C00_RGB_pencils_a,SAMPLING/8BIT/RGB/2400x2400/C00C00/img_2400x2400_3x8bit_C00C00_RGB_pencils_a.png,0893,DIV2K_valid_HR/0893.png,false,36,33,false,not_required,retain
img_2400x2400_3x8bit_C00C00_RGB_pencils_a,SAMPLING/8BIT/RGB/2400x2400/C00C00/img_2400x2400_3x8bit_C00C00_RGB_pencils_a.png,0894,DIV2K_valid_HR/0894.png,false,30,35,false,not_required,retain
img_2400x2400_3x8bit_C00C00_RGB_pencils_a,SAMPLING/8BIT/RGB/2400x2400/C00C00/img_2400x2400_3x8bit_C00C00_RGB_pencils_a.png,0895,DIV2K_valid_HR/0895.png,false,28,26,false,not_required,retain
img_2400x2400_3x8bit_C00C00_RGB_pencils_a,SAMPLING/8BIT/RGB/2400x2400/C00C00/img_2400x2400_3x8bit_C00C00_RGB_pencils_a.png,0896,DIV2K_valid_HR/0896.png,false,34,32,false,not_required,retain
img_2400x2400_3x8bit_C00C00_RGB_pencils_a,SAMPLING/8BIT/RGB/2400x2400/C00C00/img_2400x2400_3x8bit_C00C00_RGB_pencils_a.png,0897,DIV2K_valid_HR/0897.png,false,34,36,false,not_required,retain
img_2400x2400_3x8bit_C00C00_RGB_pencils_a,SAMPLING/8BIT/RGB/2400x2400/C00C00/img_2400x2400_3x8bit_C00C00_RGB_pencils_a.png,0898,DIV2K_valid_HR/0898.png,false,34,36,false,not_required,retain
img_2400x2400_3x8bit_C00C00_RGB_pencils_a,SAMPLING/8BIT/RGB/2400x2400/C00C00/img_2400x2400_3x8bit_C00C00_RGB_pencils_a.png,0899,DIV2K_valid_HR/0899.png,false,30,35,false,not_required,retain
img_2400x2400_3x8bit_C00C00_RGB_pencils_a,SAMPLING/8BIT/RGB/2400x2400/C00C00/img_2400x2400_3x8bit_C00C00_RGB_pencils_a.png,0900,DIV2K_valid_HR/0900.png,false,36,41,false,not_required,retain
img_2400x2400_3x8bit_C00C00_RGB_pencils_b,SAMPLING/8BIT/RGB/2400x2400/C00C00/img_2400x2400_3x8bit_C00C00_RGB_pencils_b.png,0805,DIV2K_valid_HR/0805.png,false,36,32,false,not_required,retain
img_2400x2400_3x8bit_C00C00_RGB_pencils_b,SAMPLING/8BIT/RGB/2400x2400/C00C00/img_2400x2400_3x8bit_C00C00_RGB_pencils_b.png,0806,DIV2K_valid_HR/0806.png,false,36,36,false,not_required,retain
img_2400x2400_3x8bit_C00C00_RGB_pencils_b,SAMPLING/8BIT/RGB/2400x2400/C00C00/img_2400x2400_3x8bit_C00C00_RGB_pencils_b.png,0807,DIV2K_valid_HR/0807.png,false,36,34,false,not_required,retain
img_2400x2400_3x8bit_C00C00_RGB_pencils_b,SAMPLING/8BIT/RGB/2400x2400/C00C00/img_2400x2400_3x8bit_C00C00_RGB_pencils_b.png,0808,DIV2K_valid_HR/0808.png,false,30,25,false,not_required,retain
img_2400x2400_3x8bit_C00C00_RGB_pencils_b,SAMPLING/8BIT/RGB/2400x2400/C00C00/img_2400x2400_3x8bit_C00C00_RGB_pencils_b.png,0809,DIV2K_valid_HR/0809.png,false,36,29,false,not_required,retain
img_2400x2400_3x8bit_C00C00_RGB_pencils_b,SAMPLING/8BIT/RGB/2400x2400/C00C00/img_2400x2400_3x8bit_C00C00_RGB_pencils_b.png,0810,DIV2K_valid_HR/0810.png,false,30,26,false,not_required,retain
img_2400x2400_3x8bit_C00C00_RGB_pencils_b,SAMPLING/8BIT/RGB/2400x2400/C00C00/img_2400x2400_3x8bit_C00C00_RGB_pencils_b.png,0811,DIV2K_valid_HR/0811.png,false,26,31,false,not_required,retain
img_2400x2400_3x8bit_C00C00_RGB_pencils_b,SAMPLING/8BIT/RGB/2400x2400/C00C00/img_2400x2400_3x8bit_C00C00_RGB_pencils_b.png,0812,DIV2K_valid_HR/0812.png,false,32,35,false,not_required,retain
img_2400x2400_3x8bit_C00C00_RGB_pencils_b,SAMPLING/8BIT/RGB/2400x2400/C00C00/img_2400x2400_3x8bit_C00C00_RGB_pencils_b.png,0813,DIV2K_valid_HR/0813.png,false,34,36,false,not_required,retain
img_2400x2400_3x8bit_C00C00_RGB_pencils_b,SAMPLING/8BIT/RGB/2400x2400/C00C00/img_2400x2400_3x8bit_C00C00_RGB_pencils_b.png,0814,DIV2K_valid_HR/0814.png,false,28,29,false,not_required,retain
img_2400x2400_3x8bit_C00C00_RGB_pencils_b,SAMPLING/8BIT/RGB/2400x2400/C00C00/img_2400x2400_3x8bit_C00C00_RGB_pencils_b.png,0815,DIV2K_valid_HR/0815.png,false,28,29,false,not_required,retain
img_2400x2400_3x8bit_C00C00_RGB_pencils_b,SAMPLING/8BIT/RGB/2400x2400/C00C00/img_2400x2400_3x8bit_C00C00_RGB_pencils_b.png,0816,DIV2K_valid_HR/0816.png,false,32,27,false,not_required,retain
img_2400x2400_3x8bit_C00C00_RGB_pencils_b,SAMPLING/8BIT/RGB/2400x2400/C00C00/img_2400x2400_3x8bit_C00C00_RGB_pencils_b.png,0817,DIV2K_valid_HR/0817.png,false,40,26,false,not_required,retain
img_2400x2400_3x8bit_C00C00_RGB_pencils_b,SAMPLING/8BIT/RGB/2400x2400/C00C00/img_2400x2400_3x8bit_C00C00_RGB_pencils_b.png,0818,DIV2K_valid_HR/0818.png,false,36,31,false,not_required,retain
img_2400x2400_3x8bit_C00C00_RGB_pencils_b,SAMPLING/8BIT/RGB/2400x2400/C00C00/img_2400x2400_3x8bit_C00C00_RGB_pencils_b.png,0819,DIV2K_valid_HR/0819.png,false,28,30,false,not_required,retain
img_2400x2400_3x8bit_C00C00_RGB_pencils_b,SAMPLING/8BIT/RGB/2400x2400/C00C00/img_2400x2400_3x8bit_C00C00_RGB_pencils_b.png,0820,DIV2K_valid_HR/0820.png,false,38,33,false,not_required,retain
img_2400x2400_3x8bit_C00C00_RGB_pencils_b,SAMPLING/8BIT/RGB/2400x2400/C00C00/img_2400x2400_3x8bit_C00C00_RGB_pencils_b.png,0821,DIV2K_valid_HR/0821.png,false,30,34,false,not_required,retain
img_2400x2400_3x8bit_C00C00_RGB_pencils_b,SAMPLING/8BIT/RGB/2400x2400/C00C00/img_2400x2400_3x8bit_C00C00_RGB_pencils_b.png,0822,DIV2K_valid_HR/0822.png,false,34,36,false,not_required,retain
img_2400x2400_3x8bit_C00C00_RGB_pencils_b,SAMPLING/8BIT/RGB/2400x2400/C00C00/img_2400x2400_3x8bit_C00C00_RGB_pencils_b.png,0823,DIV2K_valid_HR/0823.png,false,28,36,false,not_required,retain
img_2400x2400_3x8bit_C00C00_RGB_pencils_b,SAMPLING/8BIT/RGB/2400x2400/C00C00/img_2400x2400_3x8bit_C00C00_RGB_pencils_b.png,0824,DIV2K_valid_HR/0824.png,false,28,36,false,not_required,retain
img_2400x2400_3x8bit_C00C00_RGB_pencils_b,SAMPLING/8BIT/RGB/2400x2400/C00C00/img_2400x2400_3x8bit_C00C00_RGB_pencils_b.png,0825,DIV2K_valid_HR/0825.png,false,30,31,false,not_required,retain
img_2400x2400_3x8bit_C00C00_RGB_pencils_b,SAMPLING/8BIT/RGB/2400x2400/C00C00/img_2400x2400_3x8bit_C00C00_RGB_pencils_b.png,0826,DIV2K_valid_HR/0826.png,false,32,33,false,not_required,retain
img_2400x2400_3x8bit_C00C00_RGB_pencils_b,SAMPLING/8BIT/RGB/2400x2400/C00C00/img_2400x2400_3x8bit_C00C00_RGB_pencils_b.png,0827,DIV2K_valid_HR/0827.png,false,30,30,false,not_required,retain
img_2400x2400_3x8bit_C00C00_RGB_pencils_b,SAMPLING/8BIT/RGB/2400x2400/C00C00/img_2400x2400_3x8bit_C00C00_RGB_pencils_b.png,0828,DIV2K_valid_HR/0828.png,false,30,29,false,not_required,retain
img_2400x2400_3x8bit_C00C00_RGB_pencils_b,SAMPLING/8BIT/RGB/2400x2400/C00C00/img_2400x2400_3x8bit_C00C00_RGB_pencils_b.png,0829,DIV2K_valid_HR/0829.png,false,32,35,false,not_required,retain
img_2400x2400_3x8bit_C00C00_RGB_pencils_b,SAMPLING/8BIT/RGB/2400x2400/C00C00/img_2400x2400_3x8bit_C00C00_RGB_pencils_b.png,0830,DIV2K_valid_HR/0830.png,false,20,31,false,not_required,retain
img_2400x2400_3x8bit_C00C00_RGB_pencils_b,SAMPLING/8BIT/RGB/2400x2400/C00C00/img_2400x2400_3x8bit_C00C00_RGB_pencils_b.png,0831,DIV2K_valid_HR/0831.png,false,32,31,false,not_required,retain
img_2400x2400_3x8bit_C00C00_RGB_pencils_b,SAMPLING/8BIT/RGB/2400x2400/C00C00/img_2400x2400_3x8bit_C00C00_RGB_pencils_b.png,0832,DIV2K_valid_HR/0832.png,false,26,35,false,not_required,retain
img_2400x2400_3x8bit_C00C00_RGB_pencils_b,SAMPLING/8BIT/RGB/2400x2400/C00C00/img_2400x2400_3x8bit_C00C00_RGB_pencils_b.png,0833,DIV2K_valid_HR/0833.png,false,30,33,false,not_required,retain
img_2400x2400_3x8bit_C00C00_RGB_pencils_b,SAMPLING/8BIT/RGB/2400x2400/C00C00/img_2400x2400_3x8bit_C00C00_RGB_pencils_b.png,0834,DIV2K_valid_HR/0834.png,false,30,33,false,not_required,retain
img_2400x2400_3x8bit_C00C00_RGB_pencils_b,SAMPLING/8BIT/RGB/2400x2400/C00C00/img_2400x2400_3x8bit_C00C00_RGB_pencils_b.png,0835,DIV2K_valid_HR/0835.png,false,38,37,false,not_required,retain
img_2400x2400_3x8bit_C00C00_RGB_pencils_b,SAMPLING/8BIT/RGB/2400x2400/C00C00/img_2400x2400_3x8bit_C00C00_RGB_pencils_b.png,0836,DIV2K_valid_HR/0836.png,false,30,24,false,not_required,retain
img_2400x2400_3x8bit_C00C00_RGB_pencils_b,SAMPLING/8BIT/RGB/2400x2400/C00C00/img_2400x2400_3x8bit_C00C00_RGB_pencils_b.png,0837,DIV2K_valid_HR/0837.png,false,34,37,false,not_required,retain
img_2400x2400_3x8bit_C00C00_RGB_pencils_b,SAMPLING/8BIT/RGB/2400x2400/C00C00/img_2400x2400_3x8bit_C00C00_RGB_pencils_b.png,0838,DIV2K_valid_HR/0838.png,false,30,35,false,not_required,retain
img_2400x2400_3x8bit_C00C00_RGB_pencils_b,SAMPLING/8BIT/RGB/2400x2400/C00C00/img_2400x2400_3x8bit_C00C00_RGB_pencils_b.png,0839,DIV2K_valid_HR/0839.png,false,36,36,false,not_required,retain
img_2400x2400_3x8bit_C00C00_RGB_pencils_b,SAMPLING/8BIT/RGB/2400x2400/C00C00/img_2400x2400_3x8bit_C00C00_RGB_pencils_b.png,0840,DIV2K_valid_HR/0840.png,false,30,28,false,not_required,retain
img_2400x2400_3x8bit_C00C00_RGB_pencils_b,SAMPLING/8BIT/RGB/2400x2400/C00C00/img_2400x2400_3x8bit_C00C00_RGB_pencils_b.png,0841,DIV2K_valid_HR/0841.png,false,40,31,false,not_required,retain
img_2400x2400_3x8bit_C00C00_RGB_pencils_b,SAMPLING/8BIT/RGB/2400x2400/C00C00/img_2400x2400_3x8bit_C00C00_RGB_pencils_b.png,0842,DIV2K_valid_HR/0842.png,false,32,43,false,not_required,retain
img_2400x2400_3x8bit_C00C00_RGB_pencils_b,SAMPLING/8BIT/RGB/2400x2400/C00C00/img_2400x2400_3x8bit_C00C00_RGB_pencils_b.png,0843,DIV2K_valid_HR/0843.png,false,36,31,false,not_required,retain
img_2400x2400_3x8bit_C00C00_RGB_pencils_b,SAMPLING/8BIT/RGB/2400x2400/C00C00/img_2400x2400_3x8bit_C00C00_RGB_pencils_b.png,0844,DIV2K_valid_HR/0844.png,false,30,31,false,not_required,retain
img_2400x2400_3x8bit_C00C00_RGB_pencils_b,SAMPLING/8BIT/RGB/2400x2400/C00C00/img_2400x2400_3x8bit_C00C00_RGB_pencils_b.png,0845,DIV2K_valid_HR/0845.png,false,32,32,false,not_required,retain
img_2400x2400_3x8bit_C00C00_RGB_pencils_b,SAMPLING/8BIT/RGB/2400x2400/C00C00/img_2400x2400_3x8bit_C00C00_RGB_pencils_b.png,0846,DIV2K_valid_HR/0846.png,false,28,30,false,not_required,retain
img_2400x2400_3x8bit_C00C00_RGB_pencils_b,SAMPLING/8BIT/RGB/2400x2400/C00C00/img_2400x2400_3x8bit_C00C00_RGB_pencils_b.png,0847,DIV2K_valid_HR/0847.png,false,28,28,false,not_required,retain
img_2400x2400_3x8bit_C00C00_RGB_pencils_b,SAMPLING/8BIT/RGB/2400x2400/C00C00/img_2400x2400_3x8bit_C00C00_RGB_pencils_b.png,0848,DIV2K_valid_HR/0848.png,false,30,34,false,not_required,retain
img_2400x2400_3x8bit_C00C00_RGB_pencils_b,SAMPLING/8BIT/RGB/2400x2400/C00C00/img_2400x2400_3x8bit_C00C00_RGB_pencils_b.png,0849,DIV2K_valid_HR/0849.png,false,30,33,false,not_required,retain
img_2400x2400_3x8bit_C00C00_RGB_pencils_b,SAMPLING/8BIT/RGB/2400x2400/C00C00/img_2400x2400_3x8bit_C00C00_RGB_pencils_b.png,0850,DIV2K_valid_HR/0850.png,false,32,34,false,not_required,retain
img_2400x2400_3x8bit_C00C00_RGB_pencils_b,SAMPLING/8BIT/RGB/2400x2400/C00C00/img_2400x2400_3x8bit_C00C00_RGB_pencils_b.png,0851,DIV2K_valid_HR/0851.png,false,32,31,false,not_required,retain
img_2400x2400_3x8bit_C00C00_RGB_pencils_b,SAMPLING/8BIT/RGB/2400x2400/C00C00/img_2400x2400_3x8bit_C00C00_RGB_pencils_b.png,0852,DIV2K_valid_HR/0852.png,false,26,37,false,not_required,retain
img_2400x2400_3x8bit_C00C00_RGB_pencils_b,SAMPLING/8BIT/RGB/2400x2400/C00C00/img_2400x2400_3x8bit_C00C00_RGB_pencils_b.png,0853,DIV2K_valid_HR/0853.png,false,32,34,false,not_required,retain
img_2400x2400_3x8bit_C00C00_RGB_pencils_b,SAMPLING/8BIT/RGB/2400x2400/C00C00/img_2400x2400_3x8bit_C00C00_RGB_pencils_b.png,0854,DIV2K_valid_HR/0854.png,false,36,35,false,not_required,retain
img_2400x2400_3x8bit_C00C00_RGB_pencils_b,SAMPLING/8BIT/RGB/2400x2400/C00C00/img_2400x2400_3x8bit_C00C00_RGB_pencils_b.png,0855,DIV2K_valid_HR/0855.png,false,30,27,false,not_required,retain
img_2400x2400_3x8bit_C00C00_RGB_pencils_b,SAMPLING/8BIT/RGB/2400x2400/C00C00/img_2400x2400_3x8bit_C00C00_RGB_pencils_b.png,0856,DIV2K_valid_HR/0856.png,false,30,30,false,not_required,retain
img_2400x2400_3x8bit_C00C00_RGB_pencils_b,SAMPLING/8BIT/RGB/2400x2400/C00C00/img_2400x2400_3x8bit_C00C00_RGB_pencils_b.png,0857,DIV2K_valid_HR/0857.png,false,22,27,false,not_required,retain
img_2400x2400_3x8bit_C00C00_RGB_pencils_b,SAMPLING/8BIT/RGB/2400x2400/C00C00/img_2400x2400_3x8bit_C00C00_RGB_pencils_b.png,0858,DIV2K_valid_HR/0858.png,false,28,29,false,not_required,retain
img_2400x2400_3x8bit_C00C00_RGB_pencils_b,SAMPLING/8BIT/RGB/2400x2400/C00C00/img_2400x2400_3x8bit_C00C00_RGB_pencils_b.png,0859,DIV2K_valid_HR/0859.png,false,32,34,false,not_required,retain
img_2400x2400_3x8bit_C00C00_RGB_pencils_b,SAMPLING/8BIT/RGB/2400x2400/C00C00/img_2400x2400_3x8bit_C00C00_RGB_pencils_b.png,0860,DIV2K_valid_HR/0860.png,false,30,27,false,not_required,retain
img_2400x2400_3x8bit_C00C00_RGB_pencils_b,SAMPLING/8BIT/RGB/2400x2400/C00C00/img_2400x2400_3x8bit_C00C00_RGB_pencils_b.png,0861,DIV2K_valid_HR/0861.png,false,42,38,false,not_required,retain
img_2400x2400_3x8bit_C00C00_RGB_pencils_b,SAMPLING/8BIT/RGB/2400x2400/C00C00/img_2400x2400_3x8bit_C00C00_RGB_pencils_b.png,0862,DIV2K_valid_HR/0862.png,false,36,40,false,not_required,retain
img_2400x2400_3x8bit_C00C00_RGB_pencils_b,SAMPLING/8BIT/RGB/2400x2400/C00C00/img_2400x2400_3x8bit_C00C00_RGB_pencils_b.png,0863,DIV2K_valid_HR/0863.png,false,32,26,false,not_required,retain
img_2400x2400_3x8bit_C00C00_RGB_pencils_b,SAMPLING/8BIT/RGB/2400x2400/C00C00/img_2400x2400_3x8bit_C00C00_RGB_pencils_b.png,0864,DIV2K_valid_HR/0864.png,false,30,33,false,not_required,retain
img_2400x2400_3x8bit_C00C00_RGB_pencils_b,SAMPLING/8BIT/RGB/2400x2400/C00C00/img_2400x2400_3x8bit_C00C00_RGB_pencils_b.png,0865,DIV2K_valid_HR/0865.png,false,30,35,false,not_required,retain
img_2400x2400_3x8bit_C00C00_RGB_pencils_b,SAMPLING/8BIT/RGB/2400x2400/C00C00/img_2400x2400_3x8bit_C00C00_RGB_pencils_b.png,0866,DIV2K_valid_HR/0866.png,false,36,40,false,not_required,retain
img_2400x2400_3x8bit_C00C00_RGB_pencils_b,SAMPLING/8BIT/RGB/2400x2400/C00C00/img_2400x2400_3x8bit_C00C00_RGB_pencils_b.png,0867,DIV2K_valid_HR/0867.png,false,40,34,false,not_required,retain
img_2400x2400_3x8bit_C00C00_RGB_pencils_b,SAMPLING/8BIT/RGB/2400x2400/C00C00/img_2400x2400_3x8bit_C00C00_RGB_pencils_b.png,0868,DIV2K_valid_HR/0868.png,false,32,43,false,not_required,retain
img_2400x2400_3x8bit_C00C00_RGB_pencils_b,SAMPLING/8BIT/RGB/2400x2400/C00C00/img_2400x2400_3x8bit_C00C00_RGB_pencils_b.png,0869,DIV2K_valid_HR/0869.png,false,34,35,false,not_required,retain
img_2400x2400_3x8bit_C00C00_RGB_pencils_b,SAMPLING/8BIT/RGB/2400x2400/C00C00/img_2400x2400_3x8bit_C00C00_RGB_pencils_b.png,0870,DIV2K_valid_HR/0870.png,false,34,36,false,not_required,retain
img_2400x2400_3x8bit_C00C00_RGB_pencils_b,SAMPLING/8BIT/RGB/2400x2400/C00C00/img_2400x2400_3x8bit_C00C00_RGB_pencils_b.png,0871,DIV2K_valid_HR/0871.png,false,32,31,false,not_required,retain
img_2400x2400_3x8bit_C00C00_RGB_pencils_b,SAMPLING/8BIT/RGB/2400x2400/C00C00/img_2400x2400_3x8bit_C00C00_RGB_pencils_b.png,0872,DIV2K_valid_HR/0872.png,false,34,40,false,not_required,retain
img_2400x2400_3x8bit_C00C00_RGB_pencils_b,SAMPLING/8BIT/RGB/2400x2400/C00C00/img_2400x2400_3x8bit_C00C00_RGB_pencils_b.png,0873,DIV2K_valid_HR/0873.png,false,32,32,false,not_required,retain
img_2400x2400_3x8bit_C00C00_RGB_pencils_b,SAMPLING/8BIT/RGB/2400x2400/C00C00/img_2400x2400_3x8bit_C00C00_RGB_pencils_b.png,0874,DIV2K_valid_HR/0874.png,false,36,33,false,not_required,retain
img_2400x2400_3x8bit_C00C00_RGB_pencils_b,SAMPLING/8BIT/RGB/2400x2400/C00C00/img_2400x2400_3x8bit_C00C00_RGB_pencils_b.png,0875,DIV2K_valid_HR/0875.png,false,26,27,false,not_required,retain
img_2400x2400_3x8bit_C00C00_RGB_pencils_b,SAMPLING/8BIT/RGB/2400x2400/C00C00/img_2400x2400_3x8bit_C00C00_RGB_pencils_b.png,0876,DIV2K_valid_HR/0876.png,false,34,27,false,not_required,retain
img_2400x2400_3x8bit_C00C00_RGB_pencils_b,SAMPLING/8BIT/RGB/2400x2400/C00C00/img_2400x2400_3x8bit_C00C00_RGB_pencils_b.png,0877,DIV2K_valid_HR/0877.png,false,34,32,false,not_required,retain
img_2400x2400_3x8bit_C00C00_RGB_pencils_b,SAMPLING/8BIT/RGB/2400x2400/C00C00/img_2400x2400_3x8bit_C00C00_RGB_pencils_b.png,0878,DIV2K_valid_HR/0878.png,false,34,40,false,not_required,retain
img_2400x2400_3x8bit_C00C00_RGB_pencils_b,SAMPLING/8BIT/RGB/2400x2400/C00C00/img_2400x2400_3x8bit_C00C00_RGB_pencils_b.png,0879,DIV2K_valid_HR/0879.png,false,32,26,false,not_required,retain
img_2400x2400_3x8bit_C00C00_RGB_pencils_b,SAMPLING/8BIT/RGB/2400x2400/C00C00/img_2400x2400_3x8bit_C00C00_RGB_pencils_b.png,0880,DIV2K_valid_HR/0880.png,false,38,33,false,not_required,retain
img_2400x2400_3x8bit_C00C00_RGB_pencils_b,SAMPLING/8BIT/RGB/2400x2400/C00C00/img_2400x2400_3x8bit_C00C00_RGB_pencils_b.png,0881,DIV2K_valid_HR/0881.png,false,34,29,false,not_required,retain
img_2400x2400_3x8bit_C00C00_RGB_pencils_b,SAMPLING/8BIT/RGB/2400x2400/C00C00/img_2400x2400_3x8bit_C00C00_RGB_pencils_b.png,0882,DIV2K_valid_HR/0882.png,false,32,27,false,not_required,retain
img_2400x2400_3x8bit_C00C00_RGB_pencils_b,SAMPLING/8BIT/RGB/2400x2400/C00C00/img_2400x2400_3x8bit_C00C00_RGB_pencils_b.png,0883,DIV2K_valid_HR/0883.png,false,28,32,false,not_required,retain
img_2400x2400_3x8bit_C00C00_RGB_pencils_b,SAMPLING/8BIT/RGB/2400x2400/C00C00/img_2400x2400_3x8bit_C00C00_RGB_pencils_b.png,0884,DIV2K_valid_HR/0884.png,false,28,33,false,not_required,retain
img_2400x2400_3x8bit_C00C00_RGB_pencils_b,SAMPLING/8BIT/RGB/2400x2400/C00C00/img_2400x2400_3x8bit_C00C00_RGB_pencils_b.png,0885,DIV2K_valid_HR/0885.png,false,34,28,false,not_required,retain
img_2400x2400_3x8bit_C00C00_RGB_pencils_b,SAMPLING/8BIT/RGB/2400x2400/C00C00/img_2400x2400_3x8bit_C00C00_RGB_pencils_b.png,0886,DIV2K_valid_HR/0886.png,false,28,33,false,not_required,retain
img_2400x2400_3x8bit_C00C00_RGB_pencils_b,SAMPLING/8BIT/RGB/2400x2400/C00C00/img_2400x2400_3x8bit_C00C00_RGB_pencils_b.png,0887,DIV2K_valid_HR/0887.png,false,30,33,false,not_required,retain
img_2400x2400_3x8bit_C00C00_RGB_pencils_b,SAMPLING/8BIT/RGB/2400x2400/C00C00/img_2400x2400_3x8bit_C00C00_RGB_pencils_b.png,0888,DIV2K_valid_HR/0888.png,false,32,25,false,not_required,retain
img_2400x2400_3x8bit_C00C00_RGB_pencils_b,SAMPLING/8BIT/RGB/2400x2400/C00C00/img_2400x2400_3x8bit_C00C00_RGB_pencils_b.png,0889,DIV2K_valid_HR/0889.png,false,36,29,false,not_required,retain
img_2400x2400_3x8bit_C00C00_RGB_pencils_b,SAMPLING/8BIT/RGB/2400x2400/C00C00/img_2400x2400_3x8bit_C00C00_RGB_pencils_b.png,0890,DIV2K_valid_HR/0890.png,false,32,30,false,not_required,retain
img_2400x2400_3x8bit_C00C00_RGB_pencils_b,SAMPLING/8BIT/RGB/2400x2400/C00C00/img_2400x2400_3x8bit_C00C00_RGB_pencils_b.png,0891,DIV2K_valid_HR/0891.png,false,34,34,false,not_required,retain
img_2400x2400_3x8bit_C00C00_RGB_pencils_b,SAMPLING/8BIT/RGB/2400x2400/C00C00/img_2400x2400_3x8bit_C00C00_RGB_pencils_b.png,0892,DIV2K_valid_HR/0892.png,false,36,35,false,not_required,retain
img_2400x2400_3x8bit_C00C00_RGB_pencils_b,SAMPLING/8BIT/RGB/2400x2400/C00C00/img_2400x2400_3x8bit_C00C00_RGB_pencils_b.png,0893,DIV2K_valid_HR/0893.png,false,24,37,false,not_required,retain
img_2400x2400_3x8bit_C00C00_RGB_pencils_b,SAMPLING/8BIT/RGB/2400x2400/C00C00/img_2400x2400_3x8bit_C00C00_RGB_pencils_b.png,0894,DIV2K_valid_HR/0894.png,false,36,33,false,not_required,retain
img_2400x2400_3x8bit_C00C00_RGB_pencils_b,SAMPLING/8BIT/RGB/2400x2400/C00C00/img_2400x2400_3x8bit_C00C00_RGB_pencils_b.png,0895,DIV2K_valid_HR/0895.png,false,34,34,false,not_required,retain
img_2400x2400_3x8bit_C00C00_RGB_pencils_b,SAMPLING/8BIT/RGB/2400x2400/C00C00/img_2400x2400_3x8bit_C00C00_RGB_pencils_b.png,0896,DIV2K_valid_HR/0896.png,false,40,42,false,not_required,retain
img_2400x2400_3x8bit_C00C00_RGB_pencils_b,SAMPLING/8BIT/RGB/2400x2400/C00C00/img_2400x2400_3x8bit_C00C00_RGB_pencils_b.png,0897,DIV2K_valid_HR/0897.png,false,32,30,false,not_required,retain
img_2400x2400_3x8bit_C00C00_RGB_pencils_b,SAMPLING/8BIT/RGB/2400x2400/C00C00/img_2400x2400_3x8bit_C00C00_RGB_pencils_b.png,0898,DIV2K_valid_HR/0898.png,false,34,36,false,not_required,retain
img_2400x2400_3x8bit_C00C00_RGB_pencils_b,SAMPLING/8BIT/RGB/2400x2400/C00C00/img_2400x2400_3x8bit_C00C00_RGB_pencils_b.png,0899,DIV2K_valid_HR/0899.png,false,36,27,false,not_required,retain
img_2400x2400_3x8bit_C00C00_RGB_pencils_b,SAMPLING/8BIT/RGB/2400x2400/C00C00/img_2400x2400_3x8bit_C00C00_RGB_pencils_b.png,0900,DIV2K_valid_HR/0900.png,false,36,35,false,not_required,retain
img_2400x2400_3x8bit_C00C00_RGB_pillar,SAMPLING/8BIT/RGB/2400x2400/C00C00/img_2400x2400_3x8bit_C00C00_RGB_pillar.png,0805,DIV2K_valid_HR/0805.png,false,32,38,false,not_required,retain
img_2400x2400_3x8bit_C00C00_RGB_pillar,SAMPLING/8BIT/RGB/2400x2400/C00C00/img_2400x2400_3x8bit_C00C00_RGB_pillar.png,0806,DIV2K_valid_HR/0806.png,false,28,28,false,not_required,retain
img_2400x2400_3x8bit_C00C00_RGB_pillar,SAMPLING/8BIT/RGB/2400x2400/C00C00/img_2400x2400_3x8bit_C00C00_RGB_pillar.png,0807,DIV2K_valid_HR/0807.png,false,36,28,false,not_required,retain
img_2400x2400_3x8bit_C00C00_RGB_pillar,SAMPLING/8BIT/RGB/2400x2400/C00C00/img_2400x2400_3x8bit_C00C00_RGB_pillar.png,0808,DIV2K_valid_HR/0808.png,false,36,33,false,not_required,retain
img_2400x2400_3x8bit_C00C00_RGB_pillar,SAMPLING/8BIT/RGB/2400x2400/C00C00/img_2400x2400_3x8bit_C00C00_RGB_pillar.png,0809,DIV2K_valid_HR/0809.png,false,32,31,false,not_required,retain
img_2400x2400_3x8bit_C00C00_RGB_pillar,SAMPLING/8BIT/RGB/2400x2400/C00C00/img_2400x2400_3x8bit_C00C00_RGB_pillar.png,0810,DIV2K_valid_HR/0810.png,false,30,36,false,not_required,retain
img_2400x2400_3x8bit_C00C00_RGB_pillar,SAMPLING/8BIT/RGB/2400x2400/C00C00/img_2400x2400_3x8bit_C00C00_RGB_pillar.png,0811,DIV2K_valid_HR/0811.png,false,32,23,false,not_required,retain
img_2400x2400_3x8bit_C00C00_RGB_pillar,SAMPLING/8BIT/RGB/2400x2400/C00C00/img_2400x2400_3x8bit_C00C00_RGB_pillar.png,0812,DIV2K_valid_HR/0812.png,false,36,37,false,not_required,retain
img_2400x2400_3x8bit_C00C00_RGB_pillar,SAMPLING/8BIT/RGB/2400x2400/C00C00/img_2400x2400_3x8bit_C00C00_RGB_pillar.png,0813,DIV2K_valid_HR/0813.png,false,26,32,false,not_required,retain
img_2400x2400_3x8bit_C00C00_RGB_pillar,SAMPLING/8BIT/RGB/2400x2400/C00C00/img_2400x2400_3x8bit_C00C00_RGB_pillar.png,0814,DIV2K_valid_HR/0814.png,false,30,29,false,not_required,retain
img_2400x2400_3x8bit_C00C00_RGB_pillar,SAMPLING/8BIT/RGB/2400x2400/C00C00/img_2400x2400_3x8bit_C00C00_RGB_pillar.png,0815,DIV2K_valid_HR/0815.png,false,36,31,false,not_required,retain
img_2400x2400_3x8bit_C00C00_RGB_pillar,SAMPLING/8BIT/RGB/2400x2400/C00C00/img_2400x2400_3x8bit_C00C00_RGB_pillar.png,0816,DIV2K_valid_HR/0816.png,false,26,33,false,not_required,retain
img_2400x2400_3x8bit_C00C00_RGB_pillar,SAMPLING/8BIT/RGB/2400x2400/C00C00/img_2400x2400_3x8bit_C00C00_RGB_pillar.png,0817,DIV2K_valid_HR/0817.png,false,32,32,false,not_required,retain
img_2400x2400_3x8bit_C00C00_RGB_pillar,SAMPLING/8BIT/RGB/2400x2400/C00C00/img_2400x2400_3x8bit_C00C00_RGB_pillar.png,0818,DIV2K_valid_HR/0818.png,false,36,23,false,not_required,retain
img_2400x2400_3x8bit_C00C00_RGB_pillar,SAMPLING/8BIT/RGB/2400x2400/C00C00/img_2400x2400_3x8bit_C00C00_RGB_pillar.png,0819,DIV2K_valid_HR/0819.png,false,34,26,false,not_required,retain
img_2400x2400_3x8bit_C00C00_RGB_pillar,SAMPLING/8BIT/RGB/2400x2400/C00C00/img_2400x2400_3x8bit_C00C00_RGB_pillar.png,0820,DIV2K_valid_HR/0820.png,false,28,35,false,not_required,retain
img_2400x2400_3x8bit_C00C00_RGB_pillar,SAMPLING/8BIT/RGB/2400x2400/C00C00/img_2400x2400_3x8bit_C00C00_RGB_pillar.png,0821,DIV2K_valid_HR/0821.png,false,26,28,false,not_required,retain
img_2400x2400_3x8bit_C00C00_RGB_pillar,SAMPLING/8BIT/RGB/2400x2400/C00C00/img_2400x2400_3x8bit_C00C00_RGB_pillar.png,0822,DIV2K_valid_HR/0822.png,false,30,32,false,not_required,retain
img_2400x2400_3x8bit_C00C00_RGB_pillar,SAMPLING/8BIT/RGB/2400x2400/C00C00/img_2400x2400_3x8bit_C00C00_RGB_pillar.png,0823,DIV2K_valid_HR/0823.png,false,38,24,false,not_required,retain
img_2400x2400_3x8bit_C00C00_RGB_pillar,SAMPLING/8BIT/RGB/2400x2400/C00C00/img_2400x2400_3x8bit_C00C00_RGB_pillar.png,0824,DIV2K_valid_HR/0824.png,false,34,40,false,not_required,retain
img_2400x2400_3x8bit_C00C00_RGB_pillar,SAMPLING/8BIT/RGB/2400x2400/C00C00/img_2400x2400_3x8bit_C00C00_RGB_pillar.png,0825,DIV2K_valid_HR/0825.png,false,30,25,false,not_required,retain
img_2400x2400_3x8bit_C00C00_RGB_pillar,SAMPLING/8BIT/RGB/2400x2400/C00C00/img_2400x2400_3x8bit_C00C00_RGB_pillar.png,0826,DIV2K_valid_HR/0826.png,false,30,27,false,not_required,retain
img_2400x2400_3x8bit_C00C00_RGB_pillar,SAMPLING/8BIT/RGB/2400x2400/C00C00/img_2400x2400_3x8bit_C00C00_RGB_pillar.png,0827,DIV2K_valid_HR/0827.png,false,30,26,false,not_required,retain
img_2400x2400_3x8bit_C00C00_RGB_pillar,SAMPLING/8BIT/RGB/2400x2400/C00C00/img_2400x2400_3x8bit_C00C00_RGB_pillar.png,0828,DIV2K_valid_HR/0828.png,false,24,31,false,not_required,retain
img_2400x2400_3x8bit_C00C00_RGB_pillar,SAMPLING/8BIT/RGB/2400x2400/C00C00/img_2400x2400_3x8bit_C00C00_RGB_pillar.png,0829,DIV2K_valid_HR/0829.png,false,32,35,false,not_required,retain
img_2400x2400_3x8bit_C00C00_RGB_pillar,SAMPLING/8BIT/RGB/2400x2400/C00C00/img_2400x2400_3x8bit_C00C00_RGB_pillar.png,0830,DIV2K_valid_HR/0830.png,false,40,33,false,not_required,retain
img_2400x2400_3x8bit_C00C00_RGB_pillar,SAMPLING/8BIT/RGB/2400x2400/C00C00/img_2400x2400_3x8bit_C00C00_RGB_pillar.png,0831,DIV2K_valid_HR/0831.png,false,34,29,false,not_required,retain
img_2400x2400_3x8bit_C00C00_RGB_pillar,SAMPLING/8BIT/RGB/2400x2400/C00C00/img_2400x2400_3x8bit_C00C00_RGB_pillar.png,0832,DIV2K_valid_HR/0832.png,false,34,35,false,not_required,retain
img_2400x2400_3x8bit_C00C00_RGB_pillar,SAMPLING/8BIT/RGB/2400x2400/C00C00/img_2400x2400_3x8bit_C00C00_RGB_pillar.png,0833,DIV2K_valid_HR/0833.png,false,32,41,false,not_required,retain
img_2400x2400_3x8bit_C00C00_RGB_pillar,SAMPLING/8BIT/RGB/2400x2400/C00C00/img_2400x2400_3x8bit_C00C00_RGB_pillar.png,0834,DIV2K_valid_HR/0834.png,false,38,37,false,not_required,retain
img_2400x2400_3x8bit_C00C00_RGB_pillar,SAMPLING/8BIT/RGB/2400x2400/C00C00/img_2400x2400_3x8bit_C00C00_RGB_pillar.png,0835,DIV2K_valid_HR/0835.png,false,28,41,false,not_required,retain
img_2400x2400_3x8bit_C00C00_RGB_pillar,SAMPLING/8BIT/RGB/2400x2400/C00C00/img_2400x2400_3x8bit_C00C00_RGB_pillar.png,0836,DIV2K_valid_HR/0836.png,false,36,32,false,not_required,retain
img_2400x2400_3x8bit_C00C00_RGB_pillar,SAMPLING/8BIT/RGB/2400x2400/C00C00/img_2400x2400_3x8bit_C00C00_RGB_pillar.png,0837,DIV2K_valid_HR/0837.png,false,28,25,false,not_required,retain
img_2400x2400_3x8bit_C00C00_RGB_pillar,SAMPLING/8BIT/RGB/2400x2400/C00C00/img_2400x2400_3x8bit_C00C00_RGB_pillar.png,0838,DIV2K_valid_HR/0838.png,false,28,25,false,not_required,retain
img_2400x2400_3x8bit_C00C00_RGB_pillar,SAMPLING/8BIT/RGB/2400x2400/C00C00/img_2400x2400_3x8bit_C00C00_RGB_pillar.png,0839,DIV2K_valid_HR/0839.png,false,30,26,false,not_required,retain
img_2400x2400_3x8bit_C00C00_RGB_pillar,SAMPLING/8BIT/RGB/2400x2400/C00C00/img_2400x2400_3x8bit_C00C00_RGB_pillar.png,0840,DIV2K_valid_HR/0840.png,false,32,28,false,not_required,retain
img_2400x2400_3x8bit_C00C00_RGB_pillar,SAMPLING/8BIT/RGB/2400x2400/C00C00/img_2400x2400_3x8bit_C00C00_RGB_pillar.png,0841,DIV2K_valid_HR/0841.png,false,28,31,false,not_required,retain
img_2400x2400_3x8bit_C00C00_RGB_pillar,SAMPLING/8BIT/RGB/2400x2400/C00C00/img_2400x2400_3x8bit_C00C00_RGB_pillar.png,0842,DIV2K_valid_HR/0842.png,false,32,35,false,not_required,retain
img_2400x2400_3x8bit_C00C00_RGB_pillar,SAMPLING/8BIT/RGB/2400x2400/C00C00/img_2400x2400_3x8bit_C00C00_RGB_pillar.png,0843,DIV2K_valid_HR/0843.png,false,26,23,false,not_required,retain
img_2400x2400_3x8bit_C00C00_RGB_pillar,SAMPLING/8BIT/RGB/2400x2400/C00C00/img_2400x2400_3x8bit_C00C00_RGB_pillar.png,0844,DIV2K_valid_HR/0844.png,false,34,29,false,not_required,retain
img_2400x2400_3x8bit_C00C00_RGB_pillar,SAMPLING/8BIT/RGB/2400x2400/C00C00/img_2400x2400_3x8bit_C00C00_RGB_pillar.png,0845,DIV2K_valid_HR/0845.png,false,34,38,false,not_required,retain
img_2400x2400_3x8bit_C00C00_RGB_pillar,SAMPLING/8BIT/RGB/2400x2400/C00C00/img_2400x2400_3x8bit_C00C00_RGB_pillar.png,0846,DIV2K_valid_HR/0846.png,false,28,30,false,not_required,retain
img_2400x2400_3x8bit_C00C00_RGB_pillar,SAMPLING/8BIT/RGB/2400x2400/C00C00/img_2400x2400_3x8bit_C00C00_RGB_pillar.png,0847,DIV2K_valid_HR/0847.png,false,32,32,false,not_required,retain
img_2400x2400_3x8bit_C00C00_RGB_pillar,SAMPLING/8BIT/RGB/2400x2400/C00C00/img_2400x2400_3x8bit_C00C00_RGB_pillar.png,0848,DIV2K_valid_HR/0848.png,false,28,36,false,not_required,retain
img_2400x2400_3x8bit_C00C00_RGB_pillar,SAMPLING/8BIT/RGB/2400x2400/C00C00/img_2400x2400_3x8bit_C00C00_RGB_pillar.png,0849,DIV2K_valid_HR/0849.png,false,34,29,false,not_required,retain
img_2400x2400_3x8bit_C00C00_RGB_pillar,SAMPLING/8BIT/RGB/2400x2400/C00C00/img_2400x2400_3x8bit_C00C00_RGB_pillar.png,0850,DIV2K_valid_HR/0850.png,false,34,32,false,not_required,retain
img_2400x2400_3x8bit_C00C00_RGB_pillar,SAMPLING/8BIT/RGB/2400x2400/C00C00/img_2400x2400_3x8bit_C00C00_RGB_pillar.png,0851,DIV2K_valid_HR/0851.png,false,32,33,false,not_required,retain
img_2400x2400_3x8bit_C00C00_RGB_pillar,SAMPLING/8BIT/RGB/2400x2400/C00C00/img_2400x2400_3x8bit_C00C00_RGB_pillar.png,0852,DIV2K_valid_HR/0852.png,false,36,27,false,not_required,retain
img_2400x2400_3x8bit_C00C00_RGB_pillar,SAMPLING/8BIT/RGB/2400x2400/C00C00/img_2400x2400_3x8bit_C00C00_RGB_pillar.png,0853,DIV2K_valid_HR/0853.png,false,30,18,false,not_required,retain
img_2400x2400_3x8bit_C00C00_RGB_pillar,SAMPLING/8BIT/RGB/2400x2400/C00C00/img_2400x2400_3x8bit_C00C00_RGB_pillar.png,0854,DIV2K_valid_HR/0854.png,false,32,29,false,not_required,retain
img_2400x2400_3x8bit_C00C00_RGB_pillar,SAMPLING/8BIT/RGB/2400x2400/C00C00/img_2400x2400_3x8bit_C00C00_RGB_pillar.png,0855,DIV2K_valid_HR/0855.png,false,34,31,false,not_required,retain
img_2400x2400_3x8bit_C00C00_RGB_pillar,SAMPLING/8BIT/RGB/2400x2400/C00C00/img_2400x2400_3x8bit_C00C00_RGB_pillar.png,0856,DIV2K_valid_HR/0856.png,false,40,24,false,not_required,retain
img_2400x2400_3x8bit_C00C00_RGB_pillar,SAMPLING/8BIT/RGB/2400x2400/C00C00/img_2400x2400_3x8bit_C00C00_RGB_pillar.png,0857,DIV2K_valid_HR/0857.png,false,32,35,false,not_required,retain
img_2400x2400_3x8bit_C00C00_RGB_pillar,SAMPLING/8BIT/RGB/2400x2400/C00C00/img_2400x2400_3x8bit_C00C00_RGB_pillar.png,0858,DIV2K_valid_HR/0858.png,false,36,29,false,not_required,retain
img_2400x2400_3x8bit_C00C00_RGB_pillar,SAMPLING/8BIT/RGB/2400x2400/C00C00/img_2400x2400_3x8bit_C00C00_RGB_pillar.png,0859,DIV2K_valid_HR/0859.png,false,30,30,false,not_required,retain
img_2400x2400_3x8bit_C00C00_RGB_pillar,SAMPLING/8BIT/RGB/2400x2400/C00C00/img_2400x2400_3x8bit_C00C00_RGB_pillar.png,0860,DIV2K_valid_HR/0860.png,false,38,27,false,not_required,retain
img_2400x2400_3x8bit_C00C00_RGB_pillar,SAMPLING/8BIT/RGB/2400x2400/C00C00/img_2400x2400_3x8bit_C00C00_RGB_pillar.png,0861,DIV2K_valid_HR/0861.png,false,24,20,false,not_required,retain
img_2400x2400_3x8bit_C00C00_RGB_pillar,SAMPLING/8BIT/RGB/2400x2400/C00C00/img_2400x2400_3x8bit_C00C00_RGB_pillar.png,0862,DIV2K_valid_HR/0862.png,false,30,32,false,not_required,retain
img_2400x2400_3x8bit_C00C00_RGB_pillar,SAMPLING/8BIT/RGB/2400x2400/C00C00/img_2400x2400_3x8bit_C00C00_RGB_pillar.png,0863,DIV2K_valid_HR/0863.png,false,36,42,false,not_required,retain
img_2400x2400_3x8bit_C00C00_RGB_pillar,SAMPLING/8BIT/RGB/2400x2400/C00C00/img_2400x2400_3x8bit_C00C00_RGB_pillar.png,0864,DIV2K_valid_HR/0864.png,false,28,19,false,not_required,retain
img_2400x2400_3x8bit_C00C00_RGB_pillar,SAMPLING/8BIT/RGB/2400x2400/C00C00/img_2400x2400_3x8bit_C00C00_RGB_pillar.png,0865,DIV2K_valid_HR/0865.png,false,32,29,false,not_required,retain
img_2400x2400_3x8bit_C00C00_RGB_pillar,SAMPLING/8BIT/RGB/2400x2400/C00C00/img_2400x2400_3x8bit_C00C00_RGB_pillar.png,0866,DIV2K_valid_HR/0866.png,false,38,42,false,not_required,retain
img_2400x2400_3x8bit_C00C00_RGB_pillar,SAMPLING/8BIT/RGB/2400x2400/C00C00/img_2400x2400_3x8bit_C00C00_RGB_pillar.png,0867,DIV2K_valid_HR/0867.png,false,26,30,false,not_required,retain
img_2400x2400_3x8bit_C00C00_RGB_pillar,SAMPLING/8BIT/RGB/2400x2400/C00C00/img_2400x2400_3x8bit_C00C00_RGB_pillar.png,0868,DIV2K_valid_HR/0868.png,false,32,37,false,not_required,retain
img_2400x2400_3x8bit_C00C00_RGB_pillar,SAMPLING/8BIT/RGB/2400x2400/C00C00/img_2400x2400_3x8bit_C00C00_RGB_pillar.png,0869,DIV2K_valid_HR/0869.png,false,28,35,false,not_required,retain
img_2400x2400_3x8bit_C00C00_RGB_pillar,SAMPLING/8BIT/RGB/2400x2400/C00C00/img_2400x2400_3x8bit_C00C00_RGB_pillar.png,0870,DIV2K_valid_HR/0870.png,false,24,24,false,not_required,retain
img_2400x2400_3x8bit_C00C00_RGB_pillar,SAMPLING/8BIT/RGB/2400x2400/C00C00/img_2400x2400_3x8bit_C00C00_RGB_pillar.png,0871,DIV2K_valid_HR/0871.png,false,30,33,false,not_required,retain
img_2400x2400_3x8bit_C00C00_RGB_pillar,SAMPLING/8BIT/RGB/2400x2400/C00C00/img_2400x2400_3x8bit_C00C00_RGB_pillar.png,0872,DIV2K_valid_HR/0872.png,false,24,32,false,not_required,retain
img_2400x2400_3x8bit_C00C00_RGB_pillar,SAMPLING/8BIT/RGB/2400x2400/C00C00/img_2400x2400_3x8bit_C00C00_RGB_pillar.png,0873,DIV2K_valid_HR/0873.png,false,38,38,false,not_required,retain
img_2400x2400_3x8bit_C00C00_RGB_pillar,SAMPLING/8BIT/RGB/2400x2400/C00C00/img_2400x2400_3x8bit_C00C00_RGB_pillar.png,0874,DIV2K_valid_HR/0874.png,false,26,21,false,not_required,retain
img_2400x2400_3x8bit_C00C00_RGB_pillar,SAMPLING/8BIT/RGB/2400x2400/C00C00/img_2400x2400_3x8bit_C00C00_RGB_pillar.png,0875,DIV2K_valid_HR/0875.png,false,30,29,false,not_required,retain
img_2400x2400_3x8bit_C00C00_RGB_pillar,SAMPLING/8BIT/RGB/2400x2400/C00C00/img_2400x2400_3x8bit_C00C00_RGB_pillar.png,0876,DIV2K_valid_HR/0876.png,false,32,33,false,not_required,retain
img_2400x2400_3x8bit_C00C00_RGB_pillar,SAMPLING/8BIT/RGB/2400x2400/C00C00/img_2400x2400_3x8bit_C00C00_RGB_pillar.png,0877,DIV2K_valid_HR/0877.png,false,24,24,false,not_required,retain
img_2400x2400_3x8bit_C00C00_RGB_pillar,SAMPLING/8BIT/RGB/2400x2400/C00C00/img_2400x2400_3x8bit_C00C00_RGB_pillar.png,0878,DIV2K_valid_HR/0878.png,false,28,36,false,not_required,retain
img_2400x2400_3x8bit_C00C00_RGB_pillar,SAMPLING/8BIT/RGB/2400x2400/C00C00/img_2400x2400_3x8bit_C00C00_RGB_pillar.png,0879,DIV2K_valid_HR/0879.png,false,38,24,false,not_required,retain
img_2400x2400_3x8bit_C00C00_RGB_pillar,SAMPLING/8BIT/RGB/2400x2400/C00C00/img_2400x2400_3x8bit_C00C00_RGB_pillar.png,0880,DIV2K_valid_HR/0880.png,false,30,31,false,not_required,retain
img_2400x2400_3x8bit_C00C00_RGB_pillar,SAMPLING/8BIT/RGB/2400x2400/C00C00/img_2400x2400_3x8bit_C00C00_RGB_pillar.png,0881,DIV2K_valid_HR/0881.png,false,34,39,false,not_required,retain
img_2400x2400_3x8bit_C00C00_RGB_pillar,SAMPLING/8BIT/RGB/2400x2400/C00C00/img_2400x2400_3x8bit_C00C00_RGB_pillar.png,0882,DIV2K_valid_HR/0882.png,false,32,31,false,not_required,retain
img_2400x2400_3x8bit_C00C00_RGB_pillar,SAMPLING/8BIT/RGB/2400x2400/C00C00/img_2400x2400_3x8bit_C00C00_RGB_pillar.png,0883,DIV2K_valid_HR/0883.png,false,32,30,false,not_required,retain
img_2400x2400_3x8bit_C00C00_RGB_pillar,SAMPLING/8BIT/RGB/2400x2400/C00C00/img_2400x2400_3x8bit_C00C00_RGB_pillar.png,0884,DIV2K_valid_HR/0884.png,false,34,29,false,not_required,retain
img_2400x2400_3x8bit_C00C00_RGB_pillar,SAMPLING/8BIT/RGB/2400x2400/C00C00/img_2400x2400_3x8bit_C00C00_RGB_pillar.png,0885,DIV2K_valid_HR/0885.png,false,30,30,false,not_required,retain
img_2400x2400_3x8bit_C00C00_RGB_pillar,SAMPLING/8BIT/RGB/2400x2400/C00C00/img_2400x2400_3x8bit_C00C00_RGB_pillar.png,0886,DIV2K_valid_HR/0886.png,false,32,29,false,not_required,retain
img_2400x2400_3x8bit_C00C00_RGB_pillar,SAMPLING/8BIT/RGB/2400x2400/C00C00/img_2400x2400_3x8bit_C00C00_RGB_pillar.png,0887,DIV2K_valid_HR/0887.png,false,30,33,false,not_required,retain
img_2400x2400_3x8bit_C00C00_RGB_pillar,SAMPLING/8BIT/RGB/2400x2400/C00C00/img_2400x2400_3x8bit_C00C00_RGB_pillar.png,0888,DIV2K_valid_HR/0888.png,false,32,41,false,not_required,retain
img_2400x2400_3x8bit_C00C00_RGB_pillar,SAMPLING/8BIT/RGB/2400x2400/C00C00/img_2400x2400_3x8bit_C00C00_RGB_pillar.png,0889,DIV2K_valid_HR/0889.png,false,32,29,false,not_required,retain
img_2400x2400_3x8bit_C00C00_RGB_pillar,SAMPLING/8BIT/RGB/2400x2400/C00C00/img_2400x2400_3x8bit_C00C00_RGB_pillar.png,0890,DIV2K_valid_HR/0890.png,false,26,30,false,not_required,retain
img_2400x2400_3x8bit_C00C00_RGB_pillar,SAMPLING/8BIT/RGB/2400x2400/C00C00/img_2400x2400_3x8bit_C00C00_RGB_pillar.png,0891,DIV2K_valid_HR/0891.png,false,28,30,false,not_required,retain
img_2400x2400_3x8bit_C00C00_RGB_pillar,SAMPLING/8BIT/RGB/2400x2400/C00C00/img_2400x2400_3x8bit_C00C00_RGB_pillar.png,0892,DIV2K_valid_HR/0892.png,false,32,31,false,not_required,retain
img_2400x2400_3x8bit_C00C00_RGB_pillar,SAMPLING/8BIT/RGB/2400x2400/C00C00/img_2400x2400_3x8bit_C00C00_RGB_pillar.png,0893,DIV2K_valid_HR/0893.png,false,32,35,false,not_required,retain
img_2400x2400_3x8bit_C00C00_RGB_pillar,SAMPLING/8BIT/RGB/2400x2400/C00C00/img_2400x2400_3x8bit_C00C00_RGB_pillar.png,0894,DIV2K_valid_HR/0894.png,false,32,41,false,not_required,retain
img_2400x2400_3x8bit_C00C00_RGB_pillar,SAMPLING/8BIT/RGB/2400x2400/C00C00/img_2400x2400_3x8bit_C00C00_RGB_pillar.png,0895,DIV2K_valid_HR/0895.png,false,26,34,false,not_required,retain
img_2400x2400_3x8bit_C00C00_RGB_pillar,SAMPLING/8BIT/RGB/2400x2400/C00C00/img_2400x2400_3x8bit_C00C00_RGB_pillar.png,0896,DIV2K_valid_HR/0896.png,false,24,30,false,not_required,retain
img_2400x2400_3x8bit_C00C00_RGB_pillar,SAMPLING/8BIT/RGB/2400x2400/C00C00/img_2400x2400_3x8bit_C00C00_RGB_pillar.png,0897,DIV2K_valid_HR/0897.png,false,38,44,false,not_required,retain
img_2400x2400_3x8bit_C00C00_RGB_pillar,SAMPLING/8BIT/RGB/2400x2400/C00C00/img_2400x2400_3x8bit_C00C00_RGB_pillar.png,0898,DIV2K_valid_HR/0898.png,false,32,30,false,not_required,retain
img_2400x2400_3x8bit_C00C00_RGB_pillar,SAMPLING/8BIT/RGB/2400x2400/C00C00/img_2400x2400_3x8bit_C00C00_RGB_pillar.png,0899,DIV2K_valid_HR/0899.png,false,26,31,false,not_required,retain
img_2400x2400_3x8bit_C00C00_RGB_pillar,SAMPLING/8BIT/RGB/2400x2400/C00C00/img_2400x2400_3x8bit_C00C00_RGB_pillar.png,0900,DIV2K_valid_HR/0900.png,false,30,23,false,not_required,retain
img_2400x2400_3x8bit_C00C00_RGB_plastic,SAMPLING/8BIT/RGB/2400x2400/C00C00/img_2400x2400_3x8bit_C00C00_RGB_plastic.png,0805,DIV2K_valid_HR/0805.png,false,32,30,false,not_required,retain
img_2400x2400_3x8bit_C00C00_RGB_plastic,SAMPLING/8BIT/RGB/2400x2400/C00C00/img_2400x2400_3x8bit_C00C00_RGB_plastic.png,0806,DIV2K_valid_HR/0806.png,false,36,24,false,not_required,retain
img_2400x2400_3x8bit_C00C00_RGB_plastic,SAMPLING/8BIT/RGB/2400x2400/C00C00/img_2400x2400_3x8bit_C00C00_RGB_plastic.png,0807,DIV2K_valid_HR/0807.png,false,26,28,false,not_required,retain
img_2400x2400_3x8bit_C00C00_RGB_plastic,SAMPLING/8BIT/RGB/2400x2400/C00C00/img_2400x2400_3x8bit_C00C00_RGB_plastic.png,0808,DIV2K_valid_HR/0808.png,false,34,31,false,not_required,retain
img_2400x2400_3x8bit_C00C00_RGB_plastic,SAMPLING/8BIT/RGB/2400x2400/C00C00/img_2400x2400_3x8bit_C00C00_RGB_plastic.png,0809,DIV2K_valid_HR/0809.png,false,42,33,false,not_required,retain
img_2400x2400_3x8bit_C00C00_RGB_plastic,SAMPLING/8BIT/RGB/2400x2400/C00C00/img_2400x2400_3x8bit_C00C00_RGB_plastic.png,0810,DIV2K_valid_HR/0810.png,false,40,36,false,not_required,retain
img_2400x2400_3x8bit_C00C00_RGB_plastic,SAMPLING/8BIT/RGB/2400x2400/C00C00/img_2400x2400_3x8bit_C00C00_RGB_plastic.png,0811,DIV2K_valid_HR/0811.png,false,30,29,false,not_required,retain
img_2400x2400_3x8bit_C00C00_RGB_plastic,SAMPLING/8BIT/RGB/2400x2400/C00C00/img_2400x2400_3x8bit_C00C00_RGB_plastic.png,0812,DIV2K_valid_HR/0812.png,false,38,37,false,not_required,retain
img_2400x2400_3x8bit_C00C00_RGB_plastic,SAMPLING/8BIT/RGB/2400x2400/C00C00/img_2400x2400_3x8bit_C00C00_RGB_plastic.png,0813,DIV2K_valid_HR/0813.png,false,30,34,false,not_required,retain
img_2400x2400_3x8bit_C00C00_RGB_plastic,SAMPLING/8BIT/RGB/2400x2400/C00C00/img_2400x2400_3x8bit_C00C00_RGB_plastic.png,0814,DIV2K_valid_HR/0814.png,false,28,27,false,not_required,retain
img_2400x2400_3x8bit_C00C00_RGB_plastic,SAMPLING/8BIT/RGB/2400x2400/C00C00/img_2400x2400_3x8bit_C00C00_RGB_plastic.png,0815,DIV2K_valid_HR/0815.png,false,30,33,false,not_required,retain
img_2400x2400_3x8bit_C00C00_RGB_plastic,SAMPLING/8BIT/RGB/2400x2400/C00C00/img_2400x2400_3x8bit_C00C00_RGB_plastic.png,0816,DIV2K_valid_HR/0816.png,false,26,33,false,not_required,retain
img_2400x2400_3x8bit_C00C00_RGB_plastic,SAMPLING/8BIT/RGB/2400x2400/C00C00/img_2400x2400_3x8bit_C00C00_RGB_plastic.png,0817,DIV2K_valid_HR/0817.png,false,36,30,false,not_required,retain
img_2400x2400_3x8bit_C00C00_RGB_plastic,SAMPLING/8BIT/RGB/2400x2400/C00C00/img_2400x2400_3x8bit_C00C00_RGB_plastic.png,0818,DIV2K_valid_HR/0818.png,false,32,31,false,not_required,retain
img_2400x2400_3x8bit_C00C00_RGB_plastic,SAMPLING/8BIT/RGB/2400x2400/C00C00/img_2400x2400_3x8bit_C00C00_RGB_plastic.png,0819,DIV2K_valid_HR/0819.png,false,34,42,false,not_required,retain
img_2400x2400_3x8bit_C00C00_RGB_plastic,SAMPLING/8BIT/RGB/2400x2400/C00C00/img_2400x2400_3x8bit_C00C00_RGB_plastic.png,0820,DIV2K_valid_HR/0820.png,false,30,31,false,not_required,retain
img_2400x2400_3x8bit_C00C00_RGB_plastic,SAMPLING/8BIT/RGB/2400x2400/C00C00/img_2400x2400_3x8bit_C00C00_RGB_plastic.png,0821,DIV2K_valid_HR/0821.png,false,34,32,false,not_required,retain
img_2400x2400_3x8bit_C00C00_RGB_plastic,SAMPLING/8BIT/RGB/2400x2400/C00C00/img_2400x2400_3x8bit_C00C00_RGB_plastic.png,0822,DIV2K_valid_HR/0822.png,false,30,24,false,not_required,retain
img_2400x2400_3x8bit_C00C00_RGB_plastic,SAMPLING/8BIT/RGB/2400x2400/C00C00/img_2400x2400_3x8bit_C00C00_RGB_plastic.png,0823,DIV2K_valid_HR/0823.png,false,26,34,false,not_required,retain
img_2400x2400_3x8bit_C00C00_RGB_plastic,SAMPLING/8BIT/RGB/2400x2400/C00C00/img_2400x2400_3x8bit_C00C00_RGB_plastic.png,0824,DIV2K_valid_HR/0824.png,false,36,34,false,not_required,retain
img_2400x2400_3x8bit_C00C00_RGB_plastic,SAMPLING/8BIT/RGB/2400x2400/C00C00/img_2400x2400_3x8bit_C00C00_RGB_plastic.png,0825,DIV2K_valid_HR/0825.png,false,32,33,false,not_required,retain
img_2400x2400_3x8bit_C00C00_RGB_plastic,SAMPLING/8BIT/RGB/2400x2400/C00C00/img_2400x2400_3x8bit_C00C00_RGB_plastic.png,0826,DIV2K_valid_HR/0826.png,false,42,31,false,not_required,retain
img_2400x2400_3x8bit_C00C00_RGB_plastic,SAMPLING/8BIT/RGB/2400x2400/C00C00/img_2400x2400_3x8bit_C00C00_RGB_plastic.png,0827,DIV2K_valid_HR/0827.png,false,32,26,false,not_required,retain
img_2400x2400_3x8bit_C00C00_RGB_plastic,SAMPLING/8BIT/RGB/2400x2400/C00C00/img_2400x2400_3x8bit_C00C00_RGB_plastic.png,0828,DIV2K_valid_HR/0828.png,false,28,31,false,not_required,retain
img_2400x2400_3x8bit_C00C00_RGB_plastic,SAMPLING/8BIT/RGB/2400x2400/C00C00/img_2400x2400_3x8bit_C00C00_RGB_plastic.png,0829,DIV2K_valid_HR/0829.png,false,30,31,false,not_required,retain
img_2400x2400_3x8bit_C00C00_RGB_plastic,SAMPLING/8BIT/RGB/2400x2400/C00C00/img_2400x2400_3x8bit_C00C00_RGB_plastic.png,0830,DIV2K_valid_HR/0830.png,false,36,37,false,not_required,retain
img_2400x2400_3x8bit_C00C00_RGB_plastic,SAMPLING/8BIT/RGB/2400x2400/C00C00/img_2400x2400_3x8bit_C00C00_RGB_plastic.png,0831,DIV2K_valid_HR/0831.png,false,34,37,false,not_required,retain
img_2400x2400_3x8bit_C00C00_RGB_plastic,SAMPLING/8BIT/RGB/2400x2400/C00C00/img_2400x2400_3x8bit_C00C00_RGB_plastic.png,0832,DIV2K_valid_HR/0832.png,false,38,37,false,not_required,retain
img_2400x2400_3x8bit_C00C00_RGB_plastic,SAMPLING/8BIT/RGB/2400x2400/C00C00/img_2400x2400_3x8bit_C00C00_RGB_plastic.png,0833,DIV2K_valid_HR/0833.png,false,30,29,false,not_required,retain
img_2400x2400_3x8bit_C00C00_RGB_plastic,SAMPLING/8BIT/RGB/2400x2400/C00C00/img_2400x2400_3x8bit_C00C00_RGB_plastic.png,0834,DIV2K_valid_HR/0834.png,false,36,39,false,not_required,retain
img_2400x2400_3x8bit_C00C00_RGB_plastic,SAMPLING/8BIT/RGB/2400x2400/C00C00/img_2400x2400_3x8bit_C00C00_RGB_plastic.png,0835,DIV2K_valid_HR/0835.png,false,32,25,false,not_required,retain
img_2400x2400_3x8bit_C00C00_RGB_plastic,SAMPLING/8BIT/RGB/2400x2400/C00C00/img_2400x2400_3x8bit_C00C00_RGB_plastic.png,0836,DIV2K_valid_HR/0836.png,false,32,34,false,not_required,retain
img_2400x2400_3x8bit_C00C00_RGB_plastic,SAMPLING/8BIT/RGB/2400x2400/C00C00/img_2400x2400_3x8bit_C00C00_RGB_plastic.png,0837,DIV2K_valid_HR/0837.png,false,36,37,false,not_required,retain
img_2400x2400_3x8bit_C00C00_RGB_plastic,SAMPLING/8BIT/RGB/2400x2400/C00C00/img_2400x2400_3x8bit_C00C00_RGB_plastic.png,0838,DIV2K_valid_HR/0838.png,false,34,35,false,not_required,retain
img_2400x2400_3x8bit_C00C00_RGB_plastic,SAMPLING/8BIT/RGB/2400x2400/C00C00/img_2400x2400_3x8bit_C00C00_RGB_plastic.png,0839,DIV2K_valid_HR/0839.png,false,36,30,false,not_required,retain
img_2400x2400_3x8bit_C00C00_RGB_plastic,SAMPLING/8BIT/RGB/2400x2400/C00C00/img_2400x2400_3x8bit_C00C00_RGB_plastic.png,0840,DIV2K_valid_HR/0840.png,false,32,32,false,not_required,retain
img_2400x2400_3x8bit_C00C00_RGB_plastic,SAMPLING/8BIT/RGB/2400x2400/C00C00/img_2400x2400_3x8bit_C00C00_RGB_plastic.png,0841,DIV2K_valid_HR/0841.png,false,28,29,false,not_required,retain
img_2400x2400_3x8bit_C00C00_RGB_plastic,SAMPLING/8BIT/RGB/2400x2400/C00C00/img_2400x2400_3x8bit_C00C00_RGB_plastic.png,0842,DIV2K_valid_HR/0842.png,false,32,31,false,not_required,retain
img_2400x2400_3x8bit_C00C00_RGB_plastic,SAMPLING/8BIT/RGB/2400x2400/C00C00/img_2400x2400_3x8bit_C00C00_RGB_plastic.png,0843,DIV2K_valid_HR/0843.png,false,38,33,false,not_required,retain
img_2400x2400_3x8bit_C00C00_RGB_plastic,SAMPLING/8BIT/RGB/2400x2400/C00C00/img_2400x2400_3x8bit_C00C00_RGB_plastic.png,0844,DIV2K_valid_HR/0844.png,false,32,29,false,not_required,retain
img_2400x2400_3x8bit_C00C00_RGB_plastic,SAMPLING/8BIT/RGB/2400x2400/C00C00/img_2400x2400_3x8bit_C00C00_RGB_plastic.png,0845,DIV2K_valid_HR/0845.png,false,36,28,false,not_required,retain
img_2400x2400_3x8bit_C00C00_RGB_plastic,SAMPLING/8BIT/RGB/2400x2400/C00C00/img_2400x2400_3x8bit_C00C00_RGB_plastic.png,0846,DIV2K_valid_HR/0846.png,false,32,28,false,not_required,retain
img_2400x2400_3x8bit_C00C00_RGB_plastic,SAMPLING/8BIT/RGB/2400x2400/C00C00/img_2400x2400_3x8bit_C00C00_RGB_plastic.png,0847,DIV2K_valid_HR/0847.png,false,38,34,false,not_required,retain
img_2400x2400_3x8bit_C00C00_RGB_plastic,SAMPLING/8BIT/RGB/2400x2400/C00C00/img_2400x2400_3x8bit_C00C00_RGB_plastic.png,0848,DIV2K_valid_HR/0848.png,false,30,28,false,not_required,retain
img_2400x2400_3x8bit_C00C00_RGB_plastic,SAMPLING/8BIT/RGB/2400x2400/C00C00/img_2400x2400_3x8bit_C00C00_RGB_plastic.png,0849,DIV2K_valid_HR/0849.png,false,30,29,false,not_required,retain
img_2400x2400_3x8bit_C00C00_RGB_plastic,SAMPLING/8BIT/RGB/2400x2400/C00C00/img_2400x2400_3x8bit_C00C00_RGB_plastic.png,0850,DIV2K_valid_HR/0850.png,false,28,24,false,not_required,retain
img_2400x2400_3x8bit_C00C00_RGB_plastic,SAMPLING/8BIT/RGB/2400x2400/C00C00/img_2400x2400_3x8bit_C00C00_RGB_plastic.png,0851,DIV2K_valid_HR/0851.png,false,28,35,false,not_required,retain
img_2400x2400_3x8bit_C00C00_RGB_plastic,SAMPLING/8BIT/RGB/2400x2400/C00C00/img_2400x2400_3x8bit_C00C00_RGB_plastic.png,0852,DIV2K_valid_HR/0852.png,false,28,25,false,not_required,retain
img_2400x2400_3x8bit_C00C00_RGB_plastic,SAMPLING/8BIT/RGB/2400x2400/C00C00/img_2400x2400_3x8bit_C00C00_RGB_plastic.png,0853,DIV2K_valid_HR/0853.png,false,38,30,false,not_required,retain
img_2400x2400_3x8bit_C00C00_RGB_plastic,SAMPLING/8BIT/RGB/2400x2400/C00C00/img_2400x2400_3x8bit_C00C00_RGB_plastic.png,0854,DIV2K_valid_HR/0854.png,false,28,31,false,not_required,retain
img_2400x2400_3x8bit_C00C00_RGB_plastic,SAMPLING/8BIT/RGB/2400x2400/C00C00/img_2400x2400_3x8bit_C00C00_RGB_plastic.png,0855,DIV2K_valid_HR/0855.png,false,32,35,false,not_required,retain
img_2400x2400_3x8bit_C00C00_RGB_plastic,SAMPLING/8BIT/RGB/2400x2400/C00C00/img_2400x2400_3x8bit_C00C00_RGB_plastic.png,0856,DIV2K_valid_HR/0856.png,false,32,30,false,not_required,retain
img_2400x2400_3x8bit_C00C00_RGB_plastic,SAMPLING/8BIT/RGB/2400x2400/C00C00/img_2400x2400_3x8bit_C00C00_RGB_plastic.png,0857,DIV2K_valid_HR/0857.png,false,26,27,false,not_required,retain
img_2400x2400_3x8bit_C00C00_RGB_plastic,SAMPLING/8BIT/RGB/2400x2400/C00C00/img_2400x2400_3x8bit_C00C00_RGB_plastic.png,0858,DIV2K_valid_HR/0858.png,false,32,29,false,not_required,retain
img_2400x2400_3x8bit_C00C00_RGB_plastic,SAMPLING/8BIT/RGB/2400x2400/C00C00/img_2400x2400_3x8bit_C00C00_RGB_plastic.png,0859,DIV2K_valid_HR/0859.png,false,34,38,false,not_required,retain
img_2400x2400_3x8bit_C00C00_RGB_plastic,SAMPLING/8BIT/RGB/2400x2400/C00C00/img_2400x2400_3x8bit_C00C00_RGB_plastic.png,0860,DIV2K_valid_HR/0860.png,false,30,35,false,not_required,retain
img_2400x2400_3x8bit_C00C00_RGB_plastic,SAMPLING/8BIT/RGB/2400x2400/C00C00/img_2400x2400_3x8bit_C00C00_RGB_plastic.png,0861,DIV2K_valid_HR/0861.png,false,38,26,false,not_required,retain
img_2400x2400_3x8bit_C00C00_RGB_plastic,SAMPLING/8BIT/RGB/2400x2400/C00C00/img_2400x2400_3x8bit_C00C00_RGB_plastic.png,0862,DIV2K_valid_HR/0862.png,false,28,32,false,not_required,retain
img_2400x2400_3x8bit_C00C00_RGB_plastic,SAMPLING/8BIT/RGB/2400x2400/C00C00/img_2400x2400_3x8bit_C00C00_RGB_plastic.png,0863,DIV2K_valid_HR/0863.png,false,30,30,false,not_required,retain
img_2400x2400_3x8bit_C00C00_RGB_plastic,SAMPLING/8BIT/RGB/2400x2400/C00C00/img_2400x2400_3x8bit_C00C00_RGB_plastic.png,0864,DIV2K_valid_HR/0864.png,false,42,29,false,not_required,retain
img_2400x2400_3x8bit_C00C00_RGB_plastic,SAMPLING/8BIT/RGB/2400x2400/C00C00/img_2400x2400_3x8bit_C00C00_RGB_plastic.png,0865,DIV2K_valid_HR/0865.png,false,28,37,false,not_required,retain
img_2400x2400_3x8bit_C00C00_RGB_plastic,SAMPLING/8BIT/RGB/2400x2400/C00C00/img_2400x2400_3x8bit_C00C00_RGB_plastic.png,0866,DIV2K_valid_HR/0866.png,false,34,28,false,not_required,retain
img_2400x2400_3x8bit_C00C00_RGB_plastic,SAMPLING/8BIT/RGB/2400x2400/C00C00/img_2400x2400_3x8bit_C00C00_RGB_plastic.png,0867,DIV2K_valid_HR/0867.png,false,28,30,false,not_required,retain
img_2400x2400_3x8bit_C00C00_RGB_plastic,SAMPLING/8BIT/RGB/2400x2400/C00C00/img_2400x2400_3x8bit_C00C00_RGB_plastic.png,0868,DIV2K_valid_HR/0868.png,false,36,33,false,not_required,retain
img_2400x2400_3x8bit_C00C00_RGB_plastic,SAMPLING/8BIT/RGB/2400x2400/C00C00/img_2400x2400_3x8bit_C00C00_RGB_plastic.png,0869,DIV2K_valid_HR/0869.png,false,26,23,false,not_required,retain
img_2400x2400_3x8bit_C00C00_RGB_plastic,SAMPLING/8BIT/RGB/2400x2400/C00C00/img_2400x2400_3x8bit_C00C00_RGB_plastic.png,0870,DIV2K_valid_HR/0870.png,false,36,28,false,not_required,retain
img_2400x2400_3x8bit_C00C00_RGB_plastic,SAMPLING/8BIT/RGB/2400x2400/C00C00/img_2400x2400_3x8bit_C00C00_RGB_plastic.png,0871,DIV2K_valid_HR/0871.png,false,28,25,false,not_required,retain
img_2400x2400_3x8bit_C00C00_RGB_plastic,SAMPLING/8BIT/RGB/2400x2400/C00C00/img_2400x2400_3x8bit_C00C00_RGB_plastic.png,0872,DIV2K_valid_HR/0872.png,false,30,22,false,not_required,retain
img_2400x2400_3x8bit_C00C00_RGB_plastic,SAMPLING/8BIT/RGB/2400x2400/C00C00/img_2400x2400_3x8bit_C00C00_RGB_plastic.png,0873,DIV2K_valid_HR/0873.png,false,24,24,false,not_required,retain
img_2400x2400_3x8bit_C00C00_RGB_plastic,SAMPLING/8BIT/RGB/2400x2400/C00C00/img_2400x2400_3x8bit_C00C00_RGB_plastic.png,0874,DIV2K_valid_HR/0874.png,false,34,33,false,not_required,retain
img_2400x2400_3x8bit_C00C00_RGB_plastic,SAMPLING/8BIT/RGB/2400x2400/C00C00/img_2400x2400_3x8bit_C00C00_RGB_plastic.png,0875,DIV2K_valid_HR/0875.png,false,26,33,false,not_required,retain
img_2400x2400_3x8bit_C00C00_RGB_plastic,SAMPLING/8BIT/RGB/2400x2400/C00C00/img_2400x2400_3x8bit_C00C00_RGB_plastic.png,0876,DIV2K_valid_HR/0876.png,false,32,29,false,not_required,retain
img_2400x2400_3x8bit_C00C00_RGB_plastic,SAMPLING/8BIT/RGB/2400x2400/C00C00/img_2400x2400_3x8bit_C00C00_RGB_plastic.png,0877,DIV2K_valid_HR/0877.png,false,32,32,false,not_required,retain
img_2400x2400_3x8bit_C00C00_RGB_plastic,SAMPLING/8BIT/RGB/2400x2400/C00C00/img_2400x2400_3x8bit_C00C00_RGB_plastic.png,0878,DIV2K_valid_HR/0878.png,false,30,32,false,not_required,retain
img_2400x2400_3x8bit_C00C00_RGB_plastic,SAMPLING/8BIT/RGB/2400x2400/C00C00/img_2400x2400_3x8bit_C00C00_RGB_plastic.png,0879,DIV2K_valid_HR/0879.png,false,32,30,false,not_required,retain
img_2400x2400_3x8bit_C00C00_RGB_plastic,SAMPLING/8BIT/RGB/2400x2400/C00C00/img_2400x2400_3x8bit_C00C00_RGB_plastic.png,0880,DIV2K_valid_HR/0880.png,false,32,25,false,not_required,retain
img_2400x2400_3x8bit_C00C00_RGB_plastic,SAMPLING/8BIT/RGB/2400x2400/C00C00/img_2400x2400_3x8bit_C00C00_RGB_plastic.png,0881,DIV2K_valid_HR/0881.png,false,30,37,false,not_required,retain
img_2400x2400_3x8bit_C00C00_RGB_plastic,SAMPLING/8BIT/RGB/2400x2400/C00C00/img_2400x2400_3x8bit_C00C00_RGB_plastic.png,0882,DIV2K_valid_HR/0882.png,false,32,37,false,not_required,retain
img_2400x2400_3x8bit_C00C00_RGB_plastic,SAMPLING/8BIT/RGB/2400x2400/C00C00/img_2400x2400_3x8bit_C00C00_RGB_plastic.png,0883,DIV2K_valid_HR/0883.png,false,28,28,false,not_required,retain
img_2400x2400_3x8bit_C00C00_RGB_plastic,SAMPLING/8BIT/RGB/2400x2400/C00C00/img_2400x2400_3x8bit_C00C00_RGB_plastic.png,0884,DIV2K_valid_HR/0884.png,false,34,25,false,not_required,retain
img_2400x2400_3x8bit_C00C00_RGB_plastic,SAMPLING/8BIT/RGB/2400x2400/C00C00/img_2400x2400_3x8bit_C00C00_RGB_plastic.png,0885,DIV2K_valid_HR/0885.png,false,32,26,false,not_required,retain
img_2400x2400_3x8bit_C00C00_RGB_plastic,SAMPLING/8BIT/RGB/2400x2400/C00C00/img_2400x2400_3x8bit_C00C00_RGB_plastic.png,0886,DIV2K_valid_HR/0886.png,false,34,25,false,not_required,retain
img_2400x2400_3x8bit_C00C00_RGB_plastic,SAMPLING/8BIT/RGB/2400x2400/C00C00/img_2400x2400_3x8bit_C00C00_RGB_plastic.png,0887,DIV2K_valid_HR/0887.png,false,30,27,false,not_required,retain
img_2400x2400_3x8bit_C00C00_RGB_plastic,SAMPLING/8BIT/RGB/2400x2400/C00C00/img_2400x2400_3x8bit_C00C00_RGB_plastic.png,0888,DIV2K_valid_HR/0888.png,false,26,31,false,not_required,retain
img_2400x2400_3x8bit_C00C00_RGB_plastic,SAMPLING/8BIT/RGB/2400x2400/C00C00/img_2400x2400_3x8bit_C00C00_RGB_plastic.png,0889,DIV2K_valid_HR/0889.png,false,40,35,false,not_required,retain
img_2400x2400_3x8bit_C00C00_RGB_plastic,SAMPLING/8BIT/RGB/2400x2400/C00C00/img_2400x2400_3x8bit_C00C00_RGB_plastic.png,0890,DIV2K_valid_HR/0890.png,false,28,38,false,not_required,retain
img_2400x2400_3x8bit_C00C00_RGB_plastic,SAMPLING/8BIT/RGB/2400x2400/C00C00/img_2400x2400_3x8bit_C00C00_RGB_plastic.png,0891,DIV2K_valid_HR/0891.png,false,34,32,false,not_required,retain
img_2400x2400_3x8bit_C00C00_RGB_plastic,SAMPLING/8BIT/RGB/2400x2400/C00C00/img_2400x2400_3x8bit_C00C00_RGB_plastic.png,0892,DIV2K_valid_HR/0892.png,false,26,23,false,not_required,retain
img_2400x2400_3x8bit_C00C00_RGB_plastic,SAMPLING/8BIT/RGB/2400x2400/C00C00/img_2400x2400_3x8bit_C00C00_RGB_plastic.png,0893,DIV2K_valid_HR/0893.png,false,28,29,false,not_required,retain
img_2400x2400_3x8bit_C00C00_RGB_plastic,SAMPLING/8BIT/RGB/2400x2400/C00C00/img_2400x2400_3x8bit_C00C00_RGB_plastic.png,0894,DIV2K_valid_HR/0894.png,false,38,37,false,not_required,retain
img_2400x2400_3x8bit_C00C00_RGB_plastic,SAMPLING/8BIT/RGB/2400x2400/C00C00/img_2400x2400_3x8bit_C00C00_RGB_plastic.png,0895,DIV2K_valid_HR/0895.png,false,30,36,false,not_required,retain
img_2400x2400_3x8bit_C00C00_RGB_plastic,SAMPLING/8BIT/RGB/2400x2400/C00C00/img_2400x2400_3x8bit_C00C00_RGB_plastic.png,0896,DIV2K_valid_HR/0896.png,false,34,30,false,not_required,retain
img_2400x2400_3x8bit_C00C00_RGB_plastic,SAMPLING/8BIT/RGB/2400x2400/C00C00/img_2400x2400_3x8bit_C00C00_RGB_plastic.png,0897,DIV2K_valid_HR/0897.png,false,26,26,false,not_required,retain
img_2400x2400_3x8bit_C00C00_RGB_plastic,SAMPLING/8BIT/RGB/2400x2400/C00C00/img_2400x2400_3x8bit_C00C00_RGB_plastic.png,0898,DIV2K_valid_HR/0898.png,false,26,20,false,not_required,retain
img_2400x2400_3x8bit_C00C00_RGB_plastic,SAMPLING/8BIT/RGB/2400x2400/C00C00/img_2400x2400_3x8bit_C00C00_RGB_plastic.png,0899,DIV2K_valid_HR/0899.png,false,32,35,false,not_required,retain
img_2400x2400_3x8bit_C00C00_RGB_plastic,SAMPLING/8BIT/RGB/2400x2400/C00C00/img_2400x2400_3x8bit_C00C00_RGB_plastic.png,0900,DIV2K_valid_HR/0900.png,false,30,29,false,not_required,retain
img_2400x2400_3x8bit_C00C00_RGB_roof,SAMPLING/8BIT/RGB/2400x2400/C00C00/img_2400x2400_3x8bit_C00C00_RGB_roof.png,0805,DIV2K_valid_HR/0805.png,false,30,29,false,not_required,retain
img_2400x2400_3x8bit_C00C00_RGB_roof,SAMPLING/8BIT/RGB/2400x2400/C00C00/img_2400x2400_3x8bit_C00C00_RGB_roof.png,0806,DIV2K_valid_HR/0806.png,false,38,39,false,not_required,retain
img_2400x2400_3x8bit_C00C00_RGB_roof,SAMPLING/8BIT/RGB/2400x2400/C00C00/img_2400x2400_3x8bit_C00C00_RGB_roof.png,0807,DIV2K_valid_HR/0807.png,false,36,37,false,not_required,retain
img_2400x2400_3x8bit_C00C00_RGB_roof,SAMPLING/8BIT/RGB/2400x2400/C00C00/img_2400x2400_3x8bit_C00C00_RGB_roof.png,0808,DIV2K_valid_HR/0808.png,false,34,36,false,not_required,retain
img_2400x2400_3x8bit_C00C00_RGB_roof,SAMPLING/8BIT/RGB/2400x2400/C00C00/img_2400x2400_3x8bit_C00C00_RGB_roof.png,0809,DIV2K_valid_HR/0809.png,false,32,28,false,not_required,retain
img_2400x2400_3x8bit_C00C00_RGB_roof,SAMPLING/8BIT/RGB/2400x2400/C00C00/img_2400x2400_3x8bit_C00C00_RGB_roof.png,0810,DIV2K_valid_HR/0810.png,false,30,29,false,not_required,retain
img_2400x2400_3x8bit_C00C00_RGB_roof,SAMPLING/8BIT/RGB/2400x2400/C00C00/img_2400x2400_3x8bit_C00C00_RGB_roof.png,0811,DIV2K_valid_HR/0811.png,false,32,30,false,not_required,retain
img_2400x2400_3x8bit_C00C00_RGB_roof,SAMPLING/8BIT/RGB/2400x2400/C00C00/img_2400x2400_3x8bit_C00C00_RGB_roof.png,0812,DIV2K_valid_HR/0812.png,false,24,30,false,not_required,retain
img_2400x2400_3x8bit_C00C00_RGB_roof,SAMPLING/8BIT/RGB/2400x2400/C00C00/img_2400x2400_3x8bit_C00C00_RGB_roof.png,0813,DIV2K_valid_HR/0813.png,false,28,35,false,not_required,retain
img_2400x2400_3x8bit_C00C00_RGB_roof,SAMPLING/8BIT/RGB/2400x2400/C00C00/img_2400x2400_3x8bit_C00C00_RGB_roof.png,0814,DIV2K_valid_HR/0814.png,false,36,40,false,not_required,retain
img_2400x2400_3x8bit_C00C00_RGB_roof,SAMPLING/8BIT/RGB/2400x2400/C00C00/img_2400x2400_3x8bit_C00C00_RGB_roof.png,0815,DIV2K_valid_HR/0815.png,false,34,32,false,not_required,retain
img_2400x2400_3x8bit_C00C00_RGB_roof,SAMPLING/8BIT/RGB/2400x2400/C00C00/img_2400x2400_3x8bit_C00C00_RGB_roof.png,0816,DIV2K_valid_HR/0816.png,false,30,32,false,not_required,retain
img_2400x2400_3x8bit_C00C00_RGB_roof,SAMPLING/8BIT/RGB/2400x2400/C00C00/img_2400x2400_3x8bit_C00C00_RGB_roof.png,0817,DIV2K_valid_HR/0817.png,false,32,31,false,not_required,retain
img_2400x2400_3x8bit_C00C00_RGB_roof,SAMPLING/8BIT/RGB/2400x2400/C00C00/img_2400x2400_3x8bit_C00C00_RGB_roof.png,0818,DIV2K_valid_HR/0818.png,false,28,34,false,not_required,retain
img_2400x2400_3x8bit_C00C00_RGB_roof,SAMPLING/8BIT/RGB/2400x2400/C00C00/img_2400x2400_3x8bit_C00C00_RGB_roof.png,0819,DIV2K_valid_HR/0819.png,false,28,31,false,not_required,retain
img_2400x2400_3x8bit_C00C00_RGB_roof,SAMPLING/8BIT/RGB/2400x2400/C00C00/img_2400x2400_3x8bit_C00C00_RGB_roof.png,0820,DIV2K_valid_HR/0820.png,false,32,32,false,not_required,retain
img_2400x2400_3x8bit_C00C00_RGB_roof,SAMPLING/8BIT/RGB/2400x2400/C00C00/img_2400x2400_3x8bit_C00C00_RGB_roof.png,0821,DIV2K_valid_HR/0821.png,false,32,33,false,not_required,retain
img_2400x2400_3x8bit_C00C00_RGB_roof,SAMPLING/8BIT/RGB/2400x2400/C00C00/img_2400x2400_3x8bit_C00C00_RGB_roof.png,0822,DIV2K_valid_HR/0822.png,false,28,33,false,not_required,retain
img_2400x2400_3x8bit_C00C00_RGB_roof,SAMPLING/8BIT/RGB/2400x2400/C00C00/img_2400x2400_3x8bit_C00C00_RGB_roof.png,0823,DIV2K_valid_HR/0823.png,false,26,29,false,not_required,retain
img_2400x2400_3x8bit_C00C00_RGB_roof,SAMPLING/8BIT/RGB/2400x2400/C00C00/img_2400x2400_3x8bit_C00C00_RGB_roof.png,0824,DIV2K_valid_HR/0824.png,false,24,27,false,not_required,retain
img_2400x2400_3x8bit_C00C00_RGB_roof,SAMPLING/8BIT/RGB/2400x2400/C00C00/img_2400x2400_3x8bit_C00C00_RGB_roof.png,0825,DIV2K_valid_HR/0825.png,false,28,34,false,not_required,retain
img_2400x2400_3x8bit_C00C00_RGB_roof,SAMPLING/8BIT/RGB/2400x2400/C00C00/img_2400x2400_3x8bit_C00C00_RGB_roof.png,0826,DIV2K_valid_HR/0826.png,false,30,32,false,not_required,retain
img_2400x2400_3x8bit_C00C00_RGB_roof,SAMPLING/8BIT/RGB/2400x2400/C00C00/img_2400x2400_3x8bit_C00C00_RGB_roof.png,0827,DIV2K_valid_HR/0827.png,false,36,39,false,not_required,retain
img_2400x2400_3x8bit_C00C00_RGB_roof,SAMPLING/8BIT/RGB/2400x2400/C00C00/img_2400x2400_3x8bit_C00C00_RGB_roof.png,0828,DIV2K_valid_HR/0828.png,false,24,30,false,not_required,retain
img_2400x2400_3x8bit_C00C00_RGB_roof,SAMPLING/8BIT/RGB/2400x2400/C00C00/img_2400x2400_3x8bit_C00C00_RGB_roof.png,0829,DIV2K_valid_HR/0829.png,false,32,34,false,not_required,retain
img_2400x2400_3x8bit_C00C00_RGB_roof,SAMPLING/8BIT/RGB/2400x2400/C00C00/img_2400x2400_3x8bit_C00C00_RGB_roof.png,0830,DIV2K_valid_HR/0830.png,false,32,30,false,not_required,retain
img_2400x2400_3x8bit_C00C00_RGB_roof,SAMPLING/8BIT/RGB/2400x2400/C00C00/img_2400x2400_3x8bit_C00C00_RGB_roof.png,0831,DIV2K_valid_HR/0831.png,false,32,36,false,not_required,retain
img_2400x2400_3x8bit_C00C00_RGB_roof,SAMPLING/8BIT/RGB/2400x2400/C00C00/img_2400x2400_3x8bit_C00C00_RGB_roof.png,0832,DIV2K_valid_HR/0832.png,false,20,28,false,not_required,retain
img_2400x2400_3x8bit_C00C00_RGB_roof,SAMPLING/8BIT/RGB/2400x2400/C00C00/img_2400x2400_3x8bit_C00C00_RGB_roof.png,0833,DIV2K_valid_HR/0833.png,false,36,34,false,not_required,retain
img_2400x2400_3x8bit_C00C00_RGB_roof,SAMPLING/8BIT/RGB/2400x2400/C00C00/img_2400x2400_3x8bit_C00C00_RGB_roof.png,0834,DIV2K_valid_HR/0834.png,false,30,30,false,not_required,retain
img_2400x2400_3x8bit_C00C00_RGB_roof,SAMPLING/8BIT/RGB/2400x2400/C00C00/img_2400x2400_3x8bit_C00C00_RGB_roof.png,0835,DIV2K_valid_HR/0835.png,false,32,32,false,not_required,retain
img_2400x2400_3x8bit_C00C00_RGB_roof,SAMPLING/8BIT/RGB/2400x2400/C00C00/img_2400x2400_3x8bit_C00C00_RGB_roof.png,0836,DIV2K_valid_HR/0836.png,false,28,21,false,not_required,retain
img_2400x2400_3x8bit_C00C00_RGB_roof,SAMPLING/8BIT/RGB/2400x2400/C00C00/img_2400x2400_3x8bit_C00C00_RGB_roof.png,0837,DIV2K_valid_HR/0837.png,false,32,32,false,not_required,retain
img_2400x2400_3x8bit_C00C00_RGB_roof,SAMPLING/8BIT/RGB/2400x2400/C00C00/img_2400x2400_3x8bit_C00C00_RGB_roof.png,0838,DIV2K_valid_HR/0838.png,false,32,40,false,not_required,retain
img_2400x2400_3x8bit_C00C00_RGB_roof,SAMPLING/8BIT/RGB/2400x2400/C00C00/img_2400x2400_3x8bit_C00C00_RGB_roof.png,0839,DIV2K_valid_HR/0839.png,false,36,29,false,not_required,retain
img_2400x2400_3x8bit_C00C00_RGB_roof,SAMPLING/8BIT/RGB/2400x2400/C00C00/img_2400x2400_3x8bit_C00C00_RGB_roof.png,0840,DIV2K_valid_HR/0840.png,false,28,27,false,not_required,retain
img_2400x2400_3x8bit_C00C00_RGB_roof,SAMPLING/8BIT/RGB/2400x2400/C00C00/img_2400x2400_3x8bit_C00C00_RGB_roof.png,0841,DIV2K_valid_HR/0841.png,false,30,30,false,not_required,retain
img_2400x2400_3x8bit_C00C00_RGB_roof,SAMPLING/8BIT/RGB/2400x2400/C00C00/img_2400x2400_3x8bit_C00C00_RGB_roof.png,0842,DIV2K_valid_HR/0842.png,false,30,28,false,not_required,retain
img_2400x2400_3x8bit_C00C00_RGB_roof,SAMPLING/8BIT/RGB/2400x2400/C00C00/img_2400x2400_3x8bit_C00C00_RGB_roof.png,0843,DIV2K_valid_HR/0843.png,false,34,32,false,not_required,retain
img_2400x2400_3x8bit_C00C00_RGB_roof,SAMPLING/8BIT/RGB/2400x2400/C00C00/img_2400x2400_3x8bit_C00C00_RGB_roof.png,0844,DIV2K_valid_HR/0844.png,false,34,28,false,not_required,retain
img_2400x2400_3x8bit_C00C00_RGB_roof,SAMPLING/8BIT/RGB/2400x2400/C00C00/img_2400x2400_3x8bit_C00C00_RGB_roof.png,0845,DIV2K_valid_HR/0845.png,false,28,27,false,not_required,retain
img_2400x2400_3x8bit_C00C00_RGB_roof,SAMPLING/8BIT/RGB/2400x2400/C00C00/img_2400x2400_3x8bit_C00C00_RGB_roof.png,0846,DIV2K_valid_HR/0846.png,false,36,35,false,not_required,retain
img_2400x2400_3x8bit_C00C00_RGB_roof,SAMPLING/8BIT/RGB/2400x2400/C00C00/img_2400x2400_3x8bit_C00C00_RGB_roof.png,0847,DIV2K_valid_HR/0847.png,false,28,29,false,not_required,retain
img_2400x2400_3x8bit_C00C00_RGB_roof,SAMPLING/8BIT/RGB/2400x2400/C00C00/img_2400x2400_3x8bit_C00C00_RGB_roof.png,0848,DIV2K_valid_HR/0848.png,false,28,31,false,not_required,retain
img_2400x2400_3x8bit_C00C00_RGB_roof,SAMPLING/8BIT/RGB/2400x2400/C00C00/img_2400x2400_3x8bit_C00C00_RGB_roof.png,0849,DIV2K_valid_HR/0849.png,false,22,32,false,not_required,retain
img_2400x2400_3x8bit_C00C00_RGB_roof,SAMPLING/8BIT/RGB/2400x2400/C00C00/img_2400x2400_3x8bit_C00C00_RGB_roof.png,0850,DIV2K_valid_HR/0850.png,false,34,39,false,not_required,retain
img_2400x2400_3x8bit_C00C00_RGB_roof,SAMPLING/8BIT/RGB/2400x2400/C00C00/img_2400x2400_3x8bit_C00C00_RGB_roof.png,0851,DIV2K_valid_HR/0851.png,false,32,30,false,not_required,retain
img_2400x2400_3x8bit_C00C00_RGB_roof,SAMPLING/8BIT/RGB/2400x2400/C00C00/img_2400x2400_3x8bit_C00C00_RGB_roof.png,0852,DIV2K_valid_HR/0852.png,false,28,38,false,not_required,retain
img_2400x2400_3x8bit_C00C00_RGB_roof,SAMPLING/8BIT/RGB/2400x2400/C00C00/img_2400x2400_3x8bit_C00C00_RGB_roof.png,0853,DIV2K_valid_HR/0853.png,false,32,29,false,not_required,retain
img_2400x2400_3x8bit_C00C00_RGB_roof,SAMPLING/8BIT/RGB/2400x2400/C00C00/img_2400x2400_3x8bit_C00C00_RGB_roof.png,0854,DIV2K_valid_HR/0854.png,false,28,36,false,not_required,retain
img_2400x2400_3x8bit_C00C00_RGB_roof,SAMPLING/8BIT/RGB/2400x2400/C00C00/img_2400x2400_3x8bit_C00C00_RGB_roof.png,0855,DIV2K_valid_HR/0855.png,false,30,24,false,not_required,retain
img_2400x2400_3x8bit_C00C00_RGB_roof,SAMPLING/8BIT/RGB/2400x2400/C00C00/img_2400x2400_3x8bit_C00C00_RGB_roof.png,0856,DIV2K_valid_HR/0856.png,false,30,39,false,not_required,retain
img_2400x2400_3x8bit_C00C00_RGB_roof,SAMPLING/8BIT/RGB/2400x2400/C00C00/img_2400x2400_3x8bit_C00C00_RGB_roof.png,0857,DIV2K_valid_HR/0857.png,false,28,24,false,not_required,retain
img_2400x2400_3x8bit_C00C00_RGB_roof,SAMPLING/8BIT/RGB/2400x2400/C00C00/img_2400x2400_3x8bit_C00C00_RGB_roof.png,0858,DIV2K_valid_HR/0858.png,false,36,36,false,not_required,retain
img_2400x2400_3x8bit_C00C00_RGB_roof,SAMPLING/8BIT/RGB/2400x2400/C00C00/img_2400x2400_3x8bit_C00C00_RGB_roof.png,0859,DIV2K_valid_HR/0859.png,false,28,35,false,not_required,retain
img_2400x2400_3x8bit_C00C00_RGB_roof,SAMPLING/8BIT/RGB/2400x2400/C00C00/img_2400x2400_3x8bit_C00C00_RGB_roof.png,0860,DIV2K_valid_HR/0860.png,false,38,34,false,not_required,retain
img_2400x2400_3x8bit_C00C00_RGB_roof,SAMPLING/8BIT/RGB/2400x2400/C00C00/img_2400x2400_3x8bit_C00C00_RGB_roof.png,0861,DIV2K_valid_HR/0861.png,false,34,41,false,not_required,retain
img_2400x2400_3x8bit_C00C00_RGB_roof,SAMPLING/8BIT/RGB/2400x2400/C00C00/img_2400x2400_3x8bit_C00C00_RGB_roof.png,0862,DIV2K_valid_HR/0862.png,false,32,39,false,not_required,retain
img_2400x2400_3x8bit_C00C00_RGB_roof,SAMPLING/8BIT/RGB/2400x2400/C00C00/img_2400x2400_3x8bit_C00C00_RGB_roof.png,0863,DIV2K_valid_HR/0863.png,false,32,27,false,not_required,retain
img_2400x2400_3x8bit_C00C00_RGB_roof,SAMPLING/8BIT/RGB/2400x2400/C00C00/img_2400x2400_3x8bit_C00C00_RGB_roof.png,0864,DIV2K_valid_HR/0864.png,false,24,34,false,not_required,retain
img_2400x2400_3x8bit_C00C00_RGB_roof,SAMPLING/8BIT/RGB/2400x2400/C00C00/img_2400x2400_3x8bit_C00C00_RGB_roof.png,0865,DIV2K_valid_HR/0865.png,false,40,36,false,not_required,retain
img_2400x2400_3x8bit_C00C00_RGB_roof,SAMPLING/8BIT/RGB/2400x2400/C00C00/img_2400x2400_3x8bit_C00C00_RGB_roof.png,0866,DIV2K_valid_HR/0866.png,false,34,27,false,not_required,retain
img_2400x2400_3x8bit_C00C00_RGB_roof,SAMPLING/8BIT/RGB/2400x2400/C00C00/img_2400x2400_3x8bit_C00C00_RGB_roof.png,0867,DIV2K_valid_HR/0867.png,false,34,35,false,not_required,retain
img_2400x2400_3x8bit_C00C00_RGB_roof,SAMPLING/8BIT/RGB/2400x2400/C00C00/img_2400x2400_3x8bit_C00C00_RGB_roof.png,0868,DIV2K_valid_HR/0868.png,false,34,28,false,not_required,retain
img_2400x2400_3x8bit_C00C00_RGB_roof,SAMPLING/8BIT/RGB/2400x2400/C00C00/img_2400x2400_3x8bit_C00C00_RGB_roof.png,0869,DIV2K_valid_HR/0869.png,false,32,32,false,not_required,retain
img_2400x2400_3x8bit_C00C00_RGB_roof,SAMPLING/8BIT/RGB/2400x2400/C00C00/img_2400x2400_3x8bit_C00C00_RGB_roof.png,0870,DIV2K_valid_HR/0870.png,false,34,31,false,not_required,retain
img_2400x2400_3x8bit_C00C00_RGB_roof,SAMPLING/8BIT/RGB/2400x2400/C00C00/img_2400x2400_3x8bit_C00C00_RGB_roof.png,0871,DIV2K_valid_HR/0871.png,false,30,34,false,not_required,retain
img_2400x2400_3x8bit_C00C00_RGB_roof,SAMPLING/8BIT/RGB/2400x2400/C00C00/img_2400x2400_3x8bit_C00C00_RGB_roof.png,0872,DIV2K_valid_HR/0872.png,false,32,33,false,not_required,retain
img_2400x2400_3x8bit_C00C00_RGB_roof,SAMPLING/8BIT/RGB/2400x2400/C00C00/img_2400x2400_3x8bit_C00C00_RGB_roof.png,0873,DIV2K_valid_HR/0873.png,false,24,25,false,not_required,retain
img_2400x2400_3x8bit_C00C00_RGB_roof,SAMPLING/8BIT/RGB/2400x2400/C00C00/img_2400x2400_3x8bit_C00C00_RGB_roof.png,0874,DIV2K_valid_HR/0874.png,false,36,38,false,not_required,retain
img_2400x2400_3x8bit_C00C00_RGB_roof,SAMPLING/8BIT/RGB/2400x2400/C00C00/img_2400x2400_3x8bit_C00C00_RGB_roof.png,0875,DIV2K_valid_HR/0875.png,false,28,34,false,not_required,retain
img_2400x2400_3x8bit_C00C00_RGB_roof,SAMPLING/8BIT/RGB/2400x2400/C00C00/img_2400x2400_3x8bit_C00C00_RGB_roof.png,0876,DIV2K_valid_HR/0876.png,false,28,32,false,not_required,retain
img_2400x2400_3x8bit_C00C00_RGB_roof,SAMPLING/8BIT/RGB/2400x2400/C00C00/img_2400x2400_3x8bit_C00C00_RGB_roof.png,0877,DIV2K_valid_HR/0877.png,false,34,31,false,not_required,retain
img_2400x2400_3x8bit_C00C00_RGB_roof,SAMPLING/8BIT/RGB/2400x2400/C00C00/img_2400x2400_3x8bit_C00C00_RGB_roof.png,0878,DIV2K_valid_HR/0878.png,false,28,31,false,not_required,retain
img_2400x2400_3x8bit_C00C00_RGB_roof,SAMPLING/8BIT/RGB/2400x2400/C00C00/img_2400x2400_3x8bit_C00C00_RGB_roof.png,0879,DIV2K_valid_HR/0879.png,false,34,35,false,not_required,retain
img_2400x2400_3x8bit_C00C00_RGB_roof,SAMPLING/8BIT/RGB/2400x2400/C00C00/img_2400x2400_3x8bit_C00C00_RGB_roof.png,0880,DIV2K_valid_HR/0880.png,false,32,34,false,not_required,retain
img_2400x2400_3x8bit_C00C00_RGB_roof,SAMPLING/8BIT/RGB/2400x2400/C00C00/img_2400x2400_3x8bit_C00C00_RGB_roof.png,0881,DIV2K_valid_HR/0881.png,false,22,28,false,not_required,retain
img_2400x2400_3x8bit_C00C00_RGB_roof,SAMPLING/8BIT/RGB/2400x2400/C00C00/img_2400x2400_3x8bit_C00C00_RGB_roof.png,0882,DIV2K_valid_HR/0882.png,false,34,36,false,not_required,retain
img_2400x2400_3x8bit_C00C00_RGB_roof,SAMPLING/8BIT/RGB/2400x2400/C00C00/img_2400x2400_3x8bit_C00C00_RGB_roof.png,0883,DIV2K_valid_HR/0883.png,false,36,33,false,not_required,retain
img_2400x2400_3x8bit_C00C00_RGB_roof,SAMPLING/8BIT/RGB/2400x2400/C00C00/img_2400x2400_3x8bit_C00C00_RGB_roof.png,0884,DIV2K_valid_HR/0884.png,false,30,36,false,not_required,retain
img_2400x2400_3x8bit_C00C00_RGB_roof,SAMPLING/8BIT/RGB/2400x2400/C00C00/img_2400x2400_3x8bit_C00C00_RGB_roof.png,0885,DIV2K_valid_HR/0885.png,false,36,39,false,not_required,retain
img_2400x2400_3x8bit_C00C00_RGB_roof,SAMPLING/8BIT/RGB/2400x2400/C00C00/img_2400x2400_3x8bit_C00C00_RGB_roof.png,0886,DIV2K_valid_HR/0886.png,false,36,36,false,not_required,retain
img_2400x2400_3x8bit_C00C00_RGB_roof,SAMPLING/8BIT/RGB/2400x2400/C00C00/img_2400x2400_3x8bit_C00C00_RGB_roof.png,0887,DIV2K_valid_HR/0887.png,false,32,34,false,not_required,retain
img_2400x2400_3x8bit_C00C00_RGB_roof,SAMPLING/8BIT/RGB/2400x2400/C00C00/img_2400x2400_3x8bit_C00C00_RGB_roof.png,0888,DIV2K_valid_HR/0888.png,false,28,38,false,not_required,retain
img_2400x2400_3x8bit_C00C00_RGB_roof,SAMPLING/8BIT/RGB/2400x2400/C00C00/img_2400x2400_3x8bit_C00C00_RGB_roof.png,0889,DIV2K_valid_HR/0889.png,false,26,26,false,not_required,retain
img_2400x2400_3x8bit_C00C00_RGB_roof,SAMPLING/8BIT/RGB/2400x2400/C00C00/img_2400x2400_3x8bit_C00C00_RGB_roof.png,0890,DIV2K_valid_HR/0890.png,false,32,29,false,not_required,retain
img_2400x2400_3x8bit_C00C00_RGB_roof,SAMPLING/8BIT/RGB/2400x2400/C00C00/img_2400x2400_3x8bit_C00C00_RGB_roof.png,0891,DIV2K_valid_HR/0891.png,false,36,31,false,not_required,retain
img_2400x2400_3x8bit_C00C00_RGB_roof,SAMPLING/8BIT/RGB/2400x2400/C00C00/img_2400x2400_3x8bit_C00C00_RGB_roof.png,0892,DIV2K_valid_HR/0892.png,false,28,34,false,not_required,retain
img_2400x2400_3x8bit_C00C00_RGB_roof,SAMPLING/8BIT/RGB/2400x2400/C00C00/img_2400x2400_3x8bit_C00C00_RGB_roof.png,0893,DIV2K_valid_HR/0893.png,false,32,28,false,not_required,retain
img_2400x2400_3x8bit_C00C00_RGB_roof,SAMPLING/8BIT/RGB/2400x2400/C00C00/img_2400x2400_3x8bit_C00C00_RGB_roof.png,0894,DIV2K_valid_HR/0894.png,false,34,28,false,not_required,retain
img_2400x2400_3x8bit_C00C00_RGB_roof,SAMPLING/8BIT/RGB/2400x2400/C00C00/img_2400x2400_3x8bit_C00C00_RGB_roof.png,0895,DIV2K_valid_HR/0895.png,false,34,33,false,not_required,retain
img_2400x2400_3x8bit_C00C00_RGB_roof,SAMPLING/8BIT/RGB/2400x2400/C00C00/img_2400x2400_3x8bit_C00C00_RGB_roof.png,0896,DIV2K_valid_HR/0896.png,false,32,21,false,not_required,retain
img_2400x2400_3x8bit_C00C00_RGB_roof,SAMPLING/8BIT/RGB/2400x2400/C00C00/img_2400x2400_3x8bit_C00C00_RGB_roof.png,0897,DIV2K_valid_HR/0897.png,false,30,25,false,not_required,retain
img_2400x2400_3x8bit_C00C00_RGB_roof,SAMPLING/8BIT/RGB/2400x2400/C00C00/img_2400x2400_3x8bit_C00C00_RGB_roof.png,0898,DIV2K_valid_HR/0898.png,false,34,33,false,not_required,retain
img_2400x2400_3x8bit_C00C00_RGB_roof,SAMPLING/8BIT/RGB/2400x2400/C00C00/img_2400x2400_3x8bit_C00C00_RGB_roof.png,0899,DIV2K_valid_HR/0899.png,false,32,28,false,not_required,retain
img_2400x2400_3x8bit_C00C00_RGB_roof,SAMPLING/8BIT/RGB/2400x2400/C00C00/img_2400x2400_3x8bit_C00C00_RGB_roof.png,0900,DIV2K_valid_HR/0900.png,false,34,34,false,not_required,retain
img_2400x2400_3x8bit_C00C00_RGB_scarf,SAMPLING/8BIT/RGB/2400x2400/C00C00/img_2400x2400_3x8bit_C00C00_RGB_scarf.png,0805,DIV2K_valid_HR/0805.png,false,22,35,false,not_required,retain
img_2400x2400_3x8bit_C00C00_RGB_scarf,SAMPLING/8BIT/RGB/2400x2400/C00C00/img_2400x2400_3x8bit_C00C00_RGB_scarf.png,0806,DIV2K_valid_HR/0806.png,false,30,33,false,not_required,retain
img_2400x2400_3x8bit_C00C00_RGB_scarf,SAMPLING/8BIT/RGB/2400x2400/C00C00/img_2400x2400_3x8bit_C00C00_RGB_scarf.png,0807,DIV2K_valid_HR/0807.png,false,30,31,false,not_required,retain
img_2400x2400_3x8bit_C00C00_RGB_scarf,SAMPLING/8BIT/RGB/2400x2400/C00C00/img_2400x2400_3x8bit_C00C00_RGB_scarf.png,0808,DIV2K_valid_HR/0808.png,false,26,28,false,not_required,retain
img_2400x2400_3x8bit_C00C00_RGB_scarf,SAMPLING/8BIT/RGB/2400x2400/C00C00/img_2400x2400_3x8bit_C00C00_RGB_scarf.png,0809,DIV2K_valid_HR/0809.png,false,32,24,false,not_required,retain
img_2400x2400_3x8bit_C00C00_RGB_scarf,SAMPLING/8BIT/RGB/2400x2400/C00C00/img_2400x2400_3x8bit_C00C00_RGB_scarf.png,0810,DIV2K_valid_HR/0810.png,false,24,35,false,not_required,retain
img_2400x2400_3x8bit_C00C00_RGB_scarf,SAMPLING/8BIT/RGB/2400x2400/C00C00/img_2400x2400_3x8bit_C00C00_RGB_scarf.png,0811,DIV2K_valid_HR/0811.png,false,28,34,false,not_required,retain
img_2400x2400_3x8bit_C00C00_RGB_scarf,SAMPLING/8BIT/RGB/2400x2400/C00C00/img_2400x2400_3x8bit_C00C00_RGB_scarf.png,0812,DIV2K_valid_HR/0812.png,false,34,30,false,not_required,retain
img_2400x2400_3x8bit_C00C00_RGB_scarf,SAMPLING/8BIT/RGB/2400x2400/C00C00/img_2400x2400_3x8bit_C00C00_RGB_scarf.png,0813,DIV2K_valid_HR/0813.png,false,32,35,false,not_required,retain
img_2400x2400_3x8bit_C00C00_RGB_scarf,SAMPLING/8BIT/RGB/2400x2400/C00C00/img_2400x2400_3x8bit_C00C00_RGB_scarf.png,0814,DIV2K_valid_HR/0814.png,false,42,30,false,not_required,retain
img_2400x2400_3x8bit_C00C00_RGB_scarf,SAMPLING/8BIT/RGB/2400x2400/C00C00/img_2400x2400_3x8bit_C00C00_RGB_scarf.png,0815,DIV2K_valid_HR/0815.png,false,36,28,false,not_required,retain
img_2400x2400_3x8bit_C00C00_RGB_scarf,SAMPLING/8BIT/RGB/2400x2400/C00C00/img_2400x2400_3x8bit_C00C00_RGB_scarf.png,0816,DIV2K_valid_HR/0816.png,false,28,44,false,not_required,retain
img_2400x2400_3x8bit_C00C00_RGB_scarf,SAMPLING/8BIT/RGB/2400x2400/C00C00/img_2400x2400_3x8bit_C00C00_RGB_scarf.png,0817,DIV2K_valid_HR/0817.png,false,32,31,false,not_required,retain
img_2400x2400_3x8bit_C00C00_RGB_scarf,SAMPLING/8BIT/RGB/2400x2400/C00C00/img_2400x2400_3x8bit_C00C00_RGB_scarf.png,0818,DIV2K_valid_HR/0818.png,false,34,34,false,not_required,retain
img_2400x2400_3x8bit_C00C00_RGB_scarf,SAMPLING/8BIT/RGB/2400x2400/C00C00/img_2400x2400_3x8bit_C00C00_RGB_scarf.png,0819,DIV2K_valid_HR/0819.png,false,28,35,false,not_required,retain
img_2400x2400_3x8bit_C00C00_RGB_scarf,SAMPLING/8BIT/RGB/2400x2400/C00C00/img_2400x2400_3x8bit_C00C00_RGB_scarf.png,0820,DIV2K_valid_HR/0820.png,false,34,38,false,not_required,retain
img_2400x2400_3x8bit_C00C00_RGB_scarf,SAMPLING/8BIT/RGB/2400x2400/C00C00/img_2400x2400_3x8bit_C00C00_RGB_scarf.png,0821,DIV2K_valid_HR/0821.png,false,30,35,false,not_required,retain
img_2400x2400_3x8bit_C00C00_RGB_scarf,SAMPLING/8BIT/RGB/2400x2400/C00C00/img_2400x2400_3x8bit_C00C00_RGB_scarf.png,0822,DIV2K_valid_HR/0822.png,false,32,33,false,not_required,retain
img_2400x2400_3x8bit_C00C00_RGB_scarf,SAMPLING/8BIT/RGB/2400x2400/C00C00/img_2400x2400_3x8bit_C00C00_RGB_scarf.png,0823,DIV2K_valid_HR/0823.png,false,34,31,false,not_required,retain
img_2400x2400_3x8bit_C00C00_RGB_scarf,SAMPLING/8BIT/RGB/2400x2400/C00C00/img_2400x2400_3x8bit_C00C00_RGB_scarf.png,0824,DIV2K_valid_HR/0824.png,false,32,31,false,not_required,retain
img_2400x2400_3x8bit_C00C00_RGB_scarf,SAMPLING/8BIT/RGB/2400x2400/C00C00/img_2400x2400_3x8bit_C00C00_RGB_scarf.png,0825,DIV2K_valid_HR/0825.png,false,30,24,false,not_required,retain
img_2400x2400_3x8bit_C00C00_RGB_scarf,SAMPLING/8BIT/RGB/2400x2400/C00C00/img_2400x2400_3x8bit_C00C00_RGB_scarf.png,0826,DIV2K_valid_HR/0826.png,false,30,34,false,not_required,retain
img_2400x2400_3x8bit_C00C00_RGB_scarf,SAMPLING/8BIT/RGB/2400x2400/C00C00/img_2400x2400_3x8bit_C00C00_RGB_scarf.png,0827,DIV2K_valid_HR/0827.png,false,30,31,false,not_required,retain
img_2400x2400_3x8bit_C00C00_RGB_scarf,SAMPLING/8BIT/RGB/2400x2400/C00C00/img_2400x2400_3x8bit_C00C00_RGB_scarf.png,0828,DIV2K_valid_HR/0828.png,false,34,28,false,not_required,retain
img_2400x2400_3x8bit_C00C00_RGB_scarf,SAMPLING/8BIT/RGB/2400x2400/C00C00/img_2400x2400_3x8bit_C00C00_RGB_scarf.png,0829,DIV2K_valid_HR/0829.png,false,32,30,false,not_required,retain
img_2400x2400_3x8bit_C00C00_RGB_scarf,SAMPLING/8BIT/RGB/2400x2400/C00C00/img_2400x2400_3x8bit_C00C00_RGB_scarf.png,0830,DIV2K_valid_HR/0830.png,false,30,42,false,not_required,retain
img_2400x2400_3x8bit_C00C00_RGB_scarf,SAMPLING/8BIT/RGB/2400x2400/C00C00/img_2400x2400_3x8bit_C00C00_RGB_scarf.png,0831,DIV2K_valid_HR/0831.png,false,34,32,false,not_required,retain
img_2400x2400_3x8bit_C00C00_RGB_scarf,SAMPLING/8BIT/RGB/2400x2400/C00C00/img_2400x2400_3x8bit_C00C00_RGB_scarf.png,0832,DIV2K_valid_HR/0832.png,false,28,36,false,not_required,retain
img_2400x2400_3x8bit_C00C00_RGB_scarf,SAMPLING/8BIT/RGB/2400x2400/C00C00/img_2400x2400_3x8bit_C00C00_RGB_scarf.png,0833,DIV2K_valid_HR/0833.png,false,32,32,false,not_required,retain
img_2400x2400_3x8bit_C00C00_RGB_scarf,SAMPLING/8BIT/RGB/2400x2400/C00C00/img_2400x2400_3x8bit_C00C00_RGB_scarf.png,0834,DIV2K_valid_HR/0834.png,false,26,30,false,not_required,retain
img_2400x2400_3x8bit_C00C00_RGB_scarf,SAMPLING/8BIT/RGB/2400x2400/C00C00/img_2400x2400_3x8bit_C00C00_RGB_scarf.png,0835,DIV2K_valid_HR/0835.png,false,34,24,false,not_required,retain
img_2400x2400_3x8bit_C00C00_RGB_scarf,SAMPLING/8BIT/RGB/2400x2400/C00C00/img_2400x2400_3x8bit_C00C00_RGB_scarf.png,0836,DIV2K_valid_HR/0836.png,false,30,31,false,not_required,retain
img_2400x2400_3x8bit_C00C00_RGB_scarf,SAMPLING/8BIT/RGB/2400x2400/C00C00/img_2400x2400_3x8bit_C00C00_RGB_scarf.png,0837,DIV2K_valid_HR/0837.png,false,26,32,false,not_required,retain
img_2400x2400_3x8bit_C00C00_RGB_scarf,SAMPLING/8BIT/RGB/2400x2400/C00C00/img_2400x2400_3x8bit_C00C00_RGB_scarf.png,0838,DIV2K_valid_HR/0838.png,false,28,26,false,not_required,retain
img_2400x2400_3x8bit_C00C00_RGB_scarf,SAMPLING/8BIT/RGB/2400x2400/C00C00/img_2400x2400_3x8bit_C00C00_RGB_scarf.png,0839,DIV2K_valid_HR/0839.png,false,32,31,false,not_required,retain
img_2400x2400_3x8bit_C00C00_RGB_scarf,SAMPLING/8BIT/RGB/2400x2400/C00C00/img_2400x2400_3x8bit_C00C00_RGB_scarf.png,0840,DIV2K_valid_HR/0840.png,false,32,39,false,not_required,retain
img_2400x2400_3x8bit_C00C00_RGB_scarf,SAMPLING/8BIT/RGB/2400x2400/C00C00/img_2400x2400_3x8bit_C00C00_RGB_scarf.png,0841,DIV2K_valid_HR/0841.png,false,34,28,false,not_required,retain
img_2400x2400_3x8bit_C00C00_RGB_scarf,SAMPLING/8BIT/RGB/2400x2400/C00C00/img_2400x2400_3x8bit_C00C00_RGB_scarf.png,0842,DIV2K_valid_HR/0842.png,false,26,34,false,not_required,retain
img_2400x2400_3x8bit_C00C00_RGB_scarf,SAMPLING/8BIT/RGB/2400x2400/C00C00/img_2400x2400_3x8bit_C00C00_RGB_scarf.png,0843,DIV2K_valid_HR/0843.png,false,34,34,false,not_required,retain
img_2400x2400_3x8bit_C00C00_RGB_scarf,SAMPLING/8BIT/RGB/2400x2400/C00C00/img_2400x2400_3x8bit_C00C00_RGB_scarf.png,0844,DIV2K_valid_HR/0844.png,false,32,32,false,not_required,retain
img_2400x2400_3x8bit_C00C00_RGB_scarf,SAMPLING/8BIT/RGB/2400x2400/C00C00/img_2400x2400_3x8bit_C00C00_RGB_scarf.png,0845,DIV2K_valid_HR/0845.png,false,28,33,false,not_required,retain
img_2400x2400_3x8bit_C00C00_RGB_scarf,SAMPLING/8BIT/RGB/2400x2400/C00C00/img_2400x2400_3x8bit_C00C00_RGB_scarf.png,0846,DIV2K_valid_HR/0846.png,false,36,35,false,not_required,retain
img_2400x2400_3x8bit_C00C00_RGB_scarf,SAMPLING/8BIT/RGB/2400x2400/C00C00/img_2400x2400_3x8bit_C00C00_RGB_scarf.png,0847,DIV2K_valid_HR/0847.png,false,28,37,false,not_required,retain
img_2400x2400_3x8bit_C00C00_RGB_scarf,SAMPLING/8BIT/RGB/2400x2400/C00C00/img_2400x2400_3x8bit_C00C00_RGB_scarf.png,0848,DIV2K_valid_HR/0848.png,false,34,35,false,not_required,retain
img_2400x2400_3x8bit_C00C00_RGB_scarf,SAMPLING/8BIT/RGB/2400x2400/C00C00/img_2400x2400_3x8bit_C00C00_RGB_scarf.png,0849,DIV2K_valid_HR/0849.png,false,34,28,false,not_required,retain
img_2400x2400_3x8bit_C00C00_RGB_scarf,SAMPLING/8BIT/RGB/2400x2400/C00C00/img_2400x2400_3x8bit_C00C00_RGB_scarf.png,0850,DIV2K_valid_HR/0850.png,false,30,31,false,not_required,retain
img_2400x2400_3x8bit_C00C00_RGB_scarf,SAMPLING/8BIT/RGB/2400x2400/C00C00/img_2400x2400_3x8bit_C00C00_RGB_scarf.png,0851,DIV2K_valid_HR/0851.png,false,26,30,false,not_required,retain
img_2400x2400_3x8bit_C00C00_RGB_scarf,SAMPLING/8BIT/RGB/2400x2400/C00C00/img_2400x2400_3x8bit_C00C00_RGB_scarf.png,0852,DIV2K_valid_HR/0852.png,false,30,32,false,not_required,retain
img_2400x2400_3x8bit_C00C00_RGB_scarf,SAMPLING/8BIT/RGB/2400x2400/C00C00/img_2400x2400_3x8bit_C00C00_RGB_scarf.png,0853,DIV2K_valid_HR/0853.png,false,32,29,false,not_required,retain
img_2400x2400_3x8bit_C00C00_RGB_scarf,SAMPLING/8BIT/RGB/2400x2400/C00C00/img_2400x2400_3x8bit_C00C00_RGB_scarf.png,0854,DIV2K_valid_HR/0854.png,false,36,26,false,not_required,retain
img_2400x2400_3x8bit_C00C00_RGB_scarf,SAMPLING/8BIT/RGB/2400x2400/C00C00/img_2400x2400_3x8bit_C00C00_RGB_scarf.png,0855,DIV2K_valid_HR/0855.png,false,32,38,false,not_required,retain
img_2400x2400_3x8bit_C00C00_RGB_scarf,SAMPLING/8BIT/RGB/2400x2400/C00C00/img_2400x2400_3x8bit_C00C00_RGB_scarf.png,0856,DIV2K_valid_HR/0856.png,false,30,23,false,not_required,retain
img_2400x2400_3x8bit_C00C00_RGB_scarf,SAMPLING/8BIT/RGB/2400x2400/C00C00/img_2400x2400_3x8bit_C00C00_RGB_scarf.png,0857,DIV2K_valid_HR/0857.png,false,30,26,false,not_required,retain
img_2400x2400_3x8bit_C00C00_RGB_scarf,SAMPLING/8BIT/RGB/2400x2400/C00C00/img_2400x2400_3x8bit_C00C00_RGB_scarf.png,0858,DIV2K_valid_HR/0858.png,false,36,38,false,not_required,retain
img_2400x2400_3x8bit_C00C00_RGB_scarf,SAMPLING/8BIT/RGB/2400x2400/C00C00/img_2400x2400_3x8bit_C00C00_RGB_scarf.png,0859,DIV2K_valid_HR/0859.png,false,36,29,false,not_required,retain
img_2400x2400_3x8bit_C00C00_RGB_scarf,SAMPLING/8BIT/RGB/2400x2400/C00C00/img_2400x2400_3x8bit_C00C00_RGB_scarf.png,0860,DIV2K_valid_HR/0860.png,false,26,24,false,not_required,retain
img_2400x2400_3x8bit_C00C00_RGB_scarf,SAMPLING/8BIT/RGB/2400x2400/C00C00/img_2400x2400_3x8bit_C00C00_RGB_scarf.png,0861,DIV2K_valid_HR/0861.png,false,26,29,false,not_required,retain
img_2400x2400_3x8bit_C00C00_RGB_scarf,SAMPLING/8BIT/RGB/2400x2400/C00C00/img_2400x2400_3x8bit_C00C00_RGB_scarf.png,0862,DIV2K_valid_HR/0862.png,false,36,27,false,not_required,retain
img_2400x2400_3x8bit_C00C00_RGB_scarf,SAMPLING/8BIT/RGB/2400x2400/C00C00/img_2400x2400_3x8bit_C00C00_RGB_scarf.png,0863,DIV2K_valid_HR/0863.png,false,26,29,false,not_required,retain
img_2400x2400_3x8bit_C00C00_RGB_scarf,SAMPLING/8BIT/RGB/2400x2400/C00C00/img_2400x2400_3x8bit_C00C00_RGB_scarf.png,0864,DIV2K_valid_HR/0864.png,false,34,34,false,not_required,retain
img_2400x2400_3x8bit_C00C00_RGB_scarf,SAMPLING/8BIT/RGB/2400x2400/C00C00/img_2400x2400_3x8bit_C00C00_RGB_scarf.png,0865,DIV2K_valid_HR/0865.png,false,32,36,false,not_required,retain
img_2400x2400_3x8bit_C00C00_RGB_scarf,SAMPLING/8BIT/RGB/2400x2400/C00C00/img_2400x2400_3x8bit_C00C00_RGB_scarf.png,0866,DIV2K_valid_HR/0866.png,false,24,37,false,not_required,retain
img_2400x2400_3x8bit_C00C00_RGB_scarf,SAMPLING/8BIT/RGB/2400x2400/C00C00/img_2400x2400_3x8bit_C00C00_RGB_scarf.png,0867,DIV2K_valid_HR/0867.png,false,32,33,false,not_required,retain
img_2400x2400_3x8bit_C00C00_RGB_scarf,SAMPLING/8BIT/RGB/2400x2400/C00C00/img_2400x2400_3x8bit_C00C00_RGB_scarf.png,0868,DIV2K_valid_HR/0868.png,false,26,26,false,not_required,retain
img_2400x2400_3x8bit_C00C00_RGB_scarf,SAMPLING/8BIT/RGB/2400x2400/C00C00/img_2400x2400_3x8bit_C00C00_RGB_scarf.png,0869,DIV2K_valid_HR/0869.png,false,24,26,false,not_required,retain
img_2400x2400_3x8bit_C00C00_RGB_scarf,SAMPLING/8BIT/RGB/2400x2400/C00C00/img_2400x2400_3x8bit_C00C00_RGB_scarf.png,0870,DIV2K_valid_HR/0870.png,false,30,29,false,not_required,retain
img_2400x2400_3x8bit_C00C00_RGB_scarf,SAMPLING/8BIT/RGB/2400x2400/C00C00/img_2400x2400_3x8bit_C00C00_RGB_scarf.png,0871,DIV2K_valid_HR/0871.png,false,34,36,false,not_required,retain
img_2400x2400_3x8bit_C00C00_RGB_scarf,SAMPLING/8BIT/RGB/2400x2400/C00C00/img_2400x2400_3x8bit_C00C00_RGB_scarf.png,0872,DIV2K_valid_HR/0872.png,false,38,33,false,not_required,retain
img_2400x2400_3x8bit_C00C00_RGB_scarf,SAMPLING/8BIT/RGB/2400x2400/C00C00/img_2400x2400_3x8bit_C00C00_RGB_scarf.png,0873,DIV2K_valid_HR/0873.png,false,40,35,false,not_required,retain
img_2400x2400_3x8bit_C00C00_RGB_scarf,SAMPLING/8BIT/RGB/2400x2400/C00C00/img_2400x2400_3x8bit_C00C00_RGB_scarf.png,0874,DIV2K_valid_HR/0874.png,false,26,30,false,not_required,retain
img_2400x2400_3x8bit_C00C00_RGB_scarf,SAMPLING/8BIT/RGB/2400x2400/C00C00/img_2400x2400_3x8bit_C00C00_RGB_scarf.png,0875,DIV2K_valid_HR/0875.png,false,36,40,false,not_required,retain
img_2400x2400_3x8bit_C00C00_RGB_scarf,SAMPLING/8BIT/RGB/2400x2400/C00C00/img_2400x2400_3x8bit_C00C00_RGB_scarf.png,0876,DIV2K_valid_HR/0876.png,false,32,28,false,not_required,retain
img_2400x2400_3x8bit_C00C00_RGB_scarf,SAMPLING/8BIT/RGB/2400x2400/C00C00/img_2400x2400_3x8bit_C00C00_RGB_scarf.png,0877,DIV2K_valid_HR/0877.png,false,34,31,false,not_required,retain
img_2400x2400_3x8bit_C00C00_RGB_scarf,SAMPLING/8BIT/RGB/2400x2400/C00C00/img_2400x2400_3x8bit_C00C00_RGB_scarf.png,0878,DIV2K_valid_HR/0878.png,false,30,25,false,not_required,retain
img_2400x2400_3x8bit_C00C00_RGB_scarf,SAMPLING/8BIT/RGB/2400x2400/C00C00/img_2400x2400_3x8bit_C00C00_RGB_scarf.png,0879,DIV2K_valid_HR/0879.png,false,38,33,false,not_required,retain
img_2400x2400_3x8bit_C00C00_RGB_scarf,SAMPLING/8BIT/RGB/2400x2400/C00C00/img_2400x2400_3x8bit_C00C00_RGB_scarf.png,0880,DIV2K_valid_HR/0880.png,false,24,24,false,not_required,retain
img_2400x2400_3x8bit_C00C00_RGB_scarf,SAMPLING/8BIT/RGB/2400x2400/C00C00/img_2400x2400_3x8bit_C00C00_RGB_scarf.png,0881,DIV2K_valid_HR/0881.png,false,32,28,false,not_required,retain
img_2400x2400_3x8bit_C00C00_RGB_scarf,SAMPLING/8BIT/RGB/2400x2400/C00C00/img_2400x2400_3x8bit_C00C00_RGB_scarf.png,0882,DIV2K_valid_HR/0882.png,false,36,30,false,not_required,retain
img_2400x2400_3x8bit_C00C00_RGB_scarf,SAMPLING/8BIT/RGB/2400x2400/C00C00/img_2400x2400_3x8bit_C00C00_RGB_scarf.png,0883,DIV2K_valid_HR/0883.png,false,42,37,false,not_required,retain
img_2400x2400_3x8bit_C00C00_RGB_scarf,SAMPLING/8BIT/RGB/2400x2400/C00C00/img_2400x2400_3x8bit_C00C00_RGB_scarf.png,0884,DIV2K_valid_HR/0884.png,false,28,28,false,not_required,retain
img_2400x2400_3x8bit_C00C00_RGB_scarf,SAMPLING/8BIT/RGB/2400x2400/C00C00/img_2400x2400_3x8bit_C00C00_RGB_scarf.png,0885,DIV2K_valid_HR/0885.png,false,28,23,false,not_required,retain
img_2400x2400_3x8bit_C00C00_RGB_scarf,SAMPLING/8BIT/RGB/2400x2400/C00C00/img_2400x2400_3x8bit_C00C00_RGB_scarf.png,0886,DIV2K_valid_HR/0886.png,false,32,28,false,not_required,retain
img_2400x2400_3x8bit_C00C00_RGB_scarf,SAMPLING/8BIT/RGB/2400x2400/C00C00/img_2400x2400_3x8bit_C00C00_RGB_scarf.png,0887,DIV2K_valid_HR/0887.png,false,36,34,false,not_required,retain
img_2400x2400_3x8bit_C00C00_RGB_scarf,SAMPLING/8BIT/RGB/2400x2400/C00C00/img_2400x2400_3x8bit_C00C00_RGB_scarf.png,0888,DIV2K_valid_HR/0888.png,false,26,30,false,not_required,retain
img_2400x2400_3x8bit_C00C00_RGB_scarf,SAMPLING/8BIT/RGB/2400x2400/C00C00/img_2400x2400_3x8bit_C00C00_RGB_scarf.png,0889,DIV2K_valid_HR/0889.png,false,32,34,false,not_required,retain
img_2400x2400_3x8bit_C00C00_RGB_scarf,SAMPLING/8BIT/RGB/2400x2400/C00C00/img_2400x2400_3x8bit_C00C00_RGB_scarf.png,0890,DIV2K_valid_HR/0890.png,false,42,37,false,not_required,retain
img_2400x2400_3x8bit_C00C00_RGB_scarf,SAMPLING/8BIT/RGB/2400x2400/C00C00/img_2400x2400_3x8bit_C00C00_RGB_scarf.png,0891,DIV2K_valid_HR/0891.png,false,30,27,false,not_required,retain
img_2400x2400_3x8bit_C00C00_RGB_scarf,SAMPLING/8BIT/RGB/2400x2400/C00C00/img_2400x2400_3x8bit_C00C00_RGB_scarf.png,0892,DIV2K_valid_HR/0892.png,false,36,32,false,not_required,retain
img_2400x2400_3x8bit_C00C00_RGB_scarf,SAMPLING/8BIT/RGB/2400x2400/C00C00/img_2400x2400_3x8bit_C00C00_RGB_scarf.png,0893,DIV2K_valid_HR/0893.png,false,28,40,false,not_required,retain
img_2400x2400_3x8bit_C00C00_RGB_scarf,SAMPLING/8BIT/RGB/2400x2400/C00C00/img_2400x2400_3x8bit_C00C00_RGB_scarf.png,0894,DIV2K_valid_HR/0894.png,false,26,22,false,not_required,retain
img_2400x2400_3x8bit_C00C00_RGB_scarf,SAMPLING/8BIT/RGB/2400x2400/C00C00/img_2400x2400_3x8bit_C00C00_RGB_scarf.png,0895,DIV2K_valid_HR/0895.png,false,24,31,false,not_required,retain
img_2400x2400_3x8bit_C00C00_RGB_scarf,SAMPLING/8BIT/RGB/2400x2400/C00C00/img_2400x2400_3x8bit_C00C00_RGB_scarf.png,0896,DIV2K_valid_HR/0896.png,false,32,41,false,not_required,retain
img_2400x2400_3x8bit_C00C00_RGB_scarf,SAMPLING/8BIT/RGB/2400x2400/C00C00/img_2400x2400_3x8bit_C00C00_RGB_scarf.png,0897,DIV2K_valid_HR/0897.png,false,32,39,false,not_required,retain
img_2400x2400_3x8bit_C00C00_RGB_scarf,SAMPLING/8BIT/RGB/2400x2400/C00C00/img_2400x2400_3x8bit_C00C00_RGB_scarf.png,0898,DIV2K_valid_HR/0898.png,false,32,31,false,not_required,retain
img_2400x2400_3x8bit_C00C00_RGB_scarf,SAMPLING/8BIT/RGB/2400x2400/C00C00/img_2400x2400_3x8bit_C00C00_RGB_scarf.png,0899,DIV2K_valid_HR/0899.png,false,32,32,false,not_required,retain
img_2400x2400_3x8bit_C00C00_RGB_scarf,SAMPLING/8BIT/RGB/2400x2400/C00C00/img_2400x2400_3x8bit_C00C00_RGB_scarf.png,0900,DIV2K_valid_HR/0900.png,false,30,26,false,not_required,retain
img_2400x2400_3x8bit_C00C00_RGB_screws,SAMPLING/8BIT/RGB/2400x2400/C00C00/img_2400x2400_3x8bit_C00C00_RGB_screws.png,0805,DIV2K_valid_HR/0805.png,false,32,44,false,not_required,retain
img_2400x2400_3x8bit_C00C00_RGB_screws,SAMPLING/8BIT/RGB/2400x2400/C00C00/img_2400x2400_3x8bit_C00C00_RGB_screws.png,0806,DIV2K_valid_HR/0806.png,false,38,36,false,not_required,retain
img_2400x2400_3x8bit_C00C00_RGB_screws,SAMPLING/8BIT/RGB/2400x2400/C00C00/img_2400x2400_3x8bit_C00C00_RGB_screws.png,0807,DIV2K_valid_HR/0807.png,false,32,34,false,not_required,retain
img_2400x2400_3x8bit_C00C00_RGB_screws,SAMPLING/8BIT/RGB/2400x2400/C00C00/img_2400x2400_3x8bit_C00C00_RGB_screws.png,0808,DIV2K_valid_HR/0808.png,false,36,35,false,not_required,retain
img_2400x2400_3x8bit_C00C00_RGB_screws,SAMPLING/8BIT/RGB/2400x2400/C00C00/img_2400x2400_3x8bit_C00C00_RGB_screws.png,0809,DIV2K_valid_HR/0809.png,false,30,39,false,not_required,retain
img_2400x2400_3x8bit_C00C00_RGB_screws,SAMPLING/8BIT/RGB/2400x2400/C00C00/img_2400x2400_3x8bit_C00C00_RGB_screws.png,0810,DIV2K_valid_HR/0810.png,false,36,34,false,not_required,retain
img_2400x2400_3x8bit_C00C00_RGB_screws,SAMPLING/8BIT/RGB/2400x2400/C00C00/img_2400x2400_3x8bit_C00C00_RGB_screws.png,0811,DIV2K_valid_HR/0811.png,false,34,39,false,not_required,retain
img_2400x2400_3x8bit_C00C00_RGB_screws,SAMPLING/8BIT/RGB/2400x2400/C00C00/img_2400x2400_3x8bit_C00C00_RGB_screws.png,0812,DIV2K_valid_HR/0812.png,false,34,29,false,not_required,retain
img_2400x2400_3x8bit_C00C00_RGB_screws,SAMPLING/8BIT/RGB/2400x2400/C00C00/img_2400x2400_3x8bit_C00C00_RGB_screws.png,0813,DIV2K_valid_HR/0813.png,false,30,28,false,not_required,retain
img_2400x2400_3x8bit_C00C00_RGB_screws,SAMPLING/8BIT/RGB/2400x2400/C00C00/img_2400x2400_3x8bit_C00C00_RGB_screws.png,0814,DIV2K_valid_HR/0814.png,false,34,33,false,not_required,retain
img_2400x2400_3x8bit_C00C00_RGB_screws,SAMPLING/8BIT/RGB/2400x2400/C00C00/img_2400x2400_3x8bit_C00C00_RGB_screws.png,0815,DIV2K_valid_HR/0815.png,false,24,31,false,not_required,retain
img_2400x2400_3x8bit_C00C00_RGB_screws,SAMPLING/8BIT/RGB/2400x2400/C00C00/img_2400x2400_3x8bit_C00C00_RGB_screws.png,0816,DIV2K_valid_HR/0816.png,false,30,29,false,not_required,retain
img_2400x2400_3x8bit_C00C00_RGB_screws,SAMPLING/8BIT/RGB/2400x2400/C00C00/img_2400x2400_3x8bit_C00C00_RGB_screws.png,0817,DIV2K_valid_HR/0817.png,false,28,38,false,not_required,retain
img_2400x2400_3x8bit_C00C00_RGB_screws,SAMPLING/8BIT/RGB/2400x2400/C00C00/img_2400x2400_3x8bit_C00C00_RGB_screws.png,0818,DIV2K_valid_HR/0818.png,false,30,33,false,not_required,retain
img_2400x2400_3x8bit_C00C00_RGB_screws,SAMPLING/8BIT/RGB/2400x2400/C00C00/img_2400x2400_3x8bit_C00C00_RGB_screws.png,0819,DIV2K_valid_HR/0819.png,false,32,26,false,not_required,retain
img_2400x2400_3x8bit_C00C00_RGB_screws,SAMPLING/8BIT/RGB/2400x2400/C00C00/img_2400x2400_3x8bit_C00C00_RGB_screws.png,0820,DIV2K_valid_HR/0820.png,false,28,41,false,not_required,retain
img_2400x2400_3x8bit_C00C00_RGB_screws,SAMPLING/8BIT/RGB/2400x2400/C00C00/img_2400x2400_3x8bit_C00C00_RGB_screws.png,0821,DIV2K_valid_HR/0821.png,false,28,26,false,not_required,retain
img_2400x2400_3x8bit_C00C00_RGB_screws,SAMPLING/8BIT/RGB/2400x2400/C00C00/img_2400x2400_3x8bit_C00C00_RGB_screws.png,0822,DIV2K_valid_HR/0822.png,false,34,30,false,not_required,retain
img_2400x2400_3x8bit_C00C00_RGB_screws,SAMPLING/8BIT/RGB/2400x2400/C00C00/img_2400x2400_3x8bit_C00C00_RGB_screws.png,0823,DIV2K_valid_HR/0823.png,false,24,38,false,not_required,retain
img_2400x2400_3x8bit_C00C00_RGB_screws,SAMPLING/8BIT/RGB/2400x2400/C00C00/img_2400x2400_3x8bit_C00C00_RGB_screws.png,0824,DIV2K_valid_HR/0824.png,false,34,28,false,not_required,retain
img_2400x2400_3x8bit_C00C00_RGB_screws,SAMPLING/8BIT/RGB/2400x2400/C00C00/img_2400x2400_3x8bit_C00C00_RGB_screws.png,0825,DIV2K_valid_HR/0825.png,false,34,37,false,not_required,retain
img_2400x2400_3x8bit_C00C00_RGB_screws,SAMPLING/8BIT/RGB/2400x2400/C00C00/img_2400x2400_3x8bit_C00C00_RGB_screws.png,0826,DIV2K_valid_HR/0826.png,false,30,33,false,not_required,retain
img_2400x2400_3x8bit_C00C00_RGB_screws,SAMPLING/8BIT/RGB/2400x2400/C00C00/img_2400x2400_3x8bit_C00C00_RGB_screws.png,0827,DIV2K_valid_HR/0827.png,false,34,36,false,not_required,retain
img_2400x2400_3x8bit_C00C00_RGB_screws,SAMPLING/8BIT/RGB/2400x2400/C00C00/img_2400x2400_3x8bit_C00C00_RGB_screws.png,0828,DIV2K_valid_HR/0828.png,false,24,41,false,not_required,retain
img_2400x2400_3x8bit_C00C00_RGB_screws,SAMPLING/8BIT/RGB/2400x2400/C00C00/img_2400x2400_3x8bit_C00C00_RGB_screws.png,0829,DIV2K_valid_HR/0829.png,false,32,39,false,not_required,retain
img_2400x2400_3x8bit_C00C00_RGB_screws,SAMPLING/8BIT/RGB/2400x2400/C00C00/img_2400x2400_3x8bit_C00C00_RGB_screws.png,0830,DIV2K_valid_HR/0830.png,false,32,23,false,not_required,retain
img_2400x2400_3x8bit_C00C00_RGB_screws,SAMPLING/8BIT/RGB/2400x2400/C00C00/img_2400x2400_3x8bit_C00C00_RGB_screws.png,0831,DIV2K_valid_HR/0831.png,false,30,29,false,not_required,retain
img_2400x2400_3x8bit_C00C00_RGB_screws,SAMPLING/8BIT/RGB/2400x2400/C00C00/img_2400x2400_3x8bit_C00C00_RGB_screws.png,0832,DIV2K_valid_HR/0832.png,false,30,25,false,not_required,retain
img_2400x2400_3x8bit_C00C00_RGB_screws,SAMPLING/8BIT/RGB/2400x2400/C00C00/img_2400x2400_3x8bit_C00C00_RGB_screws.png,0833,DIV2K_valid_HR/0833.png,false,30,29,false,not_required,retain
img_2400x2400_3x8bit_C00C00_RGB_screws,SAMPLING/8BIT/RGB/2400x2400/C00C00/img_2400x2400_3x8bit_C00C00_RGB_screws.png,0834,DIV2K_valid_HR/0834.png,false,34,25,false,not_required,retain
img_2400x2400_3x8bit_C00C00_RGB_screws,SAMPLING/8BIT/RGB/2400x2400/C00C00/img_2400x2400_3x8bit_C00C00_RGB_screws.png,0835,DIV2K_valid_HR/0835.png,false,24,33,false,not_required,retain
img_2400x2400_3x8bit_C00C00_RGB_screws,SAMPLING/8BIT/RGB/2400x2400/C00C00/img_2400x2400_3x8bit_C00C00_RGB_screws.png,0836,DIV2K_valid_HR/0836.png,false,26,22,false,not_required,retain
img_2400x2400_3x8bit_C00C00_RGB_screws,SAMPLING/8BIT/RGB/2400x2400/C00C00/img_2400x2400_3x8bit_C00C00_RGB_screws.png,0837,DIV2K_valid_HR/0837.png,false,30,35,false,not_required,retain
img_2400x2400_3x8bit_C00C00_RGB_screws,SAMPLING/8BIT/RGB/2400x2400/C00C00/img_2400x2400_3x8bit_C00C00_RGB_screws.png,0838,DIV2K_valid_HR/0838.png,false,30,33,false,not_required,retain
img_2400x2400_3x8bit_C00C00_RGB_screws,SAMPLING/8BIT/RGB/2400x2400/C00C00/img_2400x2400_3x8bit_C00C00_RGB_screws.png,0839,DIV2K_valid_HR/0839.png,false,36,42,false,not_required,retain
img_2400x2400_3x8bit_C00C00_RGB_screws,SAMPLING/8BIT/RGB/2400x2400/C00C00/img_2400x2400_3x8bit_C00C00_RGB_screws.png,0840,DIV2K_valid_HR/0840.png,false,30,40,false,not_required,retain
img_2400x2400_3x8bit_C00C00_RGB_screws,SAMPLING/8BIT/RGB/2400x2400/C00C00/img_2400x2400_3x8bit_C00C00_RGB_screws.png,0841,DIV2K_valid_HR/0841.png,false,26,31,false,not_required,retain
img_2400x2400_3x8bit_C00C00_RGB_screws,SAMPLING/8BIT/RGB/2400x2400/C00C00/img_2400x2400_3x8bit_C00C00_RGB_screws.png,0842,DIV2K_valid_HR/0842.png,false,20,33,false,not_required,retain
img_2400x2400_3x8bit_C00C00_RGB_screws,SAMPLING/8BIT/RGB/2400x2400/C00C00/img_2400x2400_3x8bit_C00C00_RGB_screws.png,0843,DIV2K_valid_HR/0843.png,false,32,27,false,not_required,retain
img_2400x2400_3x8bit_C00C00_RGB_screws,SAMPLING/8BIT/RGB/2400x2400/C00C00/img_2400x2400_3x8bit_C00C00_RGB_screws.png,0844,DIV2K_valid_HR/0844.png,false,30,37,false,not_required,retain
img_2400x2400_3x8bit_C00C00_RGB_screws,SAMPLING/8BIT/RGB/2400x2400/C00C00/img_2400x2400_3x8bit_C00C00_RGB_screws.png,0845,DIV2K_valid_HR/0845.png,false,36,38,false,not_required,retain
img_2400x2400_3x8bit_C00C00_RGB_screws,SAMPLING/8BIT/RGB/2400x2400/C00C00/img_2400x2400_3x8bit_C00C00_RGB_screws.png,0846,DIV2K_valid_HR/0846.png,false,28,36,false,not_required,retain
img_2400x2400_3x8bit_C00C00_RGB_screws,SAMPLING/8BIT/RGB/2400x2400/C00C00/img_2400x2400_3x8bit_C00C00_RGB_screws.png,0847,DIV2K_valid_HR/0847.png,false,26,32,false,not_required,retain
img_2400x2400_3x8bit_C00C00_RGB_screws,SAMPLING/8BIT/RGB/2400x2400/C00C00/img_2400x2400_3x8bit_C00C00_RGB_screws.png,0848,DIV2K_valid_HR/0848.png,false,42,34,false,not_required,retain
img_2400x2400_3x8bit_C00C00_RGB_screws,SAMPLING/8BIT/RGB/2400x2400/C00C00/img_2400x2400_3x8bit_C00C00_RGB_screws.png,0849,DIV2K_valid_HR/0849.png,false,34,33,false,not_required,retain
img_2400x2400_3x8bit_C00C00_RGB_screws,SAMPLING/8BIT/RGB/2400x2400/C00C00/img_2400x2400_3x8bit_C00C00_RGB_screws.png,0850,DIV2K_valid_HR/0850.png,false,30,44,false,not_required,retain
img_2400x2400_3x8bit_C00C00_RGB_screws,SAMPLING/8BIT/RGB/2400x2400/C00C00/img_2400x2400_3x8bit_C00C00_RGB_screws.png,0851,DIV2K_valid_HR/0851.png,false,36,35,false,not_required,retain
img_2400x2400_3x8bit_C00C00_RGB_screws,SAMPLING/8BIT/RGB/2400x2400/C00C00/img_2400x2400_3x8bit_C00C00_RGB_screws.png,0852,DIV2K_valid_HR/0852.png,false,26,33,false,not_required,retain
img_2400x2400_3x8bit_C00C00_RGB_screws,SAMPLING/8BIT/RGB/2400x2400/C00C00/img_2400x2400_3x8bit_C00C00_RGB_screws.png,0853,DIV2K_valid_HR/0853.png,false,28,36,false,not_required,retain
img_2400x2400_3x8bit_C00C00_RGB_screws,SAMPLING/8BIT/RGB/2400x2400/C00C00/img_2400x2400_3x8bit_C00C00_RGB_screws.png,0854,DIV2K_valid_HR/0854.png,false,34,37,false,not_required,retain
img_2400x2400_3x8bit_C00C00_RGB_screws,SAMPLING/8BIT/RGB/2400x2400/C00C00/img_2400x2400_3x8bit_C00C00_RGB_screws.png,0855,DIV2K_valid_HR/0855.png,false,32,27,false,not_required,retain
img_2400x2400_3x8bit_C00C00_RGB_screws,SAMPLING/8BIT/RGB/2400x2400/C00C00/img_2400x2400_3x8bit_C00C00_RGB_screws.png,0856,DIV2K_valid_HR/0856.png,false,32,44,false,not_required,retain
img_2400x2400_3x8bit_C00C00_RGB_screws,SAMPLING/8BIT/RGB/2400x2400/C00C00/img_2400x2400_3x8bit_C00C00_RGB_screws.png,0857,DIV2K_valid_HR/0857.png,false,34,39,false,not_required,retain
img_2400x2400_3x8bit_C00C00_RGB_screws,SAMPLING/8BIT/RGB/2400x2400/C00C00/img_2400x2400_3x8bit_C00C00_RGB_screws.png,0858,DIV2K_valid_HR/0858.png,false,38,31,false,not_required,retain
img_2400x2400_3x8bit_C00C00_RGB_screws,SAMPLING/8BIT/RGB/2400x2400/C00C00/img_2400x2400_3x8bit_C00C00_RGB_screws.png,0859,DIV2K_valid_HR/0859.png,false,36,34,false,not_required,retain
img_2400x2400_3x8bit_C00C00_RGB_screws,SAMPLING/8BIT/RGB/2400x2400/C00C00/img_2400x2400_3x8bit_C00C00_RGB_screws.png,0860,DIV2K_valid_HR/0860.png,false,40,41,false,not_required,retain
img_2400x2400_3x8bit_C00C00_RGB_screws,SAMPLING/8BIT/RGB/2400x2400/C00C00/img_2400x2400_3x8bit_C00C00_RGB_screws.png,0861,DIV2K_valid_HR/0861.png,false,20,42,false,not_required,retain
img_2400x2400_3x8bit_C00C00_RGB_screws,SAMPLING/8BIT/RGB/2400x2400/C00C00/img_2400x2400_3x8bit_C00C00_RGB_screws.png,0862,DIV2K_valid_HR/0862.png,false,28,38,false,not_required,retain
img_2400x2400_3x8bit_C00C00_RGB_screws,SAMPLING/8BIT/RGB/2400x2400/C00C00/img_2400x2400_3x8bit_C00C00_RGB_screws.png,0863,DIV2K_valid_HR/0863.png,false,34,30,false,not_required,retain
img_2400x2400_3x8bit_C00C00_RGB_screws,SAMPLING/8BIT/RGB/2400x2400/C00C00/img_2400x2400_3x8bit_C00C00_RGB_screws.png,0864,DIV2K_valid_HR/0864.png,false,32,39,false,not_required,retain
img_2400x2400_3x8bit_C00C00_RGB_screws,SAMPLING/8BIT/RGB/2400x2400/C00C00/img_2400x2400_3x8bit_C00C00_RGB_screws.png,0865,DIV2K_valid_HR/0865.png,false,22,25,false,not_required,retain
img_2400x2400_3x8bit_C00C00_RGB_screws,SAMPLING/8BIT/RGB/2400x2400/C00C00/img_2400x2400_3x8bit_C00C00_RGB_screws.png,0866,DIV2K_valid_HR/0866.png,false,40,38,false,not_required,retain
img_2400x2400_3x8bit_C00C00_RGB_screws,SAMPLING/8BIT/RGB/2400x2400/C00C00/img_2400x2400_3x8bit_C00C00_RGB_screws.png,0867,DIV2K_valid_HR/0867.png,false,30,42,false,not_required,retain
img_2400x2400_3x8bit_C00C00_RGB_screws,SAMPLING/8BIT/RGB/2400x2400/C00C00/img_2400x2400_3x8bit_C00C00_RGB_screws.png,0868,DIV2K_valid_HR/0868.png,false,30,35,false,not_required,retain
img_2400x2400_3x8bit_C00C00_RGB_screws,SAMPLING/8BIT/RGB/2400x2400/C00C00/img_2400x2400_3x8bit_C00C00_RGB_screws.png,0869,DIV2K_valid_HR/0869.png,false,28,37,false,not_required,retain
img_2400x2400_3x8bit_C00C00_RGB_screws,SAMPLING/8BIT/RGB/2400x2400/C00C00/img_2400x2400_3x8bit_C00C00_RGB_screws.png,0870,DIV2K_valid_HR/0870.png,false,18,32,false,not_required,retain
img_2400x2400_3x8bit_C00C00_RGB_screws,SAMPLING/8BIT/RGB/2400x2400/C00C00/img_2400x2400_3x8bit_C00C00_RGB_screws.png,0871,DIV2K_valid_HR/0871.png,false,32,37,false,not_required,retain
img_2400x2400_3x8bit_C00C00_RGB_screws,SAMPLING/8BIT/RGB/2400x2400/C00C00/img_2400x2400_3x8bit_C00C00_RGB_screws.png,0872,DIV2K_valid_HR/0872.png,false,34,40,false,not_required,retain
img_2400x2400_3x8bit_C00C00_RGB_screws,SAMPLING/8BIT/RGB/2400x2400/C00C00/img_2400x2400_3x8bit_C00C00_RGB_screws.png,0873,DIV2K_valid_HR/0873.png,false,38,36,false,not_required,retain
img_2400x2400_3x8bit_C00C00_RGB_screws,SAMPLING/8BIT/RGB/2400x2400/C00C00/img_2400x2400_3x8bit_C00C00_RGB_screws.png,0874,DIV2K_valid_HR/0874.png,false,34,29,false,not_required,retain
img_2400x2400_3x8bit_C00C00_RGB_screws,SAMPLING/8BIT/RGB/2400x2400/C00C00/img_2400x2400_3x8bit_C00C00_RGB_screws.png,0875,DIV2K_valid_HR/0875.png,false,34,37,false,not_required,retain
img_2400x2400_3x8bit_C00C00_RGB_screws,SAMPLING/8BIT/RGB/2400x2400/C00C00/img_2400x2400_3x8bit_C00C00_RGB_screws.png,0876,DIV2K_valid_HR/0876.png,false,34,29,false,not_required,retain
img_2400x2400_3x8bit_C00C00_RGB_screws,SAMPLING/8BIT/RGB/2400x2400/C00C00/img_2400x2400_3x8bit_C00C00_RGB_screws.png,0877,DIV2K_valid_HR/0877.png,false,32,34,false,not_required,retain
img_2400x2400_3x8bit_C00C00_RGB_screws,SAMPLING/8BIT/RGB/2400x2400/C00C00/img_2400x2400_3x8bit_C00C00_RGB_screws.png,0878,DIV2K_valid_HR/0878.png,false,28,36,false,not_required,retain
img_2400x2400_3x8bit_C00C00_RGB_screws,SAMPLING/8BIT/RGB/2400x2400/C00C00/img_2400x2400_3x8bit_C00C00_RGB_screws.png,0879,DIV2K_valid_HR/0879.png,false,36,34,false,not_required,retain
img_2400x2400_3x8bit_C00C00_RGB_screws,SAMPLING/8BIT/RGB/2400x2400/C00C00/img_2400x2400_3x8bit_C00C00_RGB_screws.png,0880,DIV2K_valid_HR/0880.png,false,28,29,false,not_required,retain
img_2400x2400_3x8bit_C00C00_RGB_screws,SAMPLING/8BIT/RGB/2400x2400/C00C00/img_2400x2400_3x8bit_C00C00_RGB_screws.png,0881,DIV2K_valid_HR/0881.png,false,34,29,false,not_required,retain
img_2400x2400_3x8bit_C00C00_RGB_screws,SAMPLING/8BIT/RGB/2400x2400/C00C00/img_2400x2400_3x8bit_C00C00_RGB_screws.png,0882,DIV2K_valid_HR/0882.png,false,34,25,false,not_required,retain
img_2400x2400_3x8bit_C00C00_RGB_screws,SAMPLING/8BIT/RGB/2400x2400/C00C00/img_2400x2400_3x8bit_C00C00_RGB_screws.png,0883,DIV2K_valid_HR/0883.png,false,34,38,false,not_required,retain
img_2400x2400_3x8bit_C00C00_RGB_screws,SAMPLING/8BIT/RGB/2400x2400/C00C00/img_2400x2400_3x8bit_C00C00_RGB_screws.png,0884,DIV2K_valid_HR/0884.png,false,32,41,false,not_required,retain
img_2400x2400_3x8bit_C00C00_RGB_screws,SAMPLING/8BIT/RGB/2400x2400/C00C00/img_2400x2400_3x8bit_C00C00_RGB_screws.png,0885,DIV2K_valid_HR/0885.png,false,30,36,false,not_required,retain
img_2400x2400_3x8bit_C00C00_RGB_screws,SAMPLING/8BIT/RGB/2400x2400/C00C00/img_2400x2400_3x8bit_C00C00_RGB_screws.png,0886,DIV2K_valid_HR/0886.png,false,26,33,false,not_required,retain
img_2400x2400_3x8bit_C00C00_RGB_screws,SAMPLING/8BIT/RGB/2400x2400/C00C00/img_2400x2400_3x8bit_C00C00_RGB_screws.png,0887,DIV2K_valid_HR/0887.png,false,38,43,false,not_required,retain
img_2400x2400_3x8bit_C00C00_RGB_screws,SAMPLING/8BIT/RGB/2400x2400/C00C00/img_2400x2400_3x8bit_C00C00_RGB_screws.png,0888,DIV2K_valid_HR/0888.png,false,30,23,false,not_required,retain
img_2400x2400_3x8bit_C00C00_RGB_screws,SAMPLING/8BIT/RGB/2400x2400/C00C00/img_2400x2400_3x8bit_C00C00_RGB_screws.png,0889,DIV2K_valid_HR/0889.png,false,34,31,false,not_required,retain
img_2400x2400_3x8bit_C00C00_RGB_screws,SAMPLING/8BIT/RGB/2400x2400/C00C00/img_2400x2400_3x8bit_C00C00_RGB_screws.png,0890,DIV2K_valid_HR/0890.png,false,26,36,false,not_required,retain
img_2400x2400_3x8bit_C00C00_RGB_screws,SAMPLING/8BIT/RGB/2400x2400/C00C00/img_2400x2400_3x8bit_C00C00_RGB_screws.png,0891,DIV2K_valid_HR/0891.png,false,30,34,false,not_required,retain
img_2400x2400_3x8bit_C00C00_RGB_screws,SAMPLING/8BIT/RGB/2400x2400/C00C00/img_2400x2400_3x8bit_C00C00_RGB_screws.png,0892,DIV2K_valid_HR/0892.png,false,34,43,false,not_required,retain
img_2400x2400_3x8bit_C00C00_RGB_screws,SAMPLING/8BIT/RGB/2400x2400/C00C00/img_2400x2400_3x8bit_C00C00_RGB_screws.png,0893,DIV2K_valid_HR/0893.png,false,36,37,false,not_required,retain
img_2400x2400_3x8bit_C00C00_RGB_screws,SAMPLING/8BIT/RGB/2400x2400/C00C00/img_2400x2400_3x8bit_C00C00_RGB_screws.png,0894,DIV2K_valid_HR/0894.png,false,34,27,false,not_required,retain
img_2400x2400_3x8bit_C00C00_RGB_screws,SAMPLING/8BIT/RGB/2400x2400/C00C00/img_2400x2400_3x8bit_C00C00_RGB_screws.png,0895,DIV2K_valid_HR/0895.png,false,30,32,false,not_required,retain
img_2400x2400_3x8bit_C00C00_RGB_screws,SAMPLING/8BIT/RGB/2400x2400/C00C00/img_2400x2400_3x8bit_C00C00_RGB_screws.png,0896,DIV2K_valid_HR/0896.png,false,28,32,false,not_required,retain
img_2400x2400_3x8bit_C00C00_RGB_screws,SAMPLING/8BIT/RGB/2400x2400/C00C00/img_2400x2400_3x8bit_C00C00_RGB_screws.png,0897,DIV2K_valid_HR/0897.png,false,34,36,false,not_required,retain
img_2400x2400_3x8bit_C00C00_RGB_screws,SAMPLING/8BIT/RGB/2400x2400/C00C00/img_2400x2400_3x8bit_C00C00_RGB_screws.png,0898,DIV2K_valid_HR/0898.png,false,26,42,false,not_required,retain
img_2400x2400_3x8bit_C00C00_RGB_screws,SAMPLING/8BIT/RGB/2400x2400/C00C00/img_2400x2400_3x8bit_C00C00_RGB_screws.png,0899,DIV2K_valid_HR/0899.png,false,36,45,false,not_required,retain
img_2400x2400_3x8bit_C00C00_RGB_screws,SAMPLING/8BIT/RGB/2400x2400/C00C00/img_2400x2400_3x8bit_C00C00_RGB_screws.png,0900,DIV2K_valid_HR/0900.png,false,28,37,false,not_required,retain
img_2400x2400_3x8bit_C00C00_RGB_snails,SAMPLING/8BIT/RGB/2400x2400/C00C00/img_2400x2400_3x8bit_C00C00_RGB_snails.png,0805,DIV2K_valid_HR/0805.png,false,36,35,false,not_required,retain
img_2400x2400_3x8bit_C00C00_RGB_snails,SAMPLING/8BIT/RGB/2400x2400/C00C00/img_2400x2400_3x8bit_C00C00_RGB_snails.png,0806,DIV2K_valid_HR/0806.png,false,24,31,false,not_required,retain
img_2400x2400_3x8bit_C00C00_RGB_snails,SAMPLING/8BIT/RGB/2400x2400/C00C00/img_2400x2400_3x8bit_C00C00_RGB_snails.png,0807,DIV2K_valid_HR/0807.png,false,30,29,false,not_required,retain
img_2400x2400_3x8bit_C00C00_RGB_snails,SAMPLING/8BIT/RGB/2400x2400/C00C00/img_2400x2400_3x8bit_C00C00_RGB_snails.png,0808,DIV2K_valid_HR/0808.png,false,34,28,false,not_required,retain
img_2400x2400_3x8bit_C00C00_RGB_snails,SAMPLING/8BIT/RGB/2400x2400/C00C00/img_2400x2400_3x8bit_C00C00_RGB_snails.png,0809,DIV2K_valid_HR/0809.png,false,34,38,false,not_required,retain
img_2400x2400_3x8bit_C00C00_RGB_snails,SAMPLING/8BIT/RGB/2400x2400/C00C00/img_2400x2400_3x8bit_C00C00_RGB_snails.png,0810,DIV2K_valid_HR/0810.png,false,42,33,false,not_required,retain
img_2400x2400_3x8bit_C00C00_RGB_snails,SAMPLING/8BIT/RGB/2400x2400/C00C00/img_2400x2400_3x8bit_C00C00_RGB_snails.png,0811,DIV2K_valid_HR/0811.png,false,38,32,false,not_required,retain
img_2400x2400_3x8bit_C00C00_RGB_snails,SAMPLING/8BIT/RGB/2400x2400/C00C00/img_2400x2400_3x8bit_C00C00_RGB_snails.png,0812,DIV2K_valid_HR/0812.png,false,36,32,false,not_required,retain
img_2400x2400_3x8bit_C00C00_RGB_snails,SAMPLING/8BIT/RGB/2400x2400/C00C00/img_2400x2400_3x8bit_C00C00_RGB_snails.png,0813,DIV2K_valid_HR/0813.png,false,36,31,false,not_required,retain
img_2400x2400_3x8bit_C00C00_RGB_snails,SAMPLING/8BIT/RGB/2400x2400/C00C00/img_2400x2400_3x8bit_C00C00_RGB_snails.png,0814,DIV2K_valid_HR/0814.png,false,30,34,false,not_required,retain
img_2400x2400_3x8bit_C00C00_RGB_snails,SAMPLING/8BIT/RGB/2400x2400/C00C00/img_2400x2400_3x8bit_C00C00_RGB_snails.png,0815,DIV2K_valid_HR/0815.png,false,32,36,false,not_required,retain
img_2400x2400_3x8bit_C00C00_RGB_snails,SAMPLING/8BIT/RGB/2400x2400/C00C00/img_2400x2400_3x8bit_C00C00_RGB_snails.png,0816,DIV2K_valid_HR/0816.png,false,30,32,false,not_required,retain
img_2400x2400_3x8bit_C00C00_RGB_snails,SAMPLING/8BIT/RGB/2400x2400/C00C00/img_2400x2400_3x8bit_C00C00_RGB_snails.png,0817,DIV2K_valid_HR/0817.png,false,34,45,false,not_required,retain
img_2400x2400_3x8bit_C00C00_RGB_snails,SAMPLING/8BIT/RGB/2400x2400/C00C00/img_2400x2400_3x8bit_C00C00_RGB_snails.png,0818,DIV2K_valid_HR/0818.png,false,32,28,false,not_required,retain
img_2400x2400_3x8bit_C00C00_RGB_snails,SAMPLING/8BIT/RGB/2400x2400/C00C00/img_2400x2400_3x8bit_C00C00_RGB_snails.png,0819,DIV2K_valid_HR/0819.png,false,34,27,false,not_required,retain
img_2400x2400_3x8bit_C00C00_RGB_snails,SAMPLING/8BIT/RGB/2400x2400/C00C00/img_2400x2400_3x8bit_C00C00_RGB_snails.png,0820,DIV2K_valid_HR/0820.png,false,36,38,false,not_required,retain
img_2400x2400_3x8bit_C00C00_RGB_snails,SAMPLING/8BIT/RGB/2400x2400/C00C00/img_2400x2400_3x8bit_C00C00_RGB_snails.png,0821,DIV2K_valid_HR/0821.png,false,36,35,false,not_required,retain
img_2400x2400_3x8bit_C00C00_RGB_snails,SAMPLING/8BIT/RGB/2400x2400/C00C00/img_2400x2400_3x8bit_C00C00_RGB_snails.png,0822,DIV2K_valid_HR/0822.png,false,28,27,false,not_required,retain
img_2400x2400_3x8bit_C00C00_RGB_snails,SAMPLING/8BIT/RGB/2400x2400/C00C00/img_2400x2400_3x8bit_C00C00_RGB_snails.png,0823,DIV2K_valid_HR/0823.png,false,36,39,false,not_required,retain
img_2400x2400_3x8bit_C00C00_RGB_snails,SAMPLING/8BIT/RGB/2400x2400/C00C00/img_2400x2400_3x8bit_C00C00_RGB_snails.png,0824,DIV2K_valid_HR/0824.png,false,34,33,false,not_required,retain
img_2400x2400_3x8bit_C00C00_RGB_snails,SAMPLING/8BIT/RGB/2400x2400/C00C00/img_2400x2400_3x8bit_C00C00_RGB_snails.png,0825,DIV2K_valid_HR/0825.png,false,34,28,false,not_required,retain
img_2400x2400_3x8bit_C00C00_RGB_snails,SAMPLING/8BIT/RGB/2400x2400/C00C00/img_2400x2400_3x8bit_C00C00_RGB_snails.png,0826,DIV2K_valid_HR/0826.png,false,34,28,false,not_required,retain
img_2400x2400_3x8bit_C00C00_RGB_snails,SAMPLING/8BIT/RGB/2400x2400/C00C00/img_2400x2400_3x8bit_C00C00_RGB_snails.png,0827,DIV2K_valid_HR/0827.png,false,36,35,false,not_required,retain
img_2400x2400_3x8bit_C00C00_RGB_snails,SAMPLING/8BIT/RGB/2400x2400/C00C00/img_2400x2400_3x8bit_C00C00_RGB_snails.png,0828,DIV2K_valid_HR/0828.png,false,24,30,false,not_required,retain
img_2400x2400_3x8bit_C00C00_RGB_snails,SAMPLING/8BIT/RGB/2400x2400/C00C00/img_2400x2400_3x8bit_C00C00_RGB_snails.png,0829,DIV2K_valid_HR/0829.png,false,34,38,false,not_required,retain
img_2400x2400_3x8bit_C00C00_RGB_snails,SAMPLING/8BIT/RGB/2400x2400/C00C00/img_2400x2400_3x8bit_C00C00_RGB_snails.png,0830,DIV2K_valid_HR/0830.png,false,26,24,false,not_required,retain
img_2400x2400_3x8bit_C00C00_RGB_snails,SAMPLING/8BIT/RGB/2400x2400/C00C00/img_2400x2400_3x8bit_C00C00_RGB_snails.png,0831,DIV2K_valid_HR/0831.png,false,30,34,false,not_required,retain
img_2400x2400_3x8bit_C00C00_RGB_snails,SAMPLING/8BIT/RGB/2400x2400/C00C00/img_2400x2400_3x8bit_C00C00_RGB_snails.png,0832,DIV2K_valid_HR/0832.png,false,28,32,false,not_required,retain
img_2400x2400_3x8bit_C00C00_RGB_snails,SAMPLING/8BIT/RGB/2400x2400/C00C00/img_2400x2400_3x8bit_C00C00_RGB_snails.png,0833,DIV2K_valid_HR/0833.png,false,34,38,false,not_required,retain
img_2400x2400_3x8bit_C00C00_RGB_snails,SAMPLING/8BIT/RGB/2400x2400/C00C00/img_2400x2400_3x8bit_C00C00_RGB_snails.png,0834,DIV2K_valid_HR/0834.png,false,32,30,false,not_required,retain
img_2400x2400_3x8bit_C00C00_RGB_snails,SAMPLING/8BIT/RGB/2400x2400/C00C00/img_2400x2400_3x8bit_C00C00_RGB_snails.png,0835,DIV2K_valid_HR/0835.png,false,32,36,false,not_required,retain
img_2400x2400_3x8bit_C00C00_RGB_snails,SAMPLING/8BIT/RGB/2400x2400/C00C00/img_2400x2400_3x8bit_C00C00_RGB_snails.png,0836,DIV2K_valid_HR/0836.png,false,28,25,false,not_required,retain
img_2400x2400_3x8bit_C00C00_RGB_snails,SAMPLING/8BIT/RGB/2400x2400/C00C00/img_2400x2400_3x8bit_C00C00_RGB_snails.png,0837,DIV2K_valid_HR/0837.png,false,36,32,false,not_required,retain
img_2400x2400_3x8bit_C00C00_RGB_snails,SAMPLING/8BIT/RGB/2400x2400/C00C00/img_2400x2400_3x8bit_C00C00_RGB_snails.png,0838,DIV2K_valid_HR/0838.png,false,26,26,false,not_required,retain
img_2400x2400_3x8bit_C00C00_RGB_snails,SAMPLING/8BIT/RGB/2400x2400/C00C00/img_2400x2400_3x8bit_C00C00_RGB_snails.png,0839,DIV2K_valid_HR/0839.png,false,34,39,false,not_required,retain
img_2400x2400_3x8bit_C00C00_RGB_snails,SAMPLING/8BIT/RGB/2400x2400/C00C00/img_2400x2400_3x8bit_C00C00_RGB_snails.png,0840,DIV2K_valid_HR/0840.png,false,26,33,false,not_required,retain
img_2400x2400_3x8bit_C00C00_RGB_snails,SAMPLING/8BIT/RGB/2400x2400/C00C00/img_2400x2400_3x8bit_C00C00_RGB_snails.png,0841,DIV2K_valid_HR/0841.png,false,32,30,false,not_required,retain
img_2400x2400_3x8bit_C00C00_RGB_snails,SAMPLING/8BIT/RGB/2400x2400/C00C00/img_2400x2400_3x8bit_C00C00_RGB_snails.png,0842,DIV2K_valid_HR/0842.png,false,30,34,false,not_required,retain
img_2400x2400_3x8bit_C00C00_RGB_snails,SAMPLING/8BIT/RGB/2400x2400/C00C00/img_2400x2400_3x8bit_C00C00_RGB_snails.png,0843,DIV2K_valid_HR/0843.png,false,34,28,false,not_required,retain
img_2400x2400_3x8bit_C00C00_RGB_snails,SAMPLING/8BIT/RGB/2400x2400/C00C00/img_2400x2400_3x8bit_C00C00_RGB_snails.png,0844,DIV2K_valid_HR/0844.png,false,34,32,false,not_required,retain
img_2400x2400_3x8bit_C00C00_RGB_snails,SAMPLING/8BIT/RGB/2400x2400/C00C00/img_2400x2400_3x8bit_C00C00_RGB_snails.png,0845,DIV2K_valid_HR/0845.png,false,34,35,false,not_required,retain
img_2400x2400_3x8bit_C00C00_RGB_snails,SAMPLING/8BIT/RGB/2400x2400/C00C00/img_2400x2400_3x8bit_C00C00_RGB_snails.png,0846,DIV2K_valid_HR/0846.png,false,32,35,false,not_required,retain
img_2400x2400_3x8bit_C00C00_RGB_snails,SAMPLING/8BIT/RGB/2400x2400/C00C00/img_2400x2400_3x8bit_C00C00_RGB_snails.png,0847,DIV2K_valid_HR/0847.png,false,32,27,false,not_required,retain
img_2400x2400_3x8bit_C00C00_RGB_snails,SAMPLING/8BIT/RGB/2400x2400/C00C00/img_2400x2400_3x8bit_C00C00_RGB_snails.png,0848,DIV2K_valid_HR/0848.png,false,34,37,false,not_required,retain
img_2400x2400_3x8bit_C00C00_RGB_snails,SAMPLING/8BIT/RGB/2400x2400/C00C00/img_2400x2400_3x8bit_C00C00_RGB_snails.png,0849,DIV2K_valid_HR/0849.png,false,34,32,false,not_required,retain
img_2400x2400_3x8bit_C00C00_RGB_snails,SAMPLING/8BIT/RGB/2400x2400/C00C00/img_2400x2400_3x8bit_C00C00_RGB_snails.png,0850,DIV2K_valid_HR/0850.png,false,38,39,false,not_required,retain
img_2400x2400_3x8bit_C00C00_RGB_snails,SAMPLING/8BIT/RGB/2400x2400/C00C00/img_2400x2400_3x8bit_C00C00_RGB_snails.png,0851,DIV2K_valid_HR/0851.png,false,28,26,false,not_required,retain
img_2400x2400_3x8bit_C00C00_RGB_snails,SAMPLING/8BIT/RGB/2400x2400/C00C00/img_2400x2400_3x8bit_C00C00_RGB_snails.png,0852,DIV2K_valid_HR/0852.png,false,32,30,false,not_required,retain
img_2400x2400_3x8bit_C00C00_RGB_snails,SAMPLING/8BIT/RGB/2400x2400/C00C00/img_2400x2400_3x8bit_C00C00_RGB_snails.png,0853,DIV2K_valid_HR/0853.png,false,34,39,false,not_required,retain
img_2400x2400_3x8bit_C00C00_RGB_snails,SAMPLING/8BIT/RGB/2400x2400/C00C00/img_2400x2400_3x8bit_C00C00_RGB_snails.png,0854,DIV2K_valid_HR/0854.png,false,36,30,false,not_required,retain
img_2400x2400_3x8bit_C00C00_RGB_snails,SAMPLING/8BIT/RGB/2400x2400/C00C00/img_2400x2400_3x8bit_C00C00_RGB_snails.png,0855,DIV2K_valid_HR/0855.png,false,28,34,false,not_required,retain
img_2400x2400_3x8bit_C00C00_RGB_snails,SAMPLING/8BIT/RGB/2400x2400/C00C00/img_2400x2400_3x8bit_C00C00_RGB_snails.png,0856,DIV2K_valid_HR/0856.png,false,40,37,false,not_required,retain
img_2400x2400_3x8bit_C00C00_RGB_snails,SAMPLING/8BIT/RGB/2400x2400/C00C00/img_2400x2400_3x8bit_C00C00_RGB_snails.png,0857,DIV2K_valid_HR/0857.png,false,28,32,false,not_required,retain
img_2400x2400_3x8bit_C00C00_RGB_snails,SAMPLING/8BIT/RGB/2400x2400/C00C00/img_2400x2400_3x8bit_C00C00_RGB_snails.png,0858,DIV2K_valid_HR/0858.png,false,30,24,false,not_required,retain
img_2400x2400_3x8bit_C00C00_RGB_snails,SAMPLING/8BIT/RGB/2400x2400/C00C00/img_2400x2400_3x8bit_C00C00_RGB_snails.png,0859,DIV2K_valid_HR/0859.png,false,30,27,false,not_required,retain
img_2400x2400_3x8bit_C00C00_RGB_snails,SAMPLING/8BIT/RGB/2400x2400/C00C00/img_2400x2400_3x8bit_C00C00_RGB_snails.png,0860,DIV2K_valid_HR/0860.png,false,34,34,false,not_required,retain
img_2400x2400_3x8bit_C00C00_RGB_snails,SAMPLING/8BIT/RGB/2400x2400/C00C00/img_2400x2400_3x8bit_C00C00_RGB_snails.png,0861,DIV2K_valid_HR/0861.png,false,26,39,false,not_required,retain
img_2400x2400_3x8bit_C00C00_RGB_snails,SAMPLING/8BIT/RGB/2400x2400/C00C00/img_2400x2400_3x8bit_C00C00_RGB_snails.png,0862,DIV2K_valid_HR/0862.png,false,32,37,false,not_required,retain
img_2400x2400_3x8bit_C00C00_RGB_snails,SAMPLING/8BIT/RGB/2400x2400/C00C00/img_2400x2400_3x8bit_C00C00_RGB_snails.png,0863,DIV2K_valid_HR/0863.png,false,36,29,false,not_required,retain
img_2400x2400_3x8bit_C00C00_RGB_snails,SAMPLING/8BIT/RGB/2400x2400/C00C00/img_2400x2400_3x8bit_C00C00_RGB_snails.png,0864,DIV2K_valid_HR/0864.png,false,32,36,false,not_required,retain
img_2400x2400_3x8bit_C00C00_RGB_snails,SAMPLING/8BIT/RGB/2400x2400/C00C00/img_2400x2400_3x8bit_C00C00_RGB_snails.png,0865,DIV2K_valid_HR/0865.png,false,34,28,false,not_required,retain
img_2400x2400_3x8bit_C00C00_RGB_snails,SAMPLING/8BIT/RGB/2400x2400/C00C00/img_2400x2400_3x8bit_C00C00_RGB_snails.png,0866,DIV2K_valid_HR/0866.png,false,38,37,false,not_required,retain
img_2400x2400_3x8bit_C00C00_RGB_snails,SAMPLING/8BIT/RGB/2400x2400/C00C00/img_2400x2400_3x8bit_C00C00_RGB_snails.png,0867,DIV2K_valid_HR/0867.png,false,26,35,false,not_required,retain
img_2400x2400_3x8bit_C00C00_RGB_snails,SAMPLING/8BIT/RGB/2400x2400/C00C00/img_2400x2400_3x8bit_C00C00_RGB_snails.png,0868,DIV2K_valid_HR/0868.png,false,36,34,false,not_required,retain
img_2400x2400_3x8bit_C00C00_RGB_snails,SAMPLING/8BIT/RGB/2400x2400/C00C00/img_2400x2400_3x8bit_C00C00_RGB_snails.png,0869,DIV2K_valid_HR/0869.png,false,26,30,false,not_required,retain
img_2400x2400_3x8bit_C00C00_RGB_snails,SAMPLING/8BIT/RGB/2400x2400/C00C00/img_2400x2400_3x8bit_C00C00_RGB_snails.png,0870,DIV2K_valid_HR/0870.png,false,32,35,false,not_required,retain
img_2400x2400_3x8bit_C00C00_RGB_snails,SAMPLING/8BIT/RGB/2400x2400/C00C00/img_2400x2400_3x8bit_C00C00_RGB_snails.png,0871,DIV2K_valid_HR/0871.png,false,30,32,false,not_required,retain
img_2400x2400_3x8bit_C00C00_RGB_snails,SAMPLING/8BIT/RGB/2400x2400/C00C00/img_2400x2400_3x8bit_C00C00_RGB_snails.png,0872,DIV2K_valid_HR/0872.png,false,34,35,false,not_required,retain
img_2400x2400_3x8bit_C00C00_RGB_snails,SAMPLING/8BIT/RGB/2400x2400/C00C00/img_2400x2400_3x8bit_C00C00_RGB_snails.png,0873,DIV2K_valid_HR/0873.png,false,36,33,false,not_required,retain
img_2400x2400_3x8bit_C00C00_RGB_snails,SAMPLING/8BIT/RGB/2400x2400/C00C00/img_2400x2400_3x8bit_C00C00_RGB_snails.png,0874,DIV2K_valid_HR/0874.png,false,30,28,false,not_required,retain
img_2400x2400_3x8bit_C00C00_RGB_snails,SAMPLING/8BIT/RGB/2400x2400/C00C00/img_2400x2400_3x8bit_C00C00_RGB_snails.png,0875,DIV2K_valid_HR/0875.png,false,30,30,false,not_required,retain
img_2400x2400_3x8bit_C00C00_RGB_snails,SAMPLING/8BIT/RGB/2400x2400/C00C00/img_2400x2400_3x8bit_C00C00_RGB_snails.png,0876,DIV2K_valid_HR/0876.png,false,24,24,false,not_required,retain
img_2400x2400_3x8bit_C00C00_RGB_snails,SAMPLING/8BIT/RGB/2400x2400/C00C00/img_2400x2400_3x8bit_C00C00_RGB_snails.png,0877,DIV2K_valid_HR/0877.png,false,32,29,false,not_required,retain
img_2400x2400_3x8bit_C00C00_RGB_snails,SAMPLING/8BIT/RGB/2400x2400/C00C00/img_2400x2400_3x8bit_C00C00_RGB_snails.png,0878,DIV2K_valid_HR/0878.png,false,36,31,false,not_required,retain
img_2400x2400_3x8bit_C00C00_RGB_snails,SAMPLING/8BIT/RGB/2400x2400/C00C00/img_2400x2400_3x8bit_C00C00_RGB_snails.png,0879,DIV2K_valid_HR/0879.png,false,28,33,false,not_required,retain
img_2400x2400_3x8bit_C00C00_RGB_snails,SAMPLING/8BIT/RGB/2400x2400/C00C00/img_2400x2400_3x8bit_C00C00_RGB_snails.png,0880,DIV2K_valid_HR/0880.png,false,30,30,false,not_required,retain
img_2400x2400_3x8bit_C00C00_RGB_snails,SAMPLING/8BIT/RGB/2400x2400/C00C00/img_2400x2400_3x8bit_C00C00_RGB_snails.png,0881,DIV2K_valid_HR/0881.png,false,30,26,false,not_required,retain
img_2400x2400_3x8bit_C00C00_RGB_snails,SAMPLING/8BIT/RGB/2400x2400/C00C00/img_2400x2400_3x8bit_C00C00_RGB_snails.png,0882,DIV2K_valid_HR/0882.png,false,32,24,false,not_required,retain
img_2400x2400_3x8bit_C00C00_RGB_snails,SAMPLING/8BIT/RGB/2400x2400/C00C00/img_2400x2400_3x8bit_C00C00_RGB_snails.png,0883,DIV2K_valid_HR/0883.png,false,30,33,false,not_required,retain
img_2400x2400_3x8bit_C00C00_RGB_snails,SAMPLING/8BIT/RGB/2400x2400/C00C00/img_2400x2400_3x8bit_C00C00_RGB_snails.png,0884,DIV2K_valid_HR/0884.png,false,32,28,false,not_required,retain
img_2400x2400_3x8bit_C00C00_RGB_snails,SAMPLING/8BIT/RGB/2400x2400/C00C00/img_2400x2400_3x8bit_C00C00_RGB_snails.png,0885,DIV2K_valid_HR/0885.png,false,32,33,false,not_required,retain
img_2400x2400_3x8bit_C00C00_RGB_snails,SAMPLING/8BIT/RGB/2400x2400/C00C00/img_2400x2400_3x8bit_C00C00_RGB_snails.png,0886,DIV2K_valid_HR/0886.png,false,32,32,false,not_required,retain
img_2400x2400_3x8bit_C00C00_RGB_snails,SAMPLING/8BIT/RGB/2400x2400/C00C00/img_2400x2400_3x8bit_C00C00_RGB_snails.png,0887,DIV2K_valid_HR/0887.png,false,30,36,false,not_required,retain
img_2400x2400_3x8bit_C00C00_RGB_snails,SAMPLING/8BIT/RGB/2400x2400/C00C00/img_2400x2400_3x8bit_C00C00_RGB_snails.png,0888,DIV2K_valid_HR/0888.png,false,36,36,false,not_required,retain
img_2400x2400_3x8bit_C00C00_RGB_snails,SAMPLING/8BIT/RGB/2400x2400/C00C00/img_2400x2400_3x8bit_C00C00_RGB_snails.png,0889,DIV2K_valid_HR/0889.png,false,30,30,false,not_required,retain
img_2400x2400_3x8bit_C00C00_RGB_snails,SAMPLING/8BIT/RGB/2400x2400/C00C00/img_2400x2400_3x8bit_C00C00_RGB_snails.png,0890,DIV2K_valid_HR/0890.png,false,32,27,false,not_required,retain
img_2400x2400_3x8bit_C00C00_RGB_snails,SAMPLING/8BIT/RGB/2400x2400/C00C00/img_2400x2400_3x8bit_C00C00_RGB_snails.png,0891,DIV2K_valid_HR/0891.png,false,30,33,false,not_required,retain
img_2400x2400_3x8bit_C00C00_RGB_snails,SAMPLING/8BIT/RGB/2400x2400/C00C00/img_2400x2400_3x8bit_C00C00_RGB_snails.png,0892,DIV2K_valid_HR/0892.png,false,36,40,false,not_required,retain
img_2400x2400_3x8bit_C00C00_RGB_snails,SAMPLING/8BIT/RGB/2400x2400/C00C00/img_2400x2400_3x8bit_C00C00_RGB_snails.png,0893,DIV2K_valid_HR/0893.png,false,38,38,false,not_required,retain
img_2400x2400_3x8bit_C00C00_RGB_snails,SAMPLING/8BIT/RGB/2400x2400/C00C00/img_2400x2400_3x8bit_C00C00_RGB_snails.png,0894,DIV2K_valid_HR/0894.png,false,30,30,false,not_required,retain
img_2400x2400_3x8bit_C00C00_RGB_snails,SAMPLING/8BIT/RGB/2400x2400/C00C00/img_2400x2400_3x8bit_C00C00_RGB_snails.png,0895,DIV2K_valid_HR/0895.png,false,32,33,false,not_required,retain
img_2400x2400_3x8bit_C00C00_RGB_snails,SAMPLING/8BIT/RGB/2400x2400/C00C00/img_2400x2400_3x8bit_C00C00_RGB_snails.png,0896,DIV2K_valid_HR/0896.png,false,36,37,false,not_required,retain
img_2400x2400_3x8bit_C00C00_RGB_snails,SAMPLING/8BIT/RGB/2400x2400/C00C00/img_2400x2400_3x8bit_C00C00_RGB_snails.png,0897,DIV2K_valid_HR/0897.png,false,36,33,false,not_required,retain
img_2400x2400_3x8bit_C00C00_RGB_snails,SAMPLING/8BIT/RGB/2400x2400/C00C00/img_2400x2400_3x8bit_C00C00_RGB_snails.png,0898,DIV2K_valid_HR/0898.png,false,38,41,false,not_required,retain
img_2400x2400_3x8bit_C00C00_RGB_snails,SAMPLING/8BIT/RGB/2400x2400/C00C00/img_2400x2400_3x8bit_C00C00_RGB_snails.png,0899,DIV2K_valid_HR/0899.png,false,28,28,false,not_required,retain
img_2400x2400_3x8bit_C00C00_RGB_snails,SAMPLING/8BIT/RGB/2400x2400/C00C00/img_2400x2400_3x8bit_C00C00_RGB_snails.png,0900,DIV2K_valid_HR/0900.png,false,32,36,false,not_required,retain
img_2400x2400_3x8bit_C00C00_RGB_socks,SAMPLING/8BIT/RGB/2400x2400/C00C00/img_2400x2400_3x8bit_C00C00_RGB_socks.png,0805,DIV2K_valid_HR/0805.png,false,24,35,false,not_required,retain
img_2400x2400_3x8bit_C00C00_RGB_socks,SAMPLING/8BIT/RGB/2400x2400/C00C00/img_2400x2400_3x8bit_C00C00_RGB_socks.png,0806,DIV2K_valid_HR/0806.png,false,30,33,false,not_required,retain
img_2400x2400_3x8bit_C00C00_RGB_socks,SAMPLING/8BIT/RGB/2400x2400/C00C00/img_2400x2400_3x8bit_C00C00_RGB_socks.png,0807,DIV2K_valid_HR/0807.png,false,34,29,false,not_required,retain
img_2400x2400_3x8bit_C00C00_RGB_socks,SAMPLING/8BIT/RGB/2400x2400/C00C00/img_2400x2400_3x8bit_C00C00_RGB_socks.png,0808,DIV2K_valid_HR/0808.png,false,34,28,false,not_required,retain
img_2400x2400_3x8bit_C00C00_RGB_socks,SAMPLING/8BIT/RGB/2400x2400/C00C00/img_2400x2400_3x8bit_C00C00_RGB_socks.png,0809,DIV2K_valid_HR/0809.png,false,34,34,false,not_required,retain
img_2400x2400_3x8bit_C00C00_RGB_socks,SAMPLING/8BIT/RGB/2400x2400/C00C00/img_2400x2400_3x8bit_C00C00_RGB_socks.png,0810,DIV2K_valid_HR/0810.png,false,30,27,false,not_required,retain
img_2400x2400_3x8bit_C00C00_RGB_socks,SAMPLING/8BIT/RGB/2400x2400/C00C00/img_2400x2400_3x8bit_C00C00_RGB_socks.png,0811,DIV2K_valid_HR/0811.png,false,38,34,false,not_required,retain
img_2400x2400_3x8bit_C00C00_RGB_socks,SAMPLING/8BIT/RGB/2400x2400/C00C00/img_2400x2400_3x8bit_C00C00_RGB_socks.png,0812,DIV2K_valid_HR/0812.png,false,26,30,false,not_required,retain
img_2400x2400_3x8bit_C00C00_RGB_socks,SAMPLING/8BIT/RGB/2400x2400/C00C00/img_2400x2400_3x8bit_C00C00_RGB_socks.png,0813,DIV2K_valid_HR/0813.png,false,32,35,false,not_required,retain
img_2400x2400_3x8bit_C00C00_RGB_socks,SAMPLING/8BIT/RGB/2400x2400/C00C00/img_2400x2400_3x8bit_C00C00_RGB_socks.png,0814,DIV2K_valid_HR/0814.png,false,24,26,false,not_required,retain
img_2400x2400_3x8bit_C00C00_RGB_socks,SAMPLING/8BIT/RGB/2400x2400/C00C00/img_2400x2400_3x8bit_C00C00_RGB_socks.png,0815,DIV2K_valid_HR/0815.png,false,34,26,false,not_required,retain
img_2400x2400_3x8bit_C00C00_RGB_socks,SAMPLING/8BIT/RGB/2400x2400/C00C00/img_2400x2400_3x8bit_C00C00_RGB_socks.png,0816,DIV2K_valid_HR/0816.png,false,26,30,false,not_required,retain
img_2400x2400_3x8bit_C00C00_RGB_socks,SAMPLING/8BIT/RGB/2400x2400/C00C00/img_2400x2400_3x8bit_C00C00_RGB_socks.png,0817,DIV2K_valid_HR/0817.png,false,32,23,false,not_required,retain
img_2400x2400_3x8bit_C00C00_RGB_socks,SAMPLING/8BIT/RGB/2400x2400/C00C00/img_2400x2400_3x8bit_C00C00_RGB_socks.png,0818,DIV2K_valid_HR/0818.png,false,38,38,false,not_required,retain
img_2400x2400_3x8bit_C00C00_RGB_socks,SAMPLING/8BIT/RGB/2400x2400/C00C00/img_2400x2400_3x8bit_C00C00_RGB_socks.png,0819,DIV2K_valid_HR/0819.png,false,38,35,false,not_required,retain
img_2400x2400_3x8bit_C00C00_RGB_socks,SAMPLING/8BIT/RGB/2400x2400/C00C00/img_2400x2400_3x8bit_C00C00_RGB_socks.png,0820,DIV2K_valid_HR/0820.png,false,22,32,false,not_required,retain
img_2400x2400_3x8bit_C00C00_RGB_socks,SAMPLING/8BIT/RGB/2400x2400/C00C00/img_2400x2400_3x8bit_C00C00_RGB_socks.png,0821,DIV2K_valid_HR/0821.png,false,30,35,false,not_required,retain
img_2400x2400_3x8bit_C00C00_RGB_socks,SAMPLING/8BIT/RGB/2400x2400/C00C00/img_2400x2400_3x8bit_C00C00_RGB_socks.png,0822,DIV2K_valid_HR/0822.png,false,30,31,false,not_required,retain
img_2400x2400_3x8bit_C00C00_RGB_socks,SAMPLING/8BIT/RGB/2400x2400/C00C00/img_2400x2400_3x8bit_C00C00_RGB_socks.png,0823,DIV2K_valid_HR/0823.png,false,42,35,false,not_required,retain
img_2400x2400_3x8bit_C00C00_RGB_socks,SAMPLING/8BIT/RGB/2400x2400/C00C00/img_2400x2400_3x8bit_C00C00_RGB_socks.png,0824,DIV2K_valid_HR/0824.png,false,34,27,false,not_required,retain
img_2400x2400_3x8bit_C00C00_RGB_socks,SAMPLING/8BIT/RGB/2400x2400/C00C00/img_2400x2400_3x8bit_C00C00_RGB_socks.png,0825,DIV2K_valid_HR/0825.png,false,28,28,false,not_required,retain
img_2400x2400_3x8bit_C00C00_RGB_socks,SAMPLING/8BIT/RGB/2400x2400/C00C00/img_2400x2400_3x8bit_C00C00_RGB_socks.png,0826,DIV2K_valid_HR/0826.png,false,32,40,false,not_required,retain
img_2400x2400_3x8bit_C00C00_RGB_socks,SAMPLING/8BIT/RGB/2400x2400/C00C00/img_2400x2400_3x8bit_C00C00_RGB_socks.png,0827,DIV2K_valid_HR/0827.png,false,34,27,false,not_required,retain
img_2400x2400_3x8bit_C00C00_RGB_socks,SAMPLING/8BIT/RGB/2400x2400/C00C00/img_2400x2400_3x8bit_C00C00_RGB_socks.png,0828,DIV2K_valid_HR/0828.png,false,28,38,false,not_required,retain
img_2400x2400_3x8bit_C00C00_RGB_socks,SAMPLING/8BIT/RGB/2400x2400/C00C00/img_2400x2400_3x8bit_C00C00_RGB_socks.png,0829,DIV2K_valid_HR/0829.png,false,32,30,false,not_required,retain
img_2400x2400_3x8bit_C00C00_RGB_socks,SAMPLING/8BIT/RGB/2400x2400/C00C00/img_2400x2400_3x8bit_C00C00_RGB_socks.png,0830,DIV2K_valid_HR/0830.png,false,34,34,false,not_required,retain
img_2400x2400_3x8bit_C00C00_RGB_socks,SAMPLING/8BIT/RGB/2400x2400/C00C00/img_2400x2400_3x8bit_C00C00_RGB_socks.png,0831,DIV2K_valid_HR/0831.png,false,30,36,false,not_required,retain
img_2400x2400_3x8bit_C00C00_RGB_socks,SAMPLING/8BIT/RGB/2400x2400/C00C00/img_2400x2400_3x8bit_C00C00_RGB_socks.png,0832,DIV2K_valid_HR/0832.png,false,36,32,false,not_required,retain
img_2400x2400_3x8bit_C00C00_RGB_socks,SAMPLING/8BIT/RGB/2400x2400/C00C00/img_2400x2400_3x8bit_C00C00_RGB_socks.png,0833,DIV2K_valid_HR/0833.png,false,28,20,false,not_required,retain
img_2400x2400_3x8bit_C00C00_RGB_socks,SAMPLING/8BIT/RGB/2400x2400/C00C00/img_2400x2400_3x8bit_C00C00_RGB_socks.png,0834,DIV2K_valid_HR/0834.png,false,28,26,false,not_required,retain
img_2400x2400_3x8bit_C00C00_RGB_socks,SAMPLING/8BIT/RGB/2400x2400/C00C00/img_2400x2400_3x8bit_C00C00_RGB_socks.png,0835,DIV2K_valid_HR/0835.png,false,20,26,false,not_required,retain
img_2400x2400_3x8bit_C00C00_RGB_socks,SAMPLING/8BIT/RGB/2400x2400/C00C00/img_2400x2400_3x8bit_C00C00_RGB_socks.png,0836,DIV2K_valid_HR/0836.png,false,30,33,false,not_required,retain
img_2400x2400_3x8bit_C00C00_RGB_socks,SAMPLING/8BIT/RGB/2400x2400/C00C00/img_2400x2400_3x8bit_C00C00_RGB_socks.png,0837,DIV2K_valid_HR/0837.png,false,32,48,false,not_required,retain
img_2400x2400_3x8bit_C00C00_RGB_socks,SAMPLING/8BIT/RGB/2400x2400/C00C00/img_2400x2400_3x8bit_C00C00_RGB_socks.png,0838,DIV2K_valid_HR/0838.png,false,34,30,false,not_required,retain
img_2400x2400_3x8bit_C00C00_RGB_socks,SAMPLING/8BIT/RGB/2400x2400/C00C00/img_2400x2400_3x8bit_C00C00_RGB_socks.png,0839,DIV2K_valid_HR/0839.png,false,34,39,false,not_required,retain
img_2400x2400_3x8bit_C00C00_RGB_socks,SAMPLING/8BIT/RGB/2400x2400/C00C00/img_2400x2400_3x8bit_C00C00_RGB_socks.png,0840,DIV2K_valid_HR/0840.png,false,34,37,false,not_required,retain
img_2400x2400_3x8bit_C00C00_RGB_socks,SAMPLING/8BIT/RGB/2400x2400/C00C00/img_2400x2400_3x8bit_C00C00_RGB_socks.png,0841,DIV2K_valid_HR/0841.png,false,26,28,false,not_required,retain
img_2400x2400_3x8bit_C00C00_RGB_socks,SAMPLING/8BIT/RGB/2400x2400/C00C00/img_2400x2400_3x8bit_C00C00_RGB_socks.png,0842,DIV2K_valid_HR/0842.png,false,30,34,false,not_required,retain
img_2400x2400_3x8bit_C00C00_RGB_socks,SAMPLING/8BIT/RGB/2400x2400/C00C00/img_2400x2400_3x8bit_C00C00_RGB_socks.png,0843,DIV2K_valid_HR/0843.png,false,34,40,false,not_required,retain
img_2400x2400_3x8bit_C00C00_RGB_socks,SAMPLING/8BIT/RGB/2400x2400/C00C00/img_2400x2400_3x8bit_C00C00_RGB_socks.png,0844,DIV2K_valid_HR/0844.png,false,28,38,false,not_required,retain
img_2400x2400_3x8bit_C00C00_RGB_socks,SAMPLING/8BIT/RGB/2400x2400/C00C00/img_2400x2400_3x8bit_C00C00_RGB_socks.png,0845,DIV2K_valid_HR/0845.png,false,30,31,false,not_required,retain
img_2400x2400_3x8bit_C00C00_RGB_socks,SAMPLING/8BIT/RGB/2400x2400/C00C00/img_2400x2400_3x8bit_C00C00_RGB_socks.png,0846,DIV2K_valid_HR/0846.png,false,30,27,false,not_required,retain
img_2400x2400_3x8bit_C00C00_RGB_socks,SAMPLING/8BIT/RGB/2400x2400/C00C00/img_2400x2400_3x8bit_C00C00_RGB_socks.png,0847,DIV2K_valid_HR/0847.png,false,40,33,false,not_required,retain
img_2400x2400_3x8bit_C00C00_RGB_socks,SAMPLING/8BIT/RGB/2400x2400/C00C00/img_2400x2400_3x8bit_C00C00_RGB_socks.png,0848,DIV2K_valid_HR/0848.png,false,30,33,false,not_required,retain
img_2400x2400_3x8bit_C00C00_RGB_socks,SAMPLING/8BIT/RGB/2400x2400/C00C00/img_2400x2400_3x8bit_C00C00_RGB_socks.png,0849,DIV2K_valid_HR/0849.png,false,32,32,false,not_required,retain
img_2400x2400_3x8bit_C00C00_RGB_socks,SAMPLING/8BIT/RGB/2400x2400/C00C00/img_2400x2400_3x8bit_C00C00_RGB_socks.png,0850,DIV2K_valid_HR/0850.png,false,32,35,false,not_required,retain
img_2400x2400_3x8bit_C00C00_RGB_socks,SAMPLING/8BIT/RGB/2400x2400/C00C00/img_2400x2400_3x8bit_C00C00_RGB_socks.png,0851,DIV2K_valid_HR/0851.png,false,36,32,false,not_required,retain
img_2400x2400_3x8bit_C00C00_RGB_socks,SAMPLING/8BIT/RGB/2400x2400/C00C00/img_2400x2400_3x8bit_C00C00_RGB_socks.png,0852,DIV2K_valid_HR/0852.png,false,32,32,false,not_required,retain
img_2400x2400_3x8bit_C00C00_RGB_socks,SAMPLING/8BIT/RGB/2400x2400/C00C00/img_2400x2400_3x8bit_C00C00_RGB_socks.png,0853,DIV2K_valid_HR/0853.png,false,34,39,false,not_required,retain
img_2400x2400_3x8bit_C00C00_RGB_socks,SAMPLING/8BIT/RGB/2400x2400/C00C00/img_2400x2400_3x8bit_C00C00_RGB_socks.png,0854,DIV2K_valid_HR/0854.png,false,40,38,false,not_required,retain
img_2400x2400_3x8bit_C00C00_RGB_socks,SAMPLING/8BIT/RGB/2400x2400/C00C00/img_2400x2400_3x8bit_C00C00_RGB_socks.png,0855,DIV2K_valid_HR/0855.png,false,30,24,false,not_required,retain
img_2400x2400_3x8bit_C00C00_RGB_socks,SAMPLING/8BIT/RGB/2400x2400/C00C00/img_2400x2400_3x8bit_C00C00_RGB_socks.png,0856,DIV2K_valid_HR/0856.png,false,34,33,false,not_required,retain
img_2400x2400_3x8bit_C00C00_RGB_socks,SAMPLING/8BIT/RGB/2400x2400/C00C00/img_2400x2400_3x8bit_C00C00_RGB_socks.png,0857,DIV2K_valid_HR/0857.png,false,30,28,false,not_required,retain
img_2400x2400_3x8bit_C00C00_RGB_socks,SAMPLING/8BIT/RGB/2400x2400/C00C00/img_2400x2400_3x8bit_C00C00_RGB_socks.png,0858,DIV2K_valid_HR/0858.png,false,32,38,false,not_required,retain
img_2400x2400_3x8bit_C00C00_RGB_socks,SAMPLING/8BIT/RGB/2400x2400/C00C00/img_2400x2400_3x8bit_C00C00_RGB_socks.png,0859,DIV2K_valid_HR/0859.png,false,34,39,false,not_required,retain
img_2400x2400_3x8bit_C00C00_RGB_socks,SAMPLING/8BIT/RGB/2400x2400/C00C00/img_2400x2400_3x8bit_C00C00_RGB_socks.png,0860,DIV2K_valid_HR/0860.png,false,30,30,false,not_required,retain
img_2400x2400_3x8bit_C00C00_RGB_socks,SAMPLING/8BIT/RGB/2400x2400/C00C00/img_2400x2400_3x8bit_C00C00_RGB_socks.png,0861,DIV2K_valid_HR/0861.png,false,30,33,false,not_required,retain
img_2400x2400_3x8bit_C00C00_RGB_socks,SAMPLING/8BIT/RGB/2400x2400/C00C00/img_2400x2400_3x8bit_C00C00_RGB_socks.png,0862,DIV2K_valid_HR/0862.png,false,32,31,false,not_required,retain
img_2400x2400_3x8bit_C00C00_RGB_socks,SAMPLING/8BIT/RGB/2400x2400/C00C00/img_2400x2400_3x8bit_C00C00_RGB_socks.png,0863,DIV2K_valid_HR/0863.png,false,30,27,false,not_required,retain
img_2400x2400_3x8bit_C00C00_RGB_socks,SAMPLING/8BIT/RGB/2400x2400/C00C00/img_2400x2400_3x8bit_C00C00_RGB_socks.png,0864,DIV2K_valid_HR/0864.png,false,38,36,false,not_required,retain
img_2400x2400_3x8bit_C00C00_RGB_socks,SAMPLING/8BIT/RGB/2400x2400/C00C00/img_2400x2400_3x8bit_C00C00_RGB_socks.png,0865,DIV2K_valid_HR/0865.png,false,30,40,false,not_required,retain
img_2400x2400_3x8bit_C00C00_RGB_socks,SAMPLING/8BIT/RGB/2400x2400/C00C00/img_2400x2400_3x8bit_C00C00_RGB_socks.png,0866,DIV2K_valid_HR/0866.png,false,26,31,false,not_required,retain
img_2400x2400_3x8bit_C00C00_RGB_socks,SAMPLING/8BIT/RGB/2400x2400/C00C00/img_2400x2400_3x8bit_C00C00_RGB_socks.png,0867,DIV2K_valid_HR/0867.png,false,34,33,false,not_required,retain
img_2400x2400_3x8bit_C00C00_RGB_socks,SAMPLING/8BIT/RGB/2400x2400/C00C00/img_2400x2400_3x8bit_C00C00_RGB_socks.png,0868,DIV2K_valid_HR/0868.png,false,40,34,false,not_required,retain
img_2400x2400_3x8bit_C00C00_RGB_socks,SAMPLING/8BIT/RGB/2400x2400/C00C00/img_2400x2400_3x8bit_C00C00_RGB_socks.png,0869,DIV2K_valid_HR/0869.png,false,32,24,false,not_required,retain
img_2400x2400_3x8bit_C00C00_RGB_socks,SAMPLING/8BIT/RGB/2400x2400/C00C00/img_2400x2400_3x8bit_C00C00_RGB_socks.png,0870,DIV2K_valid_HR/0870.png,false,30,33,false,not_required,retain
img_2400x2400_3x8bit_C00C00_RGB_socks,SAMPLING/8BIT/RGB/2400x2400/C00C00/img_2400x2400_3x8bit_C00C00_RGB_socks.png,0871,DIV2K_valid_HR/0871.png,false,22,32,false,not_required,retain
img_2400x2400_3x8bit_C00C00_RGB_socks,SAMPLING/8BIT/RGB/2400x2400/C00C00/img_2400x2400_3x8bit_C00C00_RGB_socks.png,0872,DIV2K_valid_HR/0872.png,false,24,31,false,not_required,retain
img_2400x2400_3x8bit_C00C00_RGB_socks,SAMPLING/8BIT/RGB/2400x2400/C00C00/img_2400x2400_3x8bit_C00C00_RGB_socks.png,0873,DIV2K_valid_HR/0873.png,false,36,31,false,not_required,retain
img_2400x2400_3x8bit_C00C00_RGB_socks,SAMPLING/8BIT/RGB/2400x2400/C00C00/img_2400x2400_3x8bit_C00C00_RGB_socks.png,0874,DIV2K_valid_HR/0874.png,false,36,40,false,not_required,retain
img_2400x2400_3x8bit_C00C00_RGB_socks,SAMPLING/8BIT/RGB/2400x2400/C00C00/img_2400x2400_3x8bit_C00C00_RGB_socks.png,0875,DIV2K_valid_HR/0875.png,false,32,30,false,not_required,retain
img_2400x2400_3x8bit_C00C00_RGB_socks,SAMPLING/8BIT/RGB/2400x2400/C00C00/img_2400x2400_3x8bit_C00C00_RGB_socks.png,0876,DIV2K_valid_HR/0876.png,false,34,28,false,not_required,retain
img_2400x2400_3x8bit_C00C00_RGB_socks,SAMPLING/8BIT/RGB/2400x2400/C00C00/img_2400x2400_3x8bit_C00C00_RGB_socks.png,0877,DIV2K_valid_HR/0877.png,false,28,27,false,not_required,retain
img_2400x2400_3x8bit_C00C00_RGB_socks,SAMPLING/8BIT/RGB/2400x2400/C00C00/img_2400x2400_3x8bit_C00C00_RGB_socks.png,0878,DIV2K_valid_HR/0878.png,false,32,39,false,not_required,retain
img_2400x2400_3x8bit_C00C00_RGB_socks,SAMPLING/8BIT/RGB/2400x2400/C00C00/img_2400x2400_3x8bit_C00C00_RGB_socks.png,0879,DIV2K_valid_HR/0879.png,false,28,31,false,not_required,retain
img_2400x2400_3x8bit_C00C00_RGB_socks,SAMPLING/8BIT/RGB/2400x2400/C00C00/img_2400x2400_3x8bit_C00C00_RGB_socks.png,0880,DIV2K_valid_HR/0880.png,false,32,24,false,not_required,retain
img_2400x2400_3x8bit_C00C00_RGB_socks,SAMPLING/8BIT/RGB/2400x2400/C00C00/img_2400x2400_3x8bit_C00C00_RGB_socks.png,0881,DIV2K_valid_HR/0881.png,false,36,28,false,not_required,retain
img_2400x2400_3x8bit_C00C00_RGB_socks,SAMPLING/8BIT/RGB/2400x2400/C00C00/img_2400x2400_3x8bit_C00C00_RGB_socks.png,0882,DIV2K_valid_HR/0882.png,false,32,30,false,not_required,retain
img_2400x2400_3x8bit_C00C00_RGB_socks,SAMPLING/8BIT/RGB/2400x2400/C00C00/img_2400x2400_3x8bit_C00C00_RGB_socks.png,0883,DIV2K_valid_HR/0883.png,false,36,37,false,not_required,retain
img_2400x2400_3x8bit_C00C00_RGB_socks,SAMPLING/8BIT/RGB/2400x2400/C00C00/img_2400x2400_3x8bit_C00C00_RGB_socks.png,0884,DIV2K_valid_HR/0884.png,false,32,30,false,not_required,retain
img_2400x2400_3x8bit_C00C00_RGB_socks,SAMPLING/8BIT/RGB/2400x2400/C00C00/img_2400x2400_3x8bit_C00C00_RGB_socks.png,0885,DIV2K_valid_HR/0885.png,false,30,29,false,not_required,retain
img_2400x2400_3x8bit_C00C00_RGB_socks,SAMPLING/8BIT/RGB/2400x2400/C00C00/img_2400x2400_3x8bit_C00C00_RGB_socks.png,0886,DIV2K_valid_HR/0886.png,false,28,28,false,not_required,retain
img_2400x2400_3x8bit_C00C00_RGB_socks,SAMPLING/8BIT/RGB/2400x2400/C00C00/img_2400x2400_3x8bit_C00C00_RGB_socks.png,0887,DIV2K_valid_HR/0887.png,false,32,32,false,not_required,retain
img_2400x2400_3x8bit_C00C00_RGB_socks,SAMPLING/8BIT/RGB/2400x2400/C00C00/img_2400x2400_3x8bit_C00C00_RGB_socks.png,0888,DIV2K_valid_HR/0888.png,false,26,30,false,not_required,retain
img_2400x2400_3x8bit_C00C00_RGB_socks,SAMPLING/8BIT/RGB/2400x2400/C00C00/img_2400x2400_3x8bit_C00C00_RGB_socks.png,0889,DIV2K_valid_HR/0889.png,false,26,30,false,not_required,retain
img_2400x2400_3x8bit_C00C00_RGB_socks,SAMPLING/8BIT/RGB/2400x2400/C00C00/img_2400x2400_3x8bit_C00C00_RGB_socks.png,0890,DIV2K_valid_HR/0890.png,false,24,31,false,not_required,retain
img_2400x2400_3x8bit_C00C00_RGB_socks,SAMPLING/8BIT/RGB/2400x2400/C00C00/img_2400x2400_3x8bit_C00C00_RGB_socks.png,0891,DIV2K_valid_HR/0891.png,false,28,31,false,not_required,retain
img_2400x2400_3x8bit_C00C00_RGB_socks,SAMPLING/8BIT/RGB/2400x2400/C00C00/img_2400x2400_3x8bit_C00C00_RGB_socks.png,0892,DIV2K_valid_HR/0892.png,false,30,34,false,not_required,retain
img_2400x2400_3x8bit_C00C00_RGB_socks,SAMPLING/8BIT/RGB/2400x2400/C00C00/img_2400x2400_3x8bit_C00C00_RGB_socks.png,0893,DIV2K_valid_HR/0893.png,false,40,34,false,not_required,retain
img_2400x2400_3x8bit_C00C00_RGB_socks,SAMPLING/8BIT/RGB/2400x2400/C00C00/img_2400x2400_3x8bit_C00C00_RGB_socks.png,0894,DIV2K_valid_HR/0894.png,false,28,24,false,not_required,retain
img_2400x2400_3x8bit_C00C00_RGB_socks,SAMPLING/8BIT/RGB/2400x2400/C00C00/img_2400x2400_3x8bit_C00C00_RGB_socks.png,0895,DIV2K_valid_HR/0895.png,false,26,31,false,not_required,retain
img_2400x2400_3x8bit_C00C00_RGB_socks,SAMPLING/8BIT/RGB/2400x2400/C00C00/img_2400x2400_3x8bit_C00C00_RGB_socks.png,0896,DIV2K_valid_HR/0896.png,false,30,35,false,not_required,retain
img_2400x2400_3x8bit_C00C00_RGB_socks,SAMPLING/8BIT/RGB/2400x2400/C00C00/img_2400x2400_3x8bit_C00C00_RGB_socks.png,0897,DIV2K_valid_HR/0897.png,false,26,27,false,not_required,retain
img_2400x2400_3x8bit_C00C00_RGB_socks,SAMPLING/8BIT/RGB/2400x2400/C00C00/img_2400x2400_3x8bit_C00C00_RGB_socks.png,0898,DIV2K_valid_HR/0898.png,false,34,33,false,not_required,retain
img_2400x2400_3x8bit_C00C00_RGB_socks,SAMPLING/8BIT/RGB/2400x2400/C00C00/img_2400x2400_3x8bit_C00C00_RGB_socks.png,0899,DIV2K_valid_HR/0899.png,false,28,30,false,not_required,retain
img_2400x2400_3x8bit_C00C00_RGB_socks,SAMPLING/8BIT/RGB/2400x2400/C00C00/img_2400x2400_3x8bit_C00C00_RGB_socks.png,0900,DIV2K_valid_HR/0900.png,false,32,36,false,not_required,retain
img_2400x2400_3x8bit_C00C00_RGB_sweets,SAMPLING/8BIT/RGB/2400x2400/C00C00/img_2400x2400_3x8bit_C00C00_RGB_sweets.png,0805,DIV2K_valid_HR/0805.png,false,40,36,false,not_required,retain
img_2400x2400_3x8bit_C00C00_RGB_sweets,SAMPLING/8BIT/RGB/2400x2400/C00C00/img_2400x2400_3x8bit_C00C00_RGB_sweets.png,0806,DIV2K_valid_HR/0806.png,false,28,32,false,not_required,retain
img_2400x2400_3x8bit_C00C00_RGB_sweets,SAMPLING/8BIT/RGB/2400x2400/C00C00/img_2400x2400_3x8bit_C00C00_RGB_sweets.png,0807,DIV2K_valid_HR/0807.png,false,34,30,false,not_required,retain
img_2400x2400_3x8bit_C00C00_RGB_sweets,SAMPLING/8BIT/RGB/2400x2400/C00C00/img_2400x2400_3x8bit_C00C00_RGB_sweets.png,0808,DIV2K_valid_HR/0808.png,false,30,29,false,not_required,retain
img_2400x2400_3x8bit_C00C00_RGB_sweets,SAMPLING/8BIT/RGB/2400x2400/C00C00/img_2400x2400_3x8bit_C00C00_RGB_sweets.png,0809,DIV2K_valid_HR/0809.png,false,28,33,false,not_required,retain
img_2400x2400_3x8bit_C00C00_RGB_sweets,SAMPLING/8BIT/RGB/2400x2400/C00C00/img_2400x2400_3x8bit_C00C00_RGB_sweets.png,0810,DIV2K_valid_HR/0810.png,false,36,36,false,not_required,retain
img_2400x2400_3x8bit_C00C00_RGB_sweets,SAMPLING/8BIT/RGB/2400x2400/C00C00/img_2400x2400_3x8bit_C00C00_RGB_sweets.png,0811,DIV2K_valid_HR/0811.png,false,36,31,false,not_required,retain
img_2400x2400_3x8bit_C00C00_RGB_sweets,SAMPLING/8BIT/RGB/2400x2400/C00C00/img_2400x2400_3x8bit_C00C00_RGB_sweets.png,0812,DIV2K_valid_HR/0812.png,false,30,25,false,not_required,retain
img_2400x2400_3x8bit_C00C00_RGB_sweets,SAMPLING/8BIT/RGB/2400x2400/C00C00/img_2400x2400_3x8bit_C00C00_RGB_sweets.png,0813,DIV2K_valid_HR/0813.png,false,38,30,false,not_required,retain
img_2400x2400_3x8bit_C00C00_RGB_sweets,SAMPLING/8BIT/RGB/2400x2400/C00C00/img_2400x2400_3x8bit_C00C00_RGB_sweets.png,0814,DIV2K_valid_HR/0814.png,false,28,31,false,not_required,retain
img_2400x2400_3x8bit_C00C00_RGB_sweets,SAMPLING/8BIT/RGB/2400x2400/C00C00/img_2400x2400_3x8bit_C00C00_RGB_sweets.png,0815,DIV2K_valid_HR/0815.png,false,30,31,false,not_required,retain
img_2400x2400_3x8bit_C00C00_RGB_sweets,SAMPLING/8BIT/RGB/2400x2400/C00C00/img_2400x2400_3x8bit_C00C00_RGB_sweets.png,0816,DIV2K_valid_HR/0816.png,false,30,27,false,not_required,retain
img_2400x2400_3x8bit_C00C00_RGB_sweets,SAMPLING/8BIT/RGB/2400x2400/C00C00/img_2400x2400_3x8bit_C00C00_RGB_sweets.png,0817,DIV2K_valid_HR/0817.png,false,28,30,false,not_required,retain
img_2400x2400_3x8bit_C00C00_RGB_sweets,SAMPLING/8BIT/RGB/2400x2400/C00C00/img_2400x2400_3x8bit_C00C00_RGB_sweets.png,0818,DIV2K_valid_HR/0818.png,false,30,35,false,not_required,retain
img_2400x2400_3x8bit_C00C00_RGB_sweets,SAMPLING/8BIT/RGB/2400x2400/C00C00/img_2400x2400_3x8bit_C00C00_RGB_sweets.png,0819,DIV2K_valid_HR/0819.png,false,34,40,false,not_required,retain
img_2400x2400_3x8bit_C00C00_RGB_sweets,SAMPLING/8BIT/RGB/2400x2400/C00C00/img_2400x2400_3x8bit_C00C00_RGB_sweets.png,0820,DIV2K_valid_HR/0820.png,false,32,35,false,not_required,retain
img_2400x2400_3x8bit_C00C00_RGB_sweets,SAMPLING/8BIT/RGB/2400x2400/C00C00/img_2400x2400_3x8bit_C00C00_RGB_sweets.png,0821,DIV2K_valid_HR/0821.png,false,34,32,false,not_required,retain
img_2400x2400_3x8bit_C00C00_RGB_sweets,SAMPLING/8BIT/RGB/2400x2400/C00C00/img_2400x2400_3x8bit_C00C00_RGB_sweets.png,0822,DIV2K_valid_HR/0822.png,false,28,30,false,not_required,retain
img_2400x2400_3x8bit_C00C00_RGB_sweets,SAMPLING/8BIT/RGB/2400x2400/C00C00/img_2400x2400_3x8bit_C00C00_RGB_sweets.png,0823,DIV2K_valid_HR/0823.png,false,32,40,false,not_required,retain
img_2400x2400_3x8bit_C00C00_RGB_sweets,SAMPLING/8BIT/RGB/2400x2400/C00C00/img_2400x2400_3x8bit_C00C00_RGB_sweets.png,0824,DIV2K_valid_HR/0824.png,false,30,26,false,not_required,retain
img_2400x2400_3x8bit_C00C00_RGB_sweets,SAMPLING/8BIT/RGB/2400x2400/C00C00/img_2400x2400_3x8bit_C00C00_RGB_sweets.png,0825,DIV2K_valid_HR/0825.png,false,34,37,false,not_required,retain
img_2400x2400_3x8bit_C00C00_RGB_sweets,SAMPLING/8BIT/RGB/2400x2400/C00C00/img_2400x2400_3x8bit_C00C00_RGB_sweets.png,0826,DIV2K_valid_HR/0826.png,false,36,29,false,not_required,retain
img_2400x2400_3x8bit_C00C00_RGB_sweets,SAMPLING/8BIT/RGB/2400x2400/C00C00/img_2400x2400_3x8bit_C00C00_RGB_sweets.png,0827,DIV2K_valid_HR/0827.png,false,32,32,false,not_required,retain
img_2400x2400_3x8bit_C00C00_RGB_sweets,SAMPLING/8BIT/RGB/2400x2400/C00C00/img_2400x2400_3x8bit_C00C00_RGB_sweets.png,0828,DIV2K_valid_HR/0828.png,false,30,31,false,not_required,retain
img_2400x2400_3x8bit_C00C00_RGB_sweets,SAMPLING/8BIT/RGB/2400x2400/C00C00/img_2400x2400_3x8bit_C00C00_RGB_sweets.png,0829,DIV2K_valid_HR/0829.png,false,28,25,false,not_required,retain
img_2400x2400_3x8bit_C00C00_RGB_sweets,SAMPLING/8BIT/RGB/2400x2400/C00C00/img_2400x2400_3x8bit_C00C00_RGB_sweets.png,0830,DIV2K_valid_HR/0830.png,false,30,29,false,not_required,retain
img_2400x2400_3x8bit_C00C00_RGB_sweets,SAMPLING/8BIT/RGB/2400x2400/C00C00/img_2400x2400_3x8bit_C00C00_RGB_sweets.png,0831,DIV2K_valid_HR/0831.png,false,28,29,false,not_required,retain
img_2400x2400_3x8bit_C00C00_RGB_sweets,SAMPLING/8BIT/RGB/2400x2400/C00C00/img_2400x2400_3x8bit_C00C00_RGB_sweets.png,0832,DIV2K_valid_HR/0832.png,false,32,37,false,not_required,retain
img_2400x2400_3x8bit_C00C00_RGB_sweets,SAMPLING/8BIT/RGB/2400x2400/C00C00/img_2400x2400_3x8bit_C00C00_RGB_sweets.png,0833,DIV2K_valid_HR/0833.png,false,32,29,false,not_required,retain
img_2400x2400_3x8bit_C00C00_RGB_sweets,SAMPLING/8BIT/RGB/2400x2400/C00C00/img_2400x2400_3x8bit_C00C00_RGB_sweets.png,0834,DIV2K_valid_HR/0834.png,false,36,35,false,not_required,retain
img_2400x2400_3x8bit_C00C00_RGB_sweets,SAMPLING/8BIT/RGB/2400x2400/C00C00/img_2400x2400_3x8bit_C00C00_RGB_sweets.png,0835,DIV2K_valid_HR/0835.png,false,30,33,false,not_required,retain
img_2400x2400_3x8bit_C00C00_RGB_sweets,SAMPLING/8BIT/RGB/2400x2400/C00C00/img_2400x2400_3x8bit_C00C00_RGB_sweets.png,0836,DIV2K_valid_HR/0836.png,false,36,32,false,not_required,retain
img_2400x2400_3x8bit_C00C00_RGB_sweets,SAMPLING/8BIT/RGB/2400x2400/C00C00/img_2400x2400_3x8bit_C00C00_RGB_sweets.png,0837,DIV2K_valid_HR/0837.png,false,32,31,false,not_required,retain
img_2400x2400_3x8bit_C00C00_RGB_sweets,SAMPLING/8BIT/RGB/2400x2400/C00C00/img_2400x2400_3x8bit_C00C00_RGB_sweets.png,0838,DIV2K_valid_HR/0838.png,false,30,29,false,not_required,retain
img_2400x2400_3x8bit_C00C00_RGB_sweets,SAMPLING/8BIT/RGB/2400x2400/C00C00/img_2400x2400_3x8bit_C00C00_RGB_sweets.png,0839,DIV2K_valid_HR/0839.png,false,26,40,false,not_required,retain
img_2400x2400_3x8bit_C00C00_RGB_sweets,SAMPLING/8BIT/RGB/2400x2400/C00C00/img_2400x2400_3x8bit_C00C00_RGB_sweets.png,0840,DIV2K_valid_HR/0840.png,false,34,30,false,not_required,retain
img_2400x2400_3x8bit_C00C00_RGB_sweets,SAMPLING/8BIT/RGB/2400x2400/C00C00/img_2400x2400_3x8bit_C00C00_RGB_sweets.png,0841,DIV2K_valid_HR/0841.png,false,30,35,false,not_required,retain
img_2400x2400_3x8bit_C00C00_RGB_sweets,SAMPLING/8BIT/RGB/2400x2400/C00C00/img_2400x2400_3x8bit_C00C00_RGB_sweets.png,0842,DIV2K_valid_HR/0842.png,false,32,23,false,not_required,retain
img_2400x2400_3x8bit_C00C00_RGB_sweets,SAMPLING/8BIT/RGB/2400x2400/C00C00/img_2400x2400_3x8bit_C00C00_RGB_sweets.png,0843,DIV2K_valid_HR/0843.png,false,30,37,false,not_required,retain
img_2400x2400_3x8bit_C00C00_RGB_sweets,SAMPLING/8BIT/RGB/2400x2400/C00C00/img_2400x2400_3x8bit_C00C00_RGB_sweets.png,0844,DIV2K_valid_HR/0844.png,false,32,33,false,not_required,retain
img_2400x2400_3x8bit_C00C00_RGB_sweets,SAMPLING/8BIT/RGB/2400x2400/C00C00/img_2400x2400_3x8bit_C00C00_RGB_sweets.png,0845,DIV2K_valid_HR/0845.png,false,32,30,false,not_required,retain
img_2400x2400_3x8bit_C00C00_RGB_sweets,SAMPLING/8BIT/RGB/2400x2400/C00C00/img_2400x2400_3x8bit_C00C00_RGB_sweets.png,0846,DIV2K_valid_HR/0846.png,false,26,36,false,not_required,retain
img_2400x2400_3x8bit_C00C00_RGB_sweets,SAMPLING/8BIT/RGB/2400x2400/C00C00/img_2400x2400_3x8bit_C00C00_RGB_sweets.png,0847,DIV2K_valid_HR/0847.png,false,38,36,false,not_required,retain
img_2400x2400_3x8bit_C00C00_RGB_sweets,SAMPLING/8BIT/RGB/2400x2400/C00C00/img_2400x2400_3x8bit_C00C00_RGB_sweets.png,0848,DIV2K_valid_HR/0848.png,false,30,28,false,not_required,retain
img_2400x2400_3x8bit_C00C00_RGB_sweets,SAMPLING/8BIT/RGB/2400x2400/C00C00/img_2400x2400_3x8bit_C00C00_RGB_sweets.png,0849,DIV2K_valid_HR/0849.png,false,32,29,false,not_required,retain
img_2400x2400_3x8bit_C00C00_RGB_sweets,SAMPLING/8BIT/RGB/2400x2400/C00C00/img_2400x2400_3x8bit_C00C00_RGB_sweets.png,0850,DIV2K_valid_HR/0850.png,false,32,28,false,not_required,retain
img_2400x2400_3x8bit_C00C00_RGB_sweets,SAMPLING/8BIT/RGB/2400x2400/C00C00/img_2400x2400_3x8bit_C00C00_RGB_sweets.png,0851,DIV2K_valid_HR/0851.png,false,30,31,false,not_required,retain
img_2400x2400_3x8bit_C00C00_RGB_sweets,SAMPLING/8BIT/RGB/2400x2400/C00C00/img_2400x2400_3x8bit_C00C00_RGB_sweets.png,0852,DIV2K_valid_HR/0852.png,false,26,23,false,not_required,retain
img_2400x2400_3x8bit_C00C00_RGB_sweets,SAMPLING/8BIT/RGB/2400x2400/C00C00/img_2400x2400_3x8bit_C00C00_RGB_sweets.png,0853,DIV2K_valid_HR/0853.png,false,28,36,false,not_required,retain
img_2400x2400_3x8bit_C00C00_RGB_sweets,SAMPLING/8BIT/RGB/2400x2400/C00C00/img_2400x2400_3x8bit_C00C00_RGB_sweets.png,0854,DIV2K_valid_HR/0854.png,false,30,33,false,not_required,retain
img_2400x2400_3x8bit_C00C00_RGB_sweets,SAMPLING/8BIT/RGB/2400x2400/C00C00/img_2400x2400_3x8bit_C00C00_RGB_sweets.png,0855,DIV2K_valid_HR/0855.png,false,30,31,false,not_required,retain
img_2400x2400_3x8bit_C00C00_RGB_sweets,SAMPLING/8BIT/RGB/2400x2400/C00C00/img_2400x2400_3x8bit_C00C00_RGB_sweets.png,0856,DIV2K_valid_HR/0856.png,false,32,28,false,not_required,retain
img_2400x2400_3x8bit_C00C00_RGB_sweets,SAMPLING/8BIT/RGB/2400x2400/C00C00/img_2400x2400_3x8bit_C00C00_RGB_sweets.png,0857,DIV2K_valid_HR/0857.png,false,26,31,false,not_required,retain
img_2400x2400_3x8bit_C00C00_RGB_sweets,SAMPLING/8BIT/RGB/2400x2400/C00C00/img_2400x2400_3x8bit_C00C00_RGB_sweets.png,0858,DIV2K_valid_HR/0858.png,false,30,23,false,not_required,retain
img_2400x2400_3x8bit_C00C00_RGB_sweets,SAMPLING/8BIT/RGB/2400x2400/C00C00/img_2400x2400_3x8bit_C00C00_RGB_sweets.png,0859,DIV2K_valid_HR/0859.png,false,30,34,false,not_required,retain
img_2400x2400_3x8bit_C00C00_RGB_sweets,SAMPLING/8BIT/RGB/2400x2400/C00C00/img_2400x2400_3x8bit_C00C00_RGB_sweets.png,0860,DIV2K_valid_HR/0860.png,false,32,29,false,not_required,retain
img_2400x2400_3x8bit_C00C00_RGB_sweets,SAMPLING/8BIT/RGB/2400x2400/C00C00/img_2400x2400_3x8bit_C00C00_RGB_sweets.png,0861,DIV2K_valid_HR/0861.png,false,34,32,false,not_required,retain
img_2400x2400_3x8bit_C00C00_RGB_sweets,SAMPLING/8BIT/RGB/2400x2400/C00C00/img_2400x2400_3x8bit_C00C00_RGB_sweets.png,0862,DIV2K_valid_HR/0862.png,false,28,34,false,not_required,retain
img_2400x2400_3x8bit_C00C00_RGB_sweets,SAMPLING/8BIT/RGB/2400x2400/C00C00/img_2400x2400_3x8bit_C00C00_RGB_sweets.png,0863,DIV2K_valid_HR/0863.png,false,36,38,false,not_required,retain
img_2400x2400_3x8bit_C00C00_RGB_sweets,SAMPLING/8BIT/RGB/2400x2400/C00C00/img_2400x2400_3x8bit_C00C00_RGB_sweets.png,0864,DIV2K_valid_HR/0864.png,false,36,33,false,not_required,retain
img_2400x2400_3x8bit_C00C00_RGB_sweets,SAMPLING/8BIT/RGB/2400x2400/C00C00/img_2400x2400_3x8bit_C00C00_RGB_sweets.png,0865,DIV2K_valid_HR/0865.png,false,40,33,false,not_required,retain
img_2400x2400_3x8bit_C00C00_RGB_sweets,SAMPLING/8BIT/RGB/2400x2400/C00C00/img_2400x2400_3x8bit_C00C00_RGB_sweets.png,0866,DIV2K_valid_HR/0866.png,false,28,28,false,not_required,retain
img_2400x2400_3x8bit_C00C00_RGB_sweets,SAMPLING/8BIT/RGB/2400x2400/C00C00/img_2400x2400_3x8bit_C00C00_RGB_sweets.png,0867,DIV2K_valid_HR/0867.png,false,28,32,false,not_required,retain
img_2400x2400_3x8bit_C00C00_RGB_sweets,SAMPLING/8BIT/RGB/2400x2400/C00C00/img_2400x2400_3x8bit_C00C00_RGB_sweets.png,0868,DIV2K_valid_HR/0868.png,false,40,39,false,not_required,retain
img_2400x2400_3x8bit_C00C00_RGB_sweets,SAMPLING/8BIT/RGB/2400x2400/C00C00/img_2400x2400_3x8bit_C00C00_RGB_sweets.png,0869,DIV2K_valid_HR/0869.png,false,32,37,false,not_required,retain
img_2400x2400_3x8bit_C00C00_RGB_sweets,SAMPLING/8BIT/RGB/2400x2400/C00C00/img_2400x2400_3x8bit_C00C00_RGB_sweets.png,0870,DIV2K_valid_HR/0870.png,false,38,36,false,not_required,retain
img_2400x2400_3x8bit_C00C00_RGB_sweets,SAMPLING/8BIT/RGB/2400x2400/C00C00/img_2400x2400_3x8bit_C00C00_RGB_sweets.png,0871,DIV2K_valid_HR/0871.png,false,26,29,false,not_required,retain
img_2400x2400_3x8bit_C00C00_RGB_sweets,SAMPLING/8BIT/RGB/2400x2400/C00C00/img_2400x2400_3x8bit_C00C00_RGB_sweets.png,0872,DIV2K_valid_HR/0872.png,false,30,34,false,not_required,retain
img_2400x2400_3x8bit_C00C00_RGB_sweets,SAMPLING/8BIT/RGB/2400x2400/C00C00/img_2400x2400_3x8bit_C00C00_RGB_sweets.png,0873,DIV2K_valid_HR/0873.png,false,28,40,false,not_required,retain
img_2400x2400_3x8bit_C00C00_RGB_sweets,SAMPLING/8BIT/RGB/2400x2400/C00C00/img_2400x2400_3x8bit_C00C00_RGB_sweets.png,0874,DIV2K_valid_HR/0874.png,false,32,31,false,not_required,retain
img_2400x2400_3x8bit_C00C00_RGB_sweets,SAMPLING/8BIT/RGB/2400x2400/C00C00/img_2400x2400_3x8bit_C00C00_RGB_sweets.png,0875,DIV2K_valid_HR/0875.png,false,30,31,false,not_required,retain
img_2400x2400_3x8bit_C00C00_RGB_sweets,SAMPLING/8BIT/RGB/2400x2400/C00C00/img_2400x2400_3x8bit_C00C00_RGB_sweets.png,0876,DIV2K_valid_HR/0876.png,false,30,31,false,not_required,retain
img_2400x2400_3x8bit_C00C00_RGB_sweets,SAMPLING/8BIT/RGB/2400x2400/C00C00/img_2400x2400_3x8bit_C00C00_RGB_sweets.png,0877,DIV2K_valid_HR/0877.png,false,36,36,false,not_required,retain
img_2400x2400_3x8bit_C00C00_RGB_sweets,SAMPLING/8BIT/RGB/2400x2400/C00C00/img_2400x2400_3x8bit_C00C00_RGB_sweets.png,0878,DIV2K_valid_HR/0878.png,false,30,28,false,not_required,retain
img_2400x2400_3x8bit_C00C00_RGB_sweets,SAMPLING/8BIT/RGB/2400x2400/C00C00/img_2400x2400_3x8bit_C00C00_RGB_sweets.png,0879,DIV2K_valid_HR/0879.png,false,28,24,false,not_required,retain
img_2400x2400_3x8bit_C00C00_RGB_sweets,SAMPLING/8BIT/RGB/2400x2400/C00C00/img_2400x2400_3x8bit_C00C00_RGB_sweets.png,0880,DIV2K_valid_HR/0880.png,false,34,37,false,not_required,retain
img_2400x2400_3x8bit_C00C00_RGB_sweets,SAMPLING/8BIT/RGB/2400x2400/C00C00/img_2400x2400_3x8bit_C00C00_RGB_sweets.png,0881,DIV2K_valid_HR/0881.png,false,38,43,false,not_required,retain
img_2400x2400_3x8bit_C00C00_RGB_sweets,SAMPLING/8BIT/RGB/2400x2400/C00C00/img_2400x2400_3x8bit_C00C00_RGB_sweets.png,0882,DIV2K_valid_HR/0882.png,false,36,35,false,not_required,retain
img_2400x2400_3x8bit_C00C00_RGB_sweets,SAMPLING/8BIT/RGB/2400x2400/C00C00/img_2400x2400_3x8bit_C00C00_RGB_sweets.png,0883,DIV2K_valid_HR/0883.png,false,32,40,false,not_required,retain
img_2400x2400_3x8bit_C00C00_RGB_sweets,SAMPLING/8BIT/RGB/2400x2400/C00C00/img_2400x2400_3x8bit_C00C00_RGB_sweets.png,0884,DIV2K_valid_HR/0884.png,false,32,31,false,not_required,retain
img_2400x2400_3x8bit_C00C00_RGB_sweets,SAMPLING/8BIT/RGB/2400x2400/C00C00/img_2400x2400_3x8bit_C00C00_RGB_sweets.png,0885,DIV2K_valid_HR/0885.png,false,30,28,false,not_required,retain
img_2400x2400_3x8bit_C00C00_RGB_sweets,SAMPLING/8BIT/RGB/2400x2400/C00C00/img_2400x2400_3x8bit_C00C00_RGB_sweets.png,0886,DIV2K_valid_HR/0886.png,false,22,27,false,not_required,retain
img_2400x2400_3x8bit_C00C00_RGB_sweets,SAMPLING/8BIT/RGB/2400x2400/C00C00/img_2400x2400_3x8bit_C00C00_RGB_sweets.png,0887,DIV2K_valid_HR/0887.png,false,30,29,false,not_required,retain
img_2400x2400_3x8bit_C00C00_RGB_sweets,SAMPLING/8BIT/RGB/2400x2400/C00C00/img_2400x2400_3x8bit_C00C00_RGB_sweets.png,0888,DIV2K_valid_HR/0888.png,false,24,21,false,not_required,retain
img_2400x2400_3x8bit_C00C00_RGB_sweets,SAMPLING/8BIT/RGB/2400x2400/C00C00/img_2400x2400_3x8bit_C00C00_RGB_sweets.png,0889,DIV2K_valid_HR/0889.png,false,34,35,false,not_required,retain
img_2400x2400_3x8bit_C00C00_RGB_sweets,SAMPLING/8BIT/RGB/2400x2400/C00C00/img_2400x2400_3x8bit_C00C00_RGB_sweets.png,0890,DIV2K_valid_HR/0890.png,false,30,32,false,not_required,retain
img_2400x2400_3x8bit_C00C00_RGB_sweets,SAMPLING/8BIT/RGB/2400x2400/C00C00/img_2400x2400_3x8bit_C00C00_RGB_sweets.png,0891,DIV2K_valid_HR/0891.png,false,36,36,false,not_required,retain
img_2400x2400_3x8bit_C00C00_RGB_sweets,SAMPLING/8BIT/RGB/2400x2400/C00C00/img_2400x2400_3x8bit_C00C00_RGB_sweets.png,0892,DIV2K_valid_HR/0892.png,false,32,33,false,not_required,retain
img_2400x2400_3x8bit_C00C00_RGB_sweets,SAMPLING/8BIT/RGB/2400x2400/C00C00/img_2400x2400_3x8bit_C00C00_RGB_sweets.png,0893,DIV2K_valid_HR/0893.png,false,30,29,false,not_required,retain
img_2400x2400_3x8bit_C00C00_RGB_sweets,SAMPLING/8BIT/RGB/2400x2400/C00C00/img_2400x2400_3x8bit_C00C00_RGB_sweets.png,0894,DIV2K_valid_HR/0894.png,false,30,35,false,not_required,retain
img_2400x2400_3x8bit_C00C00_RGB_sweets,SAMPLING/8BIT/RGB/2400x2400/C00C00/img_2400x2400_3x8bit_C00C00_RGB_sweets.png,0895,DIV2K_valid_HR/0895.png,false,34,34,false,not_required,retain
img_2400x2400_3x8bit_C00C00_RGB_sweets,SAMPLING/8BIT/RGB/2400x2400/C00C00/img_2400x2400_3x8bit_C00C00_RGB_sweets.png,0896,DIV2K_valid_HR/0896.png,false,40,36,false,not_required,retain
img_2400x2400_3x8bit_C00C00_RGB_sweets,SAMPLING/8BIT/RGB/2400x2400/C00C00/img_2400x2400_3x8bit_C00C00_RGB_sweets.png,0897,DIV2K_valid_HR/0897.png,false,30,36,false,not_required,retain
img_2400x2400_3x8bit_C00C00_RGB_sweets,SAMPLING/8BIT/RGB/2400x2400/C00C00/img_2400x2400_3x8bit_C00C00_RGB_sweets.png,0898,DIV2K_valid_HR/0898.png,false,32,24,false,not_required,retain
img_2400x2400_3x8bit_C00C00_RGB_sweets,SAMPLING/8BIT/RGB/2400x2400/C00C00/img_2400x2400_3x8bit_C00C00_RGB_sweets.png,0899,DIV2K_valid_HR/0899.png,false,40,37,false,not_required,retain
img_2400x2400_3x8bit_C00C00_RGB_sweets,SAMPLING/8BIT/RGB/2400x2400/C00C00/img_2400x2400_3x8bit_C00C00_RGB_sweets.png,0900,DIV2K_valid_HR/0900.png,false,34,31,false,not_required,retain
img_2400x2400_3x8bit_C00C00_RGB_tomatoes_a,SAMPLING/8BIT/RGB/2400x2400/C00C00/img_2400x2400_3x8bit_C00C00_RGB_tomatoes_a.png,0805,DIV2K_valid_HR/0805.png,false,34,30,false,not_required,retain
img_2400x2400_3x8bit_C00C00_RGB_tomatoes_a,SAMPLING/8BIT/RGB/2400x2400/C00C00/img_2400x2400_3x8bit_C00C00_RGB_tomatoes_a.png,0806,DIV2K_valid_HR/0806.png,false,36,36,false,not_required,retain
img_2400x2400_3x8bit_C00C00_RGB_tomatoes_a,SAMPLING/8BIT/RGB/2400x2400/C00C00/img_2400x2400_3x8bit_C00C00_RGB_tomatoes_a.png,0807,DIV2K_valid_HR/0807.png,false,32,36,false,not_required,retain
img_2400x2400_3x8bit_C00C00_RGB_tomatoes_a,SAMPLING/8BIT/RGB/2400x2400/C00C00/img_2400x2400_3x8bit_C00C00_RGB_tomatoes_a.png,0808,DIV2K_valid_HR/0808.png,false,18,27,false,not_required,retain
img_2400x2400_3x8bit_C00C00_RGB_tomatoes_a,SAMPLING/8BIT/RGB/2400x2400/C00C00/img_2400x2400_3x8bit_C00C00_RGB_tomatoes_a.png,0809,DIV2K_valid_HR/0809.png,false,26,33,false,not_required,retain
img_2400x2400_3x8bit_C00C00_RGB_tomatoes_a,SAMPLING/8BIT/RGB/2400x2400/C00C00/img_2400x2400_3x8bit_C00C00_RGB_tomatoes_a.png,0810,DIV2K_valid_HR/0810.png,false,32,34,false,not_required,retain
img_2400x2400_3x8bit_C00C00_RGB_tomatoes_a,SAMPLING/8BIT/RGB/2400x2400/C00C00/img_2400x2400_3x8bit_C00C00_RGB_tomatoes_a.png,0811,DIV2K_valid_HR/0811.png,false,32,29,false,not_required,retain
img_2400x2400_3x8bit_C00C00_RGB_tomatoes_a,SAMPLING/8BIT/RGB/2400x2400/C00C00/img_2400x2400_3x8bit_C00C00_RGB_tomatoes_a.png,0812,DIV2K_valid_HR/0812.png,false,30,39,false,not_required,retain
img_2400x2400_3x8bit_C00C00_RGB_tomatoes_a,SAMPLING/8BIT/RGB/2400x2400/C00C00/img_2400x2400_3x8bit_C00C00_RGB_tomatoes_a.png,0813,DIV2K_valid_HR/0813.png,false,30,34,false,not_required,retain
img_2400x2400_3x8bit_C00C00_RGB_tomatoes_a,SAMPLING/8BIT/RGB/2400x2400/C00C00/img_2400x2400_3x8bit_C00C00_RGB_tomatoes_a.png,0814,DIV2K_valid_HR/0814.png,false,34,33,false,not_required,retain
img_2400x2400_3x8bit_C00C00_RGB_tomatoes_a,SAMPLING/8BIT/RGB/2400x2400/C00C00/img_2400x2400_3x8bit_C00C00_RGB_tomatoes_a.png,0815,DIV2K_valid_HR/0815.png,false,36,21,false,not_required,retain
img_2400x2400_3x8bit_C00C00_RGB_tomatoes_a,SAMPLING/8BIT/RGB/2400x2400/C00C00/img_2400x2400_3x8bit_C00C00_RGB_tomatoes_a.png,0816,DIV2K_valid_HR/0816.png,false,36,35,false,not_required,retain
img_2400x2400_3x8bit_C00C00_RGB_tomatoes_a,SAMPLING/8BIT/RGB/2400x2400/C00C00/img_2400x2400_3x8bit_C00C00_RGB_tomatoes_a.png,0817,DIV2K_valid_HR/0817.png,false,32,30,false,not_required,retain
img_2400x2400_3x8bit_C00C00_RGB_tomatoes_a,SAMPLING/8BIT/RGB/2400x2400/C00C00/img_2400x2400_3x8bit_C00C00_RGB_tomatoes_a.png,0818,DIV2K_valid_HR/0818.png,false,28,29,false,not_required,retain
img_2400x2400_3x8bit_C00C00_RGB_tomatoes_a,SAMPLING/8BIT/RGB/2400x2400/C00C00/img_2400x2400_3x8bit_C00C00_RGB_tomatoes_a.png,0819,DIV2K_valid_HR/0819.png,false,22,28,false,not_required,retain
img_2400x2400_3x8bit_C00C00_RGB_tomatoes_a,SAMPLING/8BIT/RGB/2400x2400/C00C00/img_2400x2400_3x8bit_C00C00_RGB_tomatoes_a.png,0820,DIV2K_valid_HR/0820.png,false,28,29,false,not_required,retain
img_2400x2400_3x8bit_C00C00_RGB_tomatoes_a,SAMPLING/8BIT/RGB/2400x2400/C00C00/img_2400x2400_3x8bit_C00C00_RGB_tomatoes_a.png,0821,DIV2K_valid_HR/0821.png,false,36,30,false,not_required,retain
img_2400x2400_3x8bit_C00C00_RGB_tomatoes_a,SAMPLING/8BIT/RGB/2400x2400/C00C00/img_2400x2400_3x8bit_C00C00_RGB_tomatoes_a.png,0822,DIV2K_valid_HR/0822.png,false,26,38,false,not_required,retain
img_2400x2400_3x8bit_C00C00_RGB_tomatoes_a,SAMPLING/8BIT/RGB/2400x2400/C00C00/img_2400x2400_3x8bit_C00C00_RGB_tomatoes_a.png,0823,DIV2K_valid_HR/0823.png,false,28,28,false,not_required,retain
img_2400x2400_3x8bit_C00C00_RGB_tomatoes_a,SAMPLING/8BIT/RGB/2400x2400/C00C00/img_2400x2400_3x8bit_C00C00_RGB_tomatoes_a.png,0824,DIV2K_valid_HR/0824.png,false,30,34,false,not_required,retain
img_2400x2400_3x8bit_C00C00_RGB_tomatoes_a,SAMPLING/8BIT/RGB/2400x2400/C00C00/img_2400x2400_3x8bit_C00C00_RGB_tomatoes_a.png,0825,DIV2K_valid_HR/0825.png,false,36,33,false,not_required,retain
img_2400x2400_3x8bit_C00C00_RGB_tomatoes_a,SAMPLING/8BIT/RGB/2400x2400/C00C00/img_2400x2400_3x8bit_C00C00_RGB_tomatoes_a.png,0826,DIV2K_valid_HR/0826.png,false,36,35,false,not_required,retain
img_2400x2400_3x8bit_C00C00_RGB_tomatoes_a,SAMPLING/8BIT/RGB/2400x2400/C00C00/img_2400x2400_3x8bit_C00C00_RGB_tomatoes_a.png,0827,DIV2K_valid_HR/0827.png,false,24,26,false,not_required,retain
img_2400x2400_3x8bit_C00C00_RGB_tomatoes_a,SAMPLING/8BIT/RGB/2400x2400/C00C00/img_2400x2400_3x8bit_C00C00_RGB_tomatoes_a.png,0828,DIV2K_valid_HR/0828.png,false,24,31,false,not_required,retain
img_2400x2400_3x8bit_C00C00_RGB_tomatoes_a,SAMPLING/8BIT/RGB/2400x2400/C00C00/img_2400x2400_3x8bit_C00C00_RGB_tomatoes_a.png,0829,DIV2K_valid_HR/0829.png,false,26,27,false,not_required,retain
img_2400x2400_3x8bit_C00C00_RGB_tomatoes_a,SAMPLING/8BIT/RGB/2400x2400/C00C00/img_2400x2400_3x8bit_C00C00_RGB_tomatoes_a.png,0830,DIV2K_valid_HR/0830.png,false,40,33,false,not_required,retain
img_2400x2400_3x8bit_C00C00_RGB_tomatoes_a,SAMPLING/8BIT/RGB/2400x2400/C00C00/img_2400x2400_3x8bit_C00C00_RGB_tomatoes_a.png,0831,DIV2K_valid_HR/0831.png,false,30,31,false,not_required,retain
img_2400x2400_3x8bit_C00C00_RGB_tomatoes_a,SAMPLING/8BIT/RGB/2400x2400/C00C00/img_2400x2400_3x8bit_C00C00_RGB_tomatoes_a.png,0832,DIV2K_valid_HR/0832.png,false,28,25,false,not_required,retain
img_2400x2400_3x8bit_C00C00_RGB_tomatoes_a,SAMPLING/8BIT/RGB/2400x2400/C00C00/img_2400x2400_3x8bit_C00C00_RGB_tomatoes_a.png,0833,DIV2K_valid_HR/0833.png,false,32,25,false,not_required,retain
img_2400x2400_3x8bit_C00C00_RGB_tomatoes_a,SAMPLING/8BIT/RGB/2400x2400/C00C00/img_2400x2400_3x8bit_C00C00_RGB_tomatoes_a.png,0834,DIV2K_valid_HR/0834.png,false,32,29,false,not_required,retain
img_2400x2400_3x8bit_C00C00_RGB_tomatoes_a,SAMPLING/8BIT/RGB/2400x2400/C00C00/img_2400x2400_3x8bit_C00C00_RGB_tomatoes_a.png,0835,DIV2K_valid_HR/0835.png,false,26,31,false,not_required,retain
img_2400x2400_3x8bit_C00C00_RGB_tomatoes_a,SAMPLING/8BIT/RGB/2400x2400/C00C00/img_2400x2400_3x8bit_C00C00_RGB_tomatoes_a.png,0836,DIV2K_valid_HR/0836.png,false,34,22,false,not_required,retain
img_2400x2400_3x8bit_C00C00_RGB_tomatoes_a,SAMPLING/8BIT/RGB/2400x2400/C00C00/img_2400x2400_3x8bit_C00C00_RGB_tomatoes_a.png,0837,DIV2K_valid_HR/0837.png,false,32,33,false,not_required,retain
img_2400x2400_3x8bit_C00C00_RGB_tomatoes_a,SAMPLING/8BIT/RGB/2400x2400/C00C00/img_2400x2400_3x8bit_C00C00_RGB_tomatoes_a.png,0838,DIV2K_valid_HR/0838.png,false,28,25,false,not_required,retain
img_2400x2400_3x8bit_C00C00_RGB_tomatoes_a,SAMPLING/8BIT/RGB/2400x2400/C00C00/img_2400x2400_3x8bit_C00C00_RGB_tomatoes_a.png,0839,DIV2K_valid_HR/0839.png,false,30,26,false,not_required,retain
img_2400x2400_3x8bit_C00C00_RGB_tomatoes_a,SAMPLING/8BIT/RGB/2400x2400/C00C00/img_2400x2400_3x8bit_C00C00_RGB_tomatoes_a.png,0840,DIV2K_valid_HR/0840.png,false,34,36,false,not_required,retain
img_2400x2400_3x8bit_C00C00_RGB_tomatoes_a,SAMPLING/8BIT/RGB/2400x2400/C00C00/img_2400x2400_3x8bit_C00C00_RGB_tomatoes_a.png,0841,DIV2K_valid_HR/0841.png,false,28,35,false,not_required,retain
img_2400x2400_3x8bit_C00C00_RGB_tomatoes_a,SAMPLING/8BIT/RGB/2400x2400/C00C00/img_2400x2400_3x8bit_C00C00_RGB_tomatoes_a.png,0842,DIV2K_valid_HR/0842.png,false,38,35,false,not_required,retain
img_2400x2400_3x8bit_C00C00_RGB_tomatoes_a,SAMPLING/8BIT/RGB/2400x2400/C00C00/img_2400x2400_3x8bit_C00C00_RGB_tomatoes_a.png,0843,DIV2K_valid_HR/0843.png,false,30,27,false,not_required,retain
img_2400x2400_3x8bit_C00C00_RGB_tomatoes_a,SAMPLING/8BIT/RGB/2400x2400/C00C00/img_2400x2400_3x8bit_C00C00_RGB_tomatoes_a.png,0844,DIV2K_valid_HR/0844.png,false,30,29,false,not_required,retain
img_2400x2400_3x8bit_C00C00_RGB_tomatoes_a,SAMPLING/8BIT/RGB/2400x2400/C00C00/img_2400x2400_3x8bit_C00C00_RGB_tomatoes_a.png,0845,DIV2K_valid_HR/0845.png,false,30,36,false,not_required,retain
img_2400x2400_3x8bit_C00C00_RGB_tomatoes_a,SAMPLING/8BIT/RGB/2400x2400/C00C00/img_2400x2400_3x8bit_C00C00_RGB_tomatoes_a.png,0846,DIV2K_valid_HR/0846.png,false,30,30,false,not_required,retain
img_2400x2400_3x8bit_C00C00_RGB_tomatoes_a,SAMPLING/8BIT/RGB/2400x2400/C00C00/img_2400x2400_3x8bit_C00C00_RGB_tomatoes_a.png,0847,DIV2K_valid_HR/0847.png,false,32,30,false,not_required,retain
img_2400x2400_3x8bit_C00C00_RGB_tomatoes_a,SAMPLING/8BIT/RGB/2400x2400/C00C00/img_2400x2400_3x8bit_C00C00_RGB_tomatoes_a.png,0848,DIV2K_valid_HR/0848.png,false,30,32,false,not_required,retain
img_2400x2400_3x8bit_C00C00_RGB_tomatoes_a,SAMPLING/8BIT/RGB/2400x2400/C00C00/img_2400x2400_3x8bit_C00C00_RGB_tomatoes_a.png,0849,DIV2K_valid_HR/0849.png,false,30,31,false,not_required,retain
img_2400x2400_3x8bit_C00C00_RGB_tomatoes_a,SAMPLING/8BIT/RGB/2400x2400/C00C00/img_2400x2400_3x8bit_C00C00_RGB_tomatoes_a.png,0850,DIV2K_valid_HR/0850.png,false,28,32,false,not_required,retain
img_2400x2400_3x8bit_C00C00_RGB_tomatoes_a,SAMPLING/8BIT/RGB/2400x2400/C00C00/img_2400x2400_3x8bit_C00C00_RGB_tomatoes_a.png,0851,DIV2K_valid_HR/0851.png,false,30,29,false,not_required,retain
img_2400x2400_3x8bit_C00C00_RGB_tomatoes_a,SAMPLING/8BIT/RGB/2400x2400/C00C00/img_2400x2400_3x8bit_C00C00_RGB_tomatoes_a.png,0852,DIV2K_valid_HR/0852.png,false,26,31,false,not_required,retain
img_2400x2400_3x8bit_C00C00_RGB_tomatoes_a,SAMPLING/8BIT/RGB/2400x2400/C00C00/img_2400x2400_3x8bit_C00C00_RGB_tomatoes_a.png,0853,DIV2K_valid_HR/0853.png,false,38,28,false,not_required,retain
img_2400x2400_3x8bit_C00C00_RGB_tomatoes_a,SAMPLING/8BIT/RGB/2400x2400/C00C00/img_2400x2400_3x8bit_C00C00_RGB_tomatoes_a.png,0854,DIV2K_valid_HR/0854.png,false,26,29,false,not_required,retain
img_2400x2400_3x8bit_C00C00_RGB_tomatoes_a,SAMPLING/8BIT/RGB/2400x2400/C00C00/img_2400x2400_3x8bit_C00C00_RGB_tomatoes_a.png,0855,DIV2K_valid_HR/0855.png,false,34,33,false,not_required,retain
img_2400x2400_3x8bit_C00C00_RGB_tomatoes_a,SAMPLING/8BIT/RGB/2400x2400/C00C00/img_2400x2400_3x8bit_C00C00_RGB_tomatoes_a.png,0856,DIV2K_valid_HR/0856.png,false,30,26,false,not_required,retain
img_2400x2400_3x8bit_C00C00_RGB_tomatoes_a,SAMPLING/8BIT/RGB/2400x2400/C00C00/img_2400x2400_3x8bit_C00C00_RGB_tomatoes_a.png,0857,DIV2K_valid_HR/0857.png,false,28,27,false,not_required,retain
img_2400x2400_3x8bit_C00C00_RGB_tomatoes_a,SAMPLING/8BIT/RGB/2400x2400/C00C00/img_2400x2400_3x8bit_C00C00_RGB_tomatoes_a.png,0858,DIV2K_valid_HR/0858.png,false,38,37,false,not_required,retain
img_2400x2400_3x8bit_C00C00_RGB_tomatoes_a,SAMPLING/8BIT/RGB/2400x2400/C00C00/img_2400x2400_3x8bit_C00C00_RGB_tomatoes_a.png,0859,DIV2K_valid_HR/0859.png,false,34,36,false,not_required,retain
img_2400x2400_3x8bit_C00C00_RGB_tomatoes_a,SAMPLING/8BIT/RGB/2400x2400/C00C00/img_2400x2400_3x8bit_C00C00_RGB_tomatoes_a.png,0860,DIV2K_valid_HR/0860.png,false,26,31,false,not_required,retain
img_2400x2400_3x8bit_C00C00_RGB_tomatoes_a,SAMPLING/8BIT/RGB/2400x2400/C00C00/img_2400x2400_3x8bit_C00C00_RGB_tomatoes_a.png,0861,DIV2K_valid_HR/0861.png,false,30,30,false,not_required,retain
img_2400x2400_3x8bit_C00C00_RGB_tomatoes_a,SAMPLING/8BIT/RGB/2400x2400/C00C00/img_2400x2400_3x8bit_C00C00_RGB_tomatoes_a.png,0862,DIV2K_valid_HR/0862.png,false,32,28,false,not_required,retain
img_2400x2400_3x8bit_C00C00_RGB_tomatoes_a,SAMPLING/8BIT/RGB/2400x2400/C00C00/img_2400x2400_3x8bit_C00C00_RGB_tomatoes_a.png,0863,DIV2K_valid_HR/0863.png,false,34,36,false,not_required,retain
img_2400x2400_3x8bit_C00C00_RGB_tomatoes_a,SAMPLING/8BIT/RGB/2400x2400/C00C00/img_2400x2400_3x8bit_C00C00_RGB_tomatoes_a.png,0864,DIV2K_valid_HR/0864.png,false,24,27,false,not_required,retain
img_2400x2400_3x8bit_C00C00_RGB_tomatoes_a,SAMPLING/8BIT/RGB/2400x2400/C00C00/img_2400x2400_3x8bit_C00C00_RGB_tomatoes_a.png,0865,DIV2K_valid_HR/0865.png,false,32,39,false,not_required,retain
img_2400x2400_3x8bit_C00C00_RGB_tomatoes_a,SAMPLING/8BIT/RGB/2400x2400/C00C00/img_2400x2400_3x8bit_C00C00_RGB_tomatoes_a.png,0866,DIV2K_valid_HR/0866.png,false,32,38,false,not_required,retain
img_2400x2400_3x8bit_C00C00_RGB_tomatoes_a,SAMPLING/8BIT/RGB/2400x2400/C00C00/img_2400x2400_3x8bit_C00C00_RGB_tomatoes_a.png,0867,DIV2K_valid_HR/0867.png,false,28,30,false,not_required,retain
img_2400x2400_3x8bit_C00C00_RGB_tomatoes_a,SAMPLING/8BIT/RGB/2400x2400/C00C00/img_2400x2400_3x8bit_C00C00_RGB_tomatoes_a.png,0868,DIV2K_valid_HR/0868.png,false,32,31,false,not_required,retain
img_2400x2400_3x8bit_C00C00_RGB_tomatoes_a,SAMPLING/8BIT/RGB/2400x2400/C00C00/img_2400x2400_3x8bit_C00C00_RGB_tomatoes_a.png,0869,DIV2K_valid_HR/0869.png,false,32,31,false,not_required,retain
img_2400x2400_3x8bit_C00C00_RGB_tomatoes_a,SAMPLING/8BIT/RGB/2400x2400/C00C00/img_2400x2400_3x8bit_C00C00_RGB_tomatoes_a.png,0870,DIV2K_valid_HR/0870.png,false,30,28,false,not_required,retain
img_2400x2400_3x8bit_C00C00_RGB_tomatoes_a,SAMPLING/8BIT/RGB/2400x2400/C00C00/img_2400x2400_3x8bit_C00C00_RGB_tomatoes_a.png,0871,DIV2K_valid_HR/0871.png,false,30,33,false,not_required,retain
img_2400x2400_3x8bit_C00C00_RGB_tomatoes_a,SAMPLING/8BIT/RGB/2400x2400/C00C00/img_2400x2400_3x8bit_C00C00_RGB_tomatoes_a.png,0872,DIV2K_valid_HR/0872.png,false,32,32,false,not_required,retain
img_2400x2400_3x8bit_C00C00_RGB_tomatoes_a,SAMPLING/8BIT/RGB/2400x2400/C00C00/img_2400x2400_3x8bit_C00C00_RGB_tomatoes_a.png,0873,DIV2K_valid_HR/0873.png,false,32,34,false,not_required,retain
img_2400x2400_3x8bit_C00C00_RGB_tomatoes_a,SAMPLING/8BIT/RGB/2400x2400/C00C00/img_2400x2400_3x8bit_C00C00_RGB_tomatoes_a.png,0874,DIV2K_valid_HR/0874.png,false,28,29,false,not_required,retain
img_2400x2400_3x8bit_C00C00_RGB_tomatoes_a,SAMPLING/8BIT/RGB/2400x2400/C00C00/img_2400x2400_3x8bit_C00C00_RGB_tomatoes_a.png,0875,DIV2K_valid_HR/0875.png,false,36,37,false,not_required,retain
img_2400x2400_3x8bit_C00C00_RGB_tomatoes_a,SAMPLING/8BIT/RGB/2400x2400/C00C00/img_2400x2400_3x8bit_C00C00_RGB_tomatoes_a.png,0876,DIV2K_valid_HR/0876.png,false,34,27,false,not_required,retain
img_2400x2400_3x8bit_C00C00_RGB_tomatoes_a,SAMPLING/8BIT/RGB/2400x2400/C00C00/img_2400x2400_3x8bit_C00C00_RGB_tomatoes_a.png,0877,DIV2K_valid_HR/0877.png,false,28,30,false,not_required,retain
img_2400x2400_3x8bit_C00C00_RGB_tomatoes_a,SAMPLING/8BIT/RGB/2400x2400/C00C00/img_2400x2400_3x8bit_C00C00_RGB_tomatoes_a.png,0878,DIV2K_valid_HR/0878.png,false,32,34,false,not_required,retain
img_2400x2400_3x8bit_C00C00_RGB_tomatoes_a,SAMPLING/8BIT/RGB/2400x2400/C00C00/img_2400x2400_3x8bit_C00C00_RGB_tomatoes_a.png,0879,DIV2K_valid_HR/0879.png,false,26,30,false,not_required,retain
img_2400x2400_3x8bit_C00C00_RGB_tomatoes_a,SAMPLING/8BIT/RGB/2400x2400/C00C00/img_2400x2400_3x8bit_C00C00_RGB_tomatoes_a.png,0880,DIV2K_valid_HR/0880.png,false,30,29,false,not_required,retain
img_2400x2400_3x8bit_C00C00_RGB_tomatoes_a,SAMPLING/8BIT/RGB/2400x2400/C00C00/img_2400x2400_3x8bit_C00C00_RGB_tomatoes_a.png,0881,DIV2K_valid_HR/0881.png,false,32,31,false,not_required,retain
img_2400x2400_3x8bit_C00C00_RGB_tomatoes_a,SAMPLING/8BIT/RGB/2400x2400/C00C00/img_2400x2400_3x8bit_C00C00_RGB_tomatoes_a.png,0882,DIV2K_valid_HR/0882.png,false,26,35,false,not_required,retain
img_2400x2400_3x8bit_C00C00_RGB_tomatoes_a,SAMPLING/8BIT/RGB/2400x2400/C00C00/img_2400x2400_3x8bit_C00C00_RGB_tomatoes_a.png,0883,DIV2K_valid_HR/0883.png,false,30,28,false,not_required,retain
img_2400x2400_3x8bit_C00C00_RGB_tomatoes_a,SAMPLING/8BIT/RGB/2400x2400/C00C00/img_2400x2400_3x8bit_C00C00_RGB_tomatoes_a.png,0884,DIV2K_valid_HR/0884.png,false,26,29,false,not_required,retain
img_2400x2400_3x8bit_C00C00_RGB_tomatoes_a,SAMPLING/8BIT/RGB/2400x2400/C00C00/img_2400x2400_3x8bit_C00C00_RGB_tomatoes_a.png,0885,DIV2K_valid_HR/0885.png,false,20,28,false,not_required,retain
img_2400x2400_3x8bit_C00C00_RGB_tomatoes_a,SAMPLING/8BIT/RGB/2400x2400/C00C00/img_2400x2400_3x8bit_C00C00_RGB_tomatoes_a.png,0886,DIV2K_valid_HR/0886.png,false,40,31,false,not_required,retain
img_2400x2400_3x8bit_C00C00_RGB_tomatoes_a,SAMPLING/8BIT/RGB/2400x2400/C00C00/img_2400x2400_3x8bit_C00C00_RGB_tomatoes_a.png,0887,DIV2K_valid_HR/0887.png,false,34,31,false,not_required,retain
img_2400x2400_3x8bit_C00C00_RGB_tomatoes_a,SAMPLING/8BIT/RGB/2400x2400/C00C00/img_2400x2400_3x8bit_C00C00_RGB_tomatoes_a.png,0888,DIV2K_valid_HR/0888.png,false,30,33,false,not_required,retain
img_2400x2400_3x8bit_C00C00_RGB_tomatoes_a,SAMPLING/8BIT/RGB/2400x2400/C00C00/img_2400x2400_3x8bit_C00C00_RGB_tomatoes_a.png,0889,DIV2K_valid_HR/0889.png,false,30,31,false,not_required,retain
img_2400x2400_3x8bit_C00C00_RGB_tomatoes_a,SAMPLING/8BIT/RGB/2400x2400/C00C00/img_2400x2400_3x8bit_C00C00_RGB_tomatoes_a.png,0890,DIV2K_valid_HR/0890.png,false,34,32,false,not_required,retain
img_2400x2400_3x8bit_C00C00_RGB_tomatoes_a,SAMPLING/8BIT/RGB/2400x2400/C00C00/img_2400x2400_3x8bit_C00C00_RGB_tomatoes_a.png,0891,DIV2K_valid_HR/0891.png,false,26,22,false,not_required,retain
img_2400x2400_3x8bit_C00C00_RGB_tomatoes_a,SAMPLING/8BIT/RGB/2400x2400/C00C00/img_2400x2400_3x8bit_C00C00_RGB_tomatoes_a.png,0892,DIV2K_valid_HR/0892.png,false,26,37,false,not_required,retain
img_2400x2400_3x8bit_C00C00_RGB_tomatoes_a,SAMPLING/8BIT/RGB/2400x2400/C00C00/img_2400x2400_3x8bit_C00C00_RGB_tomatoes_a.png,0893,DIV2K_valid_HR/0893.png,false,36,37,false,not_required,retain
img_2400x2400_3x8bit_C00C00_RGB_tomatoes_a,SAMPLING/8BIT/RGB/2400x2400/C00C00/img_2400x2400_3x8bit_C00C00_RGB_tomatoes_a.png,0894,DIV2K_valid_HR/0894.png,false,38,27,false,not_required,retain
img_2400x2400_3x8bit_C00C00_RGB_tomatoes_a,SAMPLING/8BIT/RGB/2400x2400/C00C00/img_2400x2400_3x8bit_C00C00_RGB_tomatoes_a.png,0895,DIV2K_valid_HR/0895.png,false,32,36,false,not_required,retain
img_2400x2400_3x8bit_C00C00_RGB_tomatoes_a,SAMPLING/8BIT/RGB/2400x2400/C00C00/img_2400x2400_3x8bit_C00C00_RGB_tomatoes_a.png,0896,DIV2K_valid_HR/0896.png,false,30,34,false,not_required,retain
img_2400x2400_3x8bit_C00C00_RGB_tomatoes_a,SAMPLING/8BIT/RGB/2400x2400/C00C00/img_2400x2400_3x8bit_C00C00_RGB_tomatoes_a.png,0897,DIV2K_valid_HR/0897.png,false,30,32,false,not_required,retain
img_2400x2400_3x8bit_C00C00_RGB_tomatoes_a,SAMPLING/8BIT/RGB/2400x2400/C00C00/img_2400x2400_3x8bit_C00C00_RGB_tomatoes_a.png,0898,DIV2K_valid_HR/0898.png,false,32,36,false,not_required,retain
img_2400x2400_3x8bit_C00C00_RGB_tomatoes_a,SAMPLING/8BIT/RGB/2400x2400/C00C00/img_2400x2400_3x8bit_C00C00_RGB_tomatoes_a.png,0899,DIV2K_valid_HR/0899.png,false,32,27,false,not_required,retain
img_2400x2400_3x8bit_C00C00_RGB_tomatoes_a,SAMPLING/8BIT/RGB/2400x2400/C00C00/img_2400x2400_3x8bit_C00C00_RGB_tomatoes_a.png,0900,DIV2K_valid_HR/0900.png,false,32,33,false,not_required,retain
img_2400x2400_3x8bit_C00C00_RGB_tomatoes_b,SAMPLING/8BIT/RGB/2400x2400/C00C00/img_2400x2400_3x8bit_C00C00_RGB_tomatoes_b.png,0805,DIV2K_valid_HR/0805.png,false,32,40,false,not_required,retain
img_2400x2400_3x8bit_C00C00_RGB_tomatoes_b,SAMPLING/8BIT/RGB/2400x2400/C00C00/img_2400x2400_3x8bit_C00C00_RGB_tomatoes_b.png,0806,DIV2K_valid_HR/0806.png,false,32,40,false,not_required,retain
img_2400x2400_3x8bit_C00C00_RGB_tomatoes_b,SAMPLING/8BIT/RGB/2400x2400/C00C00/img_2400x2400_3x8bit_C00C00_RGB_tomatoes_b.png,0807,DIV2K_valid_HR/0807.png,false,34,34,false,not_required,retain
img_2400x2400_3x8bit_C00C00_RGB_tomatoes_b,SAMPLING/8BIT/RGB/2400x2400/C00C00/img_2400x2400_3x8bit_C00C00_RGB_tomatoes_b.png,0808,DIV2K_valid_HR/0808.png,false,32,31,false,not_required,retain
img_2400x2400_3x8bit_C00C00_RGB_tomatoes_b,SAMPLING/8BIT/RGB/2400x2400/C00C00/img_2400x2400_3x8bit_C00C00_RGB_tomatoes_b.png,0809,DIV2K_valid_HR/0809.png,false,34,33,false,not_required,retain
img_2400x2400_3x8bit_C00C00_RGB_tomatoes_b,SAMPLING/8BIT/RGB/2400x2400/C00C00/img_2400x2400_3x8bit_C00C00_RGB_tomatoes_b.png,0810,DIV2K_valid_HR/0810.png,false,30,30,false,not_required,retain
img_2400x2400_3x8bit_C00C00_RGB_tomatoes_b,SAMPLING/8BIT/RGB/2400x2400/C00C00/img_2400x2400_3x8bit_C00C00_RGB_tomatoes_b.png,0811,DIV2K_valid_HR/0811.png,false,32,39,false,not_required,retain
img_2400x2400_3x8bit_C00C00_RGB_tomatoes_b,SAMPLING/8BIT/RGB/2400x2400/C00C00/img_2400x2400_3x8bit_C00C00_RGB_tomatoes_b.png,0812,DIV2K_valid_HR/0812.png,false,32,33,false,not_required,retain
img_2400x2400_3x8bit_C00C00_RGB_tomatoes_b,SAMPLING/8BIT/RGB/2400x2400/C00C00/img_2400x2400_3x8bit_C00C00_RGB_tomatoes_b.png,0813,DIV2K_valid_HR/0813.png,false,38,34,false,not_required,retain
img_2400x2400_3x8bit_C00C00_RGB_tomatoes_b,SAMPLING/8BIT/RGB/2400x2400/C00C00/img_2400x2400_3x8bit_C00C00_RGB_tomatoes_b.png,0814,DIV2K_valid_HR/0814.png,false,32,33,false,not_required,retain
img_2400x2400_3x8bit_C00C00_RGB_tomatoes_b,SAMPLING/8BIT/RGB/2400x2400/C00C00/img_2400x2400_3x8bit_C00C00_RGB_tomatoes_b.png,0815,DIV2K_valid_HR/0815.png,false,30,35,false,not_required,retain
img_2400x2400_3x8bit_C00C00_RGB_tomatoes_b,SAMPLING/8BIT/RGB/2400x2400/C00C00/img_2400x2400_3x8bit_C00C00_RGB_tomatoes_b.png,0816,DIV2K_valid_HR/0816.png,false,28,31,false,not_required,retain
img_2400x2400_3x8bit_C00C00_RGB_tomatoes_b,SAMPLING/8BIT/RGB/2400x2400/C00C00/img_2400x2400_3x8bit_C00C00_RGB_tomatoes_b.png,0817,DIV2K_valid_HR/0817.png,false,32,28,false,not_required,retain
img_2400x2400_3x8bit_C00C00_RGB_tomatoes_b,SAMPLING/8BIT/RGB/2400x2400/C00C00/img_2400x2400_3x8bit_C00C00_RGB_tomatoes_b.png,0818,DIV2K_valid_HR/0818.png,false,38,33,false,not_required,retain
img_2400x2400_3x8bit_C00C00_RGB_tomatoes_b,SAMPLING/8BIT/RGB/2400x2400/C00C00/img_2400x2400_3x8bit_C00C00_RGB_tomatoes_b.png,0819,DIV2K_valid_HR/0819.png,false,34,24,false,not_required,retain
img_2400x2400_3x8bit_C00C00_RGB_tomatoes_b,SAMPLING/8BIT/RGB/2400x2400/C00C00/img_2400x2400_3x8bit_C00C00_RGB_tomatoes_b.png,0820,DIV2K_valid_HR/0820.png,false,26,31,false,not_required,retain
img_2400x2400_3x8bit_C00C00_RGB_tomatoes_b,SAMPLING/8BIT/RGB/2400x2400/C00C00/img_2400x2400_3x8bit_C00C00_RGB_tomatoes_b.png,0821,DIV2K_valid_HR/0821.png,false,30,34,false,not_required,retain
img_2400x2400_3x8bit_C00C00_RGB_tomatoes_b,SAMPLING/8BIT/RGB/2400x2400/C00C00/img_2400x2400_3x8bit_C00C00_RGB_tomatoes_b.png,0822,DIV2K_valid_HR/0822.png,false,30,34,false,not_required,retain
img_2400x2400_3x8bit_C00C00_RGB_tomatoes_b,SAMPLING/8BIT/RGB/2400x2400/C00C00/img_2400x2400_3x8bit_C00C00_RGB_tomatoes_b.png,0823,DIV2K_valid_HR/0823.png,false,36,36,false,not_required,retain
img_2400x2400_3x8bit_C00C00_RGB_tomatoes_b,SAMPLING/8BIT/RGB/2400x2400/C00C00/img_2400x2400_3x8bit_C00C00_RGB_tomatoes_b.png,0824,DIV2K_valid_HR/0824.png,false,32,38,false,not_required,retain
img_2400x2400_3x8bit_C00C00_RGB_tomatoes_b,SAMPLING/8BIT/RGB/2400x2400/C00C00/img_2400x2400_3x8bit_C00C00_RGB_tomatoes_b.png,0825,DIV2K_valid_HR/0825.png,false,32,41,false,not_required,retain
img_2400x2400_3x8bit_C00C00_RGB_tomatoes_b,SAMPLING/8BIT/RGB/2400x2400/C00C00/img_2400x2400_3x8bit_C00C00_RGB_tomatoes_b.png,0826,DIV2K_valid_HR/0826.png,false,36,31,false,not_required,retain
img_2400x2400_3x8bit_C00C00_RGB_tomatoes_b,SAMPLING/8BIT/RGB/2400x2400/C00C00/img_2400x2400_3x8bit_C00C00_RGB_tomatoes_b.png,0827,DIV2K_valid_HR/0827.png,false,32,34,false,not_required,retain
img_2400x2400_3x8bit_C00C00_RGB_tomatoes_b,SAMPLING/8BIT/RGB/2400x2400/C00C00/img_2400x2400_3x8bit_C00C00_RGB_tomatoes_b.png,0828,DIV2K_valid_HR/0828.png,false,32,37,false,not_required,retain
img_2400x2400_3x8bit_C00C00_RGB_tomatoes_b,SAMPLING/8BIT/RGB/2400x2400/C00C00/img_2400x2400_3x8bit_C00C00_RGB_tomatoes_b.png,0829,DIV2K_valid_HR/0829.png,false,32,43,false,not_required,retain
img_2400x2400_3x8bit_C00C00_RGB_tomatoes_b,SAMPLING/8BIT/RGB/2400x2400/C00C00/img_2400x2400_3x8bit_C00C00_RGB_tomatoes_b.png,0830,DIV2K_valid_HR/0830.png,false,28,31,false,not_required,retain
img_2400x2400_3x8bit_C00C00_RGB_tomatoes_b,SAMPLING/8BIT/RGB/2400x2400/C00C00/img_2400x2400_3x8bit_C00C00_RGB_tomatoes_b.png,0831,DIV2K_valid_HR/0831.png,false,32,29,false,not_required,retain
img_2400x2400_3x8bit_C00C00_RGB_tomatoes_b,SAMPLING/8BIT/RGB/2400x2400/C00C00/img_2400x2400_3x8bit_C00C00_RGB_tomatoes_b.png,0832,DIV2K_valid_HR/0832.png,false,30,33,false,not_required,retain
img_2400x2400_3x8bit_C00C00_RGB_tomatoes_b,SAMPLING/8BIT/RGB/2400x2400/C00C00/img_2400x2400_3x8bit_C00C00_RGB_tomatoes_b.png,0833,DIV2K_valid_HR/0833.png,false,30,29,false,not_required,retain
img_2400x2400_3x8bit_C00C00_RGB_tomatoes_b,SAMPLING/8BIT/RGB/2400x2400/C00C00/img_2400x2400_3x8bit_C00C00_RGB_tomatoes_b.png,0834,DIV2K_valid_HR/0834.png,false,32,29,false,not_required,retain
img_2400x2400_3x8bit_C00C00_RGB_tomatoes_b,SAMPLING/8BIT/RGB/2400x2400/C00C00/img_2400x2400_3x8bit_C00C00_RGB_tomatoes_b.png,0835,DIV2K_valid_HR/0835.png,false,34,37,false,not_required,retain
img_2400x2400_3x8bit_C00C00_RGB_tomatoes_b,SAMPLING/8BIT/RGB/2400x2400/C00C00/img_2400x2400_3x8bit_C00C00_RGB_tomatoes_b.png,0836,DIV2K_valid_HR/0836.png,false,32,30,false,not_required,retain
img_2400x2400_3x8bit_C00C00_RGB_tomatoes_b,SAMPLING/8BIT/RGB/2400x2400/C00C00/img_2400x2400_3x8bit_C00C00_RGB_tomatoes_b.png,0837,DIV2K_valid_HR/0837.png,false,32,35,false,not_required,retain
img_2400x2400_3x8bit_C00C00_RGB_tomatoes_b,SAMPLING/8BIT/RGB/2400x2400/C00C00/img_2400x2400_3x8bit_C00C00_RGB_tomatoes_b.png,0838,DIV2K_valid_HR/0838.png,false,28,35,false,not_required,retain
img_2400x2400_3x8bit_C00C00_RGB_tomatoes_b,SAMPLING/8BIT/RGB/2400x2400/C00C00/img_2400x2400_3x8bit_C00C00_RGB_tomatoes_b.png,0839,DIV2K_valid_HR/0839.png,false,32,40,false,not_required,retain
img_2400x2400_3x8bit_C00C00_RGB_tomatoes_b,SAMPLING/8BIT/RGB/2400x2400/C00C00/img_2400x2400_3x8bit_C00C00_RGB_tomatoes_b.png,0840,DIV2K_valid_HR/0840.png,false,32,26,false,not_required,retain
img_2400x2400_3x8bit_C00C00_RGB_tomatoes_b,SAMPLING/8BIT/RGB/2400x2400/C00C00/img_2400x2400_3x8bit_C00C00_RGB_tomatoes_b.png,0841,DIV2K_valid_HR/0841.png,false,34,37,false,not_required,retain
img_2400x2400_3x8bit_C00C00_RGB_tomatoes_b,SAMPLING/8BIT/RGB/2400x2400/C00C00/img_2400x2400_3x8bit_C00C00_RGB_tomatoes_b.png,0842,DIV2K_valid_HR/0842.png,false,24,31,false,not_required,retain
img_2400x2400_3x8bit_C00C00_RGB_tomatoes_b,SAMPLING/8BIT/RGB/2400x2400/C00C00/img_2400x2400_3x8bit_C00C00_RGB_tomatoes_b.png,0843,DIV2K_valid_HR/0843.png,false,34,35,false,not_required,retain
img_2400x2400_3x8bit_C00C00_RGB_tomatoes_b,SAMPLING/8BIT/RGB/2400x2400/C00C00/img_2400x2400_3x8bit_C00C00_RGB_tomatoes_b.png,0844,DIV2K_valid_HR/0844.png,false,28,33,false,not_required,retain
img_2400x2400_3x8bit_C00C00_RGB_tomatoes_b,SAMPLING/8BIT/RGB/2400x2400/C00C00/img_2400x2400_3x8bit_C00C00_RGB_tomatoes_b.png,0845,DIV2K_valid_HR/0845.png,false,36,36,false,not_required,retain
img_2400x2400_3x8bit_C00C00_RGB_tomatoes_b,SAMPLING/8BIT/RGB/2400x2400/C00C00/img_2400x2400_3x8bit_C00C00_RGB_tomatoes_b.png,0846,DIV2K_valid_HR/0846.png,false,34,34,false,not_required,retain
img_2400x2400_3x8bit_C00C00_RGB_tomatoes_b,SAMPLING/8BIT/RGB/2400x2400/C00C00/img_2400x2400_3x8bit_C00C00_RGB_tomatoes_b.png,0847,DIV2K_valid_HR/0847.png,false,28,30,false,not_required,retain
img_2400x2400_3x8bit_C00C00_RGB_tomatoes_b,SAMPLING/8BIT/RGB/2400x2400/C00C00/img_2400x2400_3x8bit_C00C00_RGB_tomatoes_b.png,0848,DIV2K_valid_HR/0848.png,false,34,34,false,not_required,retain
img_2400x2400_3x8bit_C00C00_RGB_tomatoes_b,SAMPLING/8BIT/RGB/2400x2400/C00C00/img_2400x2400_3x8bit_C00C00_RGB_tomatoes_b.png,0849,DIV2K_valid_HR/0849.png,false,40,37,false,not_required,retain
img_2400x2400_3x8bit_C00C00_RGB_tomatoes_b,SAMPLING/8BIT/RGB/2400x2400/C00C00/img_2400x2400_3x8bit_C00C00_RGB_tomatoes_b.png,0850,DIV2K_valid_HR/0850.png,false,30,34,false,not_required,retain
img_2400x2400_3x8bit_C00C00_RGB_tomatoes_b,SAMPLING/8BIT/RGB/2400x2400/C00C00/img_2400x2400_3x8bit_C00C00_RGB_tomatoes_b.png,0851,DIV2K_valid_HR/0851.png,false,36,29,false,not_required,retain
img_2400x2400_3x8bit_C00C00_RGB_tomatoes_b,SAMPLING/8BIT/RGB/2400x2400/C00C00/img_2400x2400_3x8bit_C00C00_RGB_tomatoes_b.png,0852,DIV2K_valid_HR/0852.png,false,32,29,false,not_required,retain
img_2400x2400_3x8bit_C00C00_RGB_tomatoes_b,SAMPLING/8BIT/RGB/2400x2400/C00C00/img_2400x2400_3x8bit_C00C00_RGB_tomatoes_b.png,0853,DIV2K_valid_HR/0853.png,false,30,36,false,not_required,retain
img_2400x2400_3x8bit_C00C00_RGB_tomatoes_b,SAMPLING/8BIT/RGB/2400x2400/C00C00/img_2400x2400_3x8bit_C00C00_RGB_tomatoes_b.png,0854,DIV2K_valid_HR/0854.png,false,34,29,false,not_required,retain
img_2400x2400_3x8bit_C00C00_RGB_tomatoes_b,SAMPLING/8BIT/RGB/2400x2400/C00C00/img_2400x2400_3x8bit_C00C00_RGB_tomatoes_b.png,0855,DIV2K_valid_HR/0855.png,false,30,25,false,not_required,retain
img_2400x2400_3x8bit_C00C00_RGB_tomatoes_b,SAMPLING/8BIT/RGB/2400x2400/C00C00/img_2400x2400_3x8bit_C00C00_RGB_tomatoes_b.png,0856,DIV2K_valid_HR/0856.png,false,28,36,false,not_required,retain
img_2400x2400_3x8bit_C00C00_RGB_tomatoes_b,SAMPLING/8BIT/RGB/2400x2400/C00C00/img_2400x2400_3x8bit_C00C00_RGB_tomatoes_b.png,0857,DIV2K_valid_HR/0857.png,false,36,39,false,not_required,retain
img_2400x2400_3x8bit_C00C00_RGB_tomatoes_b,SAMPLING/8BIT/RGB/2400x2400/C00C00/img_2400x2400_3x8bit_C00C00_RGB_tomatoes_b.png,0858,DIV2K_valid_HR/0858.png,false,26,31,false,not_required,retain
img_2400x2400_3x8bit_C00C00_RGB_tomatoes_b,SAMPLING/8BIT/RGB/2400x2400/C00C00/img_2400x2400_3x8bit_C00C00_RGB_tomatoes_b.png,0859,DIV2K_valid_HR/0859.png,false,28,28,false,not_required,retain
img_2400x2400_3x8bit_C00C00_RGB_tomatoes_b,SAMPLING/8BIT/RGB/2400x2400/C00C00/img_2400x2400_3x8bit_C00C00_RGB_tomatoes_b.png,0860,DIV2K_valid_HR/0860.png,false,32,31,false,not_required,retain
img_2400x2400_3x8bit_C00C00_RGB_tomatoes_b,SAMPLING/8BIT/RGB/2400x2400/C00C00/img_2400x2400_3x8bit_C00C00_RGB_tomatoes_b.png,0861,DIV2K_valid_HR/0861.png,false,36,34,false,not_required,retain
img_2400x2400_3x8bit_C00C00_RGB_tomatoes_b,SAMPLING/8BIT/RGB/2400x2400/C00C00/img_2400x2400_3x8bit_C00C00_RGB_tomatoes_b.png,0862,DIV2K_valid_HR/0862.png,false,36,38,false,not_required,retain
img_2400x2400_3x8bit_C00C00_RGB_tomatoes_b,SAMPLING/8BIT/RGB/2400x2400/C00C00/img_2400x2400_3x8bit_C00C00_RGB_tomatoes_b.png,0863,DIV2K_valid_HR/0863.png,false,30,32,false,not_required,retain
img_2400x2400_3x8bit_C00C00_RGB_tomatoes_b,SAMPLING/8BIT/RGB/2400x2400/C00C00/img_2400x2400_3x8bit_C00C00_RGB_tomatoes_b.png,0864,DIV2K_valid_HR/0864.png,false,28,27,false,not_required,retain
img_2400x2400_3x8bit_C00C00_RGB_tomatoes_b,SAMPLING/8BIT/RGB/2400x2400/C00C00/img_2400x2400_3x8bit_C00C00_RGB_tomatoes_b.png,0865,DIV2K_valid_HR/0865.png,false,38,27,false,not_required,retain
img_2400x2400_3x8bit_C00C00_RGB_tomatoes_b,SAMPLING/8BIT/RGB/2400x2400/C00C00/img_2400x2400_3x8bit_C00C00_RGB_tomatoes_b.png,0866,DIV2K_valid_HR/0866.png,false,28,28,false,not_required,retain
img_2400x2400_3x8bit_C00C00_RGB_tomatoes_b,SAMPLING/8BIT/RGB/2400x2400/C00C00/img_2400x2400_3x8bit_C00C00_RGB_tomatoes_b.png,0867,DIV2K_valid_HR/0867.png,false,32,34,false,not_required,retain
img_2400x2400_3x8bit_C00C00_RGB_tomatoes_b,SAMPLING/8BIT/RGB/2400x2400/C00C00/img_2400x2400_3x8bit_C00C00_RGB_tomatoes_b.png,0868,DIV2K_valid_HR/0868.png,false,34,33,false,not_required,retain
img_2400x2400_3x8bit_C00C00_RGB_tomatoes_b,SAMPLING/8BIT/RGB/2400x2400/C00C00/img_2400x2400_3x8bit_C00C00_RGB_tomatoes_b.png,0869,DIV2K_valid_HR/0869.png,false,26,33,false,not_required,retain
img_2400x2400_3x8bit_C00C00_RGB_tomatoes_b,SAMPLING/8BIT/RGB/2400x2400/C00C00/img_2400x2400_3x8bit_C00C00_RGB_tomatoes_b.png,0870,DIV2K_valid_HR/0870.png,false,30,32,false,not_required,retain
img_2400x2400_3x8bit_C00C00_RGB_tomatoes_b,SAMPLING/8BIT/RGB/2400x2400/C00C00/img_2400x2400_3x8bit_C00C00_RGB_tomatoes_b.png,0871,DIV2K_valid_HR/0871.png,false,32,35,false,not_required,retain
img_2400x2400_3x8bit_C00C00_RGB_tomatoes_b,SAMPLING/8BIT/RGB/2400x2400/C00C00/img_2400x2400_3x8bit_C00C00_RGB_tomatoes_b.png,0872,DIV2K_valid_HR/0872.png,false,34,34,false,not_required,retain
img_2400x2400_3x8bit_C00C00_RGB_tomatoes_b,SAMPLING/8BIT/RGB/2400x2400/C00C00/img_2400x2400_3x8bit_C00C00_RGB_tomatoes_b.png,0873,DIV2K_valid_HR/0873.png,false,36,36,false,not_required,retain
img_2400x2400_3x8bit_C00C00_RGB_tomatoes_b,SAMPLING/8BIT/RGB/2400x2400/C00C00/img_2400x2400_3x8bit_C00C00_RGB_tomatoes_b.png,0874,DIV2K_valid_HR/0874.png,false,38,31,false,not_required,retain
img_2400x2400_3x8bit_C00C00_RGB_tomatoes_b,SAMPLING/8BIT/RGB/2400x2400/C00C00/img_2400x2400_3x8bit_C00C00_RGB_tomatoes_b.png,0875,DIV2K_valid_HR/0875.png,false,28,27,false,not_required,retain
img_2400x2400_3x8bit_C00C00_RGB_tomatoes_b,SAMPLING/8BIT/RGB/2400x2400/C00C00/img_2400x2400_3x8bit_C00C00_RGB_tomatoes_b.png,0876,DIV2K_valid_HR/0876.png,false,30,31,false,not_required,retain
img_2400x2400_3x8bit_C00C00_RGB_tomatoes_b,SAMPLING/8BIT/RGB/2400x2400/C00C00/img_2400x2400_3x8bit_C00C00_RGB_tomatoes_b.png,0877,DIV2K_valid_HR/0877.png,false,34,40,false,not_required,retain
img_2400x2400_3x8bit_C00C00_RGB_tomatoes_b,SAMPLING/8BIT/RGB/2400x2400/C00C00/img_2400x2400_3x8bit_C00C00_RGB_tomatoes_b.png,0878,DIV2K_valid_HR/0878.png,false,34,36,false,not_required,retain
img_2400x2400_3x8bit_C00C00_RGB_tomatoes_b,SAMPLING/8BIT/RGB/2400x2400/C00C00/img_2400x2400_3x8bit_C00C00_RGB_tomatoes_b.png,0879,DIV2K_valid_HR/0879.png,false,30,30,false,not_required,retain
img_2400x2400_3x8bit_C00C00_RGB_tomatoes_b,SAMPLING/8BIT/RGB/2400x2400/C00C00/img_2400x2400_3x8bit_C00C00_RGB_tomatoes_b.png,0880,DIV2K_valid_HR/0880.png,false,36,37,false,not_required,retain
img_2400x2400_3x8bit_C00C00_RGB_tomatoes_b,SAMPLING/8BIT/RGB/2400x2400/C00C00/img_2400x2400_3x8bit_C00C00_RGB_tomatoes_b.png,0881,DIV2K_valid_HR/0881.png,false,36,35,false,not_required,retain
img_2400x2400_3x8bit_C00C00_RGB_tomatoes_b,SAMPLING/8BIT/RGB/2400x2400/C00C00/img_2400x2400_3x8bit_C00C00_RGB_tomatoes_b.png,0882,DIV2K_valid_HR/0882.png,false,40,35,false,not_required,retain
img_2400x2400_3x8bit_C00C00_RGB_tomatoes_b,SAMPLING/8BIT/RGB/2400x2400/C00C00/img_2400x2400_3x8bit_C00C00_RGB_tomatoes_b.png,0883,DIV2K_valid_HR/0883.png,false,30,34,false,not_required,retain
img_2400x2400_3x8bit_C00C00_RGB_tomatoes_b,SAMPLING/8BIT/RGB/2400x2400/C00C00/img_2400x2400_3x8bit_C00C00_RGB_tomatoes_b.png,0884,DIV2K_valid_HR/0884.png,false,30,33,false,not_required,retain
img_2400x2400_3x8bit_C00C00_RGB_tomatoes_b,SAMPLING/8BIT/RGB/2400x2400/C00C00/img_2400x2400_3x8bit_C00C00_RGB_tomatoes_b.png,0885,DIV2K_valid_HR/0885.png,false,30,26,false,not_required,retain
img_2400x2400_3x8bit_C00C00_RGB_tomatoes_b,SAMPLING/8BIT/RGB/2400x2400/C00C00/img_2400x2400_3x8bit_C00C00_RGB_tomatoes_b.png,0886,DIV2K_valid_HR/0886.png,false,34,37,false,not_required,retain
img_2400x2400_3x8bit_C00C00_RGB_tomatoes_b,SAMPLING/8BIT/RGB/2400x2400/C00C00/img_2400x2400_3x8bit_C00C00_RGB_tomatoes_b.png,0887,DIV2K_valid_HR/0887.png,false,34,37,false,not_required,retain
img_2400x2400_3x8bit_C00C00_RGB_tomatoes_b,SAMPLING/8BIT/RGB/2400x2400/C00C00/img_2400x2400_3x8bit_C00C00_RGB_tomatoes_b.png,0888,DIV2K_valid_HR/0888.png,false,24,29,false,not_required,retain
img_2400x2400_3x8bit_C00C00_RGB_tomatoes_b,SAMPLING/8BIT/RGB/2400x2400/C00C00/img_2400x2400_3x8bit_C00C00_RGB_tomatoes_b.png,0889,DIV2K_valid_HR/0889.png,false,32,29,false,not_required,retain
img_2400x2400_3x8bit_C00C00_RGB_tomatoes_b,SAMPLING/8BIT/RGB/2400x2400/C00C00/img_2400x2400_3x8bit_C00C00_RGB_tomatoes_b.png,0890,DIV2K_valid_HR/0890.png,false,30,40,false,not_required,retain
img_2400x2400_3x8bit_C00C00_RGB_tomatoes_b,SAMPLING/8BIT/RGB/2400x2400/C00C00/img_2400x2400_3x8bit_C00C00_RGB_tomatoes_b.png,0891,DIV2K_valid_HR/0891.png,false,28,32,false,not_required,retain
img_2400x2400_3x8bit_C00C00_RGB_tomatoes_b,SAMPLING/8BIT/RGB/2400x2400/C00C00/img_2400x2400_3x8bit_C00C00_RGB_tomatoes_b.png,0892,DIV2K_valid_HR/0892.png,false,38,41,false,not_required,retain
img_2400x2400_3x8bit_C00C00_RGB_tomatoes_b,SAMPLING/8BIT/RGB/2400x2400/C00C00/img_2400x2400_3x8bit_C00C00_RGB_tomatoes_b.png,0893,DIV2K_valid_HR/0893.png,false,26,29,false,not_required,retain
img_2400x2400_3x8bit_C00C00_RGB_tomatoes_b,SAMPLING/8BIT/RGB/2400x2400/C00C00/img_2400x2400_3x8bit_C00C00_RGB_tomatoes_b.png,0894,DIV2K_valid_HR/0894.png,false,38,41,false,not_required,retain
img_2400x2400_3x8bit_C00C00_RGB_tomatoes_b,SAMPLING/8BIT/RGB/2400x2400/C00C00/img_2400x2400_3x8bit_C00C00_RGB_tomatoes_b.png,0895,DIV2K_valid_HR/0895.png,false,26,26,false,not_required,retain
img_2400x2400_3x8bit_C00C00_RGB_tomatoes_b,SAMPLING/8BIT/RGB/2400x2400/C00C00/img_2400x2400_3x8bit_C00C00_RGB_tomatoes_b.png,0896,DIV2K_valid_HR/0896.png,false,28,36,false,not_required,retain
img_2400x2400_3x8bit_C00C00_RGB_tomatoes_b,SAMPLING/8BIT/RGB/2400x2400/C00C00/img_2400x2400_3x8bit_C00C00_RGB_tomatoes_b.png,0897,DIV2K_valid_HR/0897.png,false,34,32,false,not_required,retain
img_2400x2400_3x8bit_C00C00_RGB_tomatoes_b,SAMPLING/8BIT/RGB/2400x2400/C00C00/img_2400x2400_3x8bit_C00C00_RGB_tomatoes_b.png,0898,DIV2K_valid_HR/0898.png,false,30,38,false,not_required,retain
img_2400x2400_3x8bit_C00C00_RGB_tomatoes_b,SAMPLING/8BIT/RGB/2400x2400/C00C00/img_2400x2400_3x8bit_C00C00_RGB_tomatoes_b.png,0899,DIV2K_valid_HR/0899.png,false,36,37,false,not_required,retain
img_2400x2400_3x8bit_C00C00_RGB_tomatoes_b,SAMPLING/8BIT/RGB/2400x2400/C00C00/img_2400x2400_3x8bit_C00C00_RGB_tomatoes_b.png,0900,DIV2K_valid_HR/0900.png,false,32,37,false,not_required,retain
img_2400x2400_3x8bit_C00C00_RGB_tools_a,SAMPLING/8BIT/RGB/2400x2400/C00C00/img_2400x2400_3x8bit_C00C00_RGB_tools_a.png,0805,DIV2K_valid_HR/0805.png,false,30,36,false,not_required,retain
img_2400x2400_3x8bit_C00C00_RGB_tools_a,SAMPLING/8BIT/RGB/2400x2400/C00C00/img_2400x2400_3x8bit_C00C00_RGB_tools_a.png,0806,DIV2K_valid_HR/0806.png,false,26,34,false,not_required,retain
img_2400x2400_3x8bit_C00C00_RGB_tools_a,SAMPLING/8BIT/RGB/2400x2400/C00C00/img_2400x2400_3x8bit_C00C00_RGB_tools_a.png,0807,DIV2K_valid_HR/0807.png,false,30,30,false,not_required,retain
img_2400x2400_3x8bit_C00C00_RGB_tools_a,SAMPLING/8BIT/RGB/2400x2400/C00C00/img_2400x2400_3x8bit_C00C00_RGB_tools_a.png,0808,DIV2K_valid_HR/0808.png,false,26,31,false,not_required,retain
img_2400x2400_3x8bit_C00C00_RGB_tools_a,SAMPLING/8BIT/RGB/2400x2400/C00C00/img_2400x2400_3x8bit_C00C00_RGB_tools_a.png,0809,DIV2K_valid_HR/0809.png,false,30,31,false,not_required,retain
img_2400x2400_3x8bit_C00C00_RGB_tools_a,SAMPLING/8BIT/RGB/2400x2400/C00C00/img_2400x2400_3x8bit_C00C00_RGB_tools_a.png,0810,DIV2K_valid_HR/0810.png,false,40,28,false,not_required,retain
img_2400x2400_3x8bit_C00C00_RGB_tools_a,SAMPLING/8BIT/RGB/2400x2400/C00C00/img_2400x2400_3x8bit_C00C00_RGB_tools_a.png,0811,DIV2K_valid_HR/0811.png,false,30,31,false,not_required,retain
img_2400x2400_3x8bit_C00C00_RGB_tools_a,SAMPLING/8BIT/RGB/2400x2400/C00C00/img_2400x2400_3x8bit_C00C00_RGB_tools_a.png,0812,DIV2K_valid_HR/0812.png,false,32,37,false,not_required,retain
img_2400x2400_3x8bit_C00C00_RGB_tools_a,SAMPLING/8BIT/RGB/2400x2400/C00C00/img_2400x2400_3x8bit_C00C00_RGB_tools_a.png,0813,DIV2K_valid_HR/0813.png,false,34,40,false,not_required,retain
img_2400x2400_3x8bit_C00C00_RGB_tools_a,SAMPLING/8BIT/RGB/2400x2400/C00C00/img_2400x2400_3x8bit_C00C00_RGB_tools_a.png,0814,DIV2K_valid_HR/0814.png,false,32,37,false,not_required,retain
img_2400x2400_3x8bit_C00C00_RGB_tools_a,SAMPLING/8BIT/RGB/2400x2400/C00C00/img_2400x2400_3x8bit_C00C00_RGB_tools_a.png,0815,DIV2K_valid_HR/0815.png,false,30,35,false,not_required,retain
img_2400x2400_3x8bit_C00C00_RGB_tools_a,SAMPLING/8BIT/RGB/2400x2400/C00C00/img_2400x2400_3x8bit_C00C00_RGB_tools_a.png,0816,DIV2K_valid_HR/0816.png,false,26,35,false,not_required,retain
img_2400x2400_3x8bit_C00C00_RGB_tools_a,SAMPLING/8BIT/RGB/2400x2400/C00C00/img_2400x2400_3x8bit_C00C00_RGB_tools_a.png,0817,DIV2K_valid_HR/0817.png,false,36,32,false,not_required,retain
img_2400x2400_3x8bit_C00C00_RGB_tools_a,SAMPLING/8BIT/RGB/2400x2400/C00C00/img_2400x2400_3x8bit_C00C00_RGB_tools_a.png,0818,DIV2K_valid_HR/0818.png,false,30,29,false,not_required,retain
img_2400x2400_3x8bit_C00C00_RGB_tools_a,SAMPLING/8BIT/RGB/2400x2400/C00C00/img_2400x2400_3x8bit_C00C00_RGB_tools_a.png,0819,DIV2K_valid_HR/0819.png,false,30,28,false,not_required,retain
img_2400x2400_3x8bit_C00C00_RGB_tools_a,SAMPLING/8BIT/RGB/2400x2400/C00C00/img_2400x2400_3x8bit_C00C00_RGB_tools_a.png,0820,DIV2K_valid_HR/0820.png,false,40,37,false,not_required,retain
img_2400x2400_3x8bit_C00C00_RGB_tools_a,SAMPLING/8BIT/RGB/2400x2400/C00C00/img_2400x2400_3x8bit_C00C00_RGB_tools_a.png,0821,DIV2K_valid_HR/0821.png,false,34,32,false,not_required,retain
img_2400x2400_3x8bit_C00C00_RGB_tools_a,SAMPLING/8BIT/RGB/2400x2400/C00C00/img_2400x2400_3x8bit_C00C00_RGB_tools_a.png,0822,DIV2K_valid_HR/0822.png,false,24,30,false,not_required,retain
img_2400x2400_3x8bit_C00C00_RGB_tools_a,SAMPLING/8BIT/RGB/2400x2400/C00C00/img_2400x2400_3x8bit_C00C00_RGB_tools_a.png,0823,DIV2K_valid_HR/0823.png,false,36,36,false,not_required,retain
img_2400x2400_3x8bit_C00C00_RGB_tools_a,SAMPLING/8BIT/RGB/2400x2400/C00C00/img_2400x2400_3x8bit_C00C00_RGB_tools_a.png,0824,DIV2K_valid_HR/0824.png,false,26,42,false,not_required,retain
img_2400x2400_3x8bit_C00C00_RGB_tools_a,SAMPLING/8BIT/RGB/2400x2400/C00C00/img_2400x2400_3x8bit_C00C00_RGB_tools_a.png,0825,DIV2K_valid_HR/0825.png,false,32,33,false,not_required,retain
img_2400x2400_3x8bit_C00C00_RGB_tools_a,SAMPLING/8BIT/RGB/2400x2400/C00C00/img_2400x2400_3x8bit_C00C00_RGB_tools_a.png,0826,DIV2K_valid_HR/0826.png,false,36,33,false,not_required,retain
img_2400x2400_3x8bit_C00C00_RGB_tools_a,SAMPLING/8BIT/RGB/2400x2400/C00C00/img_2400x2400_3x8bit_C00C00_RGB_tools_a.png,0827,DIV2K_valid_HR/0827.png,false,38,32,false,not_required,retain
img_2400x2400_3x8bit_C00C00_RGB_tools_a,SAMPLING/8BIT/RGB/2400x2400/C00C00/img_2400x2400_3x8bit_C00C00_RGB_tools_a.png,0828,DIV2K_valid_HR/0828.png,false,26,29,false,not_required,retain
img_2400x2400_3x8bit_C00C00_RGB_tools_a,SAMPLING/8BIT/RGB/2400x2400/C00C00/img_2400x2400_3x8bit_C00C00_RGB_tools_a.png,0829,DIV2K_valid_HR/0829.png,false,28,39,false,not_required,retain
img_2400x2400_3x8bit_C00C00_RGB_tools_a,SAMPLING/8BIT/RGB/2400x2400/C00C00/img_2400x2400_3x8bit_C00C00_RGB_tools_a.png,0830,DIV2K_valid_HR/0830.png,false,34,31,false,not_required,retain
img_2400x2400_3x8bit_C00C00_RGB_tools_a,SAMPLING/8BIT/RGB/2400x2400/C00C00/img_2400x2400_3x8bit_C00C00_RGB_tools_a.png,0831,DIV2K_valid_HR/0831.png,false,34,35,false,not_required,retain
img_2400x2400_3x8bit_C00C00_RGB_tools_a,SAMPLING/8BIT/RGB/2400x2400/C00C00/img_2400x2400_3x8bit_C00C00_RGB_tools_a.png,0832,DIV2K_valid_HR/0832.png,false,36,33,false,not_required,retain
img_2400x2400_3x8bit_C00C00_RGB_tools_a,SAMPLING/8BIT/RGB/2400x2400/C00C00/img_2400x2400_3x8bit_C00C00_RGB_tools_a.png,0833,DIV2K_valid_HR/0833.png,false,32,27,false,not_required,retain
img_2400x2400_3x8bit_C00C00_RGB_tools_a,SAMPLING/8BIT/RGB/2400x2400/C00C00/img_2400x2400_3x8bit_C00C00_RGB_tools_a.png,0834,DIV2K_valid_HR/0834.png,false,32,29,false,not_required,retain
img_2400x2400_3x8bit_C00C00_RGB_tools_a,SAMPLING/8BIT/RGB/2400x2400/C00C00/img_2400x2400_3x8bit_C00C00_RGB_tools_a.png,0835,DIV2K_valid_HR/0835.png,false,26,39,false,not_required,retain
img_2400x2400_3x8bit_C00C00_RGB_tools_a,SAMPLING/8BIT/RGB/2400x2400/C00C00/img_2400x2400_3x8bit_C00C00_RGB_tools_a.png,0836,DIV2K_valid_HR/0836.png,false,34,24,false,not_required,retain
img_2400x2400_3x8bit_C00C00_RGB_tools_a,SAMPLING/8BIT/RGB/2400x2400/C00C00/img_2400x2400_3x8bit_C00C00_RGB_tools_a.png,0837,DIV2K_valid_HR/0837.png,false,30,33,false,not_required,retain
img_2400x2400_3x8bit_C00C00_RGB_tools_a,SAMPLING/8BIT/RGB/2400x2400/C00C00/img_2400x2400_3x8bit_C00C00_RGB_tools_a.png,0838,DIV2K_valid_HR/0838.png,false,30,39,false,not_required,retain
img_2400x2400_3x8bit_C00C00_RGB_tools_a,SAMPLING/8BIT/RGB/2400x2400/C00C00/img_2400x2400_3x8bit_C00C00_RGB_tools_a.png,0839,DIV2K_valid_HR/0839.png,false,32,40,false,not_required,retain
img_2400x2400_3x8bit_C00C00_RGB_tools_a,SAMPLING/8BIT/RGB/2400x2400/C00C00/img_2400x2400_3x8bit_C00C00_RGB_tools_a.png,0840,DIV2K_valid_HR/0840.png,false,28,40,false,not_required,retain
img_2400x2400_3x8bit_C00C00_RGB_tools_a,SAMPLING/8BIT/RGB/2400x2400/C00C00/img_2400x2400_3x8bit_C00C00_RGB_tools_a.png,0841,DIV2K_valid_HR/0841.png,false,30,43,false,not_required,retain
img_2400x2400_3x8bit_C00C00_RGB_tools_a,SAMPLING/8BIT/RGB/2400x2400/C00C00/img_2400x2400_3x8bit_C00C00_RGB_tools_a.png,0842,DIV2K_valid_HR/0842.png,false,32,39,false,not_required,retain
img_2400x2400_3x8bit_C00C00_RGB_tools_a,SAMPLING/8BIT/RGB/2400x2400/C00C00/img_2400x2400_3x8bit_C00C00_RGB_tools_a.png,0843,DIV2K_valid_HR/0843.png,false,32,29,false,not_required,retain
img_2400x2400_3x8bit_C00C00_RGB_tools_a,SAMPLING/8BIT/RGB/2400x2400/C00C00/img_2400x2400_3x8bit_C00C00_RGB_tools_a.png,0844,DIV2K_valid_HR/0844.png,false,34,29,false,not_required,retain
img_2400x2400_3x8bit_C00C00_RGB_tools_a,SAMPLING/8BIT/RGB/2400x2400/C00C00/img_2400x2400_3x8bit_C00C00_RGB_tools_a.png,0845,DIV2K_valid_HR/0845.png,false,32,46,false,not_required,retain
img_2400x2400_3x8bit_C00C00_RGB_tools_a,SAMPLING/8BIT/RGB/2400x2400/C00C00/img_2400x2400_3x8bit_C00C00_RGB_tools_a.png,0846,DIV2K_valid_HR/0846.png,false,26,34,false,not_required,retain
img_2400x2400_3x8bit_C00C00_RGB_tools_a,SAMPLING/8BIT/RGB/2400x2400/C00C00/img_2400x2400_3x8bit_C00C00_RGB_tools_a.png,0847,DIV2K_valid_HR/0847.png,false,28,28,false,not_required,retain
img_2400x2400_3x8bit_C00C00_RGB_tools_a,SAMPLING/8BIT/RGB/2400x2400/C00C00/img_2400x2400_3x8bit_C00C00_RGB_tools_a.png,0848,DIV2K_valid_HR/0848.png,false,32,38,false,not_required,retain
img_2400x2400_3x8bit_C00C00_RGB_tools_a,SAMPLING/8BIT/RGB/2400x2400/C00C00/img_2400x2400_3x8bit_C00C00_RGB_tools_a.png,0849,DIV2K_valid_HR/0849.png,false,32,33,false,not_required,retain
img_2400x2400_3x8bit_C00C00_RGB_tools_a,SAMPLING/8BIT/RGB/2400x2400/C00C00/img_2400x2400_3x8bit_C00C00_RGB_tools_a.png,0850,DIV2K_valid_HR/0850.png,false,32,30,false,not_required,retain
img_2400x2400_3x8bit_C00C00_RGB_tools_a,SAMPLING/8BIT/RGB/2400x2400/C00C00/img_2400x2400_3x8bit_C00C00_RGB_tools_a.png,0851,DIV2K_valid_HR/0851.png,false,34,31,false,not_required,retain
img_2400x2400_3x8bit_C00C00_RGB_tools_a,SAMPLING/8BIT/RGB/2400x2400/C00C00/img_2400x2400_3x8bit_C00C00_RGB_tools_a.png,0852,DIV2K_valid_HR/0852.png,false,28,33,false,not_required,retain
img_2400x2400_3x8bit_C00C00_RGB_tools_a,SAMPLING/8BIT/RGB/2400x2400/C00C00/img_2400x2400_3x8bit_C00C00_RGB_tools_a.png,0853,DIV2K_valid_HR/0853.png,false,32,32,false,not_required,retain
img_2400x2400_3x8bit_C00C00_RGB_tools_a,SAMPLING/8BIT/RGB/2400x2400/C00C00/img_2400x2400_3x8bit_C00C00_RGB_tools_a.png,0854,DIV2K_valid_HR/0854.png,false,34,29,false,not_required,retain
img_2400x2400_3x8bit_C00C00_RGB_tools_a,SAMPLING/8BIT/RGB/2400x2400/C00C00/img_2400x2400_3x8bit_C00C00_RGB_tools_a.png,0855,DIV2K_valid_HR/0855.png,false,26,23,false,not_required,retain
img_2400x2400_3x8bit_C00C00_RGB_tools_a,SAMPLING/8BIT/RGB/2400x2400/C00C00/img_2400x2400_3x8bit_C00C00_RGB_tools_a.png,0856,DIV2K_valid_HR/0856.png,false,32,34,false,not_required,retain
img_2400x2400_3x8bit_C00C00_RGB_tools_a,SAMPLING/8BIT/RGB/2400x2400/C00C00/img_2400x2400_3x8bit_C00C00_RGB_tools_a.png,0857,DIV2K_valid_HR/0857.png,false,20,31,false,not_required,retain
img_2400x2400_3x8bit_C00C00_RGB_tools_a,SAMPLING/8BIT/RGB/2400x2400/C00C00/img_2400x2400_3x8bit_C00C00_RGB_tools_a.png,0858,DIV2K_valid_HR/0858.png,false,30,35,false,not_required,retain
img_2400x2400_3x8bit_C00C00_RGB_tools_a,SAMPLING/8BIT/RGB/2400x2400/C00C00/img_2400x2400_3x8bit_C00C00_RGB_tools_a.png,0859,DIV2K_valid_HR/0859.png,false,32,34,false,not_required,retain
img_2400x2400_3x8bit_C00C00_RGB_tools_a,SAMPLING/8BIT/RGB/2400x2400/C00C00/img_2400x2400_3x8bit_C00C00_RGB_tools_a.png,0860,DIV2K_valid_HR/0860.png,false,26,37,false,not_required,retain
img_2400x2400_3x8bit_C00C00_RGB_tools_a,SAMPLING/8BIT/RGB/2400x2400/C00C00/img_2400x2400_3x8bit_C00C00_RGB_tools_a.png,0861,DIV2K_valid_HR/0861.png,false,30,34,false,not_required,retain
img_2400x2400_3x8bit_C00C00_RGB_tools_a,SAMPLING/8BIT/RGB/2400x2400/C00C00/img_2400x2400_3x8bit_C00C00_RGB_tools_a.png,0862,DIV2K_valid_HR/0862.png,false,40,36,false,not_required,retain
img_2400x2400_3x8bit_C00C00_RGB_tools_a,SAMPLING/8BIT/RGB/2400x2400/C00C00/img_2400x2400_3x8bit_C00C00_RGB_tools_a.png,0863,DIV2K_valid_HR/0863.png,false,26,24,false,not_required,retain
img_2400x2400_3x8bit_C00C00_RGB_tools_a,SAMPLING/8BIT/RGB/2400x2400/C00C00/img_2400x2400_3x8bit_C00C00_RGB_tools_a.png,0864,DIV2K_valid_HR/0864.png,false,30,35,false,not_required,retain
img_2400x2400_3x8bit_C00C00_RGB_tools_a,SAMPLING/8BIT/RGB/2400x2400/C00C00/img_2400x2400_3x8bit_C00C00_RGB_tools_a.png,0865,DIV2K_valid_HR/0865.png,false,24,33,false,not_required,retain
img_2400x2400_3x8bit_C00C00_RGB_tools_a,SAMPLING/8BIT/RGB/2400x2400/C00C00/img_2400x2400_3x8bit_C00C00_RGB_tools_a.png,0866,DIV2K_valid_HR/0866.png,false,32,36,false,not_required,retain
img_2400x2400_3x8bit_C00C00_RGB_tools_a,SAMPLING/8BIT/RGB/2400x2400/C00C00/img_2400x2400_3x8bit_C00C00_RGB_tools_a.png,0867,DIV2K_valid_HR/0867.png,false,34,26,false,not_required,retain
img_2400x2400_3x8bit_C00C00_RGB_tools_a,SAMPLING/8BIT/RGB/2400x2400/C00C00/img_2400x2400_3x8bit_C00C00_RGB_tools_a.png,0868,DIV2K_valid_HR/0868.png,false,34,39,false,not_required,retain
img_2400x2400_3x8bit_C00C00_RGB_tools_a,SAMPLING/8BIT/RGB/2400x2400/C00C00/img_2400x2400_3x8bit_C00C00_RGB_tools_a.png,0869,DIV2K_valid_HR/0869.png,false,34,33,false,not_required,retain
img_2400x2400_3x8bit_C00C00_RGB_tools_a,SAMPLING/8BIT/RGB/2400x2400/C00C00/img_2400x2400_3x8bit_C00C00_RGB_tools_a.png,0870,DIV2K_valid_HR/0870.png,false,30,34,false,not_required,retain
img_2400x2400_3x8bit_C00C00_RGB_tools_a,SAMPLING/8BIT/RGB/2400x2400/C00C00/img_2400x2400_3x8bit_C00C00_RGB_tools_a.png,0871,DIV2K_valid_HR/0871.png,false,32,37,false,not_required,retain
img_2400x2400_3x8bit_C00C00_RGB_tools_a,SAMPLING/8BIT/RGB/2400x2400/C00C00/img_2400x2400_3x8bit_C00C00_RGB_tools_a.png,0872,DIV2K_valid_HR/0872.png,false,32,34,false,not_required,retain
img_2400x2400_3x8bit_C00C00_RGB_tools_a,SAMPLING/8BIT/RGB/2400x2400/C00C00/img_2400x2400_3x8bit_C00C00_RGB_tools_a.png,0873,DIV2K_valid_HR/0873.png,false,32,32,false,not_required,retain
img_2400x2400_3x8bit_C00C00_RGB_tools_a,SAMPLING/8BIT/RGB/2400x2400/C00C00/img_2400x2400_3x8bit_C00C00_RGB_tools_a.png,0874,DIV2K_valid_HR/0874.png,false,30,17,false,not_required,retain
img_2400x2400_3x8bit_C00C00_RGB_tools_a,SAMPLING/8BIT/RGB/2400x2400/C00C00/img_2400x2400_3x8bit_C00C00_RGB_tools_a.png,0875,DIV2K_valid_HR/0875.png,false,30,31,false,not_required,retain
img_2400x2400_3x8bit_C00C00_RGB_tools_a,SAMPLING/8BIT/RGB/2400x2400/C00C00/img_2400x2400_3x8bit_C00C00_RGB_tools_a.png,0876,DIV2K_valid_HR/0876.png,false,30,25,false,not_required,retain
img_2400x2400_3x8bit_C00C00_RGB_tools_a,SAMPLING/8BIT/RGB/2400x2400/C00C00/img_2400x2400_3x8bit_C00C00_RGB_tools_a.png,0877,DIV2K_valid_HR/0877.png,false,36,30,false,not_required,retain
img_2400x2400_3x8bit_C00C00_RGB_tools_a,SAMPLING/8BIT/RGB/2400x2400/C00C00/img_2400x2400_3x8bit_C00C00_RGB_tools_a.png,0878,DIV2K_valid_HR/0878.png,false,32,40,false,not_required,retain
img_2400x2400_3x8bit_C00C00_RGB_tools_a,SAMPLING/8BIT/RGB/2400x2400/C00C00/img_2400x2400_3x8bit_C00C00_RGB_tools_a.png,0879,DIV2K_valid_HR/0879.png,false,24,32,false,not_required,retain
img_2400x2400_3x8bit_C00C00_RGB_tools_a,SAMPLING/8BIT/RGB/2400x2400/C00C00/img_2400x2400_3x8bit_C00C00_RGB_tools_a.png,0880,DIV2K_valid_HR/0880.png,false,32,27,false,not_required,retain
img_2400x2400_3x8bit_C00C00_RGB_tools_a,SAMPLING/8BIT/RGB/2400x2400/C00C00/img_2400x2400_3x8bit_C00C00_RGB_tools_a.png,0881,DIV2K_valid_HR/0881.png,false,32,25,false,not_required,retain
img_2400x2400_3x8bit_C00C00_RGB_tools_a,SAMPLING/8BIT/RGB/2400x2400/C00C00/img_2400x2400_3x8bit_C00C00_RGB_tools_a.png,0882,DIV2K_valid_HR/0882.png,false,32,27,false,not_required,retain
img_2400x2400_3x8bit_C00C00_RGB_tools_a,SAMPLING/8BIT/RGB/2400x2400/C00C00/img_2400x2400_3x8bit_C00C00_RGB_tools_a.png,0883,DIV2K_valid_HR/0883.png,false,34,36,false,not_required,retain
img_2400x2400_3x8bit_C00C00_RGB_tools_a,SAMPLING/8BIT/RGB/2400x2400/C00C00/img_2400x2400_3x8bit_C00C00_RGB_tools_a.png,0884,DIV2K_valid_HR/0884.png,false,28,31,false,not_required,retain
img_2400x2400_3x8bit_C00C00_RGB_tools_a,SAMPLING/8BIT/RGB/2400x2400/C00C00/img_2400x2400_3x8bit_C00C00_RGB_tools_a.png,0885,DIV2K_valid_HR/0885.png,false,34,32,false,not_required,retain
img_2400x2400_3x8bit_C00C00_RGB_tools_a,SAMPLING/8BIT/RGB/2400x2400/C00C00/img_2400x2400_3x8bit_C00C00_RGB_tools_a.png,0886,DIV2K_valid_HR/0886.png,false,38,39,false,not_required,retain
img_2400x2400_3x8bit_C00C00_RGB_tools_a,SAMPLING/8BIT/RGB/2400x2400/C00C00/img_2400x2400_3x8bit_C00C00_RGB_tools_a.png,0887,DIV2K_valid_HR/0887.png,false,30,31,false,not_required,retain
img_2400x2400_3x8bit_C00C00_RGB_tools_a,SAMPLING/8BIT/RGB/2400x2400/C00C00/img_2400x2400_3x8bit_C00C00_RGB_tools_a.png,0888,DIV2K_valid_HR/0888.png,false,28,33,false,not_required,retain
img_2400x2400_3x8bit_C00C00_RGB_tools_a,SAMPLING/8BIT/RGB/2400x2400/C00C00/img_2400x2400_3x8bit_C00C00_RGB_tools_a.png,0889,DIV2K_valid_HR/0889.png,false,36,23,false,not_required,retain
img_2400x2400_3x8bit_C00C00_RGB_tools_a,SAMPLING/8BIT/RGB/2400x2400/C00C00/img_2400x2400_3x8bit_C00C00_RGB_tools_a.png,0890,DIV2K_valid_HR/0890.png,false,34,38,false,not_required,retain
img_2400x2400_3x8bit_C00C00_RGB_tools_a,SAMPLING/8BIT/RGB/2400x2400/C00C00/img_2400x2400_3x8bit_C00C00_RGB_tools_a.png,0891,DIV2K_valid_HR/0891.png,false,30,24,false,not_required,retain
img_2400x2400_3x8bit_C00C00_RGB_tools_a,SAMPLING/8BIT/RGB/2400x2400/C00C00/img_2400x2400_3x8bit_C00C00_RGB_tools_a.png,0892,DIV2K_valid_HR/0892.png,false,36,39,false,not_required,retain
img_2400x2400_3x8bit_C00C00_RGB_tools_a,SAMPLING/8BIT/RGB/2400x2400/C00C00/img_2400x2400_3x8bit_C00C00_RGB_tools_a.png,0893,DIV2K_valid_HR/0893.png,false,30,37,false,not_required,retain
img_2400x2400_3x8bit_C00C00_RGB_tools_a,SAMPLING/8BIT/RGB/2400x2400/C00C00/img_2400x2400_3x8bit_C00C00_RGB_tools_a.png,0894,DIV2K_valid_HR/0894.png,false,36,29,false,not_required,retain
img_2400x2400_3x8bit_C00C00_RGB_tools_a,SAMPLING/8BIT/RGB/2400x2400/C00C00/img_2400x2400_3x8bit_C00C00_RGB_tools_a.png,0895,DIV2K_valid_HR/0895.png,false,34,30,false,not_required,retain
img_2400x2400_3x8bit_C00C00_RGB_tools_a,SAMPLING/8BIT/RGB/2400x2400/C00C00/img_2400x2400_3x8bit_C00C00_RGB_tools_a.png,0896,DIV2K_valid_HR/0896.png,false,26,34,false,not_required,retain
img_2400x2400_3x8bit_C00C00_RGB_tools_a,SAMPLING/8BIT/RGB/2400x2400/C00C00/img_2400x2400_3x8bit_C00C00_RGB_tools_a.png,0897,DIV2K_valid_HR/0897.png,false,28,30,false,not_required,retain
img_2400x2400_3x8bit_C00C00_RGB_tools_a,SAMPLING/8BIT/RGB/2400x2400/C00C00/img_2400x2400_3x8bit_C00C00_RGB_tools_a.png,0898,DIV2K_valid_HR/0898.png,false,32,40,false,not_required,retain
img_2400x2400_3x8bit_C00C00_RGB_tools_a,SAMPLING/8BIT/RGB/2400x2400/C00C00/img_2400x2400_3x8bit_C00C00_RGB_tools_a.png,0899,DIV2K_valid_HR/0899.png,false,36,27,false,not_required,retain
img_2400x2400_3x8bit_C00C00_RGB_tools_a,SAMPLING/8BIT/RGB/2400x2400/C00C00/img_2400x2400_3x8bit_C00C00_RGB_tools_a.png,0900,DIV2K_valid_HR/0900.png,false,26,25,false,not_required,retain
img_2400x2400_3x8bit_C00C00_RGB_tools_b,SAMPLING/8BIT/RGB/2400x2400/C00C00/img_2400x2400_3x8bit_C00C00_RGB_tools_b.png,0805,DIV2K_valid_HR/0805.png,false,28,31,false,not_required,retain
img_2400x2400_3x8bit_C00C00_RGB_tools_b,SAMPLING/8BIT/RGB/2400x2400/C00C00/img_2400x2400_3x8bit_C00C00_RGB_tools_b.png,0806,DIV2K_valid_HR/0806.png,false,30,31,false,not_required,retain
img_2400x2400_3x8bit_C00C00_RGB_tools_b,SAMPLING/8BIT/RGB/2400x2400/C00C00/img_2400x2400_3x8bit_C00C00_RGB_tools_b.png,0807,DIV2K_valid_HR/0807.png,false,30,27,false,not_required,retain
img_2400x2400_3x8bit_C00C00_RGB_tools_b,SAMPLING/8BIT/RGB/2400x2400/C00C00/img_2400x2400_3x8bit_C00C00_RGB_tools_b.png,0808,DIV2K_valid_HR/0808.png,false,36,36,false,not_required,retain
img_2400x2400_3x8bit_C00C00_RGB_tools_b,SAMPLING/8BIT/RGB/2400x2400/C00C00/img_2400x2400_3x8bit_C00C00_RGB_tools_b.png,0809,DIV2K_valid_HR/0809.png,false,38,30,false,not_required,retain
img_2400x2400_3x8bit_C00C00_RGB_tools_b,SAMPLING/8BIT/RGB/2400x2400/C00C00/img_2400x2400_3x8bit_C00C00_RGB_tools_b.png,0810,DIV2K_valid_HR/0810.png,false,24,29,false,not_required,retain
img_2400x2400_3x8bit_C00C00_RGB_tools_b,SAMPLING/8BIT/RGB/2400x2400/C00C00/img_2400x2400_3x8bit_C00C00_RGB_tools_b.png,0811,DIV2K_valid_HR/0811.png,false,30,30,false,not_required,retain
img_2400x2400_3x8bit_C00C00_RGB_tools_b,SAMPLING/8BIT/RGB/2400x2400/C00C00/img_2400x2400_3x8bit_C00C00_RGB_tools_b.png,0812,DIV2K_valid_HR/0812.png,false,30,32,false,not_required,retain
img_2400x2400_3x8bit_C00C00_RGB_tools_b,SAMPLING/8BIT/RGB/2400x2400/C00C00/img_2400x2400_3x8bit_C00C00_RGB_tools_b.png,0813,DIV2K_valid_HR/0813.png,false,28,35,false,not_required,retain
img_2400x2400_3x8bit_C00C00_RGB_tools_b,SAMPLING/8BIT/RGB/2400x2400/C00C00/img_2400x2400_3x8bit_C00C00_RGB_tools_b.png,0814,DIV2K_valid_HR/0814.png,false,34,36,false,not_required,retain
img_2400x2400_3x8bit_C00C00_RGB_tools_b,SAMPLING/8BIT/RGB/2400x2400/C00C00/img_2400x2400_3x8bit_C00C00_RGB_tools_b.png,0815,DIV2K_valid_HR/0815.png,false,32,34,false,not_required,retain
img_2400x2400_3x8bit_C00C00_RGB_tools_b,SAMPLING/8BIT/RGB/2400x2400/C00C00/img_2400x2400_3x8bit_C00C00_RGB_tools_b.png,0816,DIV2K_valid_HR/0816.png,false,32,36,false,not_required,retain
img_2400x2400_3x8bit_C00C00_RGB_tools_b,SAMPLING/8BIT/RGB/2400x2400/C00C00/img_2400x2400_3x8bit_C00C00_RGB_tools_b.png,0817,DIV2K_valid_HR/0817.png,false,32,33,false,not_required,retain
img_2400x2400_3x8bit_C00C00_RGB_tools_b,SAMPLING/8BIT/RGB/2400x2400/C00C00/img_2400x2400_3x8bit_C00C00_RGB_tools_b.png,0818,DIV2K_valid_HR/0818.png,false,30,30,false,not_required,retain
img_2400x2400_3x8bit_C00C00_RGB_tools_b,SAMPLING/8BIT/RGB/2400x2400/C00C00/img_2400x2400_3x8bit_C00C00_RGB_tools_b.png,0819,DIV2K_valid_HR/0819.png,false,32,35,false,not_required,retain
img_2400x2400_3x8bit_C00C00_RGB_tools_b,SAMPLING/8BIT/RGB/2400x2400/C00C00/img_2400x2400_3x8bit_C00C00_RGB_tools_b.png,0820,DIV2K_valid_HR/0820.png,false,26,28,false,not_required,retain
img_2400x2400_3x8bit_C00C00_RGB_tools_b,SAMPLING/8BIT/RGB/2400x2400/C00C00/img_2400x2400_3x8bit_C00C00_RGB_tools_b.png,0821,DIV2K_valid_HR/0821.png,false,26,33,false,not_required,retain
img_2400x2400_3x8bit_C00C00_RGB_tools_b,SAMPLING/8BIT/RGB/2400x2400/C00C00/img_2400x2400_3x8bit_C00C00_RGB_tools_b.png,0822,DIV2K_valid_HR/0822.png,false,36,39,false,not_required,retain
img_2400x2400_3x8bit_C00C00_RGB_tools_b,SAMPLING/8BIT/RGB/2400x2400/C00C00/img_2400x2400_3x8bit_C00C00_RGB_tools_b.png,0823,DIV2K_valid_HR/0823.png,false,32,27,false,not_required,retain
img_2400x2400_3x8bit_C00C00_RGB_tools_b,SAMPLING/8BIT/RGB/2400x2400/C00C00/img_2400x2400_3x8bit_C00C00_RGB_tools_b.png,0824,DIV2K_valid_HR/0824.png,false,38,33,false,not_required,retain
img_2400x2400_3x8bit_C00C00_RGB_tools_b,SAMPLING/8BIT/RGB/2400x2400/C00C00/img_2400x2400_3x8bit_C00C00_RGB_tools_b.png,0825,DIV2K_valid_HR/0825.png,false,36,30,false,not_required,retain
img_2400x2400_3x8bit_C00C00_RGB_tools_b,SAMPLING/8BIT/RGB/2400x2400/C00C00/img_2400x2400_3x8bit_C00C00_RGB_tools_b.png,0826,DIV2K_valid_HR/0826.png,false,36,34,false,not_required,retain
img_2400x2400_3x8bit_C00C00_RGB_tools_b,SAMPLING/8BIT/RGB/2400x2400/C00C00/img_2400x2400_3x8bit_C00C00_RGB_tools_b.png,0827,DIV2K_valid_HR/0827.png,false,30,31,false,not_required,retain
img_2400x2400_3x8bit_C00C00_RGB_tools_b,SAMPLING/8BIT/RGB/2400x2400/C00C00/img_2400x2400_3x8bit_C00C00_RGB_tools_b.png,0828,DIV2K_valid_HR/0828.png,false,36,34,false,not_required,retain
img_2400x2400_3x8bit_C00C00_RGB_tools_b,SAMPLING/8BIT/RGB/2400x2400/C00C00/img_2400x2400_3x8bit_C00C00_RGB_tools_b.png,0829,DIV2K_valid_HR/0829.png,false,32,28,false,not_required,retain
img_2400x2400_3x8bit_C00C00_RGB_tools_b,SAMPLING/8BIT/RGB/2400x2400/C00C00/img_2400x2400_3x8bit_C00C00_RGB_tools_b.png,0830,DIV2K_valid_HR/0830.png,false,32,34,false,not_required,retain
img_2400x2400_3x8bit_C00C00_RGB_tools_b,SAMPLING/8BIT/RGB/2400x2400/C00C00/img_2400x2400_3x8bit_C00C00_RGB_tools_b.png,0831,DIV2K_valid_HR/0831.png,false,36,32,false,not_required,retain
img_2400x2400_3x8bit_C00C00_RGB_tools_b,SAMPLING/8BIT/RGB/2400x2400/C00C00/img_2400x2400_3x8bit_C00C00_RGB_tools_b.png,0832,DIV2K_valid_HR/0832.png,false,36,34,false,not_required,retain
img_2400x2400_3x8bit_C00C00_RGB_tools_b,SAMPLING/8BIT/RGB/2400x2400/C00C00/img_2400x2400_3x8bit_C00C00_RGB_tools_b.png,0833,DIV2K_valid_HR/0833.png,false,32,40,false,not_required,retain
img_2400x2400_3x8bit_C00C00_RGB_tools_b,SAMPLING/8BIT/RGB/2400x2400/C00C00/img_2400x2400_3x8bit_C00C00_RGB_tools_b.png,0834,DIV2K_valid_HR/0834.png,false,36,28,false,not_required,retain
img_2400x2400_3x8bit_C00C00_RGB_tools_b,SAMPLING/8BIT/RGB/2400x2400/C00C00/img_2400x2400_3x8bit_C00C00_RGB_tools_b.png,0835,DIV2K_valid_HR/0835.png,false,32,34,false,not_required,retain
img_2400x2400_3x8bit_C00C00_RGB_tools_b,SAMPLING/8BIT/RGB/2400x2400/C00C00/img_2400x2400_3x8bit_C00C00_RGB_tools_b.png,0836,DIV2K_valid_HR/0836.png,false,34,39,false,not_required,retain
img_2400x2400_3x8bit_C00C00_RGB_tools_b,SAMPLING/8BIT/RGB/2400x2400/C00C00/img_2400x2400_3x8bit_C00C00_RGB_tools_b.png,0837,DIV2K_valid_HR/0837.png,false,28,26,false,not_required,retain
img_2400x2400_3x8bit_C00C00_RGB_tools_b,SAMPLING/8BIT/RGB/2400x2400/C00C00/img_2400x2400_3x8bit_C00C00_RGB_tools_b.png,0838,DIV2K_valid_HR/0838.png,false,36,30,false,not_required,retain
img_2400x2400_3x8bit_C00C00_RGB_tools_b,SAMPLING/8BIT/RGB/2400x2400/C00C00/img_2400x2400_3x8bit_C00C00_RGB_tools_b.png,0839,DIV2K_valid_HR/0839.png,false,28,31,false,not_required,retain
img_2400x2400_3x8bit_C00C00_RGB_tools_b,SAMPLING/8BIT/RGB/2400x2400/C00C00/img_2400x2400_3x8bit_C00C00_RGB_tools_b.png,0840,DIV2K_valid_HR/0840.png,false,32,39,false,not_required,retain
img_2400x2400_3x8bit_C00C00_RGB_tools_b,SAMPLING/8BIT/RGB/2400x2400/C00C00/img_2400x2400_3x8bit_C00C00_RGB_tools_b.png,0841,DIV2K_valid_HR/0841.png,false,30,34,false,not_required,retain
img_2400x2400_3x8bit_C00C00_RGB_tools_b,SAMPLING/8BIT/RGB/2400x2400/C00C00/img_2400x2400_3x8bit_C00C00_RGB_tools_b.png,0842,DIV2K_valid_HR/0842.png,false,30,28,false,not_required,retain
img_2400x2400_3x8bit_C00C00_RGB_tools_b,SAMPLING/8BIT/RGB/2400x2400/C00C00/img_2400x2400_3x8bit_C00C00_RGB_tools_b.png,0843,DIV2K_valid_HR/0843.png,false,30,32,false,not_required,retain
img_2400x2400_3x8bit_C00C00_RGB_tools_b,SAMPLING/8BIT/RGB/2400x2400/C00C00/img_2400x2400_3x8bit_C00C00_RGB_tools_b.png,0844,DIV2K_valid_HR/0844.png,false,28,32,false,not_required,retain
img_2400x2400_3x8bit_C00C00_RGB_tools_b,SAMPLING/8BIT/RGB/2400x2400/C00C00/img_2400x2400_3x8bit_C00C00_RGB_tools_b.png,0845,DIV2K_valid_HR/0845.png,false,34,33,false,not_required,retain
img_2400x2400_3x8bit_C00C00_RGB_tools_b,SAMPLING/8BIT/RGB/2400x2400/C00C00/img_2400x2400_3x8bit_C00C00_RGB_tools_b.png,0846,DIV2K_valid_HR/0846.png,false,32,35,false,not_required,retain
img_2400x2400_3x8bit_C00C00_RGB_tools_b,SAMPLING/8BIT/RGB/2400x2400/C00C00/img_2400x2400_3x8bit_C00C00_RGB_tools_b.png,0847,DIV2K_valid_HR/0847.png,false,26,29,false,not_required,retain
img_2400x2400_3x8bit_C00C00_RGB_tools_b,SAMPLING/8BIT/RGB/2400x2400/C00C00/img_2400x2400_3x8bit_C00C00_RGB_tools_b.png,0848,DIV2K_valid_HR/0848.png,false,34,35,false,not_required,retain
img_2400x2400_3x8bit_C00C00_RGB_tools_b,SAMPLING/8BIT/RGB/2400x2400/C00C00/img_2400x2400_3x8bit_C00C00_RGB_tools_b.png,0849,DIV2K_valid_HR/0849.png,false,24,36,false,not_required,retain
img_2400x2400_3x8bit_C00C00_RGB_tools_b,SAMPLING/8BIT/RGB/2400x2400/C00C00/img_2400x2400_3x8bit_C00C00_RGB_tools_b.png,0850,DIV2K_valid_HR/0850.png,false,32,29,false,not_required,retain
img_2400x2400_3x8bit_C00C00_RGB_tools_b,SAMPLING/8BIT/RGB/2400x2400/C00C00/img_2400x2400_3x8bit_C00C00_RGB_tools_b.png,0851,DIV2K_valid_HR/0851.png,false,32,30,false,not_required,retain
img_2400x2400_3x8bit_C00C00_RGB_tools_b,SAMPLING/8BIT/RGB/2400x2400/C00C00/img_2400x2400_3x8bit_C00C00_RGB_tools_b.png,0852,DIV2K_valid_HR/0852.png,false,38,32,false,not_required,retain
img_2400x2400_3x8bit_C00C00_RGB_tools_b,SAMPLING/8BIT/RGB/2400x2400/C00C00/img_2400x2400_3x8bit_C00C00_RGB_tools_b.png,0853,DIV2K_valid_HR/0853.png,false,30,33,false,not_required,retain
img_2400x2400_3x8bit_C00C00_RGB_tools_b,SAMPLING/8BIT/RGB/2400x2400/C00C00/img_2400x2400_3x8bit_C00C00_RGB_tools_b.png,0854,DIV2K_valid_HR/0854.png,false,26,30,false,not_required,retain
img_2400x2400_3x8bit_C00C00_RGB_tools_b,SAMPLING/8BIT/RGB/2400x2400/C00C00/img_2400x2400_3x8bit_C00C00_RGB_tools_b.png,0855,DIV2K_valid_HR/0855.png,false,32,34,false,not_required,retain
img_2400x2400_3x8bit_C00C00_RGB_tools_b,SAMPLING/8BIT/RGB/2400x2400/C00C00/img_2400x2400_3x8bit_C00C00_RGB_tools_b.png,0856,DIV2K_valid_HR/0856.png,false,42,31,false,not_required,retain
img_2400x2400_3x8bit_C00C00_RGB_tools_b,SAMPLING/8BIT/RGB/2400x2400/C00C00/img_2400x2400_3x8bit_C00C00_RGB_tools_b.png,0857,DIV2K_valid_HR/0857.png,false,32,38,false,not_required,retain
img_2400x2400_3x8bit_C00C00_RGB_tools_b,SAMPLING/8BIT/RGB/2400x2400/C00C00/img_2400x2400_3x8bit_C00C00_RGB_tools_b.png,0858,DIV2K_valid_HR/0858.png,false,32,38,false,not_required,retain
img_2400x2400_3x8bit_C00C00_RGB_tools_b,SAMPLING/8BIT/RGB/2400x2400/C00C00/img_2400x2400_3x8bit_C00C00_RGB_tools_b.png,0859,DIV2K_valid_HR/0859.png,false,30,31,false,not_required,retain
img_2400x2400_3x8bit_C00C00_RGB_tools_b,SAMPLING/8BIT/RGB/2400x2400/C00C00/img_2400x2400_3x8bit_C00C00_RGB_tools_b.png,0860,DIV2K_valid_HR/0860.png,false,28,32,false,not_required,retain
img_2400x2400_3x8bit_C00C00_RGB_tools_b,SAMPLING/8BIT/RGB/2400x2400/C00C00/img_2400x2400_3x8bit_C00C00_RGB_tools_b.png,0861,DIV2K_valid_HR/0861.png,false,32,27,false,not_required,retain
img_2400x2400_3x8bit_C00C00_RGB_tools_b,SAMPLING/8BIT/RGB/2400x2400/C00C00/img_2400x2400_3x8bit_C00C00_RGB_tools_b.png,0862,DIV2K_valid_HR/0862.png,false,34,31,false,not_required,retain
img_2400x2400_3x8bit_C00C00_RGB_tools_b,SAMPLING/8BIT/RGB/2400x2400/C00C00/img_2400x2400_3x8bit_C00C00_RGB_tools_b.png,0863,DIV2K_valid_HR/0863.png,false,30,39,false,not_required,retain
img_2400x2400_3x8bit_C00C00_RGB_tools_b,SAMPLING/8BIT/RGB/2400x2400/C00C00/img_2400x2400_3x8bit_C00C00_RGB_tools_b.png,0864,DIV2K_valid_HR/0864.png,false,32,26,false,not_required,retain
img_2400x2400_3x8bit_C00C00_RGB_tools_b,SAMPLING/8BIT/RGB/2400x2400/C00C00/img_2400x2400_3x8bit_C00C00_RGB_tools_b.png,0865,DIV2K_valid_HR/0865.png,false,34,28,false,not_required,retain
img_2400x2400_3x8bit_C00C00_RGB_tools_b,SAMPLING/8BIT/RGB/2400x2400/C00C00/img_2400x2400_3x8bit_C00C00_RGB_tools_b.png,0866,DIV2K_valid_HR/0866.png,false,32,31,false,not_required,retain
img_2400x2400_3x8bit_C00C00_RGB_tools_b,SAMPLING/8BIT/RGB/2400x2400/C00C00/img_2400x2400_3x8bit_C00C00_RGB_tools_b.png,0867,DIV2K_valid_HR/0867.png,false,30,27,false,not_required,retain
img_2400x2400_3x8bit_C00C00_RGB_tools_b,SAMPLING/8BIT/RGB/2400x2400/C00C00/img_2400x2400_3x8bit_C00C00_RGB_tools_b.png,0868,DIV2K_valid_HR/0868.png,false,24,28,false,not_required,retain
img_2400x2400_3x8bit_C00C00_RGB_tools_b,SAMPLING/8BIT/RGB/2400x2400/C00C00/img_2400x2400_3x8bit_C00C00_RGB_tools_b.png,0869,DIV2K_valid_HR/0869.png,false,26,32,false,not_required,retain
img_2400x2400_3x8bit_C00C00_RGB_tools_b,SAMPLING/8BIT/RGB/2400x2400/C00C00/img_2400x2400_3x8bit_C00C00_RGB_tools_b.png,0870,DIV2K_valid_HR/0870.png,false,28,27,false,not_required,retain
img_2400x2400_3x8bit_C00C00_RGB_tools_b,SAMPLING/8BIT/RGB/2400x2400/C00C00/img_2400x2400_3x8bit_C00C00_RGB_tools_b.png,0871,DIV2K_valid_HR/0871.png,false,34,34,false,not_required,retain
img_2400x2400_3x8bit_C00C00_RGB_tools_b,SAMPLING/8BIT/RGB/2400x2400/C00C00/img_2400x2400_3x8bit_C00C00_RGB_tools_b.png,0872,DIV2K_valid_HR/0872.png,false,34,31,false,not_required,retain
img_2400x2400_3x8bit_C00C00_RGB_tools_b,SAMPLING/8BIT/RGB/2400x2400/C00C00/img_2400x2400_3x8bit_C00C00_RGB_tools_b.png,0873,DIV2K_valid_HR/0873.png,false,34,41,false,not_required,retain
img_2400x2400_3x8bit_C00C00_RGB_tools_b,SAMPLING/8BIT/RGB/2400x2400/C00C00/img_2400x2400_3x8bit_C00C00_RGB_tools_b.png,0874,DIV2K_valid_HR/0874.png,false,28,30,false,not_required,retain
img_2400x2400_3x8bit_C00C00_RGB_tools_b,SAMPLING/8BIT/RGB/2400x2400/C00C00/img_2400x2400_3x8bit_C00C00_RGB_tools_b.png,0875,DIV2K_valid_HR/0875.png,false,32,38,false,not_required,retain
img_2400x2400_3x8bit_C00C00_RGB_tools_b,SAMPLING/8BIT/RGB/2400x2400/C00C00/img_2400x2400_3x8bit_C00C00_RGB_tools_b.png,0876,DIV2K_valid_HR/0876.png,false,34,38,false,not_required,retain
img_2400x2400_3x8bit_C00C00_RGB_tools_b,SAMPLING/8BIT/RGB/2400x2400/C00C00/img_2400x2400_3x8bit_C00C00_RGB_tools_b.png,0877,DIV2K_valid_HR/0877.png,false,28,31,false,not_required,retain
img_2400x2400_3x8bit_C00C00_RGB_tools_b,SAMPLING/8BIT/RGB/2400x2400/C00C00/img_2400x2400_3x8bit_C00C00_RGB_tools_b.png,0878,DIV2K_valid_HR/0878.png,false,34,35,false,not_required,retain
img_2400x2400_3x8bit_C00C00_RGB_tools_b,SAMPLING/8BIT/RGB/2400x2400/C00C00/img_2400x2400_3x8bit_C00C00_RGB_tools_b.png,0879,DIV2K_valid_HR/0879.png,false,32,27,false,not_required,retain
img_2400x2400_3x8bit_C00C00_RGB_tools_b,SAMPLING/8BIT/RGB/2400x2400/C00C00/img_2400x2400_3x8bit_C00C00_RGB_tools_b.png,0880,DIV2K_valid_HR/0880.png,false,36,36,false,not_required,retain
img_2400x2400_3x8bit_C00C00_RGB_tools_b,SAMPLING/8BIT/RGB/2400x2400/C00C00/img_2400x2400_3x8bit_C00C00_RGB_tools_b.png,0881,DIV2K_valid_HR/0881.png,false,32,42,false,not_required,retain
img_2400x2400_3x8bit_C00C00_RGB_tools_b,SAMPLING/8BIT/RGB/2400x2400/C00C00/img_2400x2400_3x8bit_C00C00_RGB_tools_b.png,0882,DIV2K_valid_HR/0882.png,false,38,36,false,not_required,retain
img_2400x2400_3x8bit_C00C00_RGB_tools_b,SAMPLING/8BIT/RGB/2400x2400/C00C00/img_2400x2400_3x8bit_C00C00_RGB_tools_b.png,0883,DIV2K_valid_HR/0883.png,false,22,33,false,not_required,retain
img_2400x2400_3x8bit_C00C00_RGB_tools_b,SAMPLING/8BIT/RGB/2400x2400/C00C00/img_2400x2400_3x8bit_C00C00_RGB_tools_b.png,0884,DIV2K_valid_HR/0884.png,false,32,30,false,not_required,retain
img_2400x2400_3x8bit_C00C00_RGB_tools_b,SAMPLING/8BIT/RGB/2400x2400/C00C00/img_2400x2400_3x8bit_C00C00_RGB_tools_b.png,0885,DIV2K_valid_HR/0885.png,false,34,35,false,not_required,retain
img_2400x2400_3x8bit_C00C00_RGB_tools_b,SAMPLING/8BIT/RGB/2400x2400/C00C00/img_2400x2400_3x8bit_C00C00_RGB_tools_b.png,0886,DIV2K_valid_HR/0886.png,false,36,30,false,not_required,retain
img_2400x2400_3x8bit_C00C00_RGB_tools_b,SAMPLING/8BIT/RGB/2400x2400/C00C00/img_2400x2400_3x8bit_C00C00_RGB_tools_b.png,0887,DIV2K_valid_HR/0887.png,false,36,34,false,not_required,retain
img_2400x2400_3x8bit_C00C00_RGB_tools_b,SAMPLING/8BIT/RGB/2400x2400/C00C00/img_2400x2400_3x8bit_C00C00_RGB_tools_b.png,0888,DIV2K_valid_HR/0888.png,false,40,30,false,not_required,retain
img_2400x2400_3x8bit_C00C00_RGB_tools_b,SAMPLING/8BIT/RGB/2400x2400/C00C00/img_2400x2400_3x8bit_C00C00_RGB_tools_b.png,0889,DIV2K_valid_HR/0889.png,false,36,36,false,not_required,retain
img_2400x2400_3x8bit_C00C00_RGB_tools_b,SAMPLING/8BIT/RGB/2400x2400/C00C00/img_2400x2400_3x8bit_C00C00_RGB_tools_b.png,0890,DIV2K_valid_HR/0890.png,false,36,33,false,not_required,retain
img_2400x2400_3x8bit_C00C00_RGB_tools_b,SAMPLING/8BIT/RGB/2400x2400/C00C00/img_2400x2400_3x8bit_C00C00_RGB_tools_b.png,0891,DIV2K_valid_HR/0891.png,false,28,29,false,not_required,retain
img_2400x2400_3x8bit_C00C00_RGB_tools_b,SAMPLING/8BIT/RGB/2400x2400/C00C00/img_2400x2400_3x8bit_C00C00_RGB_tools_b.png,0892,DIV2K_valid_HR/0892.png,false,28,30,false,not_required,retain
img_2400x2400_3x8bit_C00C00_RGB_tools_b,SAMPLING/8BIT/RGB/2400x2400/C00C00/img_2400x2400_3x8bit_C00C00_RGB_tools_b.png,0893,DIV2K_valid_HR/0893.png,false,30,36,false,not_required,retain
img_2400x2400_3x8bit_C00C00_RGB_tools_b,SAMPLING/8BIT/RGB/2400x2400/C00C00/img_2400x2400_3x8bit_C00C00_RGB_tools_b.png,0894,DIV2K_valid_HR/0894.png,false,30,36,false,not_required,retain
img_2400x2400_3x8bit_C00C00_RGB_tools_b,SAMPLING/8BIT/RGB/2400x2400/C00C00/img_2400x2400_3x8bit_C00C00_RGB_tools_b.png,0895,DIV2K_valid_HR/0895.png,false,34,35,false,not_required,retain
img_2400x2400_3x8bit_C00C00_RGB_tools_b,SAMPLING/8BIT/RGB/2400x2400/C00C00/img_2400x2400_3x8bit_C00C00_RGB_tools_b.png,0896,DIV2K_valid_HR/0896.png,false,30,31,false,not_required,retain
img_2400x2400_3x8bit_C00C00_RGB_tools_b,SAMPLING/8BIT/RGB/2400x2400/C00C00/img_2400x2400_3x8bit_C00C00_RGB_tools_b.png,0897,DIV2K_valid_HR/0897.png,false,30,33,false,not_required,retain
img_2400x2400_3x8bit_C00C00_RGB_tools_b,SAMPLING/8BIT/RGB/2400x2400/C00C00/img_2400x2400_3x8bit_C00C00_RGB_tools_b.png,0898,DIV2K_valid_HR/0898.png,false,28,29,false,not_required,retain
img_2400x2400_3x8bit_C00C00_RGB_tools_b,SAMPLING/8BIT/RGB/2400x2400/C00C00/img_2400x2400_3x8bit_C00C00_RGB_tools_b.png,0899,DIV2K_valid_HR/0899.png,false,26,30,false,not_required,retain
img_2400x2400_3x8bit_C00C00_RGB_tools_b,SAMPLING/8BIT/RGB/2400x2400/C00C00/img_2400x2400_3x8bit_C00C00_RGB_tools_b.png,0900,DIV2K_valid_HR/0900.png,false,32,34,false,not_required,retain
img_2400x2400_3x8bit_C00C00_RGB_wood_game,SAMPLING/8BIT/RGB/2400x2400/C00C00/img_2400x2400_3x8bit_C00C00_RGB_wood_game.png,0805,DIV2K_valid_HR/0805.png,false,32,36,false,not_required,retain
img_2400x2400_3x8bit_C00C00_RGB_wood_game,SAMPLING/8BIT/RGB/2400x2400/C00C00/img_2400x2400_3x8bit_C00C00_RGB_wood_game.png,0806,DIV2K_valid_HR/0806.png,false,30,34,false,not_required,retain
img_2400x2400_3x8bit_C00C00_RGB_wood_game,SAMPLING/8BIT/RGB/2400x2400/C00C00/img_2400x2400_3x8bit_C00C00_RGB_wood_game.png,0807,DIV2K_valid_HR/0807.png,false,38,34,false,not_required,retain
img_2400x2400_3x8bit_C00C00_RGB_wood_game,SAMPLING/8BIT/RGB/2400x2400/C00C00/img_2400x2400_3x8bit_C00C00_RGB_wood_game.png,0808,DIV2K_valid_HR/0808.png,false,30,35,false,not_required,retain
img_2400x2400_3x8bit_C00C00_RGB_wood_game,SAMPLING/8BIT/RGB/2400x2400/C00C00/img_2400x2400_3x8bit_C00C00_RGB_wood_game.png,0809,DIV2K_valid_HR/0809.png,false,28,31,false,not_required,retain
img_2400x2400_3x8bit_C00C00_RGB_wood_game,SAMPLING/8BIT/RGB/2400x2400/C00C00/img_2400x2400_3x8bit_C00C00_RGB_wood_game.png,0810,DIV2K_valid_HR/0810.png,false,26,26,false,not_required,retain
img_2400x2400_3x8bit_C00C00_RGB_wood_game,SAMPLING/8BIT/RGB/2400x2400/C00C00/img_2400x2400_3x8bit_C00C00_RGB_wood_game.png,0811,DIV2K_valid_HR/0811.png,false,28,37,false,not_required,retain
img_2400x2400_3x8bit_C00C00_RGB_wood_game,SAMPLING/8BIT/RGB/2400x2400/C00C00/img_2400x2400_3x8bit_C00C00_RGB_wood_game.png,0812,DIV2K_valid_HR/0812.png,false,36,31,false,not_required,retain
img_2400x2400_3x8bit_C00C00_RGB_wood_game,SAMPLING/8BIT/RGB/2400x2400/C00C00/img_2400x2400_3x8bit_C00C00_RGB_wood_game.png,0813,DIV2K_valid_HR/0813.png,false,34,28,false,not_required,retain
img_2400x2400_3x8bit_C00C00_RGB_wood_game,SAMPLING/8BIT/RGB/2400x2400/C00C00/img_2400x2400_3x8bit_C00C00_RGB_wood_game.png,0814,DIV2K_valid_HR/0814.png,false,38,33,false,not_required,retain
img_2400x2400_3x8bit_C00C00_RGB_wood_game,SAMPLING/8BIT/RGB/2400x2400/C00C00/img_2400x2400_3x8bit_C00C00_RGB_wood_game.png,0815,DIV2K_valid_HR/0815.png,false,36,29,false,not_required,retain
img_2400x2400_3x8bit_C00C00_RGB_wood_game,SAMPLING/8BIT/RGB/2400x2400/C00C00/img_2400x2400_3x8bit_C00C00_RGB_wood_game.png,0816,DIV2K_valid_HR/0816.png,false,30,31,false,not_required,retain
img_2400x2400_3x8bit_C00C00_RGB_wood_game,SAMPLING/8BIT/RGB/2400x2400/C00C00/img_2400x2400_3x8bit_C00C00_RGB_wood_game.png,0817,DIV2K_valid_HR/0817.png,false,26,34,false,not_required,retain
img_2400x2400_3x8bit_C00C00_RGB_wood_game,SAMPLING/8BIT/RGB/2400x2400/C00C00/img_2400x2400_3x8bit_C00C00_RGB_wood_game.png,0818,DIV2K_valid_HR/0818.png,false,38,33,false,not_required,retain
img_2400x2400_3x8bit_C00C00_RGB_wood_game,SAMPLING/8BIT/RGB/2400x2400/C00C00/img_2400x2400_3x8bit_C00C00_RGB_wood_game.png,0819,DIV2K_valid_HR/0819.png,false,26,22,false,not_required,retain
img_2400x2400_3x8bit_C00C00_RGB_wood_game,SAMPLING/8BIT/RGB/2400x2400/C00C00/img_2400x2400_3x8bit_C00C00_RGB_wood_game.png,0820,DIV2K_valid_HR/0820.png,false,34,37,false,not_required,retain
img_2400x2400_3x8bit_C00C00_RGB_wood_game,SAMPLING/8BIT/RGB/2400x2400/C00C00/img_2400x2400_3x8bit_C00C00_RGB_wood_game.png,0821,DIV2K_valid_HR/0821.png,false,28,40,false,not_required,retain
img_2400x2400_3x8bit_C00C00_RGB_wood_game,SAMPLING/8BIT/RGB/2400x2400/C00C00/img_2400x2400_3x8bit_C00C00_RGB_wood_game.png,0822,DIV2K_valid_HR/0822.png,false,36,44,false,not_required,retain
img_2400x2400_3x8bit_C00C00_RGB_wood_game,SAMPLING/8BIT/RGB/2400x2400/C00C00/img_2400x2400_3x8bit_C00C00_RGB_wood_game.png,0823,DIV2K_valid_HR/0823.png,false,20,34,false,not_required,retain
img_2400x2400_3x8bit_C00C00_RGB_wood_game,SAMPLING/8BIT/RGB/2400x2400/C00C00/img_2400x2400_3x8bit_C00C00_RGB_wood_game.png,0824,DIV2K_valid_HR/0824.png,false,34,28,false,not_required,retain
img_2400x2400_3x8bit_C00C00_RGB_wood_game,SAMPLING/8BIT/RGB/2400x2400/C00C00/img_2400x2400_3x8bit_C00C00_RGB_wood_game.png,0825,DIV2K_valid_HR/0825.png,false,34,35,false,not_required,retain
img_2400x2400_3x8bit_C00C00_RGB_wood_game,SAMPLING/8BIT/RGB/2400x2400/C00C00/img_2400x2400_3x8bit_C00C00_RGB_wood_game.png,0826,DIV2K_valid_HR/0826.png,false,26,33,false,not_required,retain
img_2400x2400_3x8bit_C00C00_RGB_wood_game,SAMPLING/8BIT/RGB/2400x2400/C00C00/img_2400x2400_3x8bit_C00C00_RGB_wood_game.png,0827,DIV2K_valid_HR/0827.png,false,30,34,false,not_required,retain
img_2400x2400_3x8bit_C00C00_RGB_wood_game,SAMPLING/8BIT/RGB/2400x2400/C00C00/img_2400x2400_3x8bit_C00C00_RGB_wood_game.png,0828,DIV2K_valid_HR/0828.png,false,32,37,false,not_required,retain
img_2400x2400_3x8bit_C00C00_RGB_wood_game,SAMPLING/8BIT/RGB/2400x2400/C00C00/img_2400x2400_3x8bit_C00C00_RGB_wood_game.png,0829,DIV2K_valid_HR/0829.png,false,34,27,false,not_required,retain
img_2400x2400_3x8bit_C00C00_RGB_wood_game,SAMPLING/8BIT/RGB/2400x2400/C00C00/img_2400x2400_3x8bit_C00C00_RGB_wood_game.png,0830,DIV2K_valid_HR/0830.png,false,32,27,false,not_required,retain
img_2400x2400_3x8bit_C00C00_RGB_wood_game,SAMPLING/8BIT/RGB/2400x2400/C00C00/img_2400x2400_3x8bit_C00C00_RGB_wood_game.png,0831,DIV2K_valid_HR/0831.png,false,26,31,false,not_required,retain
img_2400x2400_3x8bit_C00C00_RGB_wood_game,SAMPLING/8BIT/RGB/2400x2400/C00C00/img_2400x2400_3x8bit_C00C00_RGB_wood_game.png,0832,DIV2K_valid_HR/0832.png,false,36,25,false,not_required,retain
img_2400x2400_3x8bit_C00C00_RGB_wood_game,SAMPLING/8BIT/RGB/2400x2400/C00C00/img_2400x2400_3x8bit_C00C00_RGB_wood_game.png,0833,DIV2K_valid_HR/0833.png,false,28,29,false,not_required,retain
img_2400x2400_3x8bit_C00C00_RGB_wood_game,SAMPLING/8BIT/RGB/2400x2400/C00C00/img_2400x2400_3x8bit_C00C00_RGB_wood_game.png,0834,DIV2K_valid_HR/0834.png,false,34,27,false,not_required,retain
img_2400x2400_3x8bit_C00C00_RGB_wood_game,SAMPLING/8BIT/RGB/2400x2400/C00C00/img_2400x2400_3x8bit_C00C00_RGB_wood_game.png,0835,DIV2K_valid_HR/0835.png,false,32,37,false,not_required,retain
img_2400x2400_3x8bit_C00C00_RGB_wood_game,SAMPLING/8BIT/RGB/2400x2400/C00C00/img_2400x2400_3x8bit_C00C00_RGB_wood_game.png,0836,DIV2K_valid_HR/0836.png,false,24,34,false,not_required,retain
img_2400x2400_3x8bit_C00C00_RGB_wood_game,SAMPLING/8BIT/RGB/2400x2400/C00C00/img_2400x2400_3x8bit_C00C00_RGB_wood_game.png,0837,DIV2K_valid_HR/0837.png,false,36,33,false,not_required,retain
img_2400x2400_3x8bit_C00C00_RGB_wood_game,SAMPLING/8BIT/RGB/2400x2400/C00C00/img_2400x2400_3x8bit_C00C00_RGB_wood_game.png,0838,DIV2K_valid_HR/0838.png,false,32,29,false,not_required,retain
img_2400x2400_3x8bit_C00C00_RGB_wood_game,SAMPLING/8BIT/RGB/2400x2400/C00C00/img_2400x2400_3x8bit_C00C00_RGB_wood_game.png,0839,DIV2K_valid_HR/0839.png,false,28,28,false,not_required,retain
img_2400x2400_3x8bit_C00C00_RGB_wood_game,SAMPLING/8BIT/RGB/2400x2400/C00C00/img_2400x2400_3x8bit_C00C00_RGB_wood_game.png,0840,DIV2K_valid_HR/0840.png,false,34,30,false,not_required,retain
img_2400x2400_3x8bit_C00C00_RGB_wood_game,SAMPLING/8BIT/RGB/2400x2400/C00C00/img_2400x2400_3x8bit_C00C00_RGB_wood_game.png,0841,DIV2K_valid_HR/0841.png,false,30,29,false,not_required,retain
img_2400x2400_3x8bit_C00C00_RGB_wood_game,SAMPLING/8BIT/RGB/2400x2400/C00C00/img_2400x2400_3x8bit_C00C00_RGB_wood_game.png,0842,DIV2K_valid_HR/0842.png,false,32,35,false,not_required,retain
img_2400x2400_3x8bit_C00C00_RGB_wood_game,SAMPLING/8BIT/RGB/2400x2400/C00C00/img_2400x2400_3x8bit_C00C00_RGB_wood_game.png,0843,DIV2K_valid_HR/0843.png,false,40,29,false,not_required,retain
img_2400x2400_3x8bit_C00C00_RGB_wood_game,SAMPLING/8BIT/RGB/2400x2400/C00C00/img_2400x2400_3x8bit_C00C00_RGB_wood_game.png,0844,DIV2K_valid_HR/0844.png,false,28,37,false,not_required,retain
img_2400x2400_3x8bit_C00C00_RGB_wood_game,SAMPLING/8BIT/RGB/2400x2400/C00C00/img_2400x2400_3x8bit_C00C00_RGB_wood_game.png,0845,DIV2K_valid_HR/0845.png,false,36,32,false,not_required,retain
img_2400x2400_3x8bit_C00C00_RGB_wood_game,SAMPLING/8BIT/RGB/2400x2400/C00C00/img_2400x2400_3x8bit_C00C00_RGB_wood_game.png,0846,DIV2K_valid_HR/0846.png,false,30,30,false,not_required,retain
img_2400x2400_3x8bit_C00C00_RGB_wood_game,SAMPLING/8BIT/RGB/2400x2400/C00C00/img_2400x2400_3x8bit_C00C00_RGB_wood_game.png,0847,DIV2K_valid_HR/0847.png,false,32,32,false,not_required,retain
img_2400x2400_3x8bit_C00C00_RGB_wood_game,SAMPLING/8BIT/RGB/2400x2400/C00C00/img_2400x2400_3x8bit_C00C00_RGB_wood_game.png,0848,DIV2K_valid_HR/0848.png,false,34,36,false,not_required,retain
img_2400x2400_3x8bit_C00C00_RGB_wood_game,SAMPLING/8BIT/RGB/2400x2400/C00C00/img_2400x2400_3x8bit_C00C00_RGB_wood_game.png,0849,DIV2K_valid_HR/0849.png,false,28,35,false,not_required,retain
img_2400x2400_3x8bit_C00C00_RGB_wood_game,SAMPLING/8BIT/RGB/2400x2400/C00C00/img_2400x2400_3x8bit_C00C00_RGB_wood_game.png,0850,DIV2K_valid_HR/0850.png,false,32,38,false,not_required,retain
img_2400x2400_3x8bit_C00C00_RGB_wood_game,SAMPLING/8BIT/RGB/2400x2400/C00C00/img_2400x2400_3x8bit_C00C00_RGB_wood_game.png,0851,DIV2K_valid_HR/0851.png,false,38,31,false,not_required,retain
img_2400x2400_3x8bit_C00C00_RGB_wood_game,SAMPLING/8BIT/RGB/2400x2400/C00C00/img_2400x2400_3x8bit_C00C00_RGB_wood_game.png,0852,DIV2K_valid_HR/0852.png,false,30,41,false,not_required,retain
img_2400x2400_3x8bit_C00C00_RGB_wood_game,SAMPLING/8BIT/RGB/2400x2400/C00C00/img_2400x2400_3x8bit_C00C00_RGB_wood_game.png,0853,DIV2K_valid_HR/0853.png,false,26,32,false,not_required,retain
img_2400x2400_3x8bit_C00C00_RGB_wood_game,SAMPLING/8BIT/RGB/2400x2400/C00C00/img_2400x2400_3x8bit_C00C00_RGB_wood_game.png,0854,DIV2K_valid_HR/0854.png,false,28,31,false,not_required,retain
img_2400x2400_3x8bit_C00C00_RGB_wood_game,SAMPLING/8BIT/RGB/2400x2400/C00C00/img_2400x2400_3x8bit_C00C00_RGB_wood_game.png,0855,DIV2K_valid_HR/0855.png,false,32,29,false,not_required,retain
img_2400x2400_3x8bit_C00C00_RGB_wood_game,SAMPLING/8BIT/RGB/2400x2400/C00C00/img_2400x2400_3x8bit_C00C00_RGB_wood_game.png,0856,DIV2K_valid_HR/0856.png,false,28,40,false,not_required,retain
img_2400x2400_3x8bit_C00C00_RGB_wood_game,SAMPLING/8BIT/RGB/2400x2400/C00C00/img_2400x2400_3x8bit_C00C00_RGB_wood_game.png,0857,DIV2K_valid_HR/0857.png,false,32,35,false,not_required,retain
img_2400x2400_3x8bit_C00C00_RGB_wood_game,SAMPLING/8BIT/RGB/2400x2400/C00C00/img_2400x2400_3x8bit_C00C00_RGB_wood_game.png,0858,DIV2K_valid_HR/0858.png,false,32,39,false,not_required,retain
img_2400x2400_3x8bit_C00C00_RGB_wood_game,SAMPLING/8BIT/RGB/2400x2400/C00C00/img_2400x2400_3x8bit_C00C00_RGB_wood_game.png,0859,DIV2K_valid_HR/0859.png,false,38,34,false,not_required,retain
img_2400x2400_3x8bit_C00C00_RGB_wood_game,SAMPLING/8BIT/RGB/2400x2400/C00C00/img_2400x2400_3x8bit_C00C00_RGB_wood_game.png,0860,DIV2K_valid_HR/0860.png,false,36,35,false,not_required,retain
img_2400x2400_3x8bit_C00C00_RGB_wood_game,SAMPLING/8BIT/RGB/2400x2400/C00C00/img_2400x2400_3x8bit_C00C00_RGB_wood_game.png,0861,DIV2K_valid_HR/0861.png,false,32,44,false,not_required,retain
img_2400x2400_3x8bit_C00C00_RGB_wood_game,SAMPLING/8BIT/RGB/2400x2400/C00C00/img_2400x2400_3x8bit_C00C00_RGB_wood_game.png,0862,DIV2K_valid_HR/0862.png,false,32,32,false,not_required,retain
img_2400x2400_3x8bit_C00C00_RGB_wood_game,SAMPLING/8BIT/RGB/2400x2400/C00C00/img_2400x2400_3x8bit_C00C00_RGB_wood_game.png,0863,DIV2K_valid_HR/0863.png,false,30,32,false,not_required,retain
img_2400x2400_3x8bit_C00C00_RGB_wood_game,SAMPLING/8BIT/RGB/2400x2400/C00C00/img_2400x2400_3x8bit_C00C00_RGB_wood_game.png,0864,DIV2K_valid_HR/0864.png,false,32,43,false,not_required,retain
img_2400x2400_3x8bit_C00C00_RGB_wood_game,SAMPLING/8BIT/RGB/2400x2400/C00C00/img_2400x2400_3x8bit_C00C00_RGB_wood_game.png,0865,DIV2K_valid_HR/0865.png,false,30,29,false,not_required,retain
img_2400x2400_3x8bit_C00C00_RGB_wood_game,SAMPLING/8BIT/RGB/2400x2400/C00C00/img_2400x2400_3x8bit_C00C00_RGB_wood_game.png,0866,DIV2K_valid_HR/0866.png,false,28,32,false,not_required,retain
img_2400x2400_3x8bit_C00C00_RGB_wood_game,SAMPLING/8BIT/RGB/2400x2400/C00C00/img_2400x2400_3x8bit_C00C00_RGB_wood_game.png,0867,DIV2K_valid_HR/0867.png,false,32,40,false,not_required,retain
img_2400x2400_3x8bit_C00C00_RGB_wood_game,SAMPLING/8BIT/RGB/2400x2400/C00C00/img_2400x2400_3x8bit_C00C00_RGB_wood_game.png,0868,DIV2K_valid_HR/0868.png,false,30,35,false,not_required,retain
img_2400x2400_3x8bit_C00C00_RGB_wood_game,SAMPLING/8BIT/RGB/2400x2400/C00C00/img_2400x2400_3x8bit_C00C00_RGB_wood_game.png,0869,DIV2K_valid_HR/0869.png,false,28,35,false,not_required,retain
img_2400x2400_3x8bit_C00C00_RGB_wood_game,SAMPLING/8BIT/RGB/2400x2400/C00C00/img_2400x2400_3x8bit_C00C00_RGB_wood_game.png,0870,DIV2K_valid_HR/0870.png,false,34,34,false,not_required,retain
img_2400x2400_3x8bit_C00C00_RGB_wood_game,SAMPLING/8BIT/RGB/2400x2400/C00C00/img_2400x2400_3x8bit_C00C00_RGB_wood_game.png,0871,DIV2K_valid_HR/0871.png,false,32,33,false,not_required,retain
img_2400x2400_3x8bit_C00C00_RGB_wood_game,SAMPLING/8BIT/RGB/2400x2400/C00C00/img_2400x2400_3x8bit_C00C00_RGB_wood_game.png,0872,DIV2K_valid_HR/0872.png,false,40,42,false,not_required,retain
img_2400x2400_3x8bit_C00C00_RGB_wood_game,SAMPLING/8BIT/RGB/2400x2400/C00C00/img_2400x2400_3x8bit_C00C00_RGB_wood_game.png,0873,DIV2K_valid_HR/0873.png,false,28,32,false,not_required,retain
img_2400x2400_3x8bit_C00C00_RGB_wood_game,SAMPLING/8BIT/RGB/2400x2400/C00C00/img_2400x2400_3x8bit_C00C00_RGB_wood_game.png,0874,DIV2K_valid_HR/0874.png,false,32,37,false,not_required,retain
img_2400x2400_3x8bit_C00C00_RGB_wood_game,SAMPLING/8BIT/RGB/2400x2400/C00C00/img_2400x2400_3x8bit_C00C00_RGB_wood_game.png,0875,DIV2K_valid_HR/0875.png,false,24,31,false,not_required,retain
img_2400x2400_3x8bit_C00C00_RGB_wood_game,SAMPLING/8BIT/RGB/2400x2400/C00C00/img_2400x2400_3x8bit_C00C00_RGB_wood_game.png,0876,DIV2K_valid_HR/0876.png,false,38,39,false,not_required,retain
img_2400x2400_3x8bit_C00C00_RGB_wood_game,SAMPLING/8BIT/RGB/2400x2400/C00C00/img_2400x2400_3x8bit_C00C00_RGB_wood_game.png,0877,DIV2K_valid_HR/0877.png,false,34,34,false,not_required,retain
img_2400x2400_3x8bit_C00C00_RGB_wood_game,SAMPLING/8BIT/RGB/2400x2400/C00C00/img_2400x2400_3x8bit_C00C00_RGB_wood_game.png,0878,DIV2K_valid_HR/0878.png,false,32,34,false,not_required,retain
img_2400x2400_3x8bit_C00C00_RGB_wood_game,SAMPLING/8BIT/RGB/2400x2400/C00C00/img_2400x2400_3x8bit_C00C00_RGB_wood_game.png,0879,DIV2K_valid_HR/0879.png,false,32,36,false,not_required,retain
img_2400x2400_3x8bit_C00C00_RGB_wood_game,SAMPLING/8BIT/RGB/2400x2400/C00C00/img_2400x2400_3x8bit_C00C00_RGB_wood_game.png,0880,DIV2K_valid_HR/0880.png,false,32,31,false,not_required,retain
img_2400x2400_3x8bit_C00C00_RGB_wood_game,SAMPLING/8BIT/RGB/2400x2400/C00C00/img_2400x2400_3x8bit_C00C00_RGB_wood_game.png,0881,DIV2K_valid_HR/0881.png,false,30,27,false,not_required,retain
img_2400x2400_3x8bit_C00C00_RGB_wood_game,SAMPLING/8BIT/RGB/2400x2400/C00C00/img_2400x2400_3x8bit_C00C00_RGB_wood_game.png,0882,DIV2K_valid_HR/0882.png,false,18,21,false,not_required,retain
img_2400x2400_3x8bit_C00C00_RGB_wood_game,SAMPLING/8BIT/RGB/2400x2400/C00C00/img_2400x2400_3x8bit_C00C00_RGB_wood_game.png,0883,DIV2K_valid_HR/0883.png,false,30,30,false,not_required,retain
img_2400x2400_3x8bit_C00C00_RGB_wood_game,SAMPLING/8BIT/RGB/2400x2400/C00C00/img_2400x2400_3x8bit_C00C00_RGB_wood_game.png,0884,DIV2K_valid_HR/0884.png,false,28,39,false,not_required,retain
img_2400x2400_3x8bit_C00C00_RGB_wood_game,SAMPLING/8BIT/RGB/2400x2400/C00C00/img_2400x2400_3x8bit_C00C00_RGB_wood_game.png,0885,DIV2K_valid_HR/0885.png,false,30,40,false,not_required,retain
img_2400x2400_3x8bit_C00C00_RGB_wood_game,SAMPLING/8BIT/RGB/2400x2400/C00C00/img_2400x2400_3x8bit_C00C00_RGB_wood_game.png,0886,DIV2K_valid_HR/0886.png,false,40,37,false,not_required,retain
img_2400x2400_3x8bit_C00C00_RGB_wood_game,SAMPLING/8BIT/RGB/2400x2400/C00C00/img_2400x2400_3x8bit_C00C00_RGB_wood_game.png,0887,DIV2K_valid_HR/0887.png,false,32,35,false,not_required,retain
img_2400x2400_3x8bit_C00C00_RGB_wood_game,SAMPLING/8BIT/RGB/2400x2400/C00C00/img_2400x2400_3x8bit_C00C00_RGB_wood_game.png,0888,DIV2K_valid_HR/0888.png,false,36,35,false,not_required,retain
img_2400x2400_3x8bit_C00C00_RGB_wood_game,SAMPLING/8BIT/RGB/2400x2400/C00C00/img_2400x2400_3x8bit_C00C00_RGB_wood_game.png,0889,DIV2K_valid_HR/0889.png,false,26,27,false,not_required,retain
img_2400x2400_3x8bit_C00C00_RGB_wood_game,SAMPLING/8BIT/RGB/2400x2400/C00C00/img_2400x2400_3x8bit_C00C00_RGB_wood_game.png,0890,DIV2K_valid_HR/0890.png,false,36,28,false,not_required,retain
img_2400x2400_3x8bit_C00C00_RGB_wood_game,SAMPLING/8BIT/RGB/2400x2400/C00C00/img_2400x2400_3x8bit_C00C00_RGB_wood_game.png,0891,DIV2K_valid_HR/0891.png,false,38,34,false,not_required,retain
img_2400x2400_3x8bit_C00C00_RGB_wood_game,SAMPLING/8BIT/RGB/2400x2400/C00C00/img_2400x2400_3x8bit_C00C00_RGB_wood_game.png,0892,DIV2K_valid_HR/0892.png,false,34,35,false,not_required,retain
img_2400x2400_3x8bit_C00C00_RGB_wood_game,SAMPLING/8BIT/RGB/2400x2400/C00C00/img_2400x2400_3x8bit_C00C00_RGB_wood_game.png,0893,DIV2K_valid_HR/0893.png,false,26,31,false,not_required,retain
img_2400x2400_3x8bit_C00C00_RGB_wood_game,SAMPLING/8BIT/RGB/2400x2400/C00C00/img_2400x2400_3x8bit_C00C00_RGB_wood_game.png,0894,DIV2K_valid_HR/0894.png,false,34,31,false,not_required,retain
img_2400x2400_3x8bit_C00C00_RGB_wood_game,SAMPLING/8BIT/RGB/2400x2400/C00C00/img_2400x2400_3x8bit_C00C00_RGB_wood_game.png,0895,DIV2K_valid_HR/0895.png,false,26,32,false,not_required,retain
img_2400x2400_3x8bit_C00C00_RGB_wood_game,SAMPLING/8BIT/RGB/2400x2400/C00C00/img_2400x2400_3x8bit_C00C00_RGB_wood_game.png,0896,DIV2K_valid_HR/0896.png,false,28,28,false,not_required,retain
img_2400x2400_3x8bit_C00C00_RGB_wood_game,SAMPLING/8BIT/RGB/2400x2400/C00C00/img_2400x2400_3x8bit_C00C00_RGB_wood_game.png,0897,DIV2K_valid_HR/0897.png,false,32,34,false,not_required,retain
img_2400x2400_3x8bit_C00C00_RGB_wood_game,SAMPLING/8BIT/RGB/2400x2400/C00C00/img_2400x2400_3x8bit_C00C00_RGB_wood_game.png,0898,DIV2K_valid_HR/0898.png,false,38,42,false,not_required,retain
img_2400x2400_3x8bit_C00C00_RGB_wood_game,SAMPLING/8BIT/RGB/2400x2400/C00C00/img_2400x2400_3x8bit_C00C00_RGB_wood_game.png,0899,DIV2K_valid_HR/0899.png,false,22,31,false,not_required,retain
img_2400x2400_3x8bit_C00C00_RGB_wood_game,SAMPLING/8BIT/RGB/2400x2400/C00C00/img_2400x2400_3x8bit_C00C00_RGB_wood_game.png,0900,DIV2K_valid_HR/0900.png,false,36,37,false,not_required,retain
