chain_id,pipeline,region,score,score_key,score_role,coverage,sources,mean_rgb_mse,rgb_mse_bootstrap_ci_low,rgb_mse_bootstrap_ci_high,mean_detail_mse,detail_mse_bootstrap_ci_low,detail_mse_bootstrap_ci_high,mean_bad_detail_rate_0.025,bad_detail_rate_0.025_bootstrap_ci_low,bad_detail_rate_0.025_bootstrap_ci_high,mean_bad_detail_rate_0.05,bad_detail_rate_0.05_bootstrap_ci_low,bad_detail_rate_0.05_bootstrap_ci_high,mean_bad_detail_rate_0.1,bad_detail_rate_0.1_bootstrap_ci_low,bad_detail_rate_0.1_bootstrap_ci_high
j50_b16_n2,dpir_nominal,all,expected_random,dpir_nominal__expected_random,evaluation_only,0.5,40,0.0009474087868729601,0.000714508204737217,0.001222641936744082,0.000728796967776022,0.0005301939496658864,0.0009624564829394836,0.200244140625,0.148997802734375,0.25966796875,0.1001708984375,0.0703607177734375,0.1346685791015625,0.007421875,0.0039544677734375,0.0120361328125
j50_b16_n2,dpir_nominal,all,expected_random,dpir_nominal__expected_random,evaluation_only,0.75,40,0.0009474087868729601,0.000714508204737217,0.001222641936744082,0.000728796967776022,0.0005301939496658864,0.0009624564829394836,0.200244140625,0.148997802734375,0.25966796875,0.1001708984375,0.0703607177734375,0.1346685791015625,0.007421875,0.0039544677734375,0.0120361328125
j50_b16_n2,dpir_nominal,all,expected_random,dpir_nominal__expected_random,evaluation_only,0.9,40,0.0009474087868729601,0.000714508204737217,0.001222641936744082,0.000728796967776022,0.0005301939496658864,0.0009624564829394836,0.200244140625,0.148997802734375,0.25966796875,0.1001708984375,0.0703607177734375,0.1346685791015625,0.007421875,0.0039544677734375,0.0120361328125
j50_b16_n2,dpir_nominal,all,expected_random,dpir_nominal__expected_random,evaluation_only,1.0,40,0.0009474087868729601,0.000714508204737217,0.001222641936744082,0.000728796967776022,0.0005301939496658864,0.0009624564829394836,0.200244140625,0.148997802734375,0.25966796875,0.1001708984375,0.0703607177734375,0.1346685791015625,0.007421875,0.0039544677734375,0.0120361328125
j50_b16_n2,dpir_nominal,all,image_transform_spread_detail,dpir_nominal__score__image_transform_spread_detail,operational,0.5,40,0.00020644652532612225,0.00010401595063398035,0.00034274801185757713,0.00011047179775663433,2.4593630199054403e-05,0.00022403542128690066,0.0373046875,0.0029296875,0.08291137695312499,0.01220703125,0.000341796875,0.0279296875,0.00029296875,0.0,0.000830078125
j50_b16_n2,dpir_nominal,all,image_transform_spread_detail,dpir_nominal__score__image_transform_spread_detail,operational,0.75,40,0.0003851747752171484,0.00021992438301973976,0.0005977065295385345,0.0002505935928946784,0.00011059494228160729,0.00042896124589485396,0.07796223958333331,0.03274739583333332,0.1346720377604166,0.031380208333333326,0.010188802083333323,0.05846354166666665,0.0014322916666666627,3.25520833333325e-05,0.0034830729166666604
j50_b16_n2,dpir_nominal,all,image_transform_spread_detail,dpir_nominal__score__image_transform_spread_detail,operational,0.9,40,0.0006355510625392319,0.00042736238778651875,0.0008912456575574641,0.00046068255647222,0.0002844045408711189,0.0006762559799630291,0.13853036876355745,0.08684924078091102,0.1991879067245119,0.060981561822125795,0.03435398590021689,0.09341241865509757,0.0034164859002169027,0.0010574837310195074,0.006670281995661581
j50_b16_n2,dpir_nominal,all,image_transform_spread_detail,dpir_nominal__score__image_transform_spread_detail,operational,1.0,40,0.0009474087868729601,0.000714508204737217,0.001222641936744082,0.000728796967776022,0.0005301939496658864,0.0009624564829394836,0.200244140625,0.148997802734375,0.25966796875,0.1001708984375,0.0703607177734375,0.1346685791015625,0.007421875,0.0039544677734375,0.0120361328125
j50_b16_n2,dpir_nominal,all,operator_spread_detail,dpir_nominal__score__operator_spread_detail,operational,0.5,40,0.00015915486459370756,9.417311418557955e-05,0.00024418421519898037,6.811770731913426e-05,1.95646269268743e-05,0.00013328923432378653,0.030029296875,0.000927734375,0.06987426757812498,0.00234375,0.0,0.00615234375,0.0,0.0,0.0
j50_b16_n2,dpir_nominal,all,operator_spread_detail,dpir_nominal__score__operator_spread_detail,operational,0.75,40,0.00029982399224863694,0.0001802128467171137,0.0004535000997852896,0.00017004166212919902,7.394021384440053e-05,0.00029491418600970966,0.06780598958333331,0.02346923828124998,0.12360026041666665,0.016731770833333326,0.0030273437499999927,0.03639322916666665,0.0,0.0,0.0
j50_b16_n2,dpir_nominal,all,operator_spread_detail,dpir_nominal__score__operator_spread_detail,operational,0.9,40,0.0005172287564833911,0.00034097190425303386,0.0007337110238111335,0.00035026913473938345,0.0002035212541363074,0.0005305492964716677,0.1325379609544468,0.0810188449023861,0.19346664859002163,0.04395336225596528,0.018789994577006485,0.07481155097613877,0.00027114967462039003,0.0,0.000677874186550975
j50_b16_n2,dpir_nominal,all,operator_spread_detail,dpir_nominal__score__operator_spread_detail,operational,1.0,40,0.0009474087868729575,0.000714508204737217,0.0012226419367440797,0.000728796967776022,0.0005301939496658864,0.0009624564829394836,0.200244140625,0.148997802734375,0.25966796875,0.1001708984375,0.0703607177734375,0.1346685791015625,0.007421875,0.0039544677734375,0.0120361328125
j50_b16_n2,dpir_nominal,all,operator_spread_rgb,dpir_nominal__score__operator_spread_rgb,operational,0.5,40,0.00015811981795964942,9.300238510038179e-05,0.00024331502422486433,6.91523944019999e-05,2.0300100039970735e-05,0.0001348420145199936,0.03046875,0.001416015625,0.0703125,0.00244140625,0.0,0.00634765625,0.0,0.0,0.0
j50_b16_n2,dpir_nominal,all,operator_spread_rgb,dpir_nominal__score__operator_spread_rgb,operational,0.75,40,0.00029961256765549617,0.00017980674677115448,0.0004535736505521927,0.0001711267958363459,7.48648979587684e-05,0.0002961348106695168,0.06826171874999998,0.023925781249999983,0.12383300781249988,0.016829427083333327,0.00315755208333333,0.03649169921874998,0.0,0.0,0.0
j50_b16_n2,dpir_nominal,all,operator_spread_rgb,dpir_nominal__score__operator_spread_rgb,operational,0.9,40,0.000517257859285357,0.00034093401997521586,0.0007336546942971894,0.0003509288311763069,0.0002040010908634465,0.0005314249231946499,0.132673535791757,0.08120864967462037,0.19354663774403463,0.04419739696312362,0.019034707158351392,0.07508202277657265,0.00024403470715835,0.0,0.000623644251626895
j50_b16_n2,dpir_nominal,all,operator_spread_rgb,dpir_nominal__score__operator_spread_rgb,operational,1.0,40,0.0009474087868729601,0.000714508204737217,0.001222641936744082,0.000728796967776022,0.0005301939496658864,0.0009624564829394836,0.200244140625,0.148997802734375,0.25966796875,0.1001708984375,0.0703607177734375,0.1346685791015625,0.007421875,0.0039544677734375,0.0120361328125
j50_b16_n2,dpir_nominal,all,oracle_detail_error,dpir_nominal__oracle_detail_error,evaluation_only,0.5,40,0.00014993252573070187,8.986321714109723e-05,0.00022849267483918072,6.047064917603648e-05,1.7563479430035854e-05,0.0001181702588191812,0.028759765625,0.0,0.06826171875,0.0,0.0,0.0,0.0,0.0,0.0
j50_b16_n2,dpir_nominal,all,oracle_detail_error,dpir_nominal__oracle_detail_error,evaluation_only,0.75,40,0.0002881867394912673,0.00017311598563331,0.00043733731848027594,0.00015780293256987654,6.623309323038674e-05,0.00027724547161396746,0.064453125,0.019920247395833326,0.12047607421874999,0.014192708333333331,0.000390625,0.03349609375,0.0,0.0,0.0
j50_b16_n2,dpir_nominal,all,oracle_detail_error,dpir_nominal__oracle_detail_error,evaluation_only,0.9,40,0.0005046174501408755,0.0003314160155220659,0.0007174525927454599,0.0003369574644753807,0.00019334447647917865,0.0005139809369318285,0.1320498915401301,0.08034164859002169,0.19308636117136657,0.04162147505422992,0.016376762472885015,0.07261523861171362,0.0,0.0,0.0
j50_b16_n2,dpir_nominal,all,oracle_detail_error,dpir_nominal__oracle_detail_error,evaluation_only,1.0,40,0.0009474087868729601,0.000714508204737217,0.001222641936744082,0.000728796967776022,0.0005301939496658864,0.0009624564829394836,0.200244140625,0.148997802734375,0.25966796875,0.1001708984375,0.0703607177734375,0.1346685791015625,0.007421875,0.0039544677734375,0.0120361328125
j50_b16_n2,dpir_nominal,all,original_measurement_residual,dpir_nominal__score__original_measurement_residual,operational,0.5,40,0.0003114106008679181,0.00018814928940965328,0.0004628133468024916,0.00021085781147080034,0.00010566155764259602,0.0003402714662626968,0.075,0.03583984375,0.12441528320312499,0.026806640625,0.011278076171875002,0.0462890625,0.000537109375,9.765625e-05,0.001171875
j50_b16_n2,dpir_nominal,all,original_measurement_residual,dpir_nominal__score__original_measurement_residual,operational,0.75,40,0.0005118545889085412,0.00034696603968629346,0.0007114878954439696,0.0003696064378743076,0.0002299425903726885,0.0005388059848707917,0.12246093749999995,0.0761385091145833,0.17871093749999994,0.04967447916666664,0.028189290364583303,0.07604166666666663,0.0013997395833333277,0.00042317708333333,0.002702636718749986
j50_b16_n2,dpir_nominal,all,original_measurement_residual,dpir_nominal__score__original_measurement_residual,operational,0.9,40,0.0006885492362308358,0.0004945302424463349,0.000921581619053721,0.0005117759988356931,0.00034813575060369884,0.0007090903040703906,0.16046637744034703,0.11043858459869843,0.2192529826464208,0.07052603036876351,0.04492950108459866,0.10132931127982642,0.0026843817787418375,0.0011930585683296874,0.00469088937093273
j50_b16_n2,dpir_nominal,all,original_measurement_residual,dpir_nominal__score__original_measurement_residual,operational,1.0,40,0.0009474087868729601,0.000714508204737217,0.001222641936744082,0.000728796967776022,0.0005301939496658864,0.0009624564829394836,0.200244140625,0.148997802734375,0.25966796875,0.1001708984375,0.0703607177734375,0.1346685791015625,0.007421875,0.0039544677734375,0.0120361328125
j50_b16_n2,dpir_nominal,all,reconstruction_gradient,dpir_nominal__score__reconstruction_gradient,operational,0.5,40,0.00020373730145793403,0.00011048937249617555,0.0003235714745330965,0.00011454200148408465,3.593276228917341e-05,0.00021460305121614244,0.044921875,0.008837890625,0.09233642578124997,0.0109375,0.0006823730468750011,0.02392578125,0.0,0.0,0.0
j50_b16_n2,dpir_nominal,all,reconstruction_gradient,dpir_nominal__score__reconstruction_gradient,operational,0.75,40,0.000377648150116893,0.00022948141901456506,0.0005631489510960812,0.0002489098673076439,0.0001219459914277537,0.0004077312469369918,0.08883463541666665,0.04326090494791665,0.1452473958333333,0.02998046874999999,0.01025390624999999,0.05458984374999999,0.0005859374999999975,0.0,0.0017252604166666599
j50_b16_n2,dpir_nominal,all,reconstruction_gradient,dpir_nominal__score__reconstruction_gradient,operational,0.9,40,0.0005922384876534334,0.00039721920164967133,0.0008299617955465784,0.00042404022824118223,0.0002576766081292961,0.0006269782481075016,0.14205531453362252,0.09167299349240778,0.20192719631236433,0.05555856832971797,0.029663774403470688,0.08690414859002167,0.0018980477223427248,0.00016268980477223,0.004880694143167015
j50_b16_n2,dpir_nominal,all,reconstruction_gradient,dpir_nominal__score__reconstruction_gradient,operational,1.0,40,0.0009474087868729601,0.000714508204737217,0.001222641936744082,0.000728796967776022,0.0005301939496658864,0.0009624564829394836,0.200244140625,0.148997802734375,0.25966796875,0.1001708984375,0.0703607177734375,0.1346685791015625,0.007421875,0.0039544677734375,0.0120361328125
j50_b16_n2,dpir_nominal,textured_quartile,expected_random,dpir_nominal__expected_random,evaluation_only,0.5,40,0.0024790339115144926,0.0019682573023199097,0.0030477341940723067,0.0019938699326281797,0.0015593605858445726,0.002469954767549213,0.49130859375,0.40732177734375,0.57490234375,0.2826171875,0.2193359375,0.3509790039062499,0.0263671875,0.01533203125,0.04013671875
j50_b16_n2,dpir_nominal,textured_quartile,expected_random,dpir_nominal__expected_random,evaluation_only,0.75,40,0.0024790339115144926,0.0019682573023199097,0.0030477341940723067,0.0019938699326281797,0.0015593605858445726,0.002469954767549213,0.49130859375,0.40732177734375,0.57490234375,0.2826171875,0.2193359375,0.3509790039062499,0.0263671875,0.01533203125,0.04013671875
j50_b16_n2,dpir_nominal,textured_quartile,expected_random,dpir_nominal__expected_random,evaluation_only,0.9,40,0.0024790339115144926,0.0019682573023199097,0.0030477341940723067,0.0019938699326281797,0.0015593605858445726,0.002469954767549213,0.49130859375,0.40732177734375,0.57490234375,0.2826171875,0.2193359375,0.3509790039062499,0.0263671875,0.01533203125,0.04013671875
j50_b16_n2,dpir_nominal,textured_quartile,expected_random,dpir_nominal__expected_random,evaluation_only,1.0,40,0.0024790339115144926,0.0019682573023199097,0.0030477341940723067,0.0019938699326281797,0.0015593605858445726,0.002469954767549213,0.49130859375,0.40732177734375,0.57490234375,0.2826171875,0.2193359375,0.3509790039062499,0.0263671875,0.01533203125,0.04013671875
j50_b16_n2,dpir_nominal,textured_quartile,image_transform_spread_detail,dpir_nominal__score__image_transform_spread_detail,operational,0.5,40,0.001386132505581074,0.0009311622544709027,0.0019372402833717636,0.0010261766000666912,0.000645138728051566,0.0014820514131462545,0.276953125,0.1892578125,0.37265625,0.1361328125,0.0810546875,0.20078125,0.012109375,0.003515625,0.0236328125
j50_b16_n2,dpir_nominal,textured_quartile,image_transform_spread_detail,dpir_nominal__score__image_transform_spread_detail,operational,0.75,40,0.0018873567648445282,0.0013795749039774356,0.0024656583852442704,0.0014700617424963113,0.0010391781000113824,0.0019549851982557133,0.37721354166666665,0.282548828125,0.47409179687499986,0.202734375,0.14062499999999997,0.271484375,0.01901041666666665,0.008850911458333322,0.032161458333333316
j50_b16_n2,dpir_nominal,textured_quartile,image_transform_spread_detail,dpir_nominal__score__image_transform_spread_detail,operational,0.9,40,0.00223659537415178,0.00170736306264644,0.0028260699305782478,0.0017792726898401528,0.0013309676919697794,0.002272149472079436,0.44469696969696965,0.3533549783549783,0.5358252164502163,0.249025974025974,0.183655303030303,0.3194805194805194,0.023268398268398244,0.012121212121212104,0.0371212121212121
j50_b16_n2,dpir_nominal,textured_quartile,image_transform_spread_detail,dpir_nominal__score__image_transform_spread_detail,operational,1.0,40,0.0024790339115144926,0.0019682573023199097,0.0030477341940723067,0.0019938699326281797,0.0015593605858445726,0.002469954767549213,0.49130859375,0.40732177734375,0.57490234375,0.2826171875,0.2193359375,0.3509790039062499,0.0263671875,0.01533203125,0.04013671875
j50_b16_n2,dpir_nominal,textured_quartile,operator_spread_detail,dpir_nominal__score__operator_spread_detail,operational,0.5,40,0.0008769825482061568,0.0005937857521006012,0.001232754928739749,0.0005467007501299869,0.00033145746994158565,0.000817450971668585,0.23046875,0.1443359375,0.32637207031249993,0.0595703125,0.01953125,0.11484375,0.0,0.0,0.0
j50_b16_n2,dpir_nominal,textured_quartile,operator_spread_detail,dpir_nominal__score__operator_spread_detail,operational,0.75,40,0.0013984319057049725,0.0010055788299040964,0.001856582377678147,0.001014272000943077,0.0006940197944099323,0.0013890177083458128,0.36041666666666666,0.2641927083333333,0.45886067708333317,0.1415364583333333,0.08384765624999999,0.20911783854166657,0.0016927083333333325,0.0001302083333333325,0.003776041666666665
j50_b16_n2,dpir_nominal,textured_quartile,operator_spread_detail,dpir_nominal__score__operator_spread_detail,operational,0.9,40,0.0018974112224512721,0.0014315402637137356,0.0024254612549806593,0.0014632248770418664,0.0010706135134308469,0.0019039890186760815,0.43733766233766236,0.3445860389610389,0.5297646103896103,0.22067099567099566,0.15605790043290038,0.29199404761904757,0.006385281385281378,0.000649350649350645,0.014613095238095192
j50_b16_n2,dpir_nominal,textured_quartile,operator_spread_detail,dpir_nominal__score__operator_spread_detail,operational,1.0,40,0.0024790339115144926,0.0019682573023199097,0.0030477341940723067,0.0019938699326281797,0.0015593605858445726,0.002469954767549213,0.49130859375,0.40732177734375,0.57490234375,0.2826171875,0.2193359375,0.3509790039062499,0.0263671875,0.01533203125,0.04013671875
j50_b16_n2,dpir_nominal,textured_quartile,operator_spread_rgb,dpir_nominal__score__operator_spread_rgb,operational,0.5,40,0.0008741438491044303,0.0005927486883036243,0.0012287106788931139,0.0005465849526981972,0.0003323721203394105,0.0008160195785713946,0.2322265625,0.1462890625,0.3279296875,0.059375,0.019140625,0.11445800781249993,0.0,0.0,0.0
j50_b16_n2,dpir_nominal,textured_quartile,operator_spread_rgb,dpir_nominal__score__operator_spread_rgb,operational,0.75,40,0.00139852576223574,0.001005171134211211,0.0018560468575908628,0.0010161052590882485,0.0006958509004860889,0.0013900528167615717,0.3611979166666667,0.2652311197916667,0.4593815104166665,0.1415364583333333,0.08372070312499998,0.20911783854166657,0.001822916666666665,0.0001302083333333325,0.004166666666666662
j50_b16_n2,dpir_nominal,textured_quartile,operator_spread_rgb,dpir_nominal__score__operator_spread_rgb,operational,0.9,40,0.0018981308226949448,0.0014332249612918591,0.0024255589816391263,0.0014643740205983417,0.0010720565335668743,0.001905529810437995,0.43777056277056275,0.34523809523809523,0.5299810606060605,0.2207792207792208,0.15627435064935064,0.2921022727272727,0.006385281385281378,0.000649350649350645,0.014613095238095192
j50_b16_n2,dpir_nominal,textured_quartile,operator_spread_rgb,dpir_nominal__score__operator_spread_rgb,operational,1.0,40,0.0024790339115144926,0.0019682573023199097,0.0030477341940723067,0.0019938699326281797,0.0015593605858445726,0.002469954767549213,0.49130859375,0.40732177734375,0.57490234375,0.2826171875,0.2193359375,0.3509790039062499,0.0263671875,0.01533203125,0.04013671875
j50_b16_n2,dpir_nominal,textured_quartile,oracle_detail_error,dpir_nominal__oracle_detail_error,evaluation_only,0.5,40,0.0008287912735026383,0.0005616157522103633,0.001166996660893595,0.0005039207238033523,0.00030206534812946554,0.0007609567917882704,0.2255859375,0.1380859375,0.3224609375,0.0490234375,0.009765625,0.1048828125,0.0,0.0,0.0
j50_b16_n2,dpir_nominal,textured_quartile,oracle_detail_error,dpir_nominal__oracle_detail_error,evaluation_only,0.75,40,0.0013471324701990566,0.0009654517072100279,0.0017919773894247727,0.0009641824256813265,0.0006553610300123235,0.00132435889682731,0.35690104166666664,0.25976236979166667,0.4563802083333333,0.13541666666666666,0.07682291666666666,0.2036458333333333,0.0,0.0,0.0
j50_b16_n2,dpir_nominal,textured_quartile,oracle_detail_error,dpir_nominal__oracle_detail_error,evaluation_only,0.9,40,0.0018592066673798501,0.0014011724932852434,0.0023824824710214137,0.0014272154166314224,0.0010421736818540357,0.0018610700577543916,0.43679653679653685,0.3437202380952381,0.529439935064935,0.21839826839826842,0.1531385281385281,0.29047619047619044,0.004545454545454545,0.0,0.011688311688311689
j50_b16_n2,dpir_nominal,textured_quartile,oracle_detail_error,dpir_nominal__oracle_detail_error,evaluation_only,1.0,40,0.0024790339115144926,0.0019682573023199097,0.0030477341940723067,0.0019938699326281797,0.0015593605858445726,0.002469954767549213,0.49130859375,0.40732177734375,0.57490234375,0.2826171875,0.2193359375,0.3509790039062499,0.0263671875,0.01533203125,0.04013671875
j50_b16_n2,dpir_nominal,textured_quartile,original_measurement_residual,dpir_nominal__score__original_measurement_residual,operational,0.5,40,0.0018642726229650864,0.0014191646988576112,0.0023625066842267576,0.0014829780498163277,0.0011068842133083415,0.0019033711238395918,0.425,0.3337841796875,0.5177734375,0.2181640625,0.158984375,0.283203125,0.0109375,0.0048828125,0.0185546875
j50_b16_n2,dpir_nominal,textured_quartile,original_measurement_residual,dpir_nominal__score__original_measurement_residual,operational,0.75,40,0.00202439890099097,0.0015631552464625098,0.0025407345194495465,0.0016100695583288298,0.0012169550678102772,0.002040564231210674,0.443359375,0.3533854166666667,0.5339876302083333,0.2360677083333333,0.17499674479166663,0.30221679687499997,0.013541666666666652,0.0067708333333333145,0.02200520833333331
j50_b16_n2,dpir_nominal,textured_quartile,original_measurement_residual,dpir_nominal__score__original_measurement_residual,operational,0.9,40,0.0022014472286065075,0.0017147533185953117,0.002746160175886783,0.0017561477363440049,0.0013427083176205396,0.0022113558470456124,0.46331168831168823,0.37651244588744587,0.550108225108225,0.25389610389610384,0.1909090909090909,0.32153950216450206,0.017640692640692616,0.009090909090909073,0.02846320346320343
j50_b16_n2,dpir_nominal,textured_quartile,original_measurement_residual,dpir_nominal__score__original_measurement_residual,operational,1.0,40,0.0024790339115144926,0.0019682573023199097,0.0030477341940723067,0.0019938699326281797,0.0015593605858445726,0.002469954767549213,0.49130859375,0.40732177734375,0.57490234375,0.2826171875,0.2193359375,0.3509790039062499,0.0263671875,0.01533203125,0.04013671875
j50_b16_n2,dpir_nominal,textured_quartile,reconstruction_gradient,dpir_nominal__score__reconstruction_gradient,operational,0.5,40,0.0012191812212413882,0.0008596772497963133,0.0016539913594317626,0.0008759296304187732,0.0005838096485313249,0.001231372184199971,0.304296875,0.22109375,0.3931640625,0.112890625,0.0654296875,0.17071289062499986,0.0044921875,0.000390625,0.0115234375
j50_b16_n2,dpir_nominal,textured_quartile,reconstruction_gradient,dpir_nominal__score__reconstruction_gradient,operational,0.75,40,0.0016491125617830948,0.0012130325985958003,0.0021524325616799436,0.00125892904093379,0.0008932301214466649,0.001681005663721136,0.38893229166666665,0.2989583333333333,0.48125,0.18046874999999996,0.12148111979166662,0.24739583333333331,0.008203124999999993,0.0018229166666666602,0.016927083333333322
j50_b16_n2,dpir_nominal,textured_quartile,reconstruction_gradient,dpir_nominal__score__reconstruction_gradient,operational,0.9,40,0.0020409954262284725,0.0015556284891590554,0.0025883756358504846,0.0016065959013114868,0.001195572232773908,0.0020681706971802886,0.4476190476190475,0.35898268398268396,0.5364745670995669,0.2337662337662337,0.16969696969696968,0.3041179653679653,0.014069264069264054,0.0056277056277056125,0.02478625541125536
j50_b16_n2,dpir_nominal,textured_quartile,reconstruction_gradient,dpir_nominal__score__reconstruction_gradient,operational,1.0,40,0.0024790339115144926,0.0019682573023199097,0.0030477341940723067,0.0019938699326281797,0.0015593605858445726,0.002469954767549213,0.49130859375,0.40732177734375,0.57490234375,0.2826171875,0.2193359375,0.3509790039062499,0.0263671875,0.01533203125,0.04013671875
j50_b16_n2,fbcnn_dpir_nominal,all,expected_random,fbcnn_dpir_nominal__expected_random,evaluation_only,0.5,40,0.00013429425671932708,0.00010435147406254218,0.0001698069030535422,1.4494509337167315e-05,1.0405877880153316e-05,1.9344876418059833e-05,0.0,0.0,0.0,0.0,0.0,0.0,0.0,0.0,0.0
j50_b16_n2,fbcnn_dpir_nominal,all,expected_random,fbcnn_dpir_nominal__expected_random,evaluation_only,0.75,40,0.00013429425671932708,0.00010435147406254218,0.0001698069030535422,1.4494509337167315e-05,1.0405877880153316e-05,1.9344876418059833e-05,0.0,0.0,0.0,0.0,0.0,0.0,0.0,0.0,0.0
j50_b16_n2,fbcnn_dpir_nominal,all,expected_random,fbcnn_dpir_nominal__expected_random,evaluation_only,0.9,40,0.00013429425671932708,0.00010435147406254218,0.0001698069030535422,1.4494509337167315e-05,1.0405877880153316e-05,1.9344876418059833e-05,0.0,0.0,0.0,0.0,0.0,0.0,0.0,0.0,0.0
j50_b16_n2,fbcnn_dpir_nominal,all,expected_random,fbcnn_dpir_nominal__expected_random,evaluation_only,1.0,40,0.00013429425671932708,0.00010435147406254218,0.0001698069030535422,1.4494509337167315e-05,1.0405877880153316e-05,1.9344876418059833e-05,0.0,0.0,0.0,0.0,0.0,0.0,0.0,0.0,0.0
j50_b16_n2,fbcnn_dpir_nominal,all,image_transform_spread_detail,fbcnn_dpir_nominal__score__image_transform_spread_detail,operational,0.5,40,6.502944240549809e-05,4.6474060973916125e-05,8.948263407666479e-05,6.732018234075651e-06,4.360780211298426e-06,1.002080714956336e-05,0.0,0.0,0.0,0.0,0.0,0.0,0.0,0.0,0.0
j50_b16_n2,fbcnn_dpir_nominal,all,image_transform_spread_detail,fbcnn_dpir_nominal__score__image_transform_spread_detail,operational,0.75,40,8.969993823710279e-05,6.692264712029478e-05,0.00011741360989099561,9.557961650653802e-06,6.557391041768117e-06,1.3368818558230515e-05,0.0,0.0,0.0,0.0,0.0,0.0,0.0,0.0,0.0
j50_b16_n2,fbcnn_dpir_nominal,all,image_transform_spread_detail,fbcnn_dpir_nominal__score__image_transform_spread_detail,operational,0.9,40,0.00011110893951143753,8.407064878085411e-05,0.00014330192568715115,1.187371840683016e-05,8.27375300346919e-06,1.6246447141193263e-05,0.0,0.0,0.0,0.0,0.0,0.0,0.0,0.0,0.0
j50_b16_n2,fbcnn_dpir_nominal,all,image_transform_spread_detail,fbcnn_dpir_nominal__score__image_transform_spread_detail,operational,1.0,40,0.00013429425671932708,0.00010435147406254218,0.0001698069030535422,1.4494509337167314e-05,1.0405877880153316e-05,1.9344876418059833e-05,0.0,0.0,0.0,0.0,0.0,0.0,0.0,0.0,0.0
j50_b16_n2,fbcnn_dpir_nominal,all,operator_spread_detail,fbcnn_dpir_nominal__score__operator_spread_detail,operational,0.5,40,6.431385045404167e-05,4.581629777320577e-05,8.847021937260435e-05,6.616030220548308e-06,4.247593549407124e-06,9.879186042104084e-06,0.0,0.0,0.0,0.0,0.0,0.0,0.0,0.0,0.0
j50_b16_n2,fbcnn_dpir_nominal,all,operator_spread_detail,fbcnn_dpir_nominal__score__operator_spread_detail,operational,0.75,40,8.735647516095214e-05,6.508395746935054e-05,0.00011468436140841788,9.207625996196511e-06,6.26347989513925e-06,1.296824490359183e-05,0.0,0.0,0.0,0.0,0.0,0.0,0.0,0.0,0.0
j50_b16_n2,fbcnn_dpir_nominal,all,operator_spread_detail,fbcnn_dpir_nominal__score__operator_spread_detail,operational,0.9,40,0.00010862781352390987,8.210646621691462e-05,0.0001400044896832613,1.16138324731471e-05,8.082551668287276e-06,1.5913169240644094e-05,0.0,0.0,0.0,0.0,0.0,0.0,0.0,0.0,0.0
j50_b16_n2,fbcnn_dpir_nominal,all,operator_spread_detail,fbcnn_dpir_nominal__score__operator_spread_detail,operational,1.0,40,0.00013429425671932708,0.00010435147406254218,0.0001698069030535422,1.4494509337167315e-05,1.0405877880153316e-05,1.9344876418059833e-05,0.0,0.0,0.0,0.0,0.0,0.0,0.0,0.0,0.0
j50_b16_n2,fbcnn_dpir_nominal,all,operator_spread_rgb,fbcnn_dpir_nominal__score__operator_spread_rgb,operational,0.5,40,6.390753183891085e-05,4.566112652319578e-05,8.766716560145438e-05,6.706646874515794e-06,4.316152775989459e-06,1.0010341485140696e-05,0.0,0.0,0.0,0.0,0.0,0.0,0.0,0.0,0.0
j50_b16_n2,fbcnn_dpir_nominal,all,operator_spread_rgb,fbcnn_dpir_nominal__score__operator_spread_rgb,operational,0.75,40,8.725738001161442e-05,6.506173540853006e-05,0.00011443501927452051,9.429799936616568e-06,6.4457474089839075e-06,1.3228881298969267e-05,0.0,0.0,0.0,0.0,0.0,0.0,0.0,0.0,0.0
j50_b16_n2,fbcnn_dpir_nominal,all,operator_spread_rgb,fbcnn_dpir_nominal__score__operator_spread_rgb,operational,0.9,40,0.00010781402576836058,8.144295168502352e-05,0.00013900226329390344,1.1667751307337563e-05,8.117742761899026e-06,1.5984761810534667e-05,0.0,0.0,0.0,0.0,0.0,0.0,0.0,0.0,0.0
j50_b16_n2,fbcnn_dpir_nominal,all,operator_spread_rgb,fbcnn_dpir_nominal__score__operator_spread_rgb,operational,1.0,40,0.00013429425671932708,0.00010435147406254218,0.0001698069030535422,1.4494509337167319e-05,1.0405877880153316e-05,1.9344876418059833e-05,0.0,0.0,0.0,0.0,0.0,0.0,0.0,0.0,0.0
j50_b16_n2,fbcnn_dpir_nominal,all,oracle_detail_error,fbcnn_dpir_nominal__oracle_detail_error,evaluation_only,0.5,40,5.8910548191726405e-05,4.16556873617718e-05,8.116695817190175e-05,5.535836445306301e-06,3.535491462668618e-06,8.364836792683383e-06,0.0,0.0,0.0,0.0,0.0,0.0,0.0,0.0,0.0
j50_b16_n2,fbcnn_dpir_nominal,all,oracle_detail_error,fbcnn_dpir_nominal__oracle_detail_error,evaluation_only,0.75,40,8.321808504431088e-05,6.185294360631227e-05,0.00010936496016856391,8.132445359270336e-06,5.4750584142526475e-06,1.1563751591163695e-05,0.0,0.0,0.0,0.0,0.0,0.0,0.0,0.0,0.0
j50_b16_n2,fbcnn_dpir_nominal,all,oracle_detail_error,fbcnn_dpir_nominal__oracle_detail_error,evaluation_only,0.9,40,0.00010612305113705932,8.010023328620465e-05,0.0001368671297816589,1.0823594774997755e-05,7.485301098222915e-06,1.4892186682917115e-05,0.0,0.0,0.0,0.0,0.0,0.0,0.0,0.0,0.0
j50_b16_n2,fbcnn_dpir_nominal,all,oracle_detail_error,fbcnn_dpir_nominal__oracle_detail_error,evaluation_only,1.0,40,0.00013429425671932708,0.00010435147406254218,0.0001698069030535422,1.4494509337167319e-05,1.0405877880153316e-05,1.9344876418059833e-05,0.0,0.0,0.0,0.0,0.0,0.0,0.0,0.0,0.0
j50_b16_n2,fbcnn_dpir_nominal,all,original_measurement_residual,fbcnn_dpir_nominal__score__original_measurement_residual,operational,0.5,40,7.62624750878126e-05,5.5635908271191444e-05,0.00010280553741552681,8.4003949172472e-06,5.521007288791841e-06,1.2179849002765285e-05,0.0,0.0,0.0,0.0,0.0,0.0,0.0,0.0,0.0
j50_b16_n2,fbcnn_dpir_nominal,all,original_measurement_residual,fbcnn_dpir_nominal__score__original_measurement_residual,operational,0.75,40,9.790038637365233e-05,7.328505692151103e-05,0.00012751177065674845,1.067698777078455e-05,7.323289917484289e-06,1.4908476883716795e-05,0.0,0.0,0.0,0.0,0.0,0.0,0.0,0.0,0.0
j50_b16_n2,fbcnn_dpir_nominal,all,original_measurement_residual,fbcnn_dpir_nominal__score__original_measurement_residual,operational,0.9,40,0.00011527655941933896,8.783305722390683e-05,0.00014812313130885857,1.2397853845883046e-05,8.668754888528505e-06,1.6912201603991212e-05,0.0,0.0,0.0,0.0,0.0,0.0,0.0,0.0,0.0
j50_b16_n2,fbcnn_dpir_nominal,all,original_measurement_residual,fbcnn_dpir_nominal__score__original_measurement_residual,operational,1.0,40,0.00013429425671932708,0.00010435147406254218,0.0001698069030535422,1.4494509337167319e-05,1.0405877880153316e-05,1.9344876418059833e-05,0.0,0.0,0.0,0.0,0.0,0.0,0.0,0.0,0.0
j50_b16_n2,fbcnn_dpir_nominal,all,reconstruction_gradient,fbcnn_dpir_nominal__score__reconstruction_gradient,operational,0.5,40,6.899037190406304e-05,4.954665252763359e-05,9.459724222774061e-05,7.463147773675857e-06,4.81622250947922e-06,1.1087446196723828e-05,0.0,0.0,0.0,0.0,0.0,0.0,0.0,0.0,0.0
j50_b16_n2,fbcnn_dpir_nominal,all,reconstruction_gradient,fbcnn_dpir_nominal__score__reconstruction_gradient,operational,0.75,40,9.292158056961189e-05,6.961282371718554e-05,0.00012141677177499548,1.0373081620137038e-05,7.133078442174514e-06,1.446356621286597e-05,0.0,0.0,0.0,0.0,0.0,0.0,0.0,0.0,0.0
j50_b16_n2,fbcnn_dpir_nominal,all,reconstruction_gradient,fbcnn_dpir_nominal__score__reconstruction_gradient,operational,0.9,40,0.00011349169739720563,8.558363870804722e-05,0.00014640958825872576,1.2525931118556835e-05,8.714885938669453e-06,1.7107150129132688e-05,0.0,0.0,0.0,0.0,0.0,0.0,0.0,0.0,0.0
j50_b16_n2,fbcnn_dpir_nominal,all,reconstruction_gradient,fbcnn_dpir_nominal__score__reconstruction_gradient,operational,1.0,40,0.00013429425671932708,0.00010435147406254218,0.0001698069030535422,1.4494509337167315e-05,1.0405877880153316e-05,1.9344876418059833e-05,0.0,0.0,0.0,0.0,0.0,0.0,0.0,0.0,0.0
j50_b16_n2,fbcnn_dpir_nominal,all,trained_image_only_patcherrornet_ensemble,fbcnn_dpir_nominal__trained_image_only_patcherrornet_ensemble,operational,0.5,40,7.829905434821494e-05,5.742829459718231e-05,0.0001058610749733599,8.625464806020642e-06,5.633417483827037e-06,1.2618862002391679e-05,0.0,0.0,0.0,0.0,0.0,0.0,0.0,0.0,0.0
j50_b16_n2,fbcnn_dpir_nominal,all,trained_image_only_patcherrornet_ensemble,fbcnn_dpir_nominal__trained_image_only_patcherrornet_ensemble,operational,0.75,40,9.462763638707905e-05,7.131398147020178e-05,0.00012346310035618894,1.0472377909571638e-05,7.2698906890574806e-06,1.4524046562206507e-05,0.0,0.0,0.0,0.0,0.0,0.0,0.0,0.0,0.0
j50_b16_n2,fbcnn_dpir_nominal,all,trained_image_only_patcherrornet_ensemble,fbcnn_dpir_nominal__trained_image_only_patcherrornet_ensemble,operational,0.9,40,0.0001117682291315541,8.487915234793045e-05,0.00014356243067379607,1.2375259568882734e-05,8.694644731046381e-06,1.686836971656587e-05,0.0,0.0,0.0,0.0,0.0,0.0,0.0,0.0,0.0
j50_b16_n2,fbcnn_dpir_nominal,all,trained_image_only_patcherrornet_ensemble,fbcnn_dpir_nominal__trained_image_only_patcherrornet_ensemble,operational,1.0,40,0.00013429425671932708,0.00010435147406254218,0.0001698069030535422,1.4494509337167319e-05,1.0405877880153316e-05,1.9344876418059833e-05,0.0,0.0,0.0,0.0,0.0,0.0,0.0,0.0,0.0
j50_b16_n2,fbcnn_dpir_nominal,textured_quartile,expected_random,fbcnn_dpir_nominal__expected_random,evaluation_only,0.5,40,0.00027355965473237654,0.00020979707485475915,0.0003475493717249431,2.9483185696193335e-05,2.1132463304887026e-05,3.919079402710002e-05,0.0,0.0,0.0,0.0,0.0,0.0,0.0,0.0,0.0
j50_b16_n2,fbcnn_dpir_nominal,textured_quartile,expected_random,fbcnn_dpir_nominal__expected_random,evaluation_only,0.75,40,0.00027355965473237654,0.00020979707485475915,0.0003475493717249431,2.9483185696193335e-05,2.1132463304887026e-05,3.919079402710002e-05,0.0,0.0,0.0,0.0,0.0,0.0,0.0,0.0,0.0
j50_b16_n2,fbcnn_dpir_nominal,textured_quartile,expected_random,fbcnn_dpir_nominal__expected_random,evaluation_only,0.9,40,0.00027355965473237654,0.00020979707485475915,0.0003475493717249431,2.9483185696193335e-05,2.1132463304887026e-05,3.919079402710002e-05,0.0,0.0,0.0,0.0,0.0,0.0,0.0,0.0,0.0
j50_b16_n2,fbcnn_dpir_nominal,textured_quartile,expected_random,fbcnn_dpir_nominal__expected_random,evaluation_only,1.0,40,0.00027355965473237654,0.00020979707485475915,0.0003475493717249431,2.9483185696193335e-05,2.1132463304887026e-05,3.919079402710002e-05,0.0,0.0,0.0,0.0,0.0,0.0,0.0,0.0,0.0
j50_b16_n2,fbcnn_dpir_nominal,textured_quartile,image_transform_spread_detail,fbcnn_dpir_nominal__score__image_transform_spread_detail,operational,0.5,40,0.00020599473741025166,0.0001531081929719113,0.00026859298916072523,2.2125256891041048e-05,1.5013647429018752e-05,3.043497562366303e-05,0.0,0.0,0.0,0.0,0.0,0.0,0.0,0.0,0.0
j50_b16_n2,fbcnn_dpir_nominal,textured_quartile,image_transform_spread_detail,fbcnn_dpir_nominal__score__image_transform_spread_detail,operational,0.75,40,0.0002333763265905441,0.00017533053899458772,0.0003024987607496494,2.4824831042397673e-05,1.7262784678462914e-05,3.372630163217898e-05,0.0,0.0,0.0,0.0,0.0,0.0,0.0,0.0,0.0
j50_b16_n2,fbcnn_dpir_nominal,textured_quartile,image_transform_spread_detail,fbcnn_dpir_nominal__score__image_transform_spread_detail,operational,0.9,40,0.00025583579682351336,0.00019350438525555093,0.00032854404720366367,2.730647513326937e-05,1.9236223404850422e-05,3.67976279925271e-05,0.0,0.0,0.0,0.0,0.0,0.0,0.0,0.0,0.0
j50_b16_n2,fbcnn_dpir_nominal,textured_quartile,image_transform_spread_detail,fbcnn_dpir_nominal__score__image_transform_spread_detail,operational,1.0,40,0.00027355965473237654,0.00020979707485475915,0.0003475493717249431,2.9483185696193335e-05,2.1132463304887026e-05,3.9190794027100034e-05,0.0,0.0,0.0,0.0,0.0,0.0,0.0,0.0,0.0
j50_b16_n2,fbcnn_dpir_nominal,textured_quartile,operator_spread_detail,fbcnn_dpir_nominal__score__operator_spread_detail,operational,0.5,40,0.00019620877280447942,0.00014713675410487245,0.0002539165318299,2.0672473723567265e-05,1.403987316108998e-05,2.8446533426571267e-05,0.0,0.0,0.0,0.0,0.0,0.0,0.0,0.0,0.0
j50_b16_n2,fbcnn_dpir_nominal,textured_quartile,operator_spread_detail,fbcnn_dpir_nominal__score__operator_spread_detail,operational,0.75,40,0.0002257142792739094,0.0001703781485585317,0.0002912867635026767,2.4078021671083712e-05,1.670225838410681e-05,3.279660450080404e-05,0.0,0.0,0.0,0.0,0.0,0.0,0.0,0.0,0.0
j50_b16_n2,fbcnn_dpir_nominal,textured_quartile,operator_spread_detail,fbcnn_dpir_nominal__score__operator_spread_detail,operational,0.9,40,0.0002507101473389936,0.00019014471082000038,0.0003209257968387629,2.6641140470509842e-05,1.8742788129904693e-05,3.590181049542026e-05,0.0,0.0,0.0,0.0,0.0,0.0,0.0,0.0,0.0
j50_b16_n2,fbcnn_dpir_nominal,textured_quartile,operator_spread_detail,fbcnn_dpir_nominal__score__operator_spread_detail,operational,1.0,40,0.00027355965473237654,0.00020979707485475915,0.00034754937172494315,2.9483185696193335e-05,2.1132463304887026e-05,3.9190794027100034e-05,0.0,0.0,0.0,0.0,0.0,0.0,0.0,0.0,0.0
j50_b16_n2,fbcnn_dpir_nominal,textured_quartile,operator_spread_rgb,fbcnn_dpir_nominal__score__operator_spread_rgb,operational,0.5,40,0.00019612907309283023,0.0001466949798463693,0.00025485892953651287,2.1711866340157767e-05,1.468922112825326e-05,2.990043377095968e-05,0.0,0.0,0.0,0.0,0.0,0.0,0.0,0.0,0.0
j50_b16_n2,fbcnn_dpir_nominal,textured_quartile,operator_spread_rgb,fbcnn_dpir_nominal__score__operator_spread_rgb,operational,0.75,40,0.00022326176354060633,0.00016835611119829697,0.00028803302198194424,2.444017068736002e-05,1.7000433046812724e-05,3.3196811476679945e-05,0.0,0.0,0.0,0.0,0.0,0.0,0.0,0.0,0.0
j50_b16_n2,fbcnn_dpir_nominal,textured_quartile,operator_spread_rgb,fbcnn_dpir_nominal__score__operator_spread_rgb,operational,0.9,40,0.00024737707159083137,0.0001875442390278185,0.0003168965541843794,2.6737952903929376e-05,1.8852899789137955e-05,3.603764151865342e-05,0.0,0.0,0.0,0.0,0.0,0.0,0.0,0.0,0.0
j50_b16_n2,fbcnn_dpir_nominal,textured_quartile,operator_spread_rgb,fbcnn_dpir_nominal__score__operator_spread_rgb,operational,1.0,40,0.00027355965473237654,0.00020979707485475915,0.0003475493717249431,2.9483185696193335e-05,2.1132463304887026e-05,3.9190794027100034e-05,0.0,0.0,0.0,0.0,0.0,0.0,0.0,0.0,0.0
j50_b16_n2,fbcnn_dpir_nominal,textured_quartile,oracle_detail_error,fbcnn_dpir_nominal__oracle_detail_error,evaluation_only,0.5,40,0.00018069322907721653,0.0001338150950057996,0.00023597152232553693,1.640485986010628e-05,1.1147845285562162e-05,2.2752907778482645e-05,0.0,0.0,0.0,0.0,0.0,0.0,0.0,0.0,0.0
j50_b16_n2,fbcnn_dpir_nominal,textured_quartile,oracle_detail_error,fbcnn_dpir_nominal__oracle_detail_error,evaluation_only,0.75,40,0.00021772709675376895,0.00016317821510087273,0.00028190189169152784,2.1244427552033723e-05,1.4674110913401114e-05,2.9060613790809126e-05,0.0,0.0,0.0,0.0,0.0,0.0,0.0,0.0,0.0
j50_b16_n2,fbcnn_dpir_nominal,textured_quartile,oracle_detail_error,fbcnn_dpir_nominal__oracle_detail_error,evaluation_only,0.9,40,0.0002472416806427559,0.00018657795195334772,0.00031759450871561345,2.5148542914278774e-05,1.7679936926497287e-05,3.395754851330269e-05,0.0,0.0,0.0,0.0,0.0,0.0,0.0,0.0,0.0
j50_b16_n2,fbcnn_dpir_nominal,textured_quartile,oracle_detail_error,fbcnn_dpir_nominal__oracle_detail_error,evaluation_only,1.0,40,0.00027355965473237654,0.00020979707485475915,0.0003475493717249431,2.9483185696193335e-05,2.1132463304887026e-05,3.919079402710002e-05,0.0,0.0,0.0,0.0,0.0,0.0,0.0,0.0,0.0
j50_b16_n2,fbcnn_dpir_nominal,textured_quartile,original_measurement_residual,fbcnn_dpir_nominal__score__original_measurement_residual,operational,0.5,40,0.00022709274008998487,0.0001697857655664447,0.00029471923330322297,2.5021926961769882e-05,1.7144887469943302e-05,3.4310441902762126e-05,0.0,0.0,0.0,0.0,0.0,0.0,0.0,0.0,0.0
j50_b16_n2,fbcnn_dpir_nominal,textured_quartile,original_measurement_residual,fbcnn_dpir_nominal__score__original_measurement_residual,operational,0.75,40,0.00024398670656680823,0.00018555467856158262,0.00031244188942038955,2.6115945499772165e-05,1.847505217712063e-05,3.5114685556708146e-05,0.0,0.0,0.0,0.0,0.0,0.0,0.0,0.0,0.0
j50_b16_n2,fbcnn_dpir_nominal,textured_quartile,original_measurement_residual,fbcnn_dpir_nominal__score__original_measurement_residual,operational,0.9,40,0.0002606450214436772,0.0001987842574911888,0.00033260567664873946,2.7919266275996554e-05,1.9889851602289425e-05,3.7337651068199616e-05,0.0,0.0,0.0,0.0,0.0,0.0,0.0,0.0,0.0
j50_b16_n2,fbcnn_dpir_nominal,textured_quartile,original_measurement_residual,fbcnn_dpir_nominal__score__original_measurement_residual,operational,1.0,40,0.00027355965473237654,0.00020979707485475915,0.00034754937172494315,2.9483185696193335e-05,2.1132463304887026e-05,3.9190794027100034e-05,0.0,0.0,0.0,0.0,0.0,0.0,0.0,0.0,0.0
j50_b16_n2,fbcnn_dpir_nominal,textured_quartile,reconstruction_gradient,fbcnn_dpir_nominal__score__reconstruction_gradient,operational,0.5,40,0.00023735383080537194,0.00017264442731578525,0.0003140888918830401,2.7690668197048817e-05,1.8347592601967686e-05,3.900540233091754e-05,0.0,0.0,0.0,0.0,0.0,0.0,0.0,0.0,0.0
j50_b16_n2,fbcnn_dpir_nominal,textured_quartile,reconstruction_gradient,fbcnn_dpir_nominal__score__reconstruction_gradient,operational,0.75,40,0.0002465243331789844,0.00018201116014789564,0.0003223948047247002,2.7495053862149668e-05,1.886748946102837e-05,3.787988801552769e-05,0.0,0.0,0.0,0.0,0.0,0.0,0.0,0.0,0.0
j50_b16_n2,fbcnn_dpir_nominal,textured_quartile,reconstruction_gradient,fbcnn_dpir_nominal__score__reconstruction_gradient,operational,0.9,40,0.0002576573485167568,0.0001940188376669917,0.00033232665612923333,2.814089794752442e-05,1.9789379831090337e-05,3.8004983776322325e-05,0.0,0.0,0.0,0.0,0.0,0.0,0.0,0.0,0.0
j50_b16_n2,fbcnn_dpir_nominal,textured_quartile,reconstruction_gradient,fbcnn_dpir_nominal__score__reconstruction_gradient,operational,1.0,40,0.00027355965473237654,0.00020979707485475915,0.0003475493717249431,2.9483185696193335e-05,2.1132463304887026e-05,3.919079402710002e-05,0.0,0.0,0.0,0.0,0.0,0.0,0.0,0.0,0.0
j50_b16_n2,fbcnn_dpir_nominal,textured_quartile,trained_image_only_patcherrornet_ensemble,fbcnn_dpir_nominal__trained_image_only_patcherrornet_ensemble,operational,0.5,40,0.00021999759826148998,0.00016529366118652077,0.00028553298022351506,2.5718853704190694e-05,1.772306369938477e-05,3.5285317897741915e-05,0.0,0.0,0.0,0.0,0.0,0.0,0.0,0.0,0.0
j50_b16_n2,fbcnn_dpir_nominal,textured_quartile,trained_image_only_patcherrornet_ensemble,fbcnn_dpir_nominal__trained_image_only_patcherrornet_ensemble,operational,0.75,40,0.00023578129200667205,0.0001784608558626167,0.0003037301682874836,2.6692315080722534e-05,1.8700700534155313e-05,3.6237955909068845e-05,0.0,0.0,0.0,0.0,0.0,0.0,0.0,0.0,0.0
j50_b16_n2,fbcnn_dpir_nominal,textured_quartile,trained_image_only_patcherrornet_ensemble,fbcnn_dpir_nominal__trained_image_only_patcherrornet_ensemble,operational,0.9,40,0.00025339612991053857,0.00019258437110589657,0.00032389634955024097,2.7959309873347496e-05,1.9764022921270858e-05,3.764134825006708e-05,0.0,0.0,0.0,0.0,0.0,0.0,0.0,0.0,0.0
j50_b16_n2,fbcnn_dpir_nominal,textured_quartile,trained_image_only_patcherrornet_ensemble,fbcnn_dpir_nominal__trained_image_only_patcherrornet_ensemble,operational,1.0,40,0.00027355965473237654,0.00020979707485475915,0.0003475493717249431,2.9483185696193335e-05,2.1132463304887026e-05,3.9190794027100034e-05,0.0,0.0,0.0,0.0,0.0,0.0,0.0,0.0,0.0
j75_b12_n2,dpir_nominal,all,expected_random,dpir_nominal__expected_random,evaluation_only,0.5,40,0.00023803954909625702,0.00017479556250631615,0.00031538550209079836,0.00017619354899722818,0.00011971753042285514,0.0002441809084028257,0.059521484375,0.0397216796875,0.08308166503906249,0.0208251953125,0.0124017333984375,0.030933227539062493,0.000732421875,0.0001220703125,0.0015869140625
j75_b12_n2,dpir_nominal,all,expected_random,dpir_nominal__expected_random,evaluation_only,0.75,40,0.00023803954909625702,0.00017479556250631615,0.00031538550209079836,0.00017619354899722818,0.00011971753042285514,0.0002441809084028257,0.059521484375,0.0397216796875,0.08308166503906249,0.0208251953125,0.0124017333984375,0.030933227539062493,0.000732421875,0.0001220703125,0.0015869140625
j75_b12_n2,dpir_nominal,all,expected_random,dpir_nominal__expected_random,evaluation_only,0.9,40,0.00023803954909625702,0.00017479556250631615,0.00031538550209079836,0.00017619354899722818,0.00011971753042285514,0.0002441809084028257,0.059521484375,0.0397216796875,0.08308166503906249,0.0208251953125,0.0124017333984375,0.030933227539062493,0.000732421875,0.0001220703125,0.0015869140625
j75_b12_n2,dpir_nominal,all,expected_random,dpir_nominal__expected_random,evaluation_only,1.0,40,0.00023803954909625702,0.00017479556250631615,0.00031538550209079836,0.00017619354899722818,0.00011971753042285514,0.0002441809084028257,0.059521484375,0.0397216796875,0.08308166503906249,0.0208251953125,0.0124017333984375,0.030933227539062493,0.000732421875,0.0001220703125,0.0015869140625
j75_b12_n2,dpir_nominal,all,image_transform_spread_detail,dpir_nominal__score__image_transform_spread_detail,operational,0.5,40,3.941781853068363e-05,2.9356835034554386e-05,5.187400031676671e-05,9.99795068581336e-06,5.700514659092581e-06,1.5985808334017662e-05,0.00068359375,4.8828125e-05,0.00185546875,4.8828125e-05,0.0,0.000146484375,0.0,0.0,0.0
j75_b12_n2,dpir_nominal,all,image_transform_spread_detail,dpir_nominal__score__image_transform_spread_detail,operational,0.75,40,6.828671530504053e-05,4.586252127887999e-05,0.00010031629417261565,2.880472028780557e-05,1.2482425108763726e-05,5.3744923239115135e-05,0.00768229166666666,0.0007161458333333275,0.018946126302083314,0.0016927083333333301,0.0,0.004427083333333325,0.0,0.0,0.0
j75_b12_n2,dpir_nominal,all,image_transform_spread_detail,dpir_nominal__score__image_transform_spread_detail,operational,0.9,40,0.00012268185858306313,7.793487860807387e-05,0.00018281920385666736,7.36470788681117e-05,3.590094212298935e-05,0.0001253238936006235,0.023345986984815593,0.009490238611713641,0.04192109544468543,0.006507592190889355,0.0015997830802602902,0.01309720715835138,0.00021691973969631,0.0,0.0006236442516268925
j75_b12_n2,dpir_nominal,all,image_transform_spread_detail,dpir_nominal__score__image_transform_spread_detail,operational,1.0,40,0.00023803954909625702,0.00017479556250631615,0.00031538550209079836,0.00017619354899722818,0.00011971753042285514,0.0002441809084028257,0.059521484375,0.0397216796875,0.08308166503906249,0.0208251953125,0.0124017333984375,0.030933227539062493,0.000732421875,0.0001220703125,0.0015869140625
j75_b12_n2,dpir_nominal,all,operator_spread_detail,dpir_nominal__score__operator_spread_detail,operational,0.5,40,3.7598193106947027e-05,2.8632719203958496e-05,4.842545385217053e-05,8.617791768240114e-06,5.3567926332110865e-06,1.2813109132222005e-05,0.0,0.0,0.0,0.0,0.0,0.0,0.0,0.0,0.0
j75_b12_n2,dpir_nominal,all,operator_spread_detail,dpir_nominal__score__operator_spread_detail,operational,0.75,40,5.921264525793042e-05,4.2821395228483264e-05,8.170911145665472e-05,2.0600502022099648e-05,1.0712324480180043e-05,3.581637059940797e-05,0.00423177083333333,3.25520833333325e-05,0.012141927083333327,3.25520833333325e-05,0.0,9.765624999999751e-05,0.0,0.0,0.0
j75_b12_n2,dpir_nominal,all,operator_spread_detail,dpir_nominal__score__operator_spread_detail,operational,0.9,40,9.674673750672238e-05,6.56812142673769e-05,0.00013971661805952827,4.956398792885601e-05,2.5570280454664677e-05,8.399192187679481e-05,0.01773318872017352,0.0052874186550976015,0.035575515184381755,0.0017082429501084572,0.0,0.004473969631236438,0.0,0.0,0.0
j75_b12_n2,dpir_nominal,all,operator_spread_detail,dpir_nominal__score__operator_spread_detail,operational,1.0,40,0.00023803954909625702,0.00017479556250631615,0.00031538550209079836,0.00017619354899722818,0.00011971753042285514,0.0002441809084028257,0.059521484375,0.0397216796875,0.08308166503906249,0.0208251953125,0.0124017333984375,0.030933227539062493,0.000732421875,0.0001220703125,0.0015869140625
j75_b12_n2,dpir_nominal,all,operator_spread_rgb,dpir_nominal__score__operator_spread_rgb,operational,0.5,40,3.7301819984710734e-05,2.8342487729795096e-05,4.818417599698224e-05,8.847383843939806e-06,5.4614070183475e-06,1.3241324857096118e-05,0.0,0.0,0.0,0.0,0.0,0.0,0.0,0.0,0.0
j75_b12_n2,dpir_nominal,all,operator_spread_rgb,dpir_nominal__score__operator_spread_rgb,operational,0.75,40,5.968439250980138e-05,4.29413280185402e-05,8.260782620160952e-05,2.164802012903437e-05,1.1256762224436331e-05,3.7351327749712524e-05,0.004752604166666662,0.00013020833333333,0.01315104166666666,6.5104166666665e-05,0.0,0.0001627604166666625,0.0,0.0,0.0
j75_b12_n2,dpir_nominal,all,operator_spread_rgb,dpir_nominal__score__operator_spread_rgb,operational,0.9,40,9.751347168298998e-05,6.62954760055787e-05,0.00014050863559821335,5.060473687254709e-05,2.641389331215333e-05,8.522085281152713e-05,0.018465292841648565,0.0060195227765726545,0.036388286334056365,0.0018438177874186498,2.7114967462037503e-05,0.004773590021691942,0.0,0.0,0.0
j75_b12_n2,dpir_nominal,all,operator_spread_rgb,dpir_nominal__score__operator_spread_rgb,operational,1.0,40,0.00023803954909625702,0.00017479556250631615,0.00031538550209079836,0.00017619354899722818,0.00011971753042285514,0.0002441809084028257,0.059521484375,0.0397216796875,0.08308166503906249,0.0208251953125,0.0124017333984375,0.030933227539062493,0.000732421875,0.0001220703125,0.0015869140625
j75_b12_n2,dpir_nominal,all,oracle_detail_error,dpir_nominal__oracle_detail_error,evaluation_only,0.5,40,3.6250971174579036e-05,2.761044874780229e-05,4.672224230038213e-05,7.944681206978479e-06,5.026756833443562e-06,1.1679997315442009e-05,0.0,0.0,0.0,0.0,0.0,0.0,0.0,0.0,0.0
j75_b12_n2,dpir_nominal,all,oracle_detail_error,dpir_nominal__oracle_detail_error,evaluation_only,0.75,40,5.726041543419851e-05,4.151061701884394e-05,7.873004006264871e-05,1.8957055240682778e-05,9.946337097477598e-06,3.300867832609543e-05,0.003743489583333332,0.0,0.011230468749999997,0.0,0.0,0.0,0.0,0.0,0.0
j75_b12_n2,dpir_nominal,all,oracle_detail_error,dpir_nominal__oracle_detail_error,evaluation_only,0.9,40,9.371152192958836e-05,6.360622266782176e-05,0.00013592420667330764,4.650958088095955e-05,2.3521148732044107e-05,8.021510333098502e-05,0.01586225596529283,0.0035520607375271102,0.0337581344902386,0.0013286334056399126,0.0,0.0038503253796095425,0.0,0.0,0.0
j75_b12_n2,dpir_nominal,all,oracle_detail_error,dpir_nominal__oracle_detail_error,evaluation_only,1.0,40,0.00023803954909625702,0.00017479556250631615,0.00031538550209079836,0.00017619354899722818,0.00011971753042285514,0.0002441809084028257,0.059521484375,0.0397216796875,0.08308166503906249,0.0208251953125,0.0124017333984375,0.030933227539062493,0.000732421875,0.0001220703125,0.0015869140625
j75_b12_n2,dpir_nominal,all,original_measurement_residual,dpir_nominal__score__original_measurement_residual,operational,0.5,40,7.83567147860834e-05,5.244355440266709e-05,0.00011123046923774464,4.496185175834805e-05,2.386869516466786e-05,7.257268803110974e-05,0.01630859375,0.006785888671875001,0.02880859375,0.003271484375,0.001171875,0.006298828125,4.8828125e-05,0.0,0.000146484375
j75_b12_n2,dpir_nominal,all,original_measurement_residual,dpir_nominal__score__original_measurement_residual,operational,0.75,40,0.000135777629783335,9.40350041714625e-05,0.00018817239131175526,9.231771099040456e-05,5.596597257368435e-05,0.0001385692169973802,0.03222656249999998,0.01806559244791665,0.04986979166666664,0.008463541666666644,0.004003906249999975,0.01432373046874997,0.0005859374999999976,3.25520833333325e-05,0.00133463541666666
j75_b12_n2,dpir_nominal,all,original_measurement_residual,dpir_nominal__score__original_measurement_residual,operational,0.9,40,0.00017746373411990825,0.00012755617693188673,0.00023853277848282254,0.0001258625503897149,8.265514659126757e-05,0.0001794541147700682,0.04414316702819954,0.027819956616052022,0.06420892082429498,0.012960954446854633,0.007375271149674592,0.019983731019522742,0.0006507592190889324,2.7114967462037503e-05,0.00154555314533622
j75_b12_n2,dpir_nominal,all,original_measurement_residual,dpir_nominal__score__original_measurement_residual,operational,1.0,40,0.00023803954909625702,0.00017479556250631615,0.00031538550209079836,0.00017619354899722818,0.00011971753042285514,0.0002441809084028257,0.059521484375,0.0397216796875,0.08308166503906249,0.0208251953125,0.0124017333984375,0.030933227539062493,0.000732421875,0.0001220703125,0.0015869140625
j75_b12_n2,dpir_nominal,all,reconstruction_gradient,dpir_nominal__score__reconstruction_gradient,operational,0.5,40,5.127697769984146e-05,3.527587883999489e-05,7.118969703343471e-05,2.127221970349699e-05,1.0136571160918084e-05,3.56340956142442e-05,0.0072265625,0.001708984375,0.01435546875,0.000146484375,0.0,0.000341796875,0.0,0.0,0.0
j75_b12_n2,dpir_nominal,all,reconstruction_gradient,dpir_nominal__score__reconstruction_gradient,operational,0.75,40,8.875355241695464e-05,5.975469199326039e-05,0.00012688255376677553,4.853110218997708e-05,2.5294518865797355e-05,7.934269409006635e-05,0.018587239583333314,0.007584635416666649,0.03382161458333332,0.0024088541666666603,0.00045572916666666,0.005110677083333327,3.25520833333325e-05,0.0,9.765624999999751e-05
j75_b12_n2,dpir_nominal,all,reconstruction_gradient,dpir_nominal__score__reconstruction_gradient,operational,0.9,40,0.00013747012118850907,9.205115598841171e-05,0.0001957362731537291,8.80980090737393e-05,4.998372049213346e-05,0.00013822790604112745,0.033839479392624695,0.018003660520607336,0.054040130151843765,0.007619305856832947,0.0027386117136659173,0.014019116052060708,0.00016268980477223248,0.0,0.0004880694143166974
j75_b12_n2,dpir_nominal,all,reconstruction_gradient,dpir_nominal__score__reconstruction_gradient,operational,1.0,40,0.00023803954909625702,0.00017479556250631615,0.00031538550209079836,0.00017619354899722818,0.00011971753042285514,0.0002441809084028257,0.059521484375,0.0397216796875,0.08308166503906249,0.0208251953125,0.0124017333984375,0.030933227539062493,0.000732421875,0.0001220703125,0.0015869140625
j75_b12_n2,dpir_nominal,textured_quartile,expected_random,dpir_nominal__expected_random,evaluation_only,0.5,40,0.000660655129439031,0.00047525128236933526,0.0008732940135485055,0.0005354697871491004,0.00036841346611909726,0.0007279157126199105,0.171875,0.12187255859375,0.22646484375,0.07236328125,0.04462890625,0.1048828125,0.00283203125,0.00048828125,0.00615234375
j75_b12_n2,dpir_nominal,textured_quartile,expected_random,dpir_nominal__expected_random,evaluation_only,0.75,40,0.000660655129439031,0.00047525128236933526,0.0008732940135485055,0.0005354697871491004,0.00036841346611909726,0.0007279157126199105,0.171875,0.12187255859375,0.22646484375,0.07236328125,0.04462890625,0.1048828125,0.00283203125,0.00048828125,0.00615234375
j75_b12_n2,dpir_nominal,textured_quartile,expected_random,dpir_nominal__expected_random,evaluation_only,0.9,40,0.000660655129439031,0.00047525128236933526,0.0008732940135485055,0.0005354697871491004,0.00036841346611909726,0.0007279157126199105,0.171875,0.12187255859375,0.22646484375,0.07236328125,0.04462890625,0.1048828125,0.00283203125,0.00048828125,0.00615234375
j75_b12_n2,dpir_nominal,textured_quartile,expected_random,dpir_nominal__expected_random,evaluation_only,1.0,40,0.000660655129439031,0.00047525128236933526,0.0008732940135485055,0.0005354697871491004,0.00036841346611909726,0.0007279157126199105,0.171875,0.12187255859375,0.22646484375,0.07236328125,0.04462890625,0.1048828125,0.00283203125,0.00048828125,0.00615234375
j75_b12_n2,dpir_nominal,textured_quartile,image_transform_spread_detail,dpir_nominal__score__image_transform_spread_detail,operational,0.5,40,0.00018383920233924745,0.00010986151963363577,0.00028627365947264086,0.00010383115056246702,4.287464999649123e-05,0.00019008467850907207,0.0275390625,0.00546875,0.0591796875,0.010546875,0.001171875,0.0248046875,0.0001953125,0.0,0.0005859375
j75_b12_n2,dpir_nominal,textured_quartile,image_transform_spread_detail,dpir_nominal__score__image_transform_spread_detail,operational,0.75,40,0.0003555335278443663,0.00020500258282961291,0.0005399474699803143,0.0002575948211241479,0.0001246441234561733,0.0004210542897397491,0.07799479166666665,0.03932291666666665,0.12357096354166663,0.031770833333333325,0.009632161458333326,0.05950520833333332,0.0010416666666666651,0.0,0.0029947916666666625
j75_b12_n2,dpir_nominal,textured_quartile,image_transform_spread_detail,dpir_nominal__score__image_transform_spread_detail,operational,0.9,40,0.0005109942255028891,0.000333989071984029,0.0007224240517842121,0.00039838336082957004,0.0002393653967736396,0.0005880589227527581,0.12456709956709955,0.07683982683982682,0.1776001082251082,0.05270562770562768,0.026082251082251068,0.08419913419913418,0.0019480519480519424,0.0003246753246753225,0.004220779220779214
j75_b12_n2,dpir_nominal,textured_quartile,image_transform_spread_detail,dpir_nominal__score__image_transform_spread_detail,operational,1.0,40,0.000660655129439031,0.00047525128236933526,0.0008732940135485055,0.0005354697871491004,0.00036841346611909726,0.0007279157126199105,0.171875,0.12187255859375,0.22646484375,0.07236328125,0.04462890625,0.1048828125,0.00283203125,0.00048828125,0.00615234375
j75_b12_n2,dpir_nominal,textured_quartile,operator_spread_detail,dpir_nominal__score__operator_spread_detail,operational,0.5,40,0.00013841135118543464,9.443073352479668e-05,0.00019878211309744652,6.224058614556642e-05,3.1203346039360875e-05,0.00010774875786498945,0.01640625,0.0001953125,0.0419921875,0.00078125,0.0,0.00234375,0.0,0.0,0.0
j75_b12_n2,dpir_nominal,textured_quartile,operator_spread_detail,dpir_nominal__score__operator_spread_detail,operational,0.75,40,0.00024642407258147487,0.00015538304557952842,0.0003629511955304364,0.00015538178227084734,7.845139117531257e-05,0.00025459761919283233,0.06080729166666665,0.025520833333333316,0.10442708333333331,0.012760416666666663,0.0007812499999999999,0.029557291666666662,0.0,0.0,0.0
j75_b12_n2,dpir_nominal,textured_quartile,operator_spread_detail,dpir_nominal__score__operator_spread_detail,operational,0.9,40,0.00039683584410538585,0.00025899700806446377,0.0005618289280171735,0.0002910759021759263,0.00016964644810764387,0.00043516351995124733,0.11536796536796534,0.06850649350649349,0.16774891774891773,0.03333333333333331,0.011363636363636345,0.06093073593073591,0.0,0.0,0.0
j75_b12_n2,dpir_nominal,textured_quartile,operator_spread_detail,dpir_nominal__score__operator_spread_detail,operational,1.0,40,0.000660655129439031,0.00047525128236933526,0.0008732940135485055,0.0005354697871491004,0.00036841346611909726,0.0007279157126199105,0.171875,0.12187255859375,0.22646484375,0.07236328125,0.04462890625,0.1048828125,0.00283203125,0.00048828125,0.00615234375
j75_b12_n2,dpir_nominal,textured_quartile,operator_spread_rgb,dpir_nominal__score__operator_spread_rgb,operational,0.5,40,0.0001392105917329917,9.432940651072566e-05,0.00020029291624564007,6.45213349040223e-05,3.2689428783173476e-05,0.00011040567886334133,0.01796875,0.00078125,0.043359375,0.0009765625,0.0,0.0029296875,0.0,0.0,0.0
j75_b12_n2,dpir_nominal,textured_quartile,operator_spread_rgb,dpir_nominal__score__operator_spread_rgb,operational,0.75,40,0.00024694734708709547,0.00015538427371852487,0.0003639444499658153,0.00015697563604376077,7.958448355067342e-05,0.0002561105282474138,0.061067708333333325,0.025781249999999988,0.10468749999999998,0.012890624999999998,0.0007812499999999999,0.0296875,0.0,0.0,0.0
j75_b12_n2,dpir_nominal,textured_quartile,operator_spread_rgb,dpir_nominal__score__operator_spread_rgb,operational,0.9,40,0.0003981942027943988,0.00026031555542602397,0.0005634008648116973,0.0002929094377040296,0.00017083286675685845,0.00043729158210622333,0.11590909090909089,0.06915584415584412,0.16818452380952376,0.03365800865800864,0.011580086580086572,0.06114989177489172,0.0,0.0,0.0
j75_b12_n2,dpir_nominal,textured_quartile,operator_spread_rgb,dpir_nominal__score__operator_spread_rgb,operational,1.0,40,0.000660655129439031,0.00047525128236933526,0.0008732940135485055,0.0005354697871491004,0.00036841346611909726,0.0007279157126199105,0.171875,0.12187255859375,0.22646484375,0.07236328125,0.04462890625,0.1048828125,0.00283203125,0.00048828125,0.00615234375
j75_b12_n2,dpir_nominal,textured_quartile,oracle_detail_error,dpir_nominal__oracle_detail_error,evaluation_only,0.5,40,0.00013126375664039417,8.982477091759209e-05,0.0001879390594698161,5.686744145345645e-05,2.8564552206207138e-05,9.829677386635069e-05,0.0158203125,0.0,0.0416015625,0.0,0.0,0.0,0.0,0.0,0.0
j75_b12_n2,dpir_nominal,textured_quartile,oracle_detail_error,dpir_nominal__oracle_detail_error,evaluation_only,0.75,40,0.0002352820358485374,0.0001472089751258219,0.0003484557263438449,0.00014491565027338946,7.142161124493307e-05,0.00024048400056759565,0.05403645833333333,0.018486328124999996,0.09805013020833328,0.011197916666666663,0.0,0.027734374999999995,0.0,0.0,0.0
j75_b12_n2,dpir_nominal,textured_quartile,oracle_detail_error,dpir_nominal__oracle_detail_error,evaluation_only,0.9,40,0.00038521417072673715,0.00025034296344752827,0.0005472727005363837,0.00027941571947410733,0.00016124340112306563,0.00042042737526378534,0.11471861471861469,0.06774891774891773,0.16731601731601728,0.0304112554112554,0.008333333333333328,0.05779491341991337,0.0,0.0,0.0
j75_b12_n2,dpir_nominal,textured_quartile,oracle_detail_error,dpir_nominal__oracle_detail_error,evaluation_only,1.0,40,0.000660655129439031,0.00047525128236933526,0.0008732940135485055,0.0005354697871491004,0.00036841346611909726,0.0007279157126199105,0.171875,0.12187255859375,0.22646484375,0.07236328125,0.04462890625,0.1048828125,0.00283203125,0.00048828125,0.00615234375
j75_b12_n2,dpir_nominal,textured_quartile,original_measurement_residual,dpir_nominal__score__original_measurement_residual,operational,0.5,40,0.0005443833974939061,0.00036080392618996715,0.0007683115868497608,0.00044491396459551003,0.0002758432155361302,0.0006540407486868476,0.1427734375,0.09589355468750001,0.1955078125,0.0541015625,0.0302734375,0.08301269531249993,0.0044921875,0.0001953125,0.0107421875
j75_b12_n2,dpir_nominal,textured_quartile,original_measurement_residual,dpir_nominal__score__original_measurement_residual,operational,0.75,40,0.0005653156775209971,0.00039513686507597616,0.000762862783767666,0.00045801741849003626,0.0003026962518259361,0.0006390031082139322,0.14908854166666663,0.10299479166666665,0.19922200520833325,0.05911458333333332,0.03541341145833331,0.08697916666666665,0.0031249999999999976,0.0001302083333333325,0.0074218749999999944
j75_b12_n2,dpir_nominal,textured_quartile,original_measurement_residual,dpir_nominal__score__original_measurement_residual,operational,0.9,40,0.000593385592135041,0.00042317265031846627,0.0007900039695994781,0.00047888739922070223,0.00032370288536756744,0.0006568520937327967,0.15779220779220776,0.11071428571428568,0.20920183982683976,0.06352813852813849,0.03820075757575753,0.09329004329004326,0.002597402597402592,0.0001082251082251075,0.0061688311688311605
j75_b12_n2,dpir_nominal,textured_quartile,original_measurement_residual,dpir_nominal__score__original_measurement_residual,operational,1.0,40,0.000660655129439031,0.00047525128236933526,0.0008732940135485055,0.0005354697871491004,0.00036841346611909726,0.0007279157126199105,0.171875,0.12187255859375,0.22646484375,0.07236328125,0.04462890625,0.1048828125,0.00283203125,0.00048828125,0.00615234375
j75_b12_n2,dpir_nominal,textured_quartile,reconstruction_gradient,dpir_nominal__score__reconstruction_gradient,operational,0.5,40,0.00030112997385917724,0.00019028790580644353,0.00044070726806442253,0.00021266138781085155,0.00011756109369189808,0.000333661656659152,0.0802734375,0.044916992187500004,0.123046875,0.0228515625,0.007421875,0.042578125,0.000390625,0.0,0.001171875
j75_b12_n2,dpir_nominal,textured_quartile,reconstruction_gradient,dpir_nominal__score__reconstruction_gradient,operational,0.75,40,0.0004075728815653077,0.00026130280697201193,0.0005871403188245696,0.0003073567720765774,0.000177105639202957,0.00046716784971840696,0.1126302083333333,0.06901041666666666,0.16315429687499994,0.03684895833333331,0.015755208333333312,0.06315104166666666,0.0010416666666666651,0.0,0.0029947916666666625
j75_b12_n2,dpir_nominal,textured_quartile,reconstruction_gradient,dpir_nominal__score__reconstruction_gradient,operational,0.9,40,0.0005139895207823408,0.00034999264327304115,0.0007108797879532134,0.0004026532473194727,0.0002557406120657145,0.0005794361895180844,0.14220779220779217,0.094047619047619,0.19588744588744586,0.052922077922077884,0.027922077922077893,0.08311688311688309,0.0008658008658008649,0.0,0.0024891774891774875
j75_b12_n2,dpir_nominal,textured_quartile,reconstruction_gradient,dpir_nominal__score__reconstruction_gradient,operational,1.0,40,0.000660655129439031,0.00047525128236933526,0.0008732940135485055,0.0005354697871491004,0.00036841346611909726,0.0007279157126199105,0.171875,0.12187255859375,0.22646484375,0.07236328125,0.04462890625,0.1048828125,0.00283203125,0.00048828125,0.00615234375
j75_b12_n2,fbcnn_dpir_nominal,all,expected_random,fbcnn_dpir_nominal__expected_random,evaluation_only,0.5,40,4.7208280848582176e-05,3.865488949931977e-05,5.679079188296741e-05,8.332917226891245e-06,6.381573891439461e-06,1.0553636232583889e-05,0.0,0.0,0.0,0.0,0.0,0.0,0.0,0.0,0.0
j75_b12_n2,fbcnn_dpir_nominal,all,expected_random,fbcnn_dpir_nominal__expected_random,evaluation_only,0.75,40,4.7208280848582176e-05,3.865488949931977e-05,5.679079188296741e-05,8.332917226891245e-06,6.381573891439461e-06,1.0553636232583889e-05,0.0,0.0,0.0,0.0,0.0,0.0,0.0,0.0,0.0
j75_b12_n2,fbcnn_dpir_nominal,all,expected_random,fbcnn_dpir_nominal__expected_random,evaluation_only,0.9,40,4.7208280848582176e-05,3.865488949931977e-05,5.679079188296741e-05,8.332917226891245e-06,6.381573891439461e-06,1.0553636232583889e-05,0.0,0.0,0.0,0.0,0.0,0.0,0.0,0.0,0.0
j75_b12_n2,fbcnn_dpir_nominal,all,expected_random,fbcnn_dpir_nominal__expected_random,evaluation_only,1.0,40,4.7208280848582176e-05,3.865488949931977e-05,5.679079188296741e-05,8.332917226891245e-06,6.381573891439461e-06,1.0553636232583889e-05,0.0,0.0,0.0,0.0,0.0,0.0,0.0,0.0,0.0
j75_b12_n2,fbcnn_dpir_nominal,all,image_transform_spread_detail,fbcnn_dpir_nominal__score__image_transform_spread_detail,operational,0.5,40,2.6757030005415787e-05,2.1107188715649434e-05,3.344746997608729e-05,4.054780368654411e-06,2.992424697273523e-06,5.392147835000578e-06,0.0,0.0,0.0,0.0,0.0,0.0,0.0,0.0,0.0
j75_b12_n2,fbcnn_dpir_nominal,all,image_transform_spread_detail,fbcnn_dpir_nominal__score__image_transform_spread_detail,operational,0.75,40,3.40002283434478e-05,2.7501805572010675e-05,4.142228115196277e-05,5.4367162567043245e-06,4.0976899193226706e-06,7.033345091708611e-06,0.0,0.0,0.0,0.0,0.0,0.0,0.0,0.0,0.0
j75_b12_n2,fbcnn_dpir_nominal,all,image_transform_spread_detail,fbcnn_dpir_nominal__score__image_transform_spread_detail,operational,0.9,40,4.033063693823854e-05,3.2734035115289374e-05,4.878251131859064e-05,6.729165197912253e-06,5.089434434893149e-06,8.629646885861654e-06,0.0,0.0,0.0,0.0,0.0,0.0,0.0,0.0,0.0
j75_b12_n2,fbcnn_dpir_nominal,all,image_transform_spread_detail,fbcnn_dpir_nominal__score__image_transform_spread_detail,operational,1.0,40,4.7208280848582176e-05,3.8654889499319774e-05,5.679079188296741e-05,8.332917226891245e-06,6.381573891439461e-06,1.0553636232583887e-05,0.0,0.0,0.0,0.0,0.0,0.0,0.0,0.0,0.0
j75_b12_n2,fbcnn_dpir_nominal,all,operator_spread_detail,fbcnn_dpir_nominal__score__operator_spread_detail,operational,0.5,40,2.6624527168872613e-05,2.0974900957296896e-05,3.341045029972436e-05,4.011762900085776e-06,2.949653942725315e-06,5.384010314672077e-06,0.0,0.0,0.0,0.0,0.0,0.0,0.0,0.0,0.0
j75_b12_n2,fbcnn_dpir_nominal,all,operator_spread_detail,fbcnn_dpir_nominal__score__operator_spread_detail,operational,0.75,40,3.3754431433353645e-05,2.7215973098197374e-05,4.1282463551511184e-05,5.360967634655782e-06,4.023423323847239e-06,6.978888285408134e-06,0.0,0.0,0.0,0.0,0.0,0.0,0.0,0.0,0.0
j75_b12_n2,fbcnn_dpir_nominal,all,operator_spread_detail,fbcnn_dpir_nominal__score__operator_spread_detail,operational,0.9,40,4.022271223810697e-05,3.256211915134561e-05,4.879651358985745e-05,6.736453841607473e-06,5.065552796102041e-06,8.66886182157752e-06,0.0,0.0,0.0,0.0,0.0,0.0,0.0,0.0,0.0
j75_b12_n2,fbcnn_dpir_nominal,all,operator_spread_detail,fbcnn_dpir_nominal__score__operator_spread_detail,operational,1.0,40,4.7208280848582176e-05,3.865488949931977e-05,5.679079188296741e-05,8.332917226891245e-06,6.381573891439461e-06,1.0553636232583889e-05,0.0,0.0,0.0,0.0,0.0,0.0,0.0,0.0,0.0
j75_b12_n2,fbcnn_dpir_nominal,all,operator_spread_rgb,fbcnn_dpir_nominal__score__operator_spread_rgb,operational,0.5,40,2.6591403535787085e-05,2.0986880912126178e-05,3.3261038749425474e-05,4.046889543516395e-06,2.9742442380238825e-06,5.3995202009239725e-06,0.0,0.0,0.0,0.0,0.0,0.0,0.0,0.0,0.0
j75_b12_n2,fbcnn_dpir_nominal,all,operator_spread_rgb,fbcnn_dpir_nominal__score__operator_spread_rgb,operational,0.75,40,3.3773728707268914e-05,2.7277658373087198e-05,4.123711363925452e-05,5.408375018557187e-06,4.067833000337239e-06,7.028326447700158e-06,0.0,0.0,0.0,0.0,0.0,0.0,0.0,0.0,0.0
j75_b12_n2,fbcnn_dpir_nominal,all,operator_spread_rgb,fbcnn_dpir_nominal__score__operator_spread_rgb,operational,0.9,40,3.998348010585139e-05,3.248709644426528e-05,4.840055036559408e-05,6.702611642910252e-06,5.062949946434617e-06,8.598480635021521e-06,0.0,0.0,0.0,0.0,0.0,0.0,0.0,0.0,0.0
j75_b12_n2,fbcnn_dpir_nominal,all,operator_spread_rgb,fbcnn_dpir_nominal__score__operator_spread_rgb,operational,1.0,40,4.7208280848582176e-05,3.865488949931977e-05,5.679079188296741e-05,8.332917226891245e-06,6.381573891439461e-06,1.0553636232583889e-05,0.0,0.0,0.0,0.0,0.0,0.0,0.0,0.0,0.0
j75_b12_n2,fbcnn_dpir_nominal,all,oracle_detail_error,fbcnn_dpir_nominal__oracle_detail_error,evaluation_only,0.5,40,2.4831904659681436e-05,1.9675082556431862e-05,3.099046155790687e-05,3.5828535472005344e-06,2.653904076262762e-06,4.783316207467616e-06,0.0,0.0,0.0,0.0,0.0,0.0,0.0,0.0,0.0
j75_b12_n2,fbcnn_dpir_nominal,all,oracle_detail_error,fbcnn_dpir_nominal__oracle_detail_error,evaluation_only,0.75,40,3.219777572639611e-05,2.6039479988341424e-05,3.929435059140658e-05,4.941244968920776e-06,3.726403385180545e-06,6.41348938328967e-06,0.0,0.0,0.0,0.0,0.0,0.0,0.0,0.0,0.0
j75_b12_n2,fbcnn_dpir_nominal,all,oracle_detail_error,fbcnn_dpir_nominal__oracle_detail_error,evaluation_only,0.9,40,3.8957010167257674e-05,3.164236323034183e-05,4.721379620673019e-05,6.284623607861212e-06,4.756102084473538e-06,8.060341956054619e-06,0.0,0.0,0.0,0.0,0.0,0.0,0.0,0.0,0.0
j75_b12_n2,fbcnn_dpir_nominal,all,oracle_detail_error,fbcnn_dpir_nominal__oracle_detail_error,evaluation_only,1.0,40,4.7208280848582176e-05,3.865488949931977e-05,5.679079188296741e-05,8.332917226891245e-06,6.381573891439461e-06,1.0553636232583889e-05,0.0,0.0,0.0,0.0,0.0,0.0,0.0,0.0,0.0
j75_b12_n2,fbcnn_dpir_nominal,all,original_measurement_residual,fbcnn_dpir_nominal__score__original_measurement_residual,operational,0.5,40,2.9088012564503742e-05,2.3123725591817243e-05,3.6147144655785585e-05,4.74016148951266e-06,3.446815728677564e-06,6.302286208062367e-06,0.0,0.0,0.0,0.0,0.0,0.0,0.0,0.0,0.0
j75_b12_n2,fbcnn_dpir_nominal,all,original_measurement_residual,fbcnn_dpir_nominal__score__original_measurement_residual,operational,0.75,40,3.518537377361344e-05,2.8400574954935867e-05,4.2881926429866684e-05,5.849624428069413e-06,4.395491335382709e-06,7.5637278702983485e-06,0.0,0.0,0.0,0.0,0.0,0.0,0.0,0.0,0.0
j75_b12_n2,fbcnn_dpir_nominal,all,original_measurement_residual,fbcnn_dpir_nominal__score__original_measurement_residual,operational,0.9,40,4.046372781270108e-05,3.292681970956147e-05,4.889704675875884e-05,6.828959767022088e-06,5.1792332864728554e-06,8.748525420501395e-06,0.0,0.0,0.0,0.0,0.0,0.0,0.0,0.0,0.0
j75_b12_n2,fbcnn_dpir_nominal,all,original_measurement_residual,fbcnn_dpir_nominal__score__original_measurement_residual,operational,1.0,40,4.7208280848582176e-05,3.8654889499319774e-05,5.6790791882967426e-05,8.332917226891245e-06,6.381573891439461e-06,1.0553636232583887e-05,0.0,0.0,0.0,0.0,0.0,0.0,0.0,0.0,0.0
j75_b12_n2,fbcnn_dpir_nominal,all,reconstruction_gradient,fbcnn_dpir_nominal__score__reconstruction_gradient,operational,0.5,40,2.8457099814107997e-05,2.2533164425594707e-05,3.548146312122226e-05,4.438615435447967e-06,3.2555132280893384e-06,5.897720856707651e-06,0.0,0.0,0.0,0.0,0.0,0.0,0.0,0.0,0.0
j75_b12_n2,fbcnn_dpir_nominal,all,reconstruction_gradient,fbcnn_dpir_nominal__score__reconstruction_gradient,operational,0.75,40,3.637047512477228e-05,2.9470990714253745e-05,4.410944841278628e-05,6.066341042238657e-06,4.5675164880762046e-06,7.803023826346669e-06,0.0,0.0,0.0,0.0,0.0,0.0,0.0,0.0,0.0
j75_b12_n2,fbcnn_dpir_nominal,all,reconstruction_gradient,fbcnn_dpir_nominal__score__reconstruction_gradient,operational,0.9,40,4.2044403404639e-05,3.409420104655398e-05,5.091441263847485e-05,7.254686878459515e-06,5.468002074773385e-06,9.291079088896576e-06,0.0,0.0,0.0,0.0,0.0,0.0,0.0,0.0,0.0
j75_b12_n2,fbcnn_dpir_nominal,all,reconstruction_gradient,fbcnn_dpir_nominal__score__reconstruction_gradient,operational,1.0,40,4.7208280848582176e-05,3.865488949931977e-05,5.679079188296741e-05,8.332917226891245e-06,6.381573891439461e-06,1.0553636232583889e-05,0.0,0.0,0.0,0.0,0.0,0.0,0.0,0.0,0.0
j75_b12_n2,fbcnn_dpir_nominal,all,trained_image_only_patcherrornet_ensemble,fbcnn_dpir_nominal__trained_image_only_patcherrornet_ensemble,operational,0.5,40,3.108531248076188e-05,2.4690509218377435e-05,3.853513602211628e-05,5.0397561342716646e-06,3.650758592270769e-06,6.755621691139336e-06,0.0,0.0,0.0,0.0,0.0,0.0,0.0,0.0,0.0
j75_b12_n2,fbcnn_dpir_nominal,all,trained_image_only_patcherrornet_ensemble,fbcnn_dpir_nominal__trained_image_only_patcherrornet_ensemble,operational,0.75,40,3.668631573895715e-05,2.9837101494564315e-05,4.459105291302201e-05,6.146395416670221e-06,4.65209410966447e-06,7.93120532250954e-06,0.0,0.0,0.0,0.0,0.0,0.0,0.0,0.0,0.0
j75_b12_n2,fbcnn_dpir_nominal,all,trained_image_only_patcherrornet_ensemble,fbcnn_dpir_nominal__trained_image_only_patcherrornet_ensemble,operational,0.9,40,4.163520141487927e-05,3.388534616360726e-05,5.029368228405411e-05,7.183818494562073e-06,5.461067887755024e-06,9.1671700535016e-06,0.0,0.0,0.0,0.0,0.0,0.0,0.0,0.0,0.0
j75_b12_n2,fbcnn_dpir_nominal,all,trained_image_only_patcherrornet_ensemble,fbcnn_dpir_nominal__trained_image_only_patcherrornet_ensemble,operational,1.0,40,4.7208280848582176e-05,3.865488949931977e-05,5.679079188296741e-05,8.332917226891245e-06,6.381573891439461e-06,1.0553636232583889e-05,0.0,0.0,0.0,0.0,0.0,0.0,0.0,0.0,0.0
j75_b12_n2,fbcnn_dpir_nominal,textured_quartile,expected_random,fbcnn_dpir_nominal__expected_random,evaluation_only,0.5,40,8.200315810557947e-05,6.583881913808144e-05,0.00010071868171527822,1.5729688400002548e-05,1.1673222728849292e-05,2.043794509538713e-05,0.0,0.0,0.0,0.0,0.0,0.0,0.0,0.0,0.0
j75_b12_n2,fbcnn_dpir_nominal,textured_quartile,expected_random,fbcnn_dpir_nominal__expected_random,evaluation_only,0.75,40,8.200315810557947e-05,6.583881913808144e-05,0.00010071868171527822,1.5729688400002548e-05,1.1673222728849292e-05,2.043794509538713e-05,0.0,0.0,0.0,0.0,0.0,0.0,0.0,0.0,0.0
j75_b12_n2,fbcnn_dpir_nominal,textured_quartile,expected_random,fbcnn_dpir_nominal__expected_random,evaluation_only,0.9,40,8.200315810557947e-05,6.583881913808144e-05,0.00010071868171527822,1.5729688400002548e-05,1.1673222728849292e-05,2.043794509538713e-05,0.0,0.0,0.0,0.0,0.0,0.0,0.0,0.0,0.0
j75_b12_n2,fbcnn_dpir_nominal,textured_quartile,expected_random,fbcnn_dpir_nominal__expected_random,evaluation_only,1.0,40,8.200315810557947e-05,6.583881913808144e-05,0.00010071868171527822,1.5729688400002548e-05,1.1673222728849292e-05,2.043794509538713e-05,0.0,0.0,0.0,0.0,0.0,0.0,0.0,0.0,0.0
j75_b12_n2,fbcnn_dpir_nominal,textured_quartile,image_transform_spread_detail,fbcnn_dpir_nominal__score__image_transform_spread_detail,operational,0.5,40,5.99862729542922e-05,4.771774370571743e-05,7.395792535711871e-05,1.0368722072211056e-05,7.626307540740347e-06,1.3622097420152689e-05,0.0,0.0,0.0,0.0,0.0,0.0,0.0,0.0,0.0
j75_b12_n2,fbcnn_dpir_nominal,textured_quartile,image_transform_spread_detail,fbcnn_dpir_nominal__score__image_transform_spread_detail,operational,0.75,40,6.958918187631373e-05,5.535321540985621e-05,8.599440223137832e-05,1.2491915204853091e-05,9.153212880304749e-06,1.639521688130082e-05,0.0,0.0,0.0,0.0,0.0,0.0,0.0,0.0,0.0
j75_b12_n2,fbcnn_dpir_nominal,textured_quartile,image_transform_spread_detail,fbcnn_dpir_nominal__score__image_transform_spread_detail,operational,0.9,40,7.61093635062479e-05,6.06138867240132e-05,9.405600099835584e-05,1.4077887613722456e-05,1.0312071699401225e-05,1.841242398096354e-05,0.0,0.0,0.0,0.0,0.0,0.0,0.0,0.0,0.0
j75_b12_n2,fbcnn_dpir_nominal,textured_quartile,image_transform_spread_detail,fbcnn_dpir_nominal__score__image_transform_spread_detail,operational,1.0,40,8.200315810557947e-05,6.583881913808144e-05,0.00010071868171527822,1.5729688400002548e-05,1.1673222728849292e-05,2.043794509538713e-05,0.0,0.0,0.0,0.0,0.0,0.0,0.0,0.0,0.0
j75_b12_n2,fbcnn_dpir_nominal,textured_quartile,operator_spread_detail,fbcnn_dpir_nominal__score__operator_spread_detail,operational,0.5,40,5.950777471941552e-05,4.6863191386356045e-05,7.435661393387187e-05,1.0354242781269685e-05,7.3909370921699615e-06,1.3938054881869863e-05,0.0,0.0,0.0,0.0,0.0,0.0,0.0,0.0,0.0
j75_b12_n2,fbcnn_dpir_nominal,textured_quartile,operator_spread_detail,fbcnn_dpir_nominal__score__operator_spread_detail,operational,0.75,40,6.964670497542795e-05,5.4988054798573186e-05,8.673071779247214e-05,1.2696616207558333e-05,9.087092595140146e-06,1.6977279614289103e-05,0.0,0.0,0.0,0.0,0.0,0.0,0.0,0.0,0.0
j75_b12_n2,fbcnn_dpir_nominal,textured_quartile,operator_spread_detail,fbcnn_dpir_nominal__score__operator_spread_detail,operational,0.9,40,7.63345118953461e-05,6.0566140788595045e-05,9.46829059047718e-05,1.4165121210308078e-05,1.0224938910337665e-05,1.8774618292219293e-05,0.0,0.0,0.0,0.0,0.0,0.0,0.0,0.0,0.0
j75_b12_n2,fbcnn_dpir_nominal,textured_quartile,operator_spread_detail,fbcnn_dpir_nominal__score__operator_spread_detail,operational,1.0,40,8.200315810557947e-05,6.583881913808144e-05,0.00010071868171527822,1.5729688400002548e-05,1.1673222728849292e-05,2.043794509538713e-05,0.0,0.0,0.0,0.0,0.0,0.0,0.0,0.0,0.0
j75_b12_n2,fbcnn_dpir_nominal,textured_quartile,operator_spread_rgb,fbcnn_dpir_nominal__score__operator_spread_rgb,operational,0.5,40,5.906154112701325e-05,4.6991132545807003e-05,7.296448770188783e-05,1.0328730482509642e-05,7.538184381800664e-06,1.3615905024365843e-05,0.0,0.0,0.0,0.0,0.0,0.0,0.0,0.0,0.0
j75_b12_n2,fbcnn_dpir_nominal,textured_quartile,operator_spread_rgb,fbcnn_dpir_nominal__score__operator_spread_rgb,operational,0.75,40,6.901405657838132e-05,5.45964284325147e-05,8.558342529936679e-05,1.2680220243121386e-05,9.173750000053456e-06,1.6772793711664896e-05,0.0,0.0,0.0,0.0,0.0,0.0,0.0,0.0,0.0
j75_b12_n2,fbcnn_dpir_nominal,textured_quartile,operator_spread_rgb,fbcnn_dpir_nominal__score__operator_spread_rgb,operational,0.9,40,7.547075528038138e-05,6.0064873990796754e-05,9.348688442058511e-05,1.4123161136762386e-05,1.026130179609061e-05,1.863745926856783e-05,0.0,0.0,0.0,0.0,0.0,0.0,0.0,0.0,0.0
j75_b12_n2,fbcnn_dpir_nominal,textured_quartile,operator_spread_rgb,fbcnn_dpir_nominal__score__operator_spread_rgb,operational,1.0,40,8.200315810557947e-05,6.583881913808144e-05,0.00010071868171527822,1.5729688400002548e-05,1.1673222728849292e-05,2.043794509538713e-05,0.0,0.0,0.0,0.0,0.0,0.0,0.0,0.0,0.0
j75_b12_n2,fbcnn_dpir_nominal,textured_quartile,oracle_detail_error,fbcnn_dpir_nominal__oracle_detail_error,evaluation_only,0.5,40,5.3621736114617795e-05,4.2563540395729025e-05,6.634511362929714e-05,8.71493339901421e-06,6.362654100129428e-06,1.1525492410035294e-05,0.0,0.0,0.0,0.0,0.0,0.0,0.0,0.0,0.0
j75_b12_n2,fbcnn_dpir_nominal,textured_quartile,oracle_detail_error,fbcnn_dpir_nominal__oracle_detail_error,evaluation_only,0.75,40,6.449526976667685e-05,5.139166892923758e-05,7.954846879427073e-05,1.0991505396510737e-05,8.096543021875482e-06,1.438946905545837e-05,0.0,0.0,0.0,0.0,0.0,0.0,0.0,0.0,0.0
j75_b12_n2,fbcnn_dpir_nominal,textured_quartile,oracle_detail_error,fbcnn_dpir_nominal__oracle_detail_error,evaluation_only,0.9,40,7.318338535530557e-05,5.8559035265133986e-05,9.00583020644221e-05,1.3012044948507983e-05,9.58959008347262e-06,1.7007262094281006e-05,0.0,0.0,0.0,0.0,0.0,0.0,0.0,0.0,0.0
j75_b12_n2,fbcnn_dpir_nominal,textured_quartile,oracle_detail_error,fbcnn_dpir_nominal__oracle_detail_error,evaluation_only,1.0,40,8.200315810557947e-05,6.583881913808144e-05,0.00010071868171527822,1.5729688400002548e-05,1.1673222728849292e-05,2.043794509538713e-05,0.0,0.0,0.0,0.0,0.0,0.0,0.0,0.0,0.0
j75_b12_n2,fbcnn_dpir_nominal,textured_quartile,original_measurement_residual,fbcnn_dpir_nominal__score__original_measurement_residual,operational,0.5,40,6.2658168832758e-05,4.977566819460018e-05,7.755621835108137e-05,1.1570470810886943e-05,8.424747226853126e-06,1.5242552101286434e-05,0.0,0.0,0.0,0.0,0.0,0.0,0.0,0.0,0.0
j75_b12_n2,fbcnn_dpir_nominal,textured_quartile,original_measurement_residual,fbcnn_dpir_nominal__score__original_measurement_residual,operational,0.75,40,6.943891867706577e-05,5.58086488521063e-05,8.504334183008235e-05,1.2782485849960602e-05,9.519542934624305e-06,1.65718926391958e-05,0.0,0.0,0.0,0.0,0.0,0.0,0.0,0.0,0.0
j75_b12_n2,fbcnn_dpir_nominal,textured_quartile,original_measurement_residual,fbcnn_dpir_nominal__score__original_measurement_residual,operational,0.9,40,7.541257879357327e-05,6.052527539085364e-05,9.247011085934155e-05,1.4111194683822499e-05,1.0477471910752115e-05,1.8321584516104907e-05,0.0,0.0,0.0,0.0,0.0,0.0,0.0,0.0,0.0
j75_b12_n2,fbcnn_dpir_nominal,textured_quartile,original_measurement_residual,fbcnn_dpir_nominal__score__original_measurement_residual,operational,1.0,40,8.200315810557947e-05,6.583881913808144e-05,0.00010071868171527822,1.5729688400002548e-05,1.1673222728849292e-05,2.0437945095387127e-05,0.0,0.0,0.0,0.0,0.0,0.0,0.0,0.0,0.0
j75_b12_n2,fbcnn_dpir_nominal,textured_quartile,reconstruction_gradient,fbcnn_dpir_nominal__score__reconstruction_gradient,operational,0.5,40,7.329126429375393e-05,5.713004710590054e-05,9.258858754164212e-05,1.3946038219249177e-05,9.868984365907816e-06,1.890756302149609e-05,0.0,0.0,0.0,0.0,0.0,0.0,0.0,0.0,0.0
j75_b12_n2,fbcnn_dpir_nominal,textured_quartile,reconstruction_gradient,fbcnn_dpir_nominal__score__reconstruction_gradient,operational,0.75,40,7.54358790084064e-05,5.960167007915794e-05,9.39233401529309e-05,1.4406074247110109e-05,1.0458921023201188e-05,1.9182108363088648e-05,0.0,0.0,0.0,0.0,0.0,0.0,0.0,0.0,0.0
j75_b12_n2,fbcnn_dpir_nominal,textured_quartile,reconstruction_gradient,fbcnn_dpir_nominal__score__reconstruction_gradient,operational,0.9,40,7.833454841706053e-05,6.24169488389754e-05,9.69104058448262e-05,1.49184646722939e-05,1.0959781460602462e-05,1.963623191001878e-05,0.0,0.0,0.0,0.0,0.0,0.0,0.0,0.0,0.0
j75_b12_n2,fbcnn_dpir_nominal,textured_quartile,reconstruction_gradient,fbcnn_dpir_nominal__score__reconstruction_gradient,operational,1.0,40,8.200315810557947e-05,6.583881913808144e-05,0.00010071868171527822,1.5729688400002548e-05,1.1673222728849292e-05,2.0437945095387127e-05,0.0,0.0,0.0,0.0,0.0,0.0,0.0,0.0,0.0
j75_b12_n2,fbcnn_dpir_nominal,textured_quartile,trained_image_only_patcherrornet_ensemble,fbcnn_dpir_nominal__trained_image_only_patcherrornet_ensemble,operational,0.5,40,6.85829187057346e-05,5.4559557560278557e-05,8.4465019562991e-05,1.3152959492292258e-05,9.687796681297495e-06,1.7122779810627096e-05,0.0,0.0,0.0,0.0,0.0,0.0,0.0,0.0,0.0
j75_b12_n2,fbcnn_dpir_nominal,textured_quartile,trained_image_only_patcherrornet_ensemble,fbcnn_dpir_nominal__trained_image_only_patcherrornet_ensemble,operational,0.75,40,7.325915055313422e-05,5.848723253390906e-05,9.034841317512441e-05,1.4015951129157193e-05,1.0346796026981345e-05,1.8304896716136986e-05,0.0,0.0,0.0,0.0,0.0,0.0,0.0,0.0,0.0
j75_b12_n2,fbcnn_dpir_nominal,textured_quartile,trained_image_only_patcherrornet_ensemble,fbcnn_dpir_nominal__trained_image_only_patcherrornet_ensemble,operational,0.9,40,7.767966976963442e-05,6.204207285590067e-05,9.587405678020701e-05,1.4835560761799742e-05,1.094728562651927e-05,1.9388309287054014e-05,0.0,0.0,0.0,0.0,0.0,0.0,0.0,0.0,0.0
j75_b12_n2,fbcnn_dpir_nominal,textured_quartile,trained_image_only_patcherrornet_ensemble,fbcnn_dpir_nominal__trained_image_only_patcherrornet_ensemble,operational,1.0,40,8.200315810557947e-05,6.583881913808144e-05,0.00010071868171527822,1.5729688400002548e-05,1.1673222728849292e-05,2.043794509538713e-05,0.0,0.0,0.0,0.0,0.0,0.0,0.0,0.0,0.0
j75_b16_n2,dpir_nominal,all,expected_random,dpir_nominal__expected_random,evaluation_only,0.5,40,0.0002413466876498629,0.00018013630502387894,0.00031464313170840783,0.00012952713644371567,8.61393947391747e-05,0.00018108094653901426,0.041015625,0.0260736083984375,0.05822814941406249,0.0135498046875,0.00732421875,0.0210205078125,0.000537109375,9.765625e-05,0.001123046875
j75_b16_n2,dpir_nominal,all,expected_random,dpir_nominal__expected_random,evaluation_only,0.75,40,0.0002413466876498629,0.00018013630502387894,0.00031464313170840783,0.00012952713644371567,8.61393947391747e-05,0.00018108094653901426,0.041015625,0.0260736083984375,0.05822814941406249,0.0135498046875,0.00732421875,0.0210205078125,0.000537109375,9.765625e-05,0.001123046875
j75_b16_n2,dpir_nominal,all,expected_random,dpir_nominal__expected_random,evaluation_only,0.9,40,0.0002413466876498629,0.00018013630502387894,0.00031464313170840783,0.00012952713644371567,8.61393947391747e-05,0.00018108094653901426,0.041015625,0.0260736083984375,0.05822814941406249,0.0135498046875,0.00732421875,0.0210205078125,0.000537109375,9.765625e-05,0.001123046875
j75_b16_n2,dpir_nominal,all,expected_random,dpir_nominal__expected_random,evaluation_only,1.0,40,0.0002413466876498629,0.00018013630502387894,0.00031464313170840783,0.00012952713644371567,8.61393947391747e-05,0.00018108094653901426,0.041015625,0.0260736083984375,0.05822814941406249,0.0135498046875,0.00732421875,0.0210205078125,0.000537109375,9.765625e-05,0.001123046875
j75_b16_n2,dpir_nominal,all,image_transform_spread_detail,dpir_nominal__score__image_transform_spread_detail,operational,0.5,40,5.6983259147275416e-05,4.00237595227855e-05,7.834945277925557e-05,9.05730780768835e-06,5.906684523478178e-06,1.297686944526151e-05,0.0,0.0,0.0,0.0,0.0,0.0,0.0,0.0,0.0
j75_b16_n2,dpir_nominal,all,image_transform_spread_detail,dpir_nominal__score__image_transform_spread_detail,operational,0.75,40,9.112416592951021e-05,6.468533321416966e-05,0.0001232628474023068,2.0037864260496883e-05,1.1785772402117016e-05,3.0899653544192834e-05,0.00276692708333333,9.765625e-05,0.00670572916666666,0.00042317708333332993,0.0,0.0010091145833333274,0.0,0.0,0.0
j75_b16_n2,dpir_nominal,all,image_transform_spread_detail,dpir_nominal__score__image_transform_spread_detail,operational,0.9,40,0.0001412008238430715,9.83808068981226e-05,0.0001942231324246239,5.18293038460722e-05,2.730303651568941e-05,8.281643948234536e-05,0.014072668112798236,0.004962039045553123,0.02532537960954444,0.003226681127982638,0.000542299349240775,0.0066431670281995574,0.0001626898047722325,0.0,0.0004609544468546601
j75_b16_n2,dpir_nominal,all,image_transform_spread_detail,dpir_nominal__score__image_transform_spread_detail,operational,1.0,40,0.0002413466876498629,0.00018013630502387894,0.00031464313170840783,0.00012952713644371567,8.61393947391747e-05,0.00018108094653901426,0.041015625,0.0260736083984375,0.05822814941406249,0.0135498046875,0.00732421875,0.0210205078125,0.000537109375,9.765625e-05,0.001123046875
j75_b16_n2,dpir_nominal,all,operator_spread_detail,dpir_nominal__score__operator_spread_detail,operational,0.5,40,5.613742126250386e-05,3.9284408952929306e-05,7.749361748683994e-05,8.818393133456273e-06,5.715116242319212e-06,1.271955682924499e-05,0.0,0.0,0.0,0.0,0.0,0.0,0.0,0.0,0.0
j75_b16_n2,dpir_nominal,all,operator_spread_detail,dpir_nominal__score__operator_spread_detail,operational,0.75,40,8.573194222202508e-05,6.168337733826742e-05,0.000114800581830196,1.625215852327266e-05,1.0407070039230113e-05,2.3786385240091254e-05,0.0007161458333333325,0.0,0.0021158854166666652,0.0,0.0,0.0,0.0,0.0,0.0
j75_b16_n2,dpir_nominal,all,operator_spread_detail,dpir_nominal__score__operator_spread_detail,operational,0.9,40,0.00012329086453237195,8.903604357801775e-05,0.00016566109125577602,3.546318915914049e-05,2.0642563045045686e-05,5.48137709765728e-05,0.009191973969631225,0.001762472885032525,0.019306534707158332,0.000379609544468545,0.0,0.00100325379609544,0.0,0.0,0.0
j75_b16_n2,dpir_nominal,all,operator_spread_detail,dpir_nominal__score__operator_spread_detail,operational,1.0,40,0.0002413466876498629,0.00018013630502387894,0.00031464313170840783,0.00012952713644371567,8.61393947391747e-05,0.00018108094653901426,0.041015625,0.0260736083984375,0.05822814941406249,0.0135498046875,0.00732421875,0.0210205078125,0.000537109375,9.765625e-05,0.001123046875
j75_b16_n2,dpir_nominal,all,operator_spread_rgb,dpir_nominal__score__operator_spread_rgb,operational,0.5,40,5.318461865668608e-05,3.7361509233417705e-05,7.320046522315281e-05,8.773814185362151e-06,5.639048333163606e-06,1.2719969030071818e-05,0.0,0.0,0.0,0.0,0.0,0.0,0.0,0.0,0.0
j75_b16_n2,dpir_nominal,all,operator_spread_rgb,dpir_nominal__score__operator_spread_rgb,operational,0.75,40,8.246261199485349e-05,5.93440965063805e-05,0.00011081130685047695,1.650553650367023e-05,1.0460064431519893e-05,2.4330333130560195e-05,0.0010091145833333326,0.0,0.0028320312499999977,0.0,0.0,0.0,0.0,0.0,0.0
j75_b16_n2,dpir_nominal,all,operator_spread_rgb,dpir_nominal__score__operator_spread_rgb,operational,0.9,40,0.00012183870153920818,8.787408347109177e-05,0.00016411044452916936,3.569440119346037e-05,2.0876049597052242e-05,5.496148811487243e-05,0.009436008676789575,0.0019522776572668027,0.019522776572668096,0.0003796095444685425,0.0,0.0009761388286333948,0.0,0.0,0.0
j75_b16_n2,dpir_nominal,all,operator_spread_rgb,dpir_nominal__score__operator_spread_rgb,operational,1.0,40,0.0002413466876498629,0.00018013630502387894,0.00031464313170840783,0.00012952713644371567,8.61393947391747e-05,0.00018108094653901426,0.041015625,0.0260736083984375,0.05822814941406249,0.0135498046875,0.00732421875,0.0210205078125,0.000537109375,9.765625e-05,0.001123046875
j75_b16_n2,dpir_nominal,all,oracle_detail_error,dpir_nominal__oracle_detail_error,evaluation_only,0.5,40,5.142410012957674e-05,3.5825362340328345e-05,7.116344994500547e-05,7.873271605678104e-06,5.0851391845260105e-06,1.1414988379546243e-05,0.0,0.0,0.0,0.0,0.0,0.0,0.0,0.0,0.0
j75_b16_n2,dpir_nominal,all,oracle_detail_error,dpir_nominal__oracle_detail_error,evaluation_only,0.75,40,8.150593961648556e-05,5.842834482956291e-05,0.0001096216326071303,1.4954470203285192e-05,9.646809662202601e-06,2.1862108667999775e-05,0.0,0.0,0.0,0.0,0.0,0.0,0.0,0.0,0.0
j75_b16_n2,dpir_nominal,all,oracle_detail_error,dpir_nominal__oracle_detail_error,evaluation_only,0.9,40,0.0001198013674444181,8.631075216832816e-05,0.00016145676620538433,3.316340911684591e-05,1.9129511073467363e-05,5.169378611777483e-05,0.008486984815618218,0.0010845986984815601,0.018573752711496735,0.0,0.0,0.0,0.0,0.0,0.0
j75_b16_n2,dpir_nominal,all,oracle_detail_error,dpir_nominal__oracle_detail_error,evaluation_only,1.0,40,0.0002413466876498629,0.00018013630502387894,0.00031464313170840783,0.00012952713644371564,8.61393947391747e-05,0.00018108094653901426,0.041015625,0.0260736083984375,0.05822814941406249,0.0135498046875,0.00732421875,0.0210205078125,0.000537109375,9.765625e-05,0.001123046875
j75_b16_n2,dpir_nominal,all,original_measurement_residual,dpir_nominal__score__original_measurement_residual,operational,0.5,40,9.214135440064403e-05,6.513167226073857e-05,0.00012584757946326137,3.8510246206152636e-05,2.2262410771012356e-05,5.894249621607017e-05,0.01103515625,0.005029296875,0.01899536132812498,0.002685546875,0.00107421875,0.004638671875,0.000244140625,0.0,0.00068359375
j75_b16_n2,dpir_nominal,all,original_measurement_residual,dpir_nominal__score__original_measurement_residual,operational,0.75,40,0.00014918774559809483,0.00010519106558796364,0.000204046816272462,7.413374620798114e-05,4.3879398096898814e-05,0.00011288766449397007,0.02210286458333331,0.011653645833333313,0.03522135416666664,0.0064778645833333095,0.0027669270833333153,0.011393229166666637,0.00045572916666666505,0.0,0.0011067708333333298
j75_b16_n2,dpir_nominal,all,original_measurement_residual,dpir_nominal__score__original_measurement_residual,operational,0.9,40,0.00018823893896947877,0.00013837959693295462,0.0002499982578415881,9.550048517349162e-05,6.214461232341774e-05,0.0001365348176512553,0.03031453362255962,0.018275488069414286,0.04482104121475051,0.008731019522776542,0.004609544468546616,0.013909978308026002,0.0004067245119305825,0.0,0.0009761388286334
j75_b16_n2,dpir_nominal,all,original_measurement_residual,dpir_nominal__score__original_measurement_residual,operational,1.0,40,0.0002413466876498629,0.00018013630502387894,0.00031464313170840783,0.00012952713644371567,8.61393947391747e-05,0.00018108094653901426,0.041015625,0.0260736083984375,0.05822814941406249,0.0135498046875,0.00732421875,0.0210205078125,0.000537109375,9.765625e-05,0.001123046875
j75_b16_n2,dpir_nominal,all,reconstruction_gradient,dpir_nominal__score__reconstruction_gradient,operational,0.5,40,6.25290209748451e-05,4.296661386060296e-05,8.677194641048504e-05,1.6836745781355873e-05,9.210859954769595e-06,2.6358124844655458e-05,0.003662109375,0.000732421875,0.007568359375,0.0001953125,0.0,0.000537109375,0.0,0.0,0.0
j75_b16_n2,dpir_nominal,all,reconstruction_gradient,dpir_nominal__score__reconstruction_gradient,operational,0.75,40,0.00010298870885214365,7.227386229258051e-05,0.0001409010649747651,3.678966627718954e-05,2.0427790569545283e-05,5.7818166364586205e-05,0.011621093749999983,0.004166666666666653,0.02115885416666665,0.001562499999999995,0.00013020833333333,0.0033528645833333275,3.25520833333325e-05,0.0,9.765624999999751e-05
j75_b16_n2,dpir_nominal,all,reconstruction_gradient,dpir_nominal__score__reconstruction_gradient,operational,0.9,40,0.0001473783824784849,0.00010505546333979015,0.00019893876147750067,6.129211377884776e-05,3.662519151087747e-05,9.19988712087647e-05,0.020851409978308,0.010059652928416471,0.03432822668112794,0.003958785249457685,0.0011930585683297074,0.00748373101952275,2.7114967462037503e-05,0.0,8.13449023861125e-05
j75_b16_n2,dpir_nominal,all,reconstruction_gradient,dpir_nominal__score__reconstruction_gradient,operational,1.0,40,0.0002413466876498629,0.00018013630502387894,0.00031464313170840783,0.00012952713644371567,8.61393947391747e-05,0.00018108094653901426,0.041015625,0.0260736083984375,0.05822814941406249,0.0135498046875,0.00732421875,0.0210205078125,0.000537109375,9.765625e-05,0.001123046875
j75_b16_n2,dpir_nominal,textured_quartile,expected_random,dpir_nominal__expected_random,evaluation_only,0.5,40,0.0006465276306768428,0.0004715307239644731,0.0008518725474197618,0.00039233010861603964,0.000258852235774292,0.000548892251469118,0.12138671875,0.08251953125,0.16591796875,0.0478515625,0.02607421875,0.07392578125,0.00205078125,0.000390625,0.00419921875
j75_b16_n2,dpir_nominal,textured_quartile,expected_random,dpir_nominal__expected_random,evaluation_only,0.75,40,0.0006465276306768428,0.0004715307239644731,0.0008518725474197618,0.00039233010861603964,0.000258852235774292,0.000548892251469118,0.12138671875,0.08251953125,0.16591796875,0.0478515625,0.02607421875,0.07392578125,0.00205078125,0.000390625,0.00419921875
j75_b16_n2,dpir_nominal,textured_quartile,expected_random,dpir_nominal__expected_random,evaluation_only,0.9,40,0.0006465276306768428,0.0004715307239644731,0.0008518725474197618,0.00039233010861603964,0.000258852235774292,0.000548892251469118,0.12138671875,0.08251953125,0.16591796875,0.0478515625,0.02607421875,0.07392578125,0.00205078125,0.000390625,0.00419921875
j75_b16_n2,dpir_nominal,textured_quartile,expected_random,dpir_nominal__expected_random,evaluation_only,1.0,40,0.0006465276306768428,0.0004715307239644731,0.0008518725474197618,0.00039233010861603964,0.000258852235774292,0.000548892251469118,0.12138671875,0.08251953125,0.16591796875,0.0478515625,0.02607421875,0.07392578125,0.00205078125,0.000390625,0.00419921875
j75_b16_n2,dpir_nominal,textured_quartile,image_transform_spread_detail,dpir_nominal__score__image_transform_spread_detail,operational,0.5,40,0.00025649200969217944,0.0001809528120125695,0.00034571027675938754,6.470532499626358e-05,3.551907419286046e-05,0.00010362810067139234,0.01328125,0.0009765625,0.03203125,0.0021484375,0.0,0.005078125,0.0,0.0,0.0
j75_b16_n2,dpir_nominal,textured_quartile,image_transform_spread_detail,dpir_nominal__score__image_transform_spread_detail,operational,0.75,40,0.0003910233983687619,0.00025769821530835296,0.0005498535492529102,0.00017804827449684795,8.861491109376843e-05,0.0002897304529743254,0.04661458333333333,0.019401041666666657,0.08112630208333324,0.018489583333333323,0.00494791666666666,0.035546874999999985,0.0007812499999999974,0.0,0.0022135416666666597
j75_b16_n2,dpir_nominal,textured_quartile,image_transform_spread_detail,dpir_nominal__score__image_transform_spread_detail,operational,0.9,40,0.0005287950154861554,0.0003628817176459151,0.0007271572104553932,0.000293042115809775,0.00017024750496886582,0.0004406074046885,0.0833333333333333,0.04707792207792206,0.12597402597402593,0.03419913419913419,0.014718614718614704,0.058336038961038915,0.0018398268398268352,0.0003246753246753225,0.0038961038961038896
j75_b16_n2,dpir_nominal,textured_quartile,image_transform_spread_detail,dpir_nominal__score__image_transform_spread_detail,operational,1.0,40,0.0006465276306768428,0.0004715307239644731,0.0008518725474197618,0.00039233010861603964,0.000258852235774292,0.000548892251469118,0.12138671875,0.08251953125,0.16591796875,0.0478515625,0.02607421875,0.07392578125,0.00205078125,0.000390625,0.00419921875
j75_b16_n2,dpir_nominal,textured_quartile,operator_spread_detail,dpir_nominal__score__operator_spread_detail,operational,0.5,40,0.00023430804979901752,0.00016789091420215549,0.00031282991349019287,4.78707322860467e-05,3.025241966952602e-05,6.914201688611524e-05,0.00625,0.0,0.0171875,0.0,0.0,0.0,0.0,0.0,0.0
j75_b16_n2,dpir_nominal,textured_quartile,operator_spread_detail,dpir_nominal__score__operator_spread_detail,operational,0.75,40,0.00031427428139841647,0.00021836761084103877,0.0004263367592081557,0.00010606844313442094,5.640507676046247e-05,0.0001706557285439347,0.030598958333333325,0.006901041666666658,0.06237304687499996,0.004296874999999995,0.0001302083333333325,0.010286458333333325,0.0,0.0,0.0
j75_b16_n2,dpir_nominal,textured_quartile,operator_spread_detail,dpir_nominal__score__operator_spread_detail,operational,0.9,40,0.00043079770522671493,0.0002991797286288048,0.0005872306990306672,0.0002016359879126192,0.00011346325171714648,0.00030999079444730195,0.06829004329004326,0.03398268398268397,0.11017316017316015,0.01969696969696969,0.00454545454545454,0.03863906926406921,0.0,0.0,0.0
j75_b16_n2,dpir_nominal,textured_quartile,operator_spread_detail,dpir_nominal__score__operator_spread_detail,operational,1.0,40,0.0006465276306768428,0.0004715307239644731,0.0008518725474197618,0.00039233010861603964,0.000258852235774292,0.000548892251469118,0.12138671875,0.08251953125,0.16591796875,0.0478515625,0.02607421875,0.07392578125,0.00205078125,0.000390625,0.00419921875
j75_b16_n2,dpir_nominal,textured_quartile,operator_spread_rgb,dpir_nominal__score__operator_spread_rgb,operational,0.5,40,0.0002245948300676675,0.00016040068654588484,0.0003003840377971692,4.795966309912314e-05,3.022091853074253e-05,6.942333330970353e-05,0.00625,0.0,0.0171875,0.0,0.0,0.0,0.0,0.0,0.0
j75_b16_n2,dpir_nominal,textured_quartile,operator_spread_rgb,dpir_nominal__score__operator_spread_rgb,operational,0.75,40,0.00031085628121452447,0.00021572362424524482,0.0004223669017923155,0.0001068713931333641,5.719858651651435e-05,0.00017156559105083893,0.03164062499999999,0.007682291666666663,0.06328450520833329,0.004166666666666663,0.0001302083333333325,0.01002604166666666,0.0,0.0,0.0
j75_b16_n2,dpir_nominal,textured_quartile,operator_spread_rgb,dpir_nominal__score__operator_spread_rgb,operational,0.9,40,0.0004297503008581684,0.00029820035890116084,0.0005857215992811228,0.0002020563276493025,0.0001138985492935561,0.0003102782342369808,0.06883116883116881,0.034523809523809505,0.1106060606060606,0.01969696969696969,0.00454545454545454,0.03863906926406921,0.0,0.0,0.0
j75_b16_n2,dpir_nominal,textured_quartile,operator_spread_rgb,dpir_nominal__score__operator_spread_rgb,operational,1.0,40,0.0006465276306768428,0.0004715307239644731,0.0008518725474197618,0.00039233010861603964,0.000258852235774292,0.000548892251469118,0.12138671875,0.08251953125,0.16591796875,0.0478515625,0.02607421875,0.07392578125,0.00205078125,0.000390625,0.00419921875
j75_b16_n2,dpir_nominal,textured_quartile,oracle_detail_error,dpir_nominal__oracle_detail_error,evaluation_only,0.5,40,0.0002188182989205021,0.00015466680614671053,0.00029560711518955655,4.315643645028977e-05,2.703440824493818e-05,6.27424744133523e-05,0.00546875,0.0,0.015625,0.0,0.0,0.0,0.0,0.0,0.0
j75_b16_n2,dpir_nominal,textured_quartile,oracle_detail_error,dpir_nominal__oracle_detail_error,evaluation_only,0.75,40,0.0003030181487301789,0.00021040332548049928,0.00041186192822681997,9.910621598585353e-05,5.2045570171369185e-05,0.00016035622319583078,0.02734374999999999,0.003385416666666665,0.05911458333333334,0.003385416666666665,0.0,0.008593749999999994,0.0,0.0,0.0
j75_b16_n2,dpir_nominal,textured_quartile,oracle_detail_error,dpir_nominal__oracle_detail_error,evaluation_only,0.9,40,0.00042146818283146143,0.0002918971953274194,0.0005752344037321484,0.0001933575410038723,0.00010737671163286065,0.0002990136542252931,0.06558441558441556,0.03084415584415583,0.10768398268398267,0.019264069264069258,0.004220779220779217,0.038206168831168785,0.0,0.0,0.0
j75_b16_n2,dpir_nominal,textured_quartile,oracle_detail_error,dpir_nominal__oracle_detail_error,evaluation_only,1.0,40,0.0006465276306768428,0.0004715307239644731,0.0008518725474197618,0.00039233010861603964,0.000258852235774292,0.000548892251469118,0.12138671875,0.08251953125,0.16591796875,0.0478515625,0.02607421875,0.07392578125,0.00205078125,0.000390625,0.00419921875
j75_b16_n2,dpir_nominal,textured_quartile,original_measurement_residual,dpir_nominal__score__original_measurement_residual,operational,0.5,40,0.0005649625920380142,0.0003859177548133017,0.0007829505063259726,0.00035269644106500765,0.0002136208716073406,0.0005270675169476327,0.10390625,0.0669921875,0.14609863281249993,0.0408203125,0.0208984375,0.066015625,0.002734375,0.0,0.006640625
j75_b16_n2,dpir_nominal,textured_quartile,original_measurement_residual,dpir_nominal__score__original_measurement_residual,operational,0.75,40,0.0005729642974037694,0.00041184298155282447,0.0007638520751548169,0.0003460686264500924,0.00022412938122472946,0.0004924712679285658,0.10716145833333332,0.07148437499999998,0.14713541666666666,0.039843749999999976,0.02122395833333332,0.06210937499999998,0.0019531249999999976,0.0,0.0046874999999999955
j75_b16_n2,dpir_nominal,textured_quartile,original_measurement_residual,dpir_nominal__score__original_measurement_residual,operational,0.9,40,0.0005965410617763165,0.00043486340534198856,0.0007883147553688146,0.0003568523361529554,0.00023424215017316173,0.0005020289109537587,0.11287878787878784,0.07618777056277053,0.15487012987012988,0.041450216450216425,0.022186147186147163,0.06461038961038959,0.0017316017316017299,0.0001082251082251075,0.0040043290043290025
j75_b16_n2,dpir_nominal,textured_quartile,original_measurement_residual,dpir_nominal__score__original_measurement_residual,operational,1.0,40,0.0006465276306768428,0.0004715307239644731,0.0008518725474197618,0.00039233010861603964,0.000258852235774292,0.000548892251469118,0.12138671875,0.08251953125,0.16591796875,0.0478515625,0.02607421875,0.07392578125,0.00205078125,0.000390625,0.00419921875
j75_b16_n2,dpir_nominal,textured_quartile,reconstruction_gradient,dpir_nominal__score__reconstruction_gradient,operational,0.5,40,0.00032639902591269506,0.00022564243824922493,0.0004490126471199439,0.00013906003628899624,8.185062813991263e-05,0.0002096935751274432,0.04453125,0.022065429687500006,0.0720703125,0.0109375,0.0025390625,0.0216796875,0.0,0.0,0.0
j75_b16_n2,dpir_nominal,textured_quartile,reconstruction_gradient,dpir_nominal__score__reconstruction_gradient,operational,0.75,40,0.0004118971178486263,0.0002866560570737803,0.0005589955083593343,0.0002045618026158473,0.0001222893439694848,0.0003044798016827321,0.07096354166666663,0.039583333333333304,0.1087239583333333,0.020052083333333314,0.007291666666666657,0.03594075520833327,0.0001302083333333325,0.0,0.0003906249999999975
j75_b16_n2,dpir_nominal,textured_quartile,reconstruction_gradient,dpir_nominal__score__reconstruction_gradient,operational,0.9,40,0.0005153389956320343,0.0003647801263456682,0.000694691127681768,0.00028684988558954564,0.00017823031197022464,0.0004185148804142531,0.0952380952380952,0.05854707792207788,0.13820346320346316,0.03344155844155842,0.015367965367965346,0.055952380952380934,0.0005411255411255399,0.0,0.0015151515151515123
j75_b16_n2,dpir_nominal,textured_quartile,reconstruction_gradient,dpir_nominal__score__reconstruction_gradient,operational,1.0,40,0.0006465276306768428,0.0004715307239644731,0.0008518725474197618,0.00039233010861603964,0.000258852235774292,0.000548892251469118,0.12138671875,0.08251953125,0.16591796875,0.0478515625,0.02607421875,0.07392578125,0.00205078125,0.000390625,0.00419921875
j75_b16_n2,fbcnn_dpir_nominal,all,expected_random,fbcnn_dpir_nominal__expected_random,evaluation_only,0.5,40,0.00010633132468434287,8.113524473390731e-05,0.0001362935599660048,1.2783605059686664e-05,9.221624990807145e-06,1.6966288324134905e-05,0.0,0.0,0.0,0.0,0.0,0.0,0.0,0.0,0.0
j75_b16_n2,fbcnn_dpir_nominal,all,expected_random,fbcnn_dpir_nominal__expected_random,evaluation_only,0.75,40,0.00010633132468434287,8.113524473390731e-05,0.0001362935599660048,1.2783605059686664e-05,9.221624990807145e-06,1.6966288324134905e-05,0.0,0.0,0.0,0.0,0.0,0.0,0.0,0.0,0.0
j75_b16_n2,fbcnn_dpir_nominal,all,expected_random,fbcnn_dpir_nominal__expected_random,evaluation_only,0.9,40,0.00010633132468434287,8.113524473390731e-05,0.0001362935599660048,1.2783605059686664e-05,9.221624990807145e-06,1.6966288324134905e-05,0.0,0.0,0.0,0.0,0.0,0.0,0.0,0.0,0.0
j75_b16_n2,fbcnn_dpir_nominal,all,expected_random,fbcnn_dpir_nominal__expected_random,evaluation_only,1.0,40,0.00010633132468434287,8.113524473390731e-05,0.0001362935599660048,1.2783605059686664e-05,9.221624990807145e-06,1.6966288324134905e-05,0.0,0.0,0.0,0.0,0.0,0.0,0.0,0.0,0.0
j75_b16_n2,fbcnn_dpir_nominal,all,image_transform_spread_detail,fbcnn_dpir_nominal__score__image_transform_spread_detail,operational,0.5,40,4.6535531026516156e-05,3.234797473371115e-05,6.52384157144666e-05,5.814734535170369e-06,3.854162509879206e-06,8.504083335807005e-06,0.0,0.0,0.0,0.0,0.0,0.0,0.0,0.0,0.0
j75_b16_n2,fbcnn_dpir_nominal,all,image_transform_spread_detail,fbcnn_dpir_nominal__score__image_transform_spread_detail,operational,0.75,40,6.716643293134828e-05,4.8863314286269274e-05,8.935115500020167e-05,8.303147153216612e-06,5.775083979804327e-06,1.1450943756763626e-05,0.0,0.0,0.0,0.0,0.0,0.0,0.0,0.0,0.0
j75_b16_n2,fbcnn_dpir_nominal,all,image_transform_spread_detail,fbcnn_dpir_nominal__score__image_transform_spread_detail,operational,0.9,40,8.562918103447279e-05,6.358478796868223e-05,0.00011195474589042286,1.0422360377944345e-05,7.331969178641696e-06,1.4097554526696626e-05,0.0,0.0,0.0,0.0,0.0,0.0,0.0,0.0,0.0
j75_b16_n2,fbcnn_dpir_nominal,all,image_transform_spread_detail,fbcnn_dpir_nominal__score__image_transform_spread_detail,operational,1.0,40,0.0001063313246843429,8.113524473390731e-05,0.0001362935599660048,1.278360505968666e-05,9.221624990807145e-06,1.6966288324134905e-05,0.0,0.0,0.0,0.0,0.0,0.0,0.0,0.0,0.0
j75_b16_n2,fbcnn_dpir_nominal,all,operator_spread_detail,fbcnn_dpir_nominal__score__operator_spread_detail,operational,0.5,40,4.50388934469495e-05,3.1254271323603236e-05,6.322385374435099e-05,5.555162328304423e-06,3.668098897831174e-06,8.167655458357617e-06,0.0,0.0,0.0,0.0,0.0,0.0,0.0,0.0,0.0
j75_b16_n2,fbcnn_dpir_nominal,all,operator_spread_detail,fbcnn_dpir_nominal__score__operator_spread_detail,operational,0.75,40,6.415339198569281e-05,4.663700076292619e-05,8.570404923402948e-05,7.832616381003718e-06,5.404164615495355e-06,1.0908160764509643e-05,0.0,0.0,0.0,0.0,0.0,0.0,0.0,0.0,0.0
j75_b16_n2,fbcnn_dpir_nominal,all,operator_spread_detail,fbcnn_dpir_nominal__score__operator_spread_detail,operational,0.9,40,8.259953674211257e-05,6.118781110100297e-05,0.0001080502336267749,1.0058563528227485e-05,7.069799300189601e-06,1.3659173407796724e-05,0.0,0.0,0.0,0.0,0.0,0.0,0.0,0.0,0.0
j75_b16_n2,fbcnn_dpir_nominal,all,operator_spread_detail,fbcnn_dpir_nominal__score__operator_spread_detail,operational,1.0,40,0.0001063313246843429,8.113524473390731e-05,0.0001362935599660048,1.2783605059686664e-05,9.221624990807145e-06,1.696628832413491e-05,0.0,0.0,0.0,0.0,0.0,0.0,0.0,0.0,0.0
j75_b16_n2,fbcnn_dpir_nominal,all,operator_spread_rgb,fbcnn_dpir_nominal__score__operator_spread_rgb,operational,0.5,40,4.473371226481022e-05,3.119103540817042e-05,6.249802856666878e-05,5.7003302432498315e-06,3.7667438638827645e-06,8.362040507381345e-06,0.0,0.0,0.0,0.0,0.0,0.0,0.0,0.0,0.0
j75_b16_n2,fbcnn_dpir_nominal,all,operator_spread_rgb,fbcnn_dpir_nominal__score__operator_spread_rgb,operational,0.75,40,6.366844514140728e-05,4.6507173109138325e-05,8.483848020916482e-05,8.0838266806829e-06,5.606202159697665e-06,1.1205236931391021e-05,0.0,0.0,0.0,0.0,0.0,0.0,0.0,0.0,0.0
j75_b16_n2,fbcnn_dpir_nominal,all,operator_spread_rgb,fbcnn_dpir_nominal__score__operator_spread_rgb,operational,0.9,40,8.185013625515704e-05,6.058046342855261e-05,0.00010727779398378495,1.016629230097695e-05,7.1510677958302754e-06,1.3791168401987768e-05,0.0,0.0,0.0,0.0,0.0,0.0,0.0,0.0,0.0
j75_b16_n2,fbcnn_dpir_nominal,all,operator_spread_rgb,fbcnn_dpir_nominal__score__operator_spread_rgb,operational,1.0,40,0.0001063313246843429,8.11352447339073e-05,0.0001362935599660048,1.278360505968666e-05,9.221624990807145e-06,1.6966288324134905e-05,0.0,0.0,0.0,0.0,0.0,0.0,0.0,0.0,0.0
j75_b16_n2,fbcnn_dpir_nominal,all,oracle_detail_error,fbcnn_dpir_nominal__oracle_detail_error,evaluation_only,0.5,40,4.2693044222478645e-05,2.9531458804044326e-05,5.98593598198156e-05,4.910097522115404e-06,3.227942479968497e-06,7.255567264671549e-06,0.0,0.0,0.0,0.0,0.0,0.0,0.0,0.0,0.0
j75_b16_n2,fbcnn_dpir_nominal,all,oracle_detail_error,fbcnn_dpir_nominal__oracle_detail_error,evaluation_only,0.75,40,6.220519609548703e-05,4.523149812385699e-05,8.3119933581867e-05,7.162000625813309e-06,4.9151866872708435e-06,1.0060169081211958e-05,0.0,0.0,0.0,0.0,0.0,0.0,0.0,0.0,0.0
j75_b16_n2,fbcnn_dpir_nominal,all,oracle_detail_error,fbcnn_dpir_nominal__oracle_detail_error,evaluation_only,0.9,40,8.164746410754791e-05,6.046072241881421e-05,0.00010699693087529893,9.528338265070764e-06,6.6672913070251615e-06,1.2994769894900126e-05,0.0,0.0,0.0,0.0,0.0,0.0,0.0,0.0,0.0
j75_b16_n2,fbcnn_dpir_nominal,all,oracle_detail_error,fbcnn_dpir_nominal__oracle_detail_error,evaluation_only,1.0,40,0.0001063313246843429,8.113524473390731e-05,0.0001362935599660048,1.278360505968666e-05,9.221624990807145e-06,1.6966288324134905e-05,0.0,0.0,0.0,0.0,0.0,0.0,0.0,0.0,0.0
j75_b16_n2,fbcnn_dpir_nominal,all,original_measurement_residual,fbcnn_dpir_nominal__score__original_measurement_residual,operational,0.5,40,5.466694600557167e-05,3.876982022941788e-05,7.522253549342988e-05,7.1360091587663636e-06,4.7492390958290795e-06,1.024632522933842e-05,0.0,0.0,0.0,0.0,0.0,0.0,0.0,0.0,0.0
j75_b16_n2,fbcnn_dpir_nominal,all,original_measurement_residual,fbcnn_dpir_nominal__score__original_measurement_residual,operational,0.75,40,7.316972361506948e-05,5.3642129830539066e-05,9.660387939803429e-05,9.121699375093538e-06,6.331279917527384e-06,1.259574982382968e-05,0.0,0.0,0.0,0.0,0.0,0.0,0.0,0.0,0.0
j75_b16_n2,fbcnn_dpir_nominal,all,original_measurement_residual,fbcnn_dpir_nominal__score__original_measurement_residual,operational,0.9,40,8.925426610023208e-05,6.649486881865526e-05,0.00011615786010784726,1.0781906648992733e-05,7.613963301104416e-06,1.4568303885777341e-05,0.0,0.0,0.0,0.0,0.0,0.0,0.0,0.0,0.0
j75_b16_n2,fbcnn_dpir_nominal,all,original_measurement_residual,fbcnn_dpir_nominal__score__original_measurement_residual,operational,1.0,40,0.0001063313246843429,8.113524473390731e-05,0.0001362935599660048,1.2783605059686664e-05,9.221624990807145e-06,1.696628832413491e-05,0.0,0.0,0.0,0.0,0.0,0.0,0.0,0.0,0.0
j75_b16_n2,fbcnn_dpir_nominal,all,reconstruction_gradient,fbcnn_dpir_nominal__score__reconstruction_gradient,operational,0.5,40,4.8987039627924e-05,3.433887060964157e-05,6.81186124775472e-05,6.418728103502241e-06,4.225165225584575e-06,9.402364135118875e-06,0.0,0.0,0.0,0.0,0.0,0.0,0.0,0.0,0.0
j75_b16_n2,fbcnn_dpir_nominal,all,reconstruction_gradient,fbcnn_dpir_nominal__score__reconstruction_gradient,operational,0.75,40,6.869727067876099e-05,5.023867402054317e-05,9.108982646780178e-05,8.999881953276608e-06,6.2621101945335885e-06,1.2426674157927805e-05,0.0,0.0,0.0,0.0,0.0,0.0,0.0,0.0,0.0
j75_b16_n2,fbcnn_dpir_nominal,all,reconstruction_gradient,fbcnn_dpir_nominal__score__reconstruction_gradient,operational,0.9,40,8.677812834894085e-05,6.410648076632829e-05,0.00011360626591434783,1.097060848967458e-05,7.66376365515191e-06,1.491901640628347e-05,0.0,0.0,0.0,0.0,0.0,0.0,0.0,0.0,0.0
j75_b16_n2,fbcnn_dpir_nominal,all,reconstruction_gradient,fbcnn_dpir_nominal__score__reconstruction_gradient,operational,1.0,40,0.0001063313246843429,8.11352447339073e-05,0.0001362935599660048,1.2783605059686664e-05,9.221624990807145e-06,1.6966288324134905e-05,0.0,0.0,0.0,0.0,0.0,0.0,0.0,0.0,0.0
j75_b16_n2,fbcnn_dpir_nominal,all,trained_image_only_patcherrornet_ensemble,fbcnn_dpir_nominal__trained_image_only_patcherrornet_ensemble,operational,0.5,40,5.699154380604562e-05,4.0857090452548174e-05,7.877490806237428e-05,7.525141337995644e-06,4.946381679615169e-06,1.0947196283929643e-05,0.0,0.0,0.0,0.0,0.0,0.0,0.0,0.0,0.0
j75_b16_n2,fbcnn_dpir_nominal,all,trained_image_only_patcherrornet_ensemble,fbcnn_dpir_nominal__trained_image_only_patcherrornet_ensemble,operational,0.75,40,7.060503428665123e-05,5.211787522024286e-05,9.35281229774535e-05,9.106694490291668e-06,6.3629197909889225e-06,1.2538753992991499e-05,0.0,0.0,0.0,0.0,0.0,0.0,0.0,0.0,0.0
j75_b16_n2,fbcnn_dpir_nominal,all,trained_image_only_patcherrornet_ensemble,fbcnn_dpir_nominal__trained_image_only_patcherrornet_ensemble,operational,0.9,40,8.581558912915361e-05,6.399654779111744e-05,0.00011204329331670291,1.0865739945713375e-05,7.675123729257085e-06,1.4717186013086177e-05,0.0,0.0,0.0,0.0,0.0,0.0,0.0,0.0,0.0
j75_b16_n2,fbcnn_dpir_nominal,all,trained_image_only_patcherrornet_ensemble,fbcnn_dpir_nominal__trained_image_only_patcherrornet_ensemble,operational,1.0,40,0.0001063313246843429,8.113524473390731e-05,0.0001362935599660048,1.2783605059686664e-05,9.221624990807145e-06,1.6966288324134905e-05,0.0,0.0,0.0,0.0,0.0,0.0,0.0,0.0,0.0
j75_b16_n2,fbcnn_dpir_nominal,textured_quartile,expected_random,fbcnn_dpir_nominal__expected_random,evaluation_only,0.5,40,0.00023030898369672085,0.00017303298344932978,0.0002967555523198224,2.6233444188419236e-05,1.871174311767951e-05,3.491756619752552e-05,0.0,0.0,0.0,0.0,0.0,0.0,0.0,0.0,0.0
j75_b16_n2,fbcnn_dpir_nominal,textured_quartile,expected_random,fbcnn_dpir_nominal__expected_random,evaluation_only,0.75,40,0.00023030898369672085,0.00017303298344932978,0.0002967555523198224,2.6233444188419236e-05,1.871174311767951e-05,3.491756619752552e-05,0.0,0.0,0.0,0.0,0.0,0.0,0.0,0.0,0.0
j75_b16_n2,fbcnn_dpir_nominal,textured_quartile,expected_random,fbcnn_dpir_nominal__expected_random,evaluation_only,0.9,40,0.00023030898369672085,0.00017303298344932978,0.0002967555523198224,2.6233444188419236e-05,1.871174311767951e-05,3.491756619752552e-05,0.0,0.0,0.0,0.0,0.0,0.0,0.0,0.0,0.0
j75_b16_n2,fbcnn_dpir_nominal,textured_quartile,expected_random,fbcnn_dpir_nominal__expected_random,evaluation_only,1.0,40,0.00023030898369672085,0.00017303298344932978,0.0002967555523198224,2.6233444188419236e-05,1.871174311767951e-05,3.491756619752552e-05,0.0,0.0,0.0,0.0,0.0,0.0,0.0,0.0,0.0
j75_b16_n2,fbcnn_dpir_nominal,textured_quartile,image_transform_spread_detail,fbcnn_dpir_nominal__score__image_transform_spread_detail,operational,0.5,40,0.00016705773442494894,0.0001214257199931931,0.00022128797414643013,1.9114064982584e-05,1.3042443304392152e-05,2.616039491858445e-05,0.0,0.0,0.0,0.0,0.0,0.0,0.0,0.0,0.0
j75_b16_n2,fbcnn_dpir_nominal,textured_quartile,image_transform_spread_detail,fbcnn_dpir_nominal__score__image_transform_spread_detail,operational,0.75,40,0.00019355248526057792,0.00014176434756529483,0.0002545583884777206,2.2014346705989662e-05,1.5321958190320282e-05,2.988318875107798e-05,0.0,0.0,0.0,0.0,0.0,0.0,0.0,0.0,0.0
j75_b16_n2,fbcnn_dpir_nominal,textured_quartile,image_transform_spread_detail,fbcnn_dpir_nominal__score__image_transform_spread_detail,operational,0.9,40,0.0002144763410872476,0.000159149473505746,0.00027930327497538166,2.4338165477221962e-05,1.718576306414887e-05,3.267873303077828e-05,0.0,0.0,0.0,0.0,0.0,0.0,0.0,0.0,0.0
j75_b16_n2,fbcnn_dpir_nominal,textured_quartile,image_transform_spread_detail,fbcnn_dpir_nominal__score__image_transform_spread_detail,operational,1.0,40,0.00023030898369672085,0.00017303298344932978,0.0002967555523198224,2.6233444188419236e-05,1.871174311767951e-05,3.491756619752552e-05,0.0,0.0,0.0,0.0,0.0,0.0,0.0,0.0,0.0
j75_b16_n2,fbcnn_dpir_nominal,textured_quartile,operator_spread_detail,fbcnn_dpir_nominal__score__operator_spread_detail,operational,0.5,40,0.00015467415384058016,0.0001124274087920205,0.00020446456610927237,1.7154904721952613e-05,1.1707416498603408e-05,2.3497171642214458e-05,0.0,0.0,0.0,0.0,0.0,0.0,0.0,0.0,0.0
j75_b16_n2,fbcnn_dpir_nominal,textured_quartile,operator_spread_detail,fbcnn_dpir_nominal__score__operator_spread_detail,operational,0.75,40,0.00018381604302899313,0.0001350278146742279,0.00024142184293054794,2.095808627791227e-05,1.450084322136452e-05,2.8575710755007163e-05,0.0,0.0,0.0,0.0,0.0,0.0,0.0,0.0,0.0
j75_b16_n2,fbcnn_dpir_nominal,textured_quartile,operator_spread_detail,fbcnn_dpir_nominal__score__operator_spread_detail,operational,0.9,40,0.00020777481364058986,0.00015413353230099417,0.00027036104501677746,2.3531051229355524e-05,1.6486022957599747e-05,3.181763281948823e-05,0.0,0.0,0.0,0.0,0.0,0.0,0.0,0.0,0.0
j75_b16_n2,fbcnn_dpir_nominal,textured_quartile,operator_spread_detail,fbcnn_dpir_nominal__score__operator_spread_detail,operational,1.0,40,0.00023030898369672085,0.00017303298344932978,0.0002967555523198224,2.6233444188419236e-05,1.871174311767951e-05,3.491756619752552e-05,0.0,0.0,0.0,0.0,0.0,0.0,0.0,0.0,0.0
j75_b16_n2,fbcnn_dpir_nominal,textured_quartile,operator_spread_rgb,fbcnn_dpir_nominal__score__operator_spread_rgb,operational,0.5,40,0.0001548221922796212,0.00011243515452711538,0.00020481430876312932,1.844314563765922e-05,1.2524624287962375e-05,2.533069786435004e-05,0.0,0.0,0.0,0.0,0.0,0.0,0.0,0.0,0.0
j75_b16_n2,fbcnn_dpir_nominal,textured_quartile,operator_spread_rgb,fbcnn_dpir_nominal__score__operator_spread_rgb,operational,0.75,40,0.0001812508639551128,0.00013310199323524156,0.00023793711902609028,2.1459404926110795e-05,1.4876750553174197e-05,2.9164584700358362e-05,0.0,0.0,0.0,0.0,0.0,0.0,0.0,0.0,0.0
j75_b16_n2,fbcnn_dpir_nominal,textured_quartile,operator_spread_rgb,fbcnn_dpir_nominal__score__operator_spread_rgb,operational,0.9,40,0.00020496024378827623,0.00015196485993776256,0.00026690727599381123,2.3692905551582067e-05,1.661545058759747e-05,3.2004743685537727e-05,0.0,0.0,0.0,0.0,0.0,0.0,0.0,0.0,0.0
j75_b16_n2,fbcnn_dpir_nominal,textured_quartile,operator_spread_rgb,fbcnn_dpir_nominal__score__operator_spread_rgb,operational,1.0,40,0.00023030898369672085,0.00017303298344932978,0.0002967555523198224,2.6233444188419236e-05,1.871174311767951e-05,3.491756619752552e-05,0.0,0.0,0.0,0.0,0.0,0.0,0.0,0.0,0.0
j75_b16_n2,fbcnn_dpir_nominal,textured_quartile,oracle_detail_error,fbcnn_dpir_nominal__oracle_detail_error,evaluation_only,0.5,40,0.00014942859162746396,0.00010775215668881488,0.00019910086808220309,1.4626640551519834e-05,1.0008090748166172e-05,2.0211364333696862e-05,0.0,0.0,0.0,0.0,0.0,0.0,0.0,0.0,0.0
j75_b16_n2,fbcnn_dpir_nominal,textured_quartile,oracle_detail_error,fbcnn_dpir_nominal__oracle_detail_error,evaluation_only,0.75,40,0.0001809473987544432,0.0001318884054366965,0.00023866239657564122,1.889711093735866e-05,1.3043343806397579e-05,2.582802793147316e-05,0.0,0.0,0.0,0.0,0.0,0.0,0.0,0.0,0.0
j75_b16_n2,fbcnn_dpir_nominal,textured_quartile,oracle_detail_error,fbcnn_dpir_nominal__oracle_detail_error,evaluation_only,0.9,40,0.00020646982490703076,0.00015252814890335108,0.000269738508616481,2.23476456628598e-05,1.5680752613298813e-05,3.0193822386066432e-05,0.0,0.0,0.0,0.0,0.0,0.0,0.0,0.0,0.0
j75_b16_n2,fbcnn_dpir_nominal,textured_quartile,oracle_detail_error,fbcnn_dpir_nominal__oracle_detail_error,evaluation_only,1.0,40,0.00023030898369672085,0.00017303298344932978,0.0002967555523198224,2.6233444188419236e-05,1.8711743117679507e-05,3.491756619752552e-05,0.0,0.0,0.0,0.0,0.0,0.0,0.0,0.0,0.0
j75_b16_n2,fbcnn_dpir_nominal,textured_quartile,original_measurement_residual,fbcnn_dpir_nominal__score__original_measurement_residual,operational,0.5,40,0.00018617615619458282,0.00013648195608657393,0.0002444568726841409,2.1547544408273035e-05,1.4783914667176977e-05,2.948899123393499e-05,0.0,0.0,0.0,0.0,0.0,0.0,0.0,0.0,0.0
j75_b16_n2,fbcnn_dpir_nominal,textured_quartile,original_measurement_residual,fbcnn_dpir_nominal__score__original_measurement_residual,operational,0.75,40,0.00020415456777003876,0.000151615768932946,0.0002652808005098615,2.3076775192553852e-05,1.630956290916159e-05,3.1021874594219936e-05,0.0,0.0,0.0,0.0,0.0,0.0,0.0,0.0,0.0
j75_b16_n2,fbcnn_dpir_nominal,textured_quartile,original_measurement_residual,fbcnn_dpir_nominal__score__original_measurement_residual,operational,0.9,40,0.00021863863386431537,0.00016256078520934374,0.00028417165439365813,2.465400323427877e-05,1.7451943975679192e-05,3.3059247266173814e-05,0.0,0.0,0.0,0.0,0.0,0.0,0.0,0.0,0.0
j75_b16_n2,fbcnn_dpir_nominal,textured_quartile,original_measurement_residual,fbcnn_dpir_nominal__score__original_measurement_residual,operational,1.0,40,0.00023030898369672085,0.00017303298344932978,0.0002967555523198224,2.6233444188419236e-05,1.871174311767951e-05,3.491756619752552e-05,0.0,0.0,0.0,0.0,0.0,0.0,0.0,0.0,0.0
j75_b16_n2,fbcnn_dpir_nominal,textured_quartile,reconstruction_gradient,fbcnn_dpir_nominal__score__reconstruction_gradient,operational,0.5,40,0.00019149068430229115,0.00013426093907215438,0.00025954322499196364,2.4388343587006073e-05,1.593252077728396e-05,3.46691464929639e-05,0.0,0.0,0.0,0.0,0.0,0.0,0.0,0.0,0.0
j75_b16_n2,fbcnn_dpir_nominal,textured_quartile,reconstruction_gradient,fbcnn_dpir_nominal__score__reconstruction_gradient,operational,0.75,40,0.00020198199997015987,0.00014509746330967034,0.0002692694893916057,2.429583692068462e-05,1.6505796660441204e-05,3.3618401637046276e-05,0.0,0.0,0.0,0.0,0.0,0.0,0.0,0.0,0.0
j75_b16_n2,fbcnn_dpir_nominal,textured_quartile,reconstruction_gradient,fbcnn_dpir_nominal__score__reconstruction_gradient,operational,0.9,40,0.00021415760066169346,0.00015759233282580177,0.00028016663539470835,2.494429302408078e-05,1.7379366378023014e-05,3.382138662742075e-05,0.0,0.0,0.0,0.0,0.0,0.0,0.0,0.0,0.0
j75_b16_n2,fbcnn_dpir_nominal,textured_quartile,reconstruction_gradient,fbcnn_dpir_nominal__score__reconstruction_gradient,operational,1.0,40,0.00023030898369672085,0.00017303298344932978,0.0002967555523198224,2.6233444188419236e-05,1.871174311767951e-05,3.491756619752552e-05,0.0,0.0,0.0,0.0,0.0,0.0,0.0,0.0,0.0
j75_b16_n2,fbcnn_dpir_nominal,textured_quartile,trained_image_only_patcherrornet_ensemble,fbcnn_dpir_nominal__trained_image_only_patcherrornet_ensemble,operational,0.5,40,0.00017961790491454014,0.00013117599289043543,0.0002376968314167689,2.2751506191257157e-05,1.553109318021048e-05,3.140470370757981e-05,0.0,0.0,0.0,0.0,0.0,0.0,0.0,0.0,0.0
j75_b16_n2,fbcnn_dpir_nominal,textured_quartile,trained_image_only_patcherrornet_ensemble,fbcnn_dpir_nominal__trained_image_only_patcherrornet_ensemble,operational,0.75,40,0.00019413921657122349,0.00014314370879352274,0.00025426802497138904,2.3631533534181134e-05,1.6422873412912784e-05,3.217392807193049e-05,0.0,0.0,0.0,0.0,0.0,0.0,0.0,0.0,0.0
j75_b16_n2,fbcnn_dpir_nominal,textured_quartile,trained_image_only_patcherrornet_ensemble,fbcnn_dpir_nominal__trained_image_only_patcherrornet_ensemble,operational,0.9,40,0.00021102240941532226,0.00015691890736561857,0.00027419695956310735,2.479923301469056e-05,1.7392552834336363e-05,3.3487610805909106e-05,0.0,0.0,0.0,0.0,0.0,0.0,0.0,0.0,0.0
j75_b16_n2,fbcnn_dpir_nominal,textured_quartile,trained_image_only_patcherrornet_ensemble,fbcnn_dpir_nominal__trained_image_only_patcherrornet_ensemble,operational,1.0,40,0.00023030898369672085,0.00017303298344932978,0.0002967555523198224,2.623344418841923e-05,1.871174311767951e-05,3.491756619752552e-05,0.0,0.0,0.0,0.0,0.0,0.0,0.0,0.0,0.0
j75_b16_n5,dpir_nominal,all,expected_random,dpir_nominal__expected_random,evaluation_only,0.5,40,0.0009697566274367326,0.0008711988467294074,0.0010922921030967051,0.00060543668214079,0.0005322634591024237,0.0006983978517503631,0.2525390625,0.2177001953125,0.29279907226562496,0.0332763671875,0.021826171875,0.048169555664062495,0.0015380859375,0.000927734375,0.002294921875
j75_b16_n5,dpir_nominal,all,expected_random,dpir_nominal__expected_random,evaluation_only,0.75,40,0.0009697566274367326,0.0008711988467294074,0.0010922921030967051,0.00060543668214079,0.0005322634591024237,0.0006983978517503631,0.2525390625,0.2177001953125,0.29279907226562496,0.0332763671875,0.021826171875,0.048169555664062495,0.0015380859375,0.000927734375,0.002294921875
j75_b16_n5,dpir_nominal,all,expected_random,dpir_nominal__expected_random,evaluation_only,0.9,40,0.0009697566274367326,0.0008711988467294074,0.0010922921030967051,0.00060543668214079,0.0005322634591024237,0.0006983978517503631,0.2525390625,0.2177001953125,0.29279907226562496,0.0332763671875,0.021826171875,0.048169555664062495,0.0015380859375,0.000927734375,0.002294921875
j75_b16_n5,dpir_nominal,all,expected_random,dpir_nominal__expected_random,evaluation_only,1.0,40,0.0009697566274367326,0.0008711988467294074,0.0010922921030967051,0.00060543668214079,0.0005322634591024237,0.0006983978517503631,0.2525390625,0.2177001953125,0.29279907226562496,0.0332763671875,0.021826171875,0.048169555664062495,0.0015380859375,0.000927734375,0.002294921875
j75_b16_n5,dpir_nominal,all,image_transform_spread_detail,dpir_nominal__score__image_transform_spread_detail,operational,0.5,40,0.0005008198124595525,0.000454341097102428,0.0005581266336015841,0.00024187888265345,0.0002142569381803358,0.00027802218703897546,0.032568359375,0.013916015625,0.05888793945312498,0.001025390625,9.765625e-05,0.002685546875,0.0,0.0,0.0
j75_b16_n5,dpir_nominal,all,image_transform_spread_detail,dpir_nominal__score__image_transform_spread_detail,operational,0.75,40,0.0006534654884934625,0.0005890592029575964,0.0007368899189250551,0.00035061560130405497,0.00030778718152264323,0.00040883979826454516,0.10865885416666665,0.07802652994791665,0.14762451171875,0.004654947916666658,0.001009114583333325,0.011035970052083316,3.25520833333325e-05,0.0,9.765624999999751e-05
j75_b16_n5,dpir_nominal,all,image_transform_spread_detail,dpir_nominal__score__image_transform_spread_detail,operational,0.9,40,0.0007956052449687924,0.000710569861817296,0.0009046449904981355,0.0004617652331422575,0.0004010159228730541,0.0005420318971351962,0.18706616052060734,0.15170824295010843,0.2287425433839479,0.013421908893709302,0.00555856832971798,0.02516268980477221,0.0004609544468546525,0.000162689804772225,0.0008676789587852301
j75_b16_n5,dpir_nominal,all,image_transform_spread_detail,dpir_nominal__score__image_transform_spread_detail,operational,1.0,40,0.0009697566274367326,0.0008711988467294074,0.0010922921030967051,0.00060543668214079,0.0005322634591024237,0.0006983978517503631,0.2525390625,0.2177001953125,0.29279907226562496,0.0332763671875,0.021826171875,0.048169555664062495,0.0015380859375,0.000927734375,0.002294921875
j75_b16_n5,dpir_nominal,all,operator_spread_detail,dpir_nominal__score__operator_spread_detail,operational,0.5,40,0.0004633889739612725,0.00042372775466702336,0.0005105038631052127,0.00021602654897642497,0.00019443974161416412,0.00024321249101432805,0.015869140625,0.002294921875,0.0380859375,0.0,0.0,0.0,0.0,0.0,0.0
j75_b16_n5,dpir_nominal,all,operator_spread_detail,dpir_nominal__score__operator_spread_detail,operational,0.75,40,0.0006090718357177249,0.0005538847250170444,0.0006795886483534557,0.00031562385466955996,0.0002813076309274048,0.00036154701805351836,0.07783203124999996,0.047850748697916626,0.1167008463541666,0.0012369791666666627,3.25520833333325e-05,0.0035481770833333246,0.0,0.0,0.0
j75_b16_n5,dpir_nominal,all,operator_spread_detail,dpir_nominal__score__operator_spread_detail,operational,0.9,40,0.0007434943029783574,0.0006716374001395167,0.0008362498822530066,0.0004174556955630749,0.0003683958208952299,0.0004820760692854885,0.17353579175704986,0.1359808839479392,0.2173291757049891,0.006182212581344886,0.0008947939262472775,0.015374186550976124,0.0,0.0,0.0
j75_b16_n5,dpir_nominal,all,operator_spread_detail,dpir_nominal__score__operator_spread_detail,operational,1.0,40,0.0009697566274367326,0.0008711988467294074,0.0010922921030967051,0.00060543668214079,0.0005322634591024237,0.0006983978517503631,0.2525390625,0.2177001953125,0.29279907226562496,0.0332763671875,0.021826171875,0.048169555664062495,0.0015380859375,0.000927734375,0.002294921875
j75_b16_n5,dpir_nominal,all,operator_spread_rgb,dpir_nominal__score__operator_spread_rgb,operational,0.5,40,0.00046176806804126,0.00042211843493837907,0.0005089167376997336,0.0002171707903173425,0.00019529286534042444,0.00024450640147735583,0.017431640625,0.00361328125,0.039453125,0.0,0.0,0.0,0.0,0.0,0.0
j75_b16_n5,dpir_nominal,all,operator_spread_rgb,dpir_nominal__score__operator_spread_rgb,operational,0.75,40,0.0006095950999985399,0.0005544548510547798,0.0006799460554285739,0.000317436119819105,0.0002828706979554536,0.00036342495549966897,0.07978515624999998,0.04996744791666664,0.11858805338541663,0.0013671874999999951,3.25520833333325e-05,0.0038736979166666572,0.0,0.0,0.0
j75_b16_n5,dpir_nominal,all,operator_spread_rgb,dpir_nominal__score__operator_spread_rgb,operational,0.9,40,0.000744397291007865,0.0006722483533917648,0.0008375272168533015,0.00041891788748498,0.0003695332041277881,0.0004838833319877669,0.1734815618221258,0.13595309110629064,0.21735357917570494,0.006399132321041198,0.0010574837310195074,0.015591106290672434,0.0,0.0,0.0
j75_b16_n5,dpir_nominal,all,operator_spread_rgb,dpir_nominal__score__operator_spread_rgb,operational,1.0,40,0.0009697566274367326,0.0008711988467294074,0.0010922921030967051,0.00060543668214079,0.0005322634591024237,0.0006983978517503631,0.2525390625,0.2177001953125,0.29279907226562496,0.0332763671875,0.021826171875,0.048169555664062495,0.0015380859375,0.000927734375,0.002294921875
j75_b16_n5,dpir_nominal,all,oracle_detail_error,dpir_nominal__oracle_detail_error,evaluation_only,0.5,40,0.00045227288197650006,0.0004136555118851127,0.0004979210594380822,0.00020654436895080247,0.00018632027872466606,0.00023174345780138878,0.010791015625,0.0,0.03076171875,0.0,0.0,0.0,0.0,0.0,0.0
j75_b16_n5,dpir_nominal,all,oracle_detail_error,dpir_nominal__oracle_detail_error,evaluation_only,0.75,40,0.0005975689308702174,0.0005437400093364265,0.000666540305110489,0.00030441193573642995,0.0002717944912530822,0.00034820645607654,0.06380208333333333,0.03232421874999999,0.10393880208333331,0.0,0.0,0.0,0.0,0.0,0.0
j75_b16_n5,dpir_nominal,all,oracle_detail_error,dpir_nominal__oracle_detail_error,evaluation_only,0.9,40,0.0007327050267996176,0.0006620199208518884,0.0008238019378637165,0.00040657853478718,0.00035890699617648796,0.0004694955626405102,0.1700650759219089,0.13137133947939256,0.21461700108459864,0.004934924078091105,0.0,0.013964208242950105,0.0,0.0,0.0
j75_b16_n5,dpir_nominal,all,oracle_detail_error,dpir_nominal__oracle_detail_error,evaluation_only,1.0,40,0.0009697566274367326,0.0008711988467294074,0.0010922921030967051,0.00060543668214079,0.0005322634591024237,0.0006983978517503631,0.2525390625,0.2177001953125,0.29279907226562496,0.0332763671875,0.021826171875,0.048169555664062495,0.0015380859375,0.000927734375,0.002294921875
j75_b16_n5,dpir_nominal,all,original_measurement_residual,dpir_nominal__score__original_measurement_residual,operational,0.5,40,0.0006665247197498,0.0006051377196234796,0.0007390570700362882,0.0003844572939285475,0.0003407441024029435,0.0004375179520563951,0.137890625,0.1095703125,0.17134033203124996,0.009326171875,0.00498046875,0.015283203125,0.000341796875,4.8828125e-05,0.000732421875
j75_b16_n5,dpir_nominal,all,original_measurement_residual,dpir_nominal__score__original_measurement_residual,operational,0.75,40,0.000781778617712695,0.0007078024915570949,0.000873221853445672,0.0004656245822591775,0.00041236862377136635,0.0005320902962868336,0.18590494791666662,0.15465494791666662,0.2237312825520833,0.016634114583333304,0.009602864583333304,0.0262703450520833,0.0005533854166666575,0.00019531249999999502,0.0010742187499999827
j75_b16_n5,dpir_nominal,all,original_measurement_residual,dpir_nominal__score__original_measurement_residual,operational,0.9,40,0.0008645411825974924,0.0007806697800414579,0.000968331346367627,0.0005243777850591051,0.00046331149690536624,0.0006006482993371084,0.2200108459869848,0.18674010303687633,0.2594665130151843,0.022939262472884987,0.014018438177874145,0.034844088937093204,0.0007049891540130001,0.00029826464208242,0.00130151843817785
j75_b16_n5,dpir_nominal,all,original_measurement_residual,dpir_nominal__score__original_measurement_residual,operational,1.0,40,0.0009697566274367326,0.0008711988467294074,0.0010922921030967051,0.00060543668214079,0.0005322634591024237,0.0006983978517503631,0.2525390625,0.2177001953125,0.29279907226562496,0.0332763671875,0.021826171875,0.048169555664062495,0.0015380859375,0.000927734375,0.002294921875
j75_b16_n5,dpir_nominal,all,reconstruction_gradient,dpir_nominal__score__reconstruction_gradient,operational,0.5,40,0.00048477303739513254,0.0004384132116741637,0.0005404194419239864,0.0002473407183547425,0.0002172359199395791,0.0002852515578295712,0.039697265625,0.018944091796875,0.06796875,0.001123046875,0.0001953125,0.00244140625,0.0,0.0,0.0
j75_b16_n5,dpir_nominal,all,reconstruction_gradient,dpir_nominal__score__reconstruction_gradient,operational,0.75,40,0.0006387049890577825,0.0005764399464909918,0.0007168401346286838,0.000353001692635615,0.0003097174462842119,0.00040937104783712533,0.11110026041666662,0.0789388020833333,0.1511726888020833,0.004882812499999984,0.0008463541666666574,0.011132812499999981,0.0,0.0,0.0
j75_b16_n5,dpir_nominal,all,reconstruction_gradient,dpir_nominal__score__reconstruction_gradient,operational,0.9,40,0.0007725408765514349,0.00069477737161414,0.0008703300222578366,0.0004492351911751525,0.0003942039011470854,0.0005207304577426846,0.18695770065075917,0.15122017353579173,0.2292312906724512,0.011279826464208208,0.0041485900216919475,0.02226138828633402,2.7114967462037503e-05,0.0,8.13449023861125e-05
j75_b16_n5,dpir_nominal,all,reconstruction_gradient,dpir_nominal__score__reconstruction_gradient,operational,1.0,40,0.0009697566274367326,0.0008711988467294074,0.0010922921030967051,0.00060543668214079,0.0005322634591024237,0.0006983978517503631,0.2525390625,0.2177001953125,0.29279907226562496,0.0332763671875,0.021826171875,0.048169555664062495,0.0015380859375,0.000927734375,0.002294921875
j75_b16_n5,dpir_nominal,textured_quartile,expected_random,dpir_nominal__expected_random,evaluation_only,0.5,40,0.0015899625530389552,0.0013475387036539727,0.0018751214839798798,0.00105135138992713,0.000868524865846258,0.0012666202657097292,0.43916015625,0.37734130859375,0.50546875,0.09833984375,0.06611328125,0.13662109375,0.004296875,0.001953125,0.0072265625
j75_b16_n5,dpir_nominal,textured_quartile,expected_random,dpir_nominal__expected_random,evaluation_only,0.75,40,0.0015899625530389552,0.0013475387036539727,0.0018751214839798798,0.00105135138992713,0.000868524865846258,0.0012666202657097292,0.43916015625,0.37734130859375,0.50546875,0.09833984375,0.06611328125,0.13662109375,0.004296875,0.001953125,0.0072265625
j75_b16_n5,dpir_nominal,textured_quartile,expected_random,dpir_nominal__expected_random,evaluation_only,0.9,40,0.0015899625530389552,0.0013475387036539727,0.0018751214839798798,0.00105135138992713,0.000868524865846258,0.0012666202657097292,0.43916015625,0.37734130859375,0.50546875,0.09833984375,0.06611328125,0.13662109375,0.004296875,0.001953125,0.0072265625
j75_b16_n5,dpir_nominal,textured_quartile,expected_random,dpir_nominal__expected_random,evaluation_only,1.0,40,0.0015899625530389552,0.0013475387036539727,0.0018751214839798798,0.00105135138992713,0.000868524865846258,0.0012666202657097292,0.43916015625,0.37734130859375,0.50546875,0.09833984375,0.06611328125,0.13662109375,0.004296875,0.001953125,0.0072265625
j75_b16_n5,dpir_nominal,textured_quartile,image_transform_spread_detail,dpir_nominal__score__image_transform_spread_detail,operational,0.5,40,0.00095569801530642,0.0007714694537872213,0.0011943453978473038,0.0005126290663717925,0.00038981920051398656,0.0006790598476822106,0.18828125,0.1248046875,0.2615234375,0.021875,0.0056640625,0.0482421875,0.00078125,0.0,0.001953125
j75_b16_n5,dpir_nominal,textured_quartile,image_transform_spread_detail,dpir_nominal__score__image_transform_spread_detail,operational,0.75,40,0.00120832184779081,0.0009899841045329892,0.0014756630002687925,0.0007236349171719275,0.0005656253239567942,0.0009236475477624374,0.3118489583333333,0.2440071614583333,0.3860677083333333,0.04466145833333331,0.02005208333333331,0.07760742187499992,0.0018229166666666602,0.0003906249999999975,0.0036458333333333225
j75_b16_n5,dpir_nominal,textured_quartile,image_transform_spread_detail,dpir_nominal__score__image_transform_spread_detail,operational,0.9,40,0.00141388640966436,0.001176114367746522,0.0016964927899545143,0.0008988252821760725,0.0007215678864508848,0.001112171072708603,0.38733766233766237,0.320995670995671,0.4585524891774891,0.07045454545454541,0.04004329004329001,0.10768398268398265,0.0033549783549783425,0.00151515151515151,0.005627705627705611
j75_b16_n5,dpir_nominal,textured_quartile,image_transform_spread_detail,dpir_nominal__score__image_transform_spread_detail,operational,1.0,40,0.0015899625530389552,0.0013475387036539727,0.0018751214839798798,0.00105135138992713,0.000868524865846258,0.0012666202657097292,0.43916015625,0.37734130859375,0.50546875,0.09833984375,0.06611328125,0.13662109375,0.004296875,0.001953125,0.0072265625
j75_b16_n5,dpir_nominal,textured_quartile,operator_spread_detail,dpir_nominal__score__operator_spread_detail,operational,0.5,40,0.0008227869400143174,0.0006919155404586546,0.0009874574096363812,0.00040135313467742244,0.00032848274398130636,0.0004966949091419546,0.1427734375,0.080078125,0.216796875,0.0056640625,0.0,0.016796875,0.0,0.0,0.0
j75_b16_n5,dpir_nominal,textured_quartile,operator_spread_detail,dpir_nominal__score__operator_spread_detail,operational,0.75,40,0.001054228944867805,0.000884147362237854,0.0012620327046230747,0.0005893392294153325,0.0004772002748797203,0.0007294231501732793,0.2830729166666667,0.21132161458333334,0.361328125,0.02031249999999999,0.0036458333333333273,0.04700520833333332,0.0,0.0,0.0
j75_b16_n5,dpir_nominal,textured_quartile,operator_spread_detail,dpir_nominal__score__operator_spread_detail,operational,0.9,40,0.0012830635081554874,0.0010778042401162885,0.0015261337346422156,0.0007826424092959476,0.0006352874292479458,0.0009597528088404992,0.38008658008658014,0.3124431818181818,0.4529247835497835,0.05140692640692639,0.024350649350649328,0.08658008658008655,0.0,0.0,0.0
j75_b16_n5,dpir_nominal,textured_quartile,operator_spread_detail,dpir_nominal__score__operator_spread_detail,operational,1.0,40,0.0015899625530389552,0.0013475387036539727,0.0018751214839798798,0.00105135138992713,0.000868524865846258,0.0012666202657097292,0.43916015625,0.37734130859375,0.50546875,0.09833984375,0.06611328125,0.13662109375,0.004296875,0.001953125,0.0072265625
j75_b16_n5,dpir_nominal,textured_quartile,operator_spread_rgb,dpir_nominal__score__operator_spread_rgb,operational,0.5,40,0.0008230856215376775,0.0006916354504994039,0.0009885872289479363,0.00040417753224828,0.00033015868323038193,0.0005002292280616083,0.1451171875,0.0830029296875,0.21875488281249994,0.005859375,0.0,0.0173828125,0.0,0.0,0.0
j75_b16_n5,dpir_nominal,textured_quartile,operator_spread_rgb,dpir_nominal__score__operator_spread_rgb,operational,0.75,40,0.0010577320729923,0.000886969551321113,0.0012657740668678432,0.0005945678728122124,0.0004814998254815125,0.0007358136769557343,0.283203125,0.2110677083333333,0.3614583333333333,0.021223958333333324,0.004557291666666657,0.04765624999999999,0.0,0.0,0.0
j75_b16_n5,dpir_nominal,textured_quartile,operator_spread_rgb,dpir_nominal__score__operator_spread_rgb,operational,0.9,40,0.0012864510040483126,0.0010808643801949235,0.0015299287549190436,0.0007865979788791475,0.0006388636154516891,0.0009633813493114239,0.37997835497835497,0.31211850649350653,0.4529220779220779,0.0528138528138528,0.02586580086580085,0.08798701298701296,0.0,0.0,0.0
j75_b16_n5,dpir_nominal,textured_quartile,operator_spread_rgb,dpir_nominal__score__operator_spread_rgb,operational,1.0,40,0.0015899625530389552,0.0013475387036539727,0.0018751214839798798,0.00105135138992713,0.000868524865846258,0.0012666202657097292,0.43916015625,0.37734130859375,0.50546875,0.09833984375,0.06611328125,0.13662109375,0.004296875,0.001953125,0.0072265625
j75_b16_n5,dpir_nominal,textured_quartile,oracle_detail_error,dpir_nominal__oracle_detail_error,evaluation_only,0.5,40,0.0008015317056792326,0.0006724650378232468,0.0009634111002623204,0.0003825406586426125,0.0003127015690496664,0.00047463834119861373,0.12109375,0.0572265625,0.1970703125,0.0044921875,0.0,0.0134765625,0.0,0.0,0.0
j75_b16_n5,dpir_nominal,textured_quartile,oracle_detail_error,dpir_nominal__oracle_detail_error,evaluation_only,0.75,40,0.001027424526480745,0.0008613198013519717,0.0012306573694153397,0.00056378348510937,0.00045619889282597786,0.0006986334714655337,0.273046875,0.198046875,0.35390950520833325,0.015104166666666663,0.0,0.040625,0.0,0.0,0.0
j75_b16_n5,dpir_nominal,textured_quartile,oracle_detail_error,dpir_nominal__oracle_detail_error,evaluation_only,0.9,40,0.0012586347883087451,0.0010571767582061669,0.0014982861190552337,0.000758518908572935,0.0006155514223240107,0.0009328428659078518,0.37846320346320345,0.3099540043290043,0.4519480519480519,0.04545454545454544,0.01850649350649349,0.0807359307359307,0.0,0.0,0.0
j75_b16_n5,dpir_nominal,textured_quartile,oracle_detail_error,dpir_nominal__oracle_detail_error,evaluation_only,1.0,40,0.0015899625530389552,0.0013475387036539727,0.0018751214839798798,0.00105135138992713,0.000868524865846258,0.0012666202657097292,0.43916015625,0.37734130859375,0.50546875,0.09833984375,0.06611328125,0.13662109375,0.004296875,0.001953125,0.0072265625
j75_b16_n5,dpir_nominal,textured_quartile,original_measurement_residual,dpir_nominal__score__original_measurement_residual,operational,0.5,40,0.0012796570444843028,0.0010767535424397125,0.0015196640049041493,0.0008122552522887974,0.00066239212612117,0.0009899198163400695,0.348828125,0.2855419921875,0.41796875,0.062890625,0.0375,0.09453125,0.00234375,0.0005859375,0.0048828125
j75_b16_n5,dpir_nominal,textured_quartile,original_measurement_residual,dpir_nominal__score__original_measurement_residual,operational,0.75,40,0.0013887120287085926,0.0011765988935702606,0.0016386204811288077,0.000892929038140575,0.0007365847729628083,0.0010773981684727273,0.38619791666666664,0.32265625,0.4546875,0.07460937499999998,0.04713541666666664,0.10820312499999998,0.002473958333333323,0.0009114583333333275,0.004687499999999985
j75_b16_n5,dpir_nominal,textured_quartile,original_measurement_residual,dpir_nominal__score__original_measurement_residual,operational,0.9,40,0.0014636357889523427,0.0012431442229460308,0.0017249579214808337,0.0009482584753361375,0.0007854157424619039,0.0011405327132377192,0.41352813852813847,0.3512959956709957,0.4801948051948052,0.08235930735930733,0.05335497835497832,0.11785714285714281,0.002597402597402588,0.0009740259740259676,0.004761904761904752
j75_b16_n5,dpir_nominal,textured_quartile,original_measurement_residual,dpir_nominal__score__original_measurement_residual,operational,1.0,40,0.0015899625530389552,0.0013475387036539727,0.0018751214839798798,0.00105135138992713,0.000868524865846258,0.0012666202657097292,0.43916015625,0.37734130859375,0.50546875,0.09833984375,0.06611328125,0.13662109375,0.004296875,0.001953125,0.0072265625
j75_b16_n5,dpir_nominal,textured_quartile,reconstruction_gradient,dpir_nominal__score__reconstruction_gradient,operational,0.5,40,0.0009311543174273851,0.0007678512981912872,0.001138351186482449,0.0005171027051304875,0.00040865967195383076,0.0006579584080093951,0.20703125,0.1435546875,0.280078125,0.0203125,0.0052734375,0.04375,0.0001953125,0.0,0.0005859375
j75_b16_n5,dpir_nominal,textured_quartile,reconstruction_gradient,dpir_nominal__score__reconstruction_gradient,operational,0.75,40,0.0011590664791433576,0.0009657966168027822,0.001393121424946893,0.0006979533673327849,0.0005611879987153347,0.0008667828879477194,0.31588541666666664,0.2484375,0.38971354166666666,0.04205729166666665,0.01953124999999998,0.0723958333333333,0.000260416666666665,0.0,0.0006510416666666625
j75_b16_n5,dpir_nominal,textured_quartile,reconstruction_gradient,dpir_nominal__score__reconstruction_gradient,operational,0.9,40,0.0013498484565142876,0.0011336801099179309,0.0016089845052965495,0.0008519289918242177,0.0006918088542708766,0.0010450641351249094,0.3886363636363636,0.3229410173160173,0.45931006493506493,0.0661255411255411,0.03798701298701296,0.10129870129870126,0.0008658008658008649,0.0,0.0021645021645021623
j75_b16_n5,dpir_nominal,textured_quartile,reconstruction_gradient,dpir_nominal__score__reconstruction_gradient,operational,1.0,40,0.0015899625530389552,0.0013475387036539727,0.0018751214839798798,0.00105135138992713,0.000868524865846258,0.0012666202657097292,0.43916015625,0.37734130859375,0.50546875,0.09833984375,0.06611328125,0.13662109375,0.004296875,0.001953125,0.0072265625
j75_b16_n5,fbcnn_dpir_nominal,all,expected_random,fbcnn_dpir_nominal__expected_random,evaluation_only,0.5,40,0.00021795143642359,0.0001912498023544825,0.00024858791178254366,6.025816226325525e-05,5.498032945036758e-05,6.630604519368636e-05,0.000244140625,4.8828125e-05,0.0005126953125,0.0,0.0,0.0,0.0,0.0,0.0
j75_b16_n5,fbcnn_dpir_nominal,all,expected_random,fbcnn_dpir_nominal__expected_random,evaluation_only,0.75,40,0.00021795143642359,0.0001912498023544825,0.00024858791178254366,6.025816226325525e-05,5.498032945036758e-05,6.630604519368636e-05,0.000244140625,4.8828125e-05,0.0005126953125,0.0,0.0,0.0,0.0,0.0,0.0
j75_b16_n5,fbcnn_dpir_nominal,all,expected_random,fbcnn_dpir_nominal__expected_random,evaluation_only,0.9,40,0.00021795143642359,0.0001912498023544825,0.00024858791178254366,6.025816226325525e-05,5.498032945036758e-05,6.630604519368636e-05,0.000244140625,4.8828125e-05,0.0005126953125,0.0,0.0,0.0,0.0,0.0,0.0
j75_b16_n5,fbcnn_dpir_nominal,all,expected_random,fbcnn_dpir_nominal__expected_random,evaluation_only,1.0,40,0.00021795143642359,0.0001912498023544825,0.00024858791178254366,6.025816226325525e-05,5.498032945036758e-05,6.630604519368636e-05,0.000244140625,4.8828125e-05,0.0005126953125,0.0,0.0,0.0,0.0,0.0,0.0
j75_b16_n5,fbcnn_dpir_nominal,all,image_transform_spread_detail,fbcnn_dpir_nominal__score__image_transform_spread_detail,operational,0.5,40,0.00015342036018405357,0.00013360197842403584,0.00017754919943400378,3.9265507224671537e-05,3.545585212297753e-05,4.3693113329870875e-05,0.0,0.0,0.0,0.0,0.0,0.0,0.0,0.0,0.0
j75_b16_n5,fbcnn_dpir_nominal,all,image_transform_spread_detail,fbcnn_dpir_nominal__score__image_transform_spread_detail,operational,0.75,40,0.0001809771952253908,0.0001578921347547069,0.00020819470962531533,4.8349503481881865e-05,4.3964768988459635e-05,5.339230387109192e-05,0.0,0.0,0.0,0.0,0.0,0.0,0.0,0.0,0.0
j75_b16_n5,fbcnn_dpir_nominal,all,image_transform_spread_detail,fbcnn_dpir_nominal__score__image_transform_spread_detail,operational,0.9,40,0.00019987395484290685,0.00017469050207553837,0.0002287802997191477,5.4392334386669874e-05,4.9599892108609706e-05,5.9838350835217925e-05,0.0,0.0,0.0,0.0,0.0,0.0,0.0,0.0,0.0
j75_b16_n5,fbcnn_dpir_nominal,all,image_transform_spread_detail,fbcnn_dpir_nominal__score__image_transform_spread_detail,operational,1.0,40,0.00021795143642359,0.0001912498023544825,0.00024858791178254366,6.025816226325525e-05,5.4980329450367566e-05,6.630604519368636e-05,0.000244140625,4.8828125e-05,0.0005126953125,0.0,0.0,0.0,0.0,0.0,0.0
j75_b16_n5,fbcnn_dpir_nominal,all,operator_spread_detail,fbcnn_dpir_nominal__score__operator_spread_detail,operational,0.5,40,0.00014863890876013145,0.00012768429366783634,0.00017371465869183542,3.348385733649187e-05,2.9735585857340592e-05,3.784986754544835e-05,0.0,0.0,0.0,0.0,0.0,0.0,0.0,0.0,0.0
j75_b16_n5,fbcnn_dpir_nominal,all,operator_spread_detail,fbcnn_dpir_nominal__score__operator_spread_detail,operational,0.75,40,0.00017763773241964037,0.00015373258107547166,0.00020561075421683585,4.332566309829597e-05,3.9018272892641e-05,4.819883515623495e-05,0.0,0.0,0.0,0.0,0.0,0.0,0.0,0.0,0.0
j75_b16_n5,fbcnn_dpir_nominal,all,operator_spread_detail,fbcnn_dpir_nominal__score__operator_spread_detail,operational,0.9,40,0.00019697300725767092,0.0001716067821758376,0.00022622467081029614,5.083560982151753e-05,4.615421455997213e-05,5.619315981719715e-05,0.0,0.0,0.0,0.0,0.0,0.0,0.0,0.0,0.0
j75_b16_n5,fbcnn_dpir_nominal,all,operator_spread_detail,fbcnn_dpir_nominal__score__operator_spread_detail,operational,1.0,40,0.00021795143642359,0.0001912498023544825,0.00024858791178254366,6.025816226325525e-05,5.4980329450367566e-05,6.630604519368636e-05,0.000244140625,4.8828125e-05,0.0005126953125,0.0,0.0,0.0,0.0,0.0,0.0
j75_b16_n5,fbcnn_dpir_nominal,all,operator_spread_rgb,fbcnn_dpir_nominal__score__operator_spread_rgb,operational,0.5,40,0.0001319399083667976,0.00011386316258631189,0.00015401947614439665,3.272728928953794e-05,2.919879081906249e-05,3.688556158177373e-05,0.0,0.0,0.0,0.0,0.0,0.0,0.0,0.0,0.0
j75_b16_n5,fbcnn_dpir_nominal,all,operator_spread_rgb,fbcnn_dpir_nominal__score__operator_spread_rgb,operational,0.75,40,0.00016446323904383567,0.00014340605697569053,0.00018978058978067944,4.280602430642113e-05,3.869738287621026e-05,4.7535974166110746e-05,0.0,0.0,0.0,0.0,0.0,0.0,0.0,0.0,0.0
j75_b16_n5,fbcnn_dpir_nominal,all,operator_spread_rgb,fbcnn_dpir_nominal__score__operator_spread_rgb,operational,0.9,40,0.00019003561287398335,0.0001661173961962263,0.00021780625692895795,5.068753594009561e-05,4.6056802867248806e-05,5.600985544002942e-05,0.0,0.0,0.0,0.0,0.0,0.0,0.0,0.0,0.0
j75_b16_n5,fbcnn_dpir_nominal,all,operator_spread_rgb,fbcnn_dpir_nominal__score__operator_spread_rgb,operational,1.0,40,0.00021795143642359,0.0001912498023544825,0.00024858791178254366,6.025816226325525e-05,5.4980329450367566e-05,6.630604519368637e-05,0.000244140625,4.8828125e-05,0.0005126953125,0.0,0.0,0.0,0.0,0.0,0.0
j75_b16_n5,fbcnn_dpir_nominal,all,oracle_detail_error,fbcnn_dpir_nominal__oracle_detail_error,evaluation_only,0.5,40,0.00013077509286702925,0.00011381803723078887,0.00015131890973967953,3.097904564094287e-05,2.7626214354648702e-05,3.4894888158555275e-05,0.0,0.0,0.0,0.0,0.0,0.0,0.0,0.0,0.0
j75_b16_n5,fbcnn_dpir_nominal,all,oracle_detail_error,fbcnn_dpir_nominal__oracle_detail_error,evaluation_only,0.75,40,0.0001637773228241078,0.00014358831299252835,0.00018758516746060315,4.137656305606124e-05,3.739704411846551e-05,4.59214921547137e-05,0.0,0.0,0.0,0.0,0.0,0.0,0.0,0.0,0.0
j75_b16_n5,fbcnn_dpir_nominal,all,oracle_detail_error,fbcnn_dpir_nominal__oracle_detail_error,evaluation_only,0.9,40,0.00019015026690042623,0.0001667669777590706,0.00021738533874895316,4.978886257474733e-05,4.5233980585165345e-05,5.500171881085028e-05,0.0,0.0,0.0,0.0,0.0,0.0,0.0,0.0,0.0
j75_b16_n5,fbcnn_dpir_nominal,all,oracle_detail_error,fbcnn_dpir_nominal__oracle_detail_error,evaluation_only,1.0,40,0.00021795143642359,0.0001912498023544825,0.00024858791178254366,6.025816226325525e-05,5.4980329450367566e-05,6.630604519368636e-05,0.000244140625,4.8828125e-05,0.0005126953125,0.0,0.0,0.0,0.0,0.0,0.0
j75_b16_n5,fbcnn_dpir_nominal,all,original_measurement_residual,fbcnn_dpir_nominal__score__original_measurement_residual,operational,0.5,40,0.00016518644751776856,0.0001452551494273114,0.00018900693381630656,4.812202715836484e-05,4.3888206727025517e-05,5.2978640499576276e-05,4.8828125e-05,0.0,0.000146484375,0.0,0.0,0.0,0.0,0.0,0.0
j75_b16_n5,fbcnn_dpir_nominal,all,original_measurement_residual,fbcnn_dpir_nominal__score__original_measurement_residual,operational,0.75,40,0.0001866342974098729,0.00016422255159574141,0.00021290700465986256,5.348059921435485e-05,4.892055192243072e-05,5.870794077574729e-05,9.765624999999751e-05,0.0,0.00022786458333332748,0.0,0.0,0.0,0.0,0.0,0.0
j75_b16_n5,fbcnn_dpir_nominal,all,original_measurement_residual,fbcnn_dpir_nominal__score__original_measurement_residual,operational,0.9,40,0.0002028190961639829,0.00017824026249206774,0.00023137437529205092,5.716990462963712e-05,5.22395003378813e-05,6.281787604396508e-05,0.0001626898047722275,2.7114967462037503e-05,0.000325379609544455,0.0,0.0,0.0,0.0,0.0,0.0
j75_b16_n5,fbcnn_dpir_nominal,all,original_measurement_residual,fbcnn_dpir_nominal__score__original_measurement_residual,operational,1.0,40,0.00021795143642359,0.0001912498023544825,0.00024858791178254366,6.025816226325525e-05,5.4980329450367566e-05,6.630604519368636e-05,0.000244140625,4.8828125e-05,0.0005126953125,0.0,0.0,0.0,0.0,0.0,0.0
j75_b16_n5,fbcnn_dpir_nominal,all,reconstruction_gradient,fbcnn_dpir_nominal__score__reconstruction_gradient,operational,0.5,40,0.00013455731220078757,0.00011563989873702302,0.00015752929937912045,3.914801388698667e-05,3.463326740155784e-05,4.440736720697695e-05,0.0,0.0,0.0,0.0,0.0,0.0,0.0,0.0,0.0
j75_b16_n5,fbcnn_dpir_nominal,all,reconstruction_gradient,fbcnn_dpir_nominal__score__reconstruction_gradient,operational,0.75,40,0.00016913341474283336,0.00014757666526284631,0.0001946007351280419,5.0004976273832566e-05,4.514098832399402e-05,5.558574194253824e-05,3.25520833333325e-05,0.0,9.765624999999751e-05,0.0,0.0,0.0,0.0,0.0,0.0
j75_b16_n5,fbcnn_dpir_nominal,all,reconstruction_gradient,fbcnn_dpir_nominal__score__reconstruction_gradient,operational,0.9,40,0.0001949461756011032,0.00017023604136998444,0.00022344593903715596,5.625864784136385e-05,5.111017726860242e-05,6.222852453571937e-05,5.4229934924075005e-05,0.0,0.0001355748373101875,0.0,0.0,0.0,0.0,0.0,0.0
j75_b16_n5,fbcnn_dpir_nominal,all,reconstruction_gradient,fbcnn_dpir_nominal__score__reconstruction_gradient,operational,1.0,40,0.00021795143642359,0.0001912498023544825,0.00024858791178254366,6.025816226325525e-05,5.4980329450367566e-05,6.630604519368636e-05,0.000244140625,4.8828125e-05,0.0005126953125,0.0,0.0,0.0,0.0,0.0,0.0
j75_b16_n5,fbcnn_dpir_nominal,all,trained_image_only_patcherrornet_ensemble,fbcnn_dpir_nominal__trained_image_only_patcherrornet_ensemble,operational,0.5,40,0.00016742566841812116,0.0001476299329887633,0.000191642411598838,5.448778640277495e-05,4.896359946163544e-05,6.0886356306053915e-05,0.000244140625,4.8828125e-05,0.00048828125,0.0,0.0,0.0,0.0,0.0,0.0
j75_b16_n5,fbcnn_dpir_nominal,all,trained_image_only_patcherrornet_ensemble,fbcnn_dpir_nominal__trained_image_only_patcherrornet_ensemble,operational,0.75,40,0.00018048035793350766,0.0001591127863563448,0.0002059507261204977,5.5604024825485355e-05,5.038337977394217e-05,6.170494004726008e-05,0.00019531249999999752,3.25520833333325e-05,0.00042317708333333,0.0,0.0,0.0,0.0,0.0,0.0
j75_b16_n5,fbcnn_dpir_nominal,all,trained_image_only_patcherrornet_ensemble,fbcnn_dpir_nominal__trained_image_only_patcherrornet_ensemble,operational,0.9,40,0.00019643744731455293,0.0001727945093094174,0.00022421436508073683,5.7725462212953994e-05,5.250834872390338e-05,6.381382769220627e-05,0.000216919739696305,2.7114967462037503e-05,0.0004609544468546525,0.0,0.0,0.0,0.0,0.0,0.0
j75_b16_n5,fbcnn_dpir_nominal,all,trained_image_only_patcherrornet_ensemble,fbcnn_dpir_nominal__trained_image_only_patcherrornet_ensemble,operational,1.0,40,0.00021795143642359,0.0001912498023544825,0.00024858791178254366,6.025816226325525e-05,5.4980329450367566e-05,6.630604519368636e-05,0.000244140625,4.8828125e-05,0.0005126953125,0.0,0.0,0.0,0.0,0.0,0.0
j75_b16_n5,fbcnn_dpir_nominal,textured_quartile,expected_random,fbcnn_dpir_nominal__expected_random,evaluation_only,0.5,40,0.000350976461677885,0.0002927587726722435,0.0004180687786203443,7.834915118591226e-05,6.998901683401698e-05,8.770100669338043e-05,0.0005859375,0.0,0.00146484375,0.0,0.0,0.0,0.0,0.0,0.0
j75_b16_n5,fbcnn_dpir_nominal,textured_quartile,expected_random,fbcnn_dpir_nominal__expected_random,evaluation_only,0.75,40,0.000350976461677885,0.0002927587726722435,0.0004180687786203443,7.834915118591226e-05,6.998901683401698e-05,8.770100669338043e-05,0.0005859375,0.0,0.00146484375,0.0,0.0,0.0,0.0,0.0,0.0
j75_b16_n5,fbcnn_dpir_nominal,textured_quartile,expected_random,fbcnn_dpir_nominal__expected_random,evaluation_only,0.9,40,0.000350976461677885,0.0002927587726722435,0.0004180687786203443,7.834915118591226e-05,6.998901683401698e-05,8.770100669338043e-05,0.0005859375,0.0,0.00146484375,0.0,0.0,0.0,0.0,0.0,0.0
j75_b16_n5,fbcnn_dpir_nominal,textured_quartile,expected_random,fbcnn_dpir_nominal__expected_random,evaluation_only,1.0,40,0.000350976461677885,0.0002927587726722435,0.0004180687786203443,7.834915118591226e-05,6.998901683401698e-05,8.770100669338043e-05,0.0005859375,0.0,0.00146484375,0.0,0.0,0.0,0.0,0.0,0.0
j75_b16_n5,fbcnn_dpir_nominal,textured_quartile,image_transform_spread_detail,fbcnn_dpir_nominal__score__image_transform_spread_detail,operational,0.5,40,0.00030126788874445496,0.00024162466192542887,0.00037155638253832707,5.963893939072932e-05,5.124503835823939e-05,6.935109169463884e-05,0.0,0.0,0.0,0.0,0.0,0.0,0.0,0.0,0.0
j75_b16_n5,fbcnn_dpir_nominal,textured_quartile,image_transform_spread_detail,fbcnn_dpir_nominal__score__image_transform_spread_detail,operational,0.75,40,0.0003222512817418225,0.00026292076180502096,0.0003912219876116423,6.734256171789077e-05,5.919154724912626e-05,7.658173614417905e-05,0.0,0.0,0.0,0.0,0.0,0.0,0.0,0.0,0.0
j75_b16_n5,fbcnn_dpir_nominal,textured_quartile,image_transform_spread_detail,fbcnn_dpir_nominal__score__image_transform_spread_detail,operational,0.9,40,0.0003376972144435275,0.0002792276010919307,0.00040586604249005884,7.303843553889704e-05,6.472303069088788e-05,8.236122638402216e-05,0.0001082251082251075,0.0,0.0003246753246753225,0.0,0.0,0.0,0.0,0.0,0.0
j75_b16_n5,fbcnn_dpir_nominal,textured_quartile,image_transform_spread_detail,fbcnn_dpir_nominal__score__image_transform_spread_detail,operational,1.0,40,0.000350976461677885,0.0002927587726722435,0.0004180687786203443,7.834915118591226e-05,6.998901683401698e-05,8.770100669338045e-05,0.0005859375,0.0,0.00146484375,0.0,0.0,0.0,0.0,0.0,0.0
j75_b16_n5,fbcnn_dpir_nominal,textured_quartile,operator_spread_detail,fbcnn_dpir_nominal__score__operator_spread_detail,operational,0.5,40,0.00029312062833231664,0.00023384237034520508,0.0003625980808872824,5.1204306246701575e-05,4.318627186743016e-05,6.0587043670719724e-05,0.0,0.0,0.0,0.0,0.0,0.0,0.0,0.0,0.0
j75_b16_n5,fbcnn_dpir_nominal,textured_quartile,operator_spread_detail,fbcnn_dpir_nominal__score__operator_spread_detail,operational,0.75,40,0.00031615516374048746,0.0002572368551833066,0.0003845383913254917,6.054021838789599e-05,5.250790464706964e-05,6.976467895265886e-05,0.0,0.0,0.0,0.0,0.0,0.0,0.0,0.0,0.0
j75_b16_n5,fbcnn_dpir_nominal,textured_quartile,operator_spread_detail,fbcnn_dpir_nominal__score__operator_spread_detail,operational,0.9,40,0.0003318279454113625,0.00027378831856426147,0.0003988026712942235,6.820110688857551e-05,6.011475344283642e-05,7.727967080298844e-05,0.0,0.0,0.0,0.0,0.0,0.0,0.0,0.0,0.0
j75_b16_n5,fbcnn_dpir_nominal,textured_quartile,operator_spread_detail,fbcnn_dpir_nominal__score__operator_spread_detail,operational,1.0,40,0.000350976461677885,0.0002927587726722435,0.0004180687786203443,7.834915118591226e-05,6.998901683401698e-05,8.770100669338046e-05,0.0005859375,0.0,0.00146484375,0.0,0.0,0.0,0.0,0.0,0.0
j75_b16_n5,fbcnn_dpir_nominal,textured_quartile,operator_spread_rgb,fbcnn_dpir_nominal__score__operator_spread_rgb,operational,0.5,40,0.0002614436318102096,0.0002131838997110894,0.00031833467486447434,4.996559033065885e-05,4.250262084757582e-05,5.8524574381329775e-05,0.0,0.0,0.0,0.0,0.0,0.0,0.0,0.0,0.0
j75_b16_n5,fbcnn_dpir_nominal,textured_quartile,operator_spread_rgb,fbcnn_dpir_nominal__score__operator_spread_rgb,operational,0.75,40,0.0002984927853960375,0.00024581878465279524,0.0003597832104975765,6.019815188900666e-05,5.2435960716962596e-05,6.903701280990643e-05,0.0,0.0,0.0,0.0,0.0,0.0,0.0,0.0,0.0
j75_b16_n5,fbcnn_dpir_nominal,textured_quartile,operator_spread_rgb,fbcnn_dpir_nominal__score__operator_spread_rgb,operational,0.9,40,0.0003257109228242525,0.00026948667060861886,0.0003908277597359541,6.808593447810718e-05,6.001247592607666e-05,7.717474794029892e-05,0.0,0.0,0.0,0.0,0.0,0.0,0.0,0.0,0.0
j75_b16_n5,fbcnn_dpir_nominal,textured_quartile,operator_spread_rgb,fbcnn_dpir_nominal__score__operator_spread_rgb,operational,1.0,40,0.000350976461677885,0.0002927587726722435,0.0004180687786203443,7.834915118591226e-05,6.998901683401698e-05,8.770100669338045e-05,0.0005859375,0.0,0.00146484375,0.0,0.0,0.0,0.0,0.0,0.0
j75_b16_n5,fbcnn_dpir_nominal,textured_quartile,oracle_detail_error,fbcnn_dpir_nominal__oracle_detail_error,evaluation_only,0.5,40,0.0002571960910391993,0.00021078827003149134,0.0003112488951057838,4.619617071180322e-05,3.982900997882251e-05,5.34194851564872e-05,0.0,0.0,0.0,0.0,0.0,0.0,0.0,0.0,0.0
j75_b16_n5,fbcnn_dpir_nominal,textured_quartile,oracle_detail_error,fbcnn_dpir_nominal__oracle_detail_error,evaluation_only,0.75,40,0.00029676842577801255,0.0002446016673441122,0.00035737430383904587,5.770794216915839e-05,5.0494100448909276e-05,6.585225244789013e-05,0.0,0.0,0.0,0.0,0.0,0.0,0.0,0.0,0.0
j75_b16_n5,fbcnn_dpir_nominal,textured_quartile,oracle_detail_error,fbcnn_dpir_nominal__oracle_detail_error,evaluation_only,0.9,40,0.000324935137967245,0.00026891358717657203,0.00038977057296805674,6.685819220999156e-05,5.910528544327556e-05,7.555919135414848e-05,0.0,0.0,0.0,0.0,0.0,0.0,0.0,0.0,0.0
j75_b16_n5,fbcnn_dpir_nominal,textured_quartile,oracle_detail_error,fbcnn_dpir_nominal__oracle_detail_error,evaluation_only,1.0,40,0.000350976461677885,0.0002927587726722435,0.0004180687786203443,7.834915118591225e-05,6.998901683401698e-05,8.770100669338045e-05,0.0005859375,0.0,0.00146484375,0.0,0.0,0.0,0.0,0.0,0.0
j75_b16_n5,fbcnn_dpir_nominal,textured_quartile,original_measurement_residual,fbcnn_dpir_nominal__score__original_measurement_residual,operational,0.5,40,0.00030915105278366245,0.0002571887735516978,0.00036946391299917555,6.928995384825425e-05,6.158773750257141e-05,7.772369155660911e-05,0.0001953125,0.0,0.0005859375,0.0,0.0,0.0,0.0,0.0,0.0
j75_b16_n5,fbcnn_dpir_nominal,textured_quartile,original_measurement_residual,fbcnn_dpir_nominal__score__original_measurement_residual,operational,0.75,40,0.000327774808114685,0.0002734630309384292,0.0003904564939516559,7.33873520129219e-05,6.553673194875087e-05,8.198176330244412e-05,0.000260416666666665,0.0,0.0006510416666666625,0.0,0.0,0.0,0.0,0.0,0.0
j75_b16_n5,fbcnn_dpir_nominal,textured_quartile,original_measurement_residual,fbcnn_dpir_nominal__score__original_measurement_residual,operational,0.9,40,0.00034090936388637744,0.0002833540002165963,0.00040712823818904047,7.572214817432229e-05,6.761677935522208e-05,8.464282750407231e-05,0.0003246753246753225,0.0,0.0007575757575757526,0.0,0.0,0.0,0.0,0.0,0.0
j75_b16_n5,fbcnn_dpir_nominal,textured_quartile,original_measurement_residual,fbcnn_dpir_nominal__score__original_measurement_residual,operational,1.0,40,0.000350976461677885,0.0002927587726722435,0.0004180687786203443,7.834915118591226e-05,6.998901683401698e-05,8.770100669338045e-05,0.0005859375,0.0,0.00146484375,0.0,0.0,0.0,0.0,0.0,0.0
j75_b16_n5,fbcnn_dpir_nominal,textured_quartile,reconstruction_gradient,fbcnn_dpir_nominal__score__reconstruction_gradient,operational,0.5,40,0.000298486807812215,0.0002391403755812093,0.0003691069724806339,6.808822902205032e-05,5.855429588087254e-05,7.91505041451762e-05,0.0001953125,0.0,0.0005859375,0.0,0.0,0.0,0.0,0.0,0.0
j75_b16_n5,fbcnn_dpir_nominal,textured_quartile,reconstruction_gradient,fbcnn_dpir_nominal__score__reconstruction_gradient,operational,0.75,40,0.00031766954633211,0.00025873634405765034,0.00038674119455686315,7.276168716657717e-05,6.410872164457339e-05,8.279203299842869e-05,0.0001302083333333325,0.0,0.0003906249999999975,0.0,0.0,0.0,0.0,0.0,0.0
j75_b16_n5,fbcnn_dpir_nominal,textured_quartile,reconstruction_gradient,fbcnn_dpir_nominal__score__reconstruction_gradient,operational,0.9,40,0.0003325252069484,0.0002748424585257165,0.0003997869883064105,7.542153005315623e-05,6.713349052153133e-05,8.473883233069417e-05,0.0003246753246753225,0.0,0.00086580086580086,0.0,0.0,0.0,0.0,0.0,0.0
j75_b16_n5,fbcnn_dpir_nominal,textured_quartile,reconstruction_gradient,fbcnn_dpir_nominal__score__reconstruction_gradient,operational,1.0,40,0.000350976461677885,0.0002927587726722435,0.0004180687786203443,7.834915118591226e-05,6.998901683401698e-05,8.770100669338045e-05,0.0005859375,0.0,0.00146484375,0.0,0.0,0.0,0.0,0.0,0.0
j75_b16_n5,fbcnn_dpir_nominal,textured_quartile,trained_image_only_patcherrornet_ensemble,fbcnn_dpir_nominal__trained_image_only_patcherrornet_ensemble,operational,0.5,40,0.000301532284046355,0.00025160334423603983,0.00036108294636666107,7.550205950553628e-05,6.695880223624428e-05,8.51552964702995e-05,0.00078125,0.0,0.0021484375,0.0,0.0,0.0,0.0,0.0,0.0
j75_b16_n5,fbcnn_dpir_nominal,textured_quartile,trained_image_only_patcherrornet_ensemble,fbcnn_dpir_nominal__trained_image_only_patcherrornet_ensemble,operational,0.75,40,0.000314421089924815,0.0002627119892747106,0.0003745686046144938,7.552110882879953e-05,6.728847775101954e-05,8.48440019104061e-05,0.0005208333333333326,0.0,0.001432291666666665,0.0,0.0,0.0,0.0,0.0,0.0
j75_b16_n5,fbcnn_dpir_nominal,textured_quartile,trained_image_only_patcherrornet_ensemble,fbcnn_dpir_nominal__trained_image_only_patcherrornet_ensemble,operational,0.9,40,0.000331282972632535,0.00027631992972073705,0.0003953460813293256,7.665429266479537e-05,6.831991726563028e-05,8.603229320046081e-05,0.0005411255411255399,0.0,0.0015151515151515123,0.0,0.0,0.0,0.0,0.0,0.0
j75_b16_n5,fbcnn_dpir_nominal,textured_quartile,trained_image_only_patcherrornet_ensemble,fbcnn_dpir_nominal__trained_image_only_patcherrornet_ensemble,operational,1.0,40,0.000350976461677885,0.0002927587726722435,0.0004180687786203443,7.834915118591226e-05,6.998901683401698e-05,8.770100669338046e-05,0.0005859375,0.0,0.00146484375,0.0,0.0,0.0,0.0,0.0,0.0
j75_b20_n2,dpir_nominal,all,expected_random,dpir_nominal__expected_random,evaluation_only,0.5,40,0.0003145098629472045,0.00023878527197315814,0.0004044811334732553,0.00010117609226048028,6.951443605851083e-05,0.00013813619900313458,0.0317626953125,0.0200921630859375,0.0450439453125,0.009326171875,0.004906616210937501,0.014575805664062491,0.0001220703125,0.0,0.00029296875
j75_b20_n2,dpir_nominal,all,expected_random,dpir_nominal__expected_random,evaluation_only,0.75,40,0.0003145098629472045,0.00023878527197315814,0.0004044811334732553,0.00010117609226048028,6.951443605851083e-05,0.00013813619900313458,0.0317626953125,0.0200921630859375,0.0450439453125,0.009326171875,0.004906616210937501,0.014575805664062491,0.0001220703125,0.0,0.00029296875
j75_b20_n2,dpir_nominal,all,expected_random,dpir_nominal__expected_random,evaluation_only,0.9,40,0.0003145098629472045,0.00023878527197315814,0.0004044811334732553,0.00010117609226048028,6.951443605851083e-05,0.00013813619900313458,0.0317626953125,0.0200921630859375,0.0450439453125,0.009326171875,0.004906616210937501,0.014575805664062491,0.0001220703125,0.0,0.00029296875
j75_b20_n2,dpir_nominal,all,expected_random,dpir_nominal__expected_random,evaluation_only,1.0,40,0.0003145098629472045,0.00023878527197315814,0.0004044811334732553,0.00010117609226048028,6.951443605851083e-05,0.00013813619900313458,0.0317626953125,0.0200921630859375,0.0450439453125,0.009326171875,0.004906616210937501,0.014575805664062491,0.0001220703125,0.0,0.00029296875
j75_b20_n2,dpir_nominal,all,image_transform_spread_detail,dpir_nominal__score__image_transform_spread_detail,operational,0.5,40,9.462870531825189e-05,6.13376396657228e-05,0.00013678549772383862,1.0914170074861594e-05,6.945740713284689e-06,1.601156010145482e-05,0.0,0.0,0.0,0.0,0.0,0.0,0.0,0.0,0.0
j75_b20_n2,dpir_nominal,all,image_transform_spread_detail,dpir_nominal__score__image_transform_spread_detail,operational,0.75,40,0.0001510616031360845,0.0001032028158676268,0.00020838812826833337,1.8727916628312284e-05,1.2232061071401954e-05,2.6579908116298997e-05,0.0010091145833333302,0.0,0.00250651041666666,0.0,0.0,0.0,0.0,0.0,0.0
j75_b20_n2,dpir_nominal,all,image_transform_spread_detail,dpir_nominal__score__image_transform_spread_detail,operational,0.9,40,0.00020999232029182804,0.00014981686685219462,0.00028314048375307203,3.978960941763676e-05,2.4031028489413608e-05,5.9289481970476815e-05,0.008242950108459855,0.00265726681127982,0.015184381778741846,0.0015184381778741798,0.00021691973969631,0.003145336225596518,5.42299349240775e-05,0.0,0.00016268980477223248
j75_b20_n2,dpir_nominal,all,image_transform_spread_detail,dpir_nominal__score__image_transform_spread_detail,operational,1.0,40,0.0003145098629472045,0.00023878527197315814,0.0004044811334732553,0.00010117609226048028,6.951443605851083e-05,0.00013813619900313458,0.0317626953125,0.0200921630859375,0.0450439453125,0.009326171875,0.004906616210937501,0.014575805664062491,0.0001220703125,0.0,0.00029296875
j75_b20_n2,dpir_nominal,all,operator_spread_detail,dpir_nominal__score__operator_spread_detail,operational,0.5,40,9.305690347088315e-05,6.0058120009726264e-05,0.0001347304466174462,1.0511504259713829e-05,6.664293151212857e-06,1.548925888377562e-05,0.0,0.0,0.0,0.0,0.0,0.0,0.0,0.0,0.0
j75_b20_n2,dpir_nominal,all,operator_spread_detail,dpir_nominal__score__operator_spread_detail,operational,0.75,40,0.00014784284029271938,0.00010172533211173883,0.00020354915887163872,1.728363325982774e-05,1.1541696980213485e-05,2.425175143010632e-05,3.25520833333325e-05,0.0,9.765624999999751e-05,0.0,0.0,0.0,0.0,0.0,0.0
j75_b20_n2,dpir_nominal,all,operator_spread_detail,dpir_nominal__score__operator_spread_detail,operational,0.9,40,0.00019869282276304702,0.0001429179335289352,0.00026596359283184685,2.9833027639952813e-05,1.974519040613485e-05,4.204610427537018e-05,0.004772234273318865,0.0007592190889370874,0.009951193058568317,0.0,0.0,0.0,0.0,0.0,0.0
j75_b20_n2,dpir_nominal,all,operator_spread_detail,dpir_nominal__score__operator_spread_detail,operational,1.0,40,0.0003145098629472045,0.00023878527197315814,0.0004044811334732553,0.00010117609226048028,6.951443605851083e-05,0.00013813619900313458,0.0317626953125,0.0200921630859375,0.0450439453125,0.009326171875,0.004906616210937501,0.014575805664062491,0.0001220703125,0.0,0.00029296875
j75_b20_n2,dpir_nominal,all,operator_spread_rgb,dpir_nominal__score__operator_spread_rgb,operational,0.5,40,8.443491021522117e-05,5.441202822172179e-05,0.00012254776827556538,1.0053882595864872e-05,6.334797503434878e-06,1.4889151240730117e-05,0.0,0.0,0.0,0.0,0.0,0.0,0.0,0.0,0.0
j75_b20_n2,dpir_nominal,all,operator_spread_rgb,dpir_nominal__score__operator_spread_rgb,operational,0.75,40,0.00013795723571306825,9.45397357055643e-05,0.00019043617997212682,1.7000060778389008e-05,1.1288093987826832e-05,2.393953874287743e-05,0.00013020833333333,0.0,0.000325520833333325,0.0,0.0,0.0,0.0,0.0,0.0
j75_b20_n2,dpir_nominal,all,operator_spread_rgb,dpir_nominal__score__operator_spread_rgb,operational,0.9,40,0.00019458842187556653,0.00013924266484697918,0.0002611403075226273,2.991567936419657e-05,1.978842268777941e-05,4.2163021498363774e-05,0.004934924078091098,0.0008676789587852424,0.010140997830802589,0.0,0.0,0.0,0.0,0.0,0.0
j75_b20_n2,dpir_nominal,all,operator_spread_rgb,dpir_nominal__score__operator_spread_rgb,operational,1.0,40,0.0003145098629472045,0.00023878527197315814,0.0004044811334732553,0.00010117609226048028,6.951443605851085e-05,0.00013813619900313458,0.0317626953125,0.0200921630859375,0.0450439453125,0.009326171875,0.004906616210937501,0.014575805664062491,0.0001220703125,0.0,0.00029296875
j75_b20_n2,dpir_nominal,all,oracle_detail_error,dpir_nominal__oracle_detail_error,evaluation_only,0.5,40,7.85458467615683e-05,5.038229141785144e-05,0.00011420463639265097,8.726906375153338e-06,5.461073741387189e-06,1.3015034668680981e-05,0.0,0.0,0.0,0.0,0.0,0.0,0.0,0.0,0.0
j75_b20_n2,dpir_nominal,all,oracle_detail_error,dpir_nominal__oracle_detail_error,evaluation_only,0.75,40,0.0001321960234104495,9.045887153533786e-05,0.0001831600295233349,1.520790492981278e-05,1.0119804128087636e-05,2.1447608215917534e-05,0.0,0.0,0.0,0.0,0.0,0.0,0.0,0.0,0.0
j75_b20_n2,dpir_nominal,all,oracle_detail_error,dpir_nominal__oracle_detail_error,evaluation_only,0.9,40,0.0001915120472141333,0.00013678212352877706,0.0002575622691399453,2.7718187239330575e-05,1.8216129299369727e-05,3.93831859439967e-05,0.0039045553145336197,0.0,0.00894793926247288,0.0,0.0,0.0,0.0,0.0,0.0
j75_b20_n2,dpir_nominal,all,oracle_detail_error,dpir_nominal__oracle_detail_error,evaluation_only,1.0,40,0.0003145098629472045,0.00023878527197315814,0.0004044811334732553,0.00010117609226048028,6.951443605851085e-05,0.00013813619900313458,0.0317626953125,0.0200921630859375,0.0450439453125,0.009326171875,0.004906616210937501,0.014575805664062491,0.0001220703125,0.0,0.00029296875
j75_b20_n2,dpir_nominal,all,original_measurement_residual,dpir_nominal__score__original_measurement_residual,operational,0.5,40,0.00012920397817879086,8.958300018043883e-05,0.00017813760331496852,3.6752605134056216e-05,2.231061073187456e-05,5.446357023979359e-05,0.00927734375,0.004296875,0.015380859375,0.002587890625,0.000927734375,0.004638671875,9.765625e-05,0.0,0.00029296875
j75_b20_n2,dpir_nominal,all,original_measurement_residual,dpir_nominal__score__original_measurement_residual,operational,0.75,40,0.0002035710862974552,0.00014516007486870049,0.0002747643677364965,6.420733813813215e-05,4.047595206948813e-05,9.397697718999295e-05,0.01835937499999998,0.010090332031249977,0.02825602213541664,0.005175781249999981,0.00224609374999998,0.008886718749999977,0.000162760416666665,0.0,0.000390625
j75_b20_n2,dpir_nominal,all,original_measurement_residual,dpir_nominal__score__original_measurement_residual,operational,0.9,40,0.0002554869514854034,0.0001880132147143176,0.0003367431113557523,7.934434606203865e-05,5.39928275665658e-05,0.00010997719721062078,0.024349240780911025,0.015048806941431635,0.03514167570498912,0.0063720173535791545,0.0032266811279826253,0.010140997830802584,0.00013557483731019,0.0,0.00032537960954446
j75_b20_n2,dpir_nominal,all,original_measurement_residual,dpir_nominal__score__original_measurement_residual,operational,1.0,40,0.0003145098629472045,0.00023878527197315814,0.0004044811334732553,0.00010117609226048028,6.951443605851083e-05,0.00013813619900313458,0.0317626953125,0.0200921630859375,0.0450439453125,0.009326171875,0.004906616210937501,0.014575805664062491,0.0001220703125,0.0,0.00029296875
j75_b20_n2,dpir_nominal,all,reconstruction_gradient,dpir_nominal__score__reconstruction_gradient,operational,0.5,40,9.12290212415835e-05,5.90492346889945e-05,0.000131818667609851,1.5377770398292434e-05,9.034600195242985e-06,2.3193705455589093e-05,0.002294921875,0.000390625,0.004736328125,9.765625e-05,0.0,0.00029296875,0.0,0.0,0.0
j75_b20_n2,dpir_nominal,all,reconstruction_gradient,dpir_nominal__score__reconstruction_gradient,operational,0.75,40,0.00014851127740825678,0.00010266594928815544,0.0002033221984114763,3.0505269857909192e-05,1.8933461464396223e-05,4.457215351721651e-05,0.00800781249999998,0.00332031249999998,0.013900553385416634,0.0007812499999999974,0.0,0.0018229166666666602,0.0,0.0,0.0
j75_b20_n2,dpir_nominal,all,reconstruction_gradient,dpir_nominal__score__reconstruction_gradient,operational,0.9,40,0.00021033305297808014,0.00015081921689861626,0.00028162781159104996,4.93605518344932e-05,3.228863828079814e-05,6.981573598969789e-05,0.015699566160520574,0.007998915401301479,0.02486442516268977,0.00206073752711496,0.0006507592190889323,0.003823210412147497,0.0,0.0,0.0
j75_b20_n2,dpir_nominal,all,reconstruction_gradient,dpir_nominal__score__reconstruction_gradient,operational,1.0,40,0.0003145098629472045,0.00023878527197315814,0.0004044811334732553,0.00010117609226048028,6.951443605851085e-05,0.00013813619900313458,0.0317626953125,0.0200921630859375,0.0450439453125,0.009326171875,0.004906616210937501,0.014575805664062491,0.0001220703125,0.0,0.00029296875
j75_b20_n2,dpir_nominal,textured_quartile,expected_random,dpir_nominal__expected_random,evaluation_only,0.5,40,0.0008281559596881874,0.0006214998484851696,0.001067650918759561,0.00030450681670799953,0.0002025932116750495,0.0004246564734169671,0.09580078125,0.06279296875,0.134375,0.03427734375,0.017868652343750003,0.05420166015624996,0.00048828125,0.0,0.001171875
j75_b20_n2,dpir_nominal,textured_quartile,expected_random,dpir_nominal__expected_random,evaluation_only,0.75,40,0.0008281559596881874,0.0006214998484851696,0.001067650918759561,0.00030450681670799953,0.0002025932116750495,0.0004246564734169671,0.09580078125,0.06279296875,0.134375,0.03427734375,0.017868652343750003,0.05420166015624996,0.00048828125,0.0,0.001171875
j75_b20_n2,dpir_nominal,textured_quartile,expected_random,dpir_nominal__expected_random,evaluation_only,0.9,40,0.0008281559596881874,0.0006214998484851696,0.001067650918759561,0.00030450681670799953,0.0002025932116750495,0.0004246564734169671,0.09580078125,0.06279296875,0.134375,0.03427734375,0.017868652343750003,0.05420166015624996,0.00048828125,0.0,0.001171875
j75_b20_n2,dpir_nominal,textured_quartile,expected_random,dpir_nominal__expected_random,evaluation_only,1.0,40,0.0008281559596881874,0.0006214998484851696,0.001067650918759561,0.00030450681670799953,0.0002025932116750495,0.0004246564734169671,0.09580078125,0.06279296875,0.134375,0.03427734375,0.017868652343750003,0.05420166015624996,0.00048828125,0.0,0.001171875
j75_b20_n2,dpir_nominal,textured_quartile,image_transform_spread_detail,dpir_nominal__score__image_transform_spread_detail,operational,0.5,40,0.00047507693098448585,0.0003311290410312449,0.0006477144181673832,5.9838349760048844e-05,3.780976617549703e-05,8.707180881132916e-05,0.007421875,0.0,0.01953125,0.00078125,0.0,0.00234375,0.0,0.0,0.0
j75_b20_n2,dpir_nominal,textured_quartile,image_transform_spread_detail,dpir_nominal__score__image_transform_spread_detail,operational,0.75,40,0.0005948280710894417,0.00041987295270305144,0.0008022219289661267,0.00013994402557375565,7.531073899948234e-05,0.00022135490906833558,0.033723958333333325,0.01236979166666666,0.061458333333333316,0.01184895833333333,0.0026041666666666652,0.02408854166666666,0.000260416666666665,0.0,0.000781249999999995
j75_b20_n2,dpir_nominal,textured_quartile,image_transform_spread_detail,dpir_nominal__score__image_transform_spread_detail,operational,0.9,40,0.00071548286941802,0.000514406577279952,0.0009487524630757288,0.00022317699808144836,0.00013002853655393962,0.00033691564481971213,0.06287878787878785,0.03235930735930734,0.09956980519480514,0.023593073593073572,0.008655303030303011,0.04221049783549778,0.00043290043290043,0.0,0.0011904761904761823
j75_b20_n2,dpir_nominal,textured_quartile,image_transform_spread_detail,dpir_nominal__score__image_transform_spread_detail,operational,1.0,40,0.0008281559596881874,0.0006214998484851696,0.001067650918759561,0.00030450681670799953,0.0002025932116750495,0.0004246564734169671,0.09580078125,0.06279296875,0.134375,0.03427734375,0.017868652343750003,0.05420166015624996,0.00048828125,0.0,0.001171875
j75_b20_n2,dpir_nominal,textured_quartile,operator_spread_detail,dpir_nominal__score__operator_spread_detail,operational,0.5,40,0.00046402856628362384,0.00032261013026849004,0.000635707396016613,5.0652573721100307e-05,3.4303932484049686e-05,6.93415475426845e-05,0.0029296875,0.0,0.008203125,0.0,0.0,0.0,0.0,0.0,0.0
j75_b20_n2,dpir_nominal,textured_quartile,operator_spread_detail,dpir_nominal__score__operator_spread_detail,operational,0.75,40,0.0005396123632553675,0.0003872413820681181,0.0007193833816466868,8.71156712607152e-05,5.239272857617797e-05,0.00013334337348698517,0.01914062499999999,0.00286458333333333,0.043489583333333325,0.0016927083333333325,0.0,0.004427083333333333,0.0,0.0,0.0
j75_b20_n2,dpir_nominal,textured_quartile,operator_spread_detail,dpir_nominal__score__operator_spread_detail,operational,0.9,40,0.0006429123585836741,0.0004689099256764889,0.0008448845746821765,0.00015700790302925488,9.299584167525364e-05,0.0002376243659629133,0.04859307359307358,0.02110119047619045,0.08279491341991337,0.011363636363636362,0.0025974025974025974,0.023268398268398265,0.0,0.0,0.0
j75_b20_n2,dpir_nominal,textured_quartile,operator_spread_detail,dpir_nominal__score__operator_spread_detail,operational,1.0,40,0.0008281559596881874,0.0006214998484851696,0.001067650918759561,0.00030450681670799953,0.0002025932116750495,0.0004246564734169671,0.09580078125,0.06279296875,0.134375,0.03427734375,0.017868652343750003,0.05420166015624996,0.00048828125,0.0,0.001171875
j75_b20_n2,dpir_nominal,textured_quartile,operator_spread_rgb,dpir_nominal__score__operator_spread_rgb,operational,0.5,40,0.00043523669476286126,0.0003001124591640655,0.0005999839811956086,4.9755506065273306e-05,3.3560272427804434e-05,6.835413667408183e-05,0.0029296875,0.0,0.0083984375,0.0,0.0,0.0,0.0,0.0,0.0
j75_b20_n2,dpir_nominal,textured_quartile,operator_spread_rgb,dpir_nominal__score__operator_spread_rgb,operational,0.75,40,0.0005259325287551612,0.000375533153503224,0.0007030145603229099,8.71184797725183e-05,5.229153274348697e-05,0.00013312247961448298,0.019531249999999993,0.0029947916666666625,0.04401041666666665,0.0016927083333333325,0.0,0.004427083333333333,0.0,0.0,0.0
j75_b20_n2,dpir_nominal,textured_quartile,operator_spread_rgb,dpir_nominal__score__operator_spread_rgb,operational,0.9,40,0.0006401556666515616,0.0004664491262745628,0.0008422158130945758,0.00015717216200460251,9.301579050906045e-05,0.0002377810345530886,0.048809523809523796,0.021101190476190468,0.08301136363636359,0.011363636363636362,0.0025974025974025974,0.023268398268398265,0.0,0.0,0.0
j75_b20_n2,dpir_nominal,textured_quartile,operator_spread_rgb,dpir_nominal__score__operator_spread_rgb,operational,1.0,40,0.0008281559596881874,0.0006214998484851696,0.001067650918759561,0.00030450681670799953,0.0002025932116750495,0.0004246564734169671,0.09580078125,0.06279296875,0.134375,0.03427734375,0.017868652343750003,0.05420166015624996,0.00048828125,0.0,0.001171875
j75_b20_n2,dpir_nominal,textured_quartile,oracle_detail_error,dpir_nominal__oracle_detail_error,evaluation_only,0.5,40,0.00041025721031036935,0.00028425126523436357,0.0005653818307420339,4.3101617270561054e-05,2.8854431965584635e-05,5.936029532297577e-05,0.00234375,0.0,0.00703125,0.0,0.0,0.0,0.0,0.0,0.0
j75_b20_n2,dpir_nominal,textured_quartile,oracle_detail_error,dpir_nominal__oracle_detail_error,evaluation_only,0.75,40,0.0005144360525398916,0.0003653640479001804,0.0006896771065699054,8.006557807350145e-05,4.712646708169435e-05,0.00012435761753314562,0.01731770833333333,0.0013020833333333326,0.04192708333333332,0.0,0.0,0.0,0.0,0.0,0.0
j75_b20_n2,dpir_nominal,textured_quartile,oracle_detail_error,dpir_nominal__oracle_detail_error,evaluation_only,0.9,40,0.0006290127996461172,0.0004574020674541219,0.0008292690206663458,0.000149150183882148,8.784873355682838e-05,0.0002261837621389679,0.04567099567099566,0.01817911255411254,0.08030303030303028,0.011363636363636362,0.0025974025974025974,0.023268398268398265,0.0,0.0,0.0
j75_b20_n2,dpir_nominal,textured_quartile,oracle_detail_error,dpir_nominal__oracle_detail_error,evaluation_only,1.0,40,0.0008281559596881874,0.0006214998484851696,0.001067650918759561,0.00030450681670799953,0.0002025932116750495,0.0004246564734169671,0.09580078125,0.06279296875,0.134375,0.03427734375,0.017868652343750003,0.05420166015624996,0.00048828125,0.0,0.001171875
j75_b20_n2,dpir_nominal,textured_quartile,original_measurement_residual,dpir_nominal__score__original_measurement_residual,operational,0.5,40,0.0007578439699916147,0.0005351952083708619,0.0010244453461036819,0.0003050949251753911,0.0001885992508727391,0.00044792393359413166,0.09375,0.0580078125,0.133984375,0.033203125,0.0158203125,0.054296875,0.0009765625,0.0,0.00234375
j75_b20_n2,dpir_nominal,textured_quartile,original_measurement_residual,dpir_nominal__score__original_measurement_residual,operational,0.75,40,0.0007656899416676841,0.0005638043363529364,0.0010054310629240837,0.00028858883233716723,0.0001895104892517422,0.0004044968617621012,0.09010416666666662,0.05846354166666664,0.12604166666666666,0.030989583333333313,0.015885416666666652,0.0489615885416666,0.000651041666666665,0.0,0.0015625
j75_b20_n2,dpir_nominal,textured_quartile,original_measurement_residual,dpir_nominal__score__original_measurement_residual,operational,0.9,40,0.0007880832875012889,0.0005903577351041585,0.0010190803089807031,0.0002881101557598177,0.00019222217545866914,0.0004012745853708042,0.09090909090909087,0.059740259740259705,0.12716450216450212,0.031709956709956674,0.016450216450216413,0.04989177489177486,0.0005411255411255375,0.0,0.00129870129870129
j75_b20_n2,dpir_nominal,textured_quartile,original_measurement_residual,dpir_nominal__score__original_measurement_residual,operational,1.0,40,0.0008281559596881874,0.0006214998484851696,0.001067650918759561,0.00030450681670799953,0.0002025932116750495,0.0004246564734169671,0.09580078125,0.06279296875,0.134375,0.03427734375,0.017868652343750003,0.05420166015624996,0.00048828125,0.0,0.001171875
j75_b20_n2,dpir_nominal,textured_quartile,reconstruction_gradient,dpir_nominal__score__reconstruction_gradient,operational,0.5,40,0.0005116444952679334,0.00035272568961037734,0.000705182255533817,0.00011035133370348801,7.059897033394072e-05,0.0001578925590344516,0.0341796875,0.0166015625,0.055078125,0.00546875,0.0015625,0.01015625,0.0,0.0,0.0
j75_b20_n2,dpir_nominal,textured_quartile,reconstruction_gradient,dpir_nominal__score__reconstruction_gradient,operational,0.75,40,0.0005950098742934127,0.00042522771518190884,0.0007948465869945638,0.0001594343336349544,0.00010060182206764831,0.00023098213320866116,0.05429687499999998,0.028385416666666646,0.08606770833333331,0.011458333333333329,0.004036458333333328,0.020572916666666656,0.0,0.0,0.0
j75_b20_n2,dpir_nominal,textured_quartile,reconstruction_gradient,dpir_nominal__score__reconstruction_gradient,operational,0.9,40,0.0006975116810257348,0.0005095887214266662,0.0009158448218426878,0.00022445935289360826,0.0001425241257263448,0.00032468090481218084,0.07575757575757572,0.04512987012987009,0.11223214285714278,0.021861471861471835,0.00919913419913418,0.03798701298701296,0.000216450216450215,0.0,0.000649350649350645
j75_b20_n2,dpir_nominal,textured_quartile,reconstruction_gradient,dpir_nominal__score__reconstruction_gradient,operational,1.0,40,0.0008281559596881874,0.0006214998484851696,0.001067650918759561,0.00030450681670799953,0.0002025932116750495,0.0004246564734169671,0.09580078125,0.06279296875,0.134375,0.03427734375,0.017868652343750003,0.05420166015624996,0.00048828125,0.0,0.001171875
j75_b20_n2,fbcnn_dpir_nominal,all,expected_random,fbcnn_dpir_nominal__expected_random,evaluation_only,0.5,40,0.0002172638726063919,0.00016141675713990186,0.0002834672474281139,1.8252661089131958e-05,1.2790724008904015e-05,2.4776339671214896e-05,4.8828125e-05,0.0,0.0001220703125,0.0,0.0,0.0,0.0,0.0,0.0
j75_b20_n2,fbcnn_dpir_nominal,all,expected_random,fbcnn_dpir_nominal__expected_random,evaluation_only,0.75,40,0.0002172638726063919,0.00016141675713990186,0.0002834672474281139,1.8252661089131958e-05,1.2790724008904015e-05,2.4776339671214896e-05,4.8828125e-05,0.0,0.0001220703125,0.0,0.0,0.0,0.0,0.0,0.0
j75_b20_n2,fbcnn_dpir_nominal,all,expected_random,fbcnn_dpir_nominal__expected_random,evaluation_only,0.9,40,0.0002172638726063919,0.00016141675713990186,0.0002834672474281139,1.8252661089131958e-05,1.2790724008904015e-05,2.4776339671214896e-05,4.8828125e-05,0.0,0.0001220703125,0.0,0.0,0.0,0.0,0.0,0.0
j75_b20_n2,fbcnn_dpir_nominal,all,expected_random,fbcnn_dpir_nominal__expected_random,evaluation_only,1.0,40,0.0002172638726063919,0.00016141675713990186,0.0002834672474281139,1.8252661089131958e-05,1.2790724008904015e-05,2.4776339671214896e-05,4.8828125e-05,0.0,0.0001220703125,0.0,0.0,0.0,0.0,0.0,0.0
j75_b20_n2,fbcnn_dpir_nominal,all,image_transform_spread_detail,fbcnn_dpir_nominal__score__image_transform_spread_detail,operational,0.5,40,7.832765919104547e-05,5.0232173579421754e-05,0.00011552288833167617,7.779997704810129e-06,4.840332673758652e-06,1.194268125883617e-05,0.0,0.0,0.0,0.0,0.0,0.0,0.0,0.0,0.0
j75_b20_n2,fbcnn_dpir_nominal,all,image_transform_spread_detail,fbcnn_dpir_nominal__score__image_transform_spread_detail,operational,0.75,40,0.00012409907320163406,8.573697985279651e-05,0.00017095136790862262,1.1687170212585836e-05,7.775177909852638e-06,1.666703556405141e-05,0.0,0.0,0.0,0.0,0.0,0.0,0.0,0.0,0.0
j75_b20_n2,fbcnn_dpir_nominal,all,image_transform_spread_detail,fbcnn_dpir_nominal__score__image_transform_spread_detail,operational,0.9,40,0.0001675081440694137,0.00011903784753821686,0.00022512050378391342,1.4814844430460317e-05,1.0045191047411541e-05,2.0578364575221302e-05,0.0,0.0,0.0,0.0,0.0,0.0,0.0,0.0,0.0
j75_b20_n2,fbcnn_dpir_nominal,all,image_transform_spread_detail,fbcnn_dpir_nominal__score__image_transform_spread_detail,operational,1.0,40,0.0002172638726063919,0.00016141675713990186,0.0002834672474281139,1.8252661089131958e-05,1.2790724008904015e-05,2.4776339671214896e-05,4.8828125e-05,0.0,0.0001220703125,0.0,0.0,0.0,0.0,0.0,0.0
j75_b20_n2,fbcnn_dpir_nominal,all,operator_spread_detail,fbcnn_dpir_nominal__score__operator_spread_detail,operational,0.5,40,7.504726133797264e-05,4.768713886805227e-05,0.00011120585094777889,7.348273961068617e-06,4.503973194593044e-06,1.141500569389005e-05,0.0,0.0,0.0,0.0,0.0,0.0,0.0,0.0,0.0
j75_b20_n2,fbcnn_dpir_nominal,all,operator_spread_detail,fbcnn_dpir_nominal__score__operator_spread_detail,operational,0.75,40,0.00011625597951984863,7.989423182862514e-05,0.00016127714863664304,1.0802472486357193e-05,7.0992352846891395e-06,1.5614453728891342e-05,0.0,0.0,0.0,0.0,0.0,0.0,0.0,0.0,0.0
j75_b20_n2,fbcnn_dpir_nominal,all,operator_spread_detail,fbcnn_dpir_nominal__score__operator_spread_detail,operational,0.9,40,0.00015854282128084275,0.00011269712216111932,0.00021312057832960813,1.4009602774194398e-05,9.457117157215725e-06,1.96123871092362e-05,0.0,0.0,0.0,0.0,0.0,0.0,0.0,0.0,0.0
j75_b20_n2,fbcnn_dpir_nominal,all,operator_spread_detail,fbcnn_dpir_nominal__score__operator_spread_detail,operational,1.0,40,0.0002172638726063919,0.00016141675713990186,0.0002834672474281139,1.8252661089131958e-05,1.2790724008904015e-05,2.4776339671214896e-05,4.8828125e-05,0.0,0.0001220703125,0.0,0.0,0.0,0.0,0.0,0.0
j75_b20_n2,fbcnn_dpir_nominal,all,operator_spread_rgb,fbcnn_dpir_nominal__score__operator_spread_rgb,operational,0.5,40,7.421175766447533e-05,4.724869980865305e-05,0.00010983381157220697,7.656634564903124e-06,4.681804367721261e-06,1.1879188122092827e-05,0.0,0.0,0.0,0.0,0.0,0.0,0.0,0.0,0.0
j75_b20_n2,fbcnn_dpir_nominal,all,operator_spread_rgb,fbcnn_dpir_nominal__score__operator_spread_rgb,operational,0.75,40,0.00011545964533004426,7.942145346237931e-05,0.00015999483426318837,1.1353557391034214e-05,7.484346902159967e-06,1.6326986757311524e-05,0.0,0.0,0.0,0.0,0.0,0.0,0.0,0.0,0.0
j75_b20_n2,fbcnn_dpir_nominal,all,operator_spread_rgb,fbcnn_dpir_nominal__score__operator_spread_rgb,operational,0.9,40,0.0001568564061765546,0.00011115752621829529,0.00021121822637144,1.4376771530075087e-05,9.669956166969423e-06,2.0122081305563402e-05,0.0,0.0,0.0,0.0,0.0,0.0,0.0,0.0,0.0
j75_b20_n2,fbcnn_dpir_nominal,all,operator_spread_rgb,fbcnn_dpir_nominal__score__operator_spread_rgb,operational,1.0,40,0.0002172638726063919,0.00016141675713990186,0.0002834672474281139,1.8252661089131958e-05,1.2790724008904015e-05,2.4776339671214896e-05,4.8828125e-05,0.0,0.0001220703125,0.0,0.0,0.0,0.0,0.0,0.0
j75_b20_n2,fbcnn_dpir_nominal,all,oracle_detail_error,fbcnn_dpir_nominal__oracle_detail_error,evaluation_only,0.5,40,7.21145091271922e-05,4.58198769521872e-05,0.00010645557371191344,6.367210992462329e-06,3.857134899925559e-06,1.0034458864820789e-05,0.0,0.0,0.0,0.0,0.0,0.0,0.0,0.0,0.0
j75_b20_n2,fbcnn_dpir_nominal,all,oracle_detail_error,fbcnn_dpir_nominal__oracle_detail_error,evaluation_only,0.75,40,0.00011426872523019535,7.863433385024134e-05,0.00015841398029494013,9.692013173695775e-06,6.277701661414956e-06,1.4177360631733872e-05,0.0,0.0,0.0,0.0,0.0,0.0,0.0,0.0,0.0
j75_b20_n2,fbcnn_dpir_nominal,all,oracle_detail_error,fbcnn_dpir_nominal__oracle_detail_error,evaluation_only,0.9,40,0.00015817087948122505,0.00011218228326043952,0.00021254156519076502,1.328564418712949e-05,8.907092885704036e-06,1.87226493700427e-05,0.0,0.0,0.0,0.0,0.0,0.0,0.0,0.0,0.0
j75_b20_n2,fbcnn_dpir_nominal,all,oracle_detail_error,fbcnn_dpir_nominal__oracle_detail_error,evaluation_only,1.0,40,0.0002172638726063919,0.00016141675713990186,0.0002834672474281139,1.8252661089131958e-05,1.2790724008904015e-05,2.4776339671214896e-05,4.8828125e-05,0.0,0.0001220703125,0.0,0.0,0.0,0.0,0.0,0.0
j75_b20_n2,fbcnn_dpir_nominal,all,original_measurement_residual,fbcnn_dpir_nominal__score__original_measurement_residual,operational,0.5,40,9.740744396979957e-05,6.455144590247197e-05,0.00013954709673343312,9.76567178857147e-06,6.1981630259367035e-06,1.4628130054436121e-05,0.0,0.0,0.0,0.0,0.0,0.0,0.0,0.0,0.0
j75_b20_n2,fbcnn_dpir_nominal,all,original_measurement_residual,fbcnn_dpir_nominal__score__original_measurement_residual,operational,0.75,40,0.000141120637437612,9.911314328649948e-05,0.00019209882062332564,1.307997746090552e-05,8.690632831728665e-06,1.8579792702088245e-05,0.0,0.0,0.0,0.0,0.0,0.0,0.0,0.0,0.0
j75_b20_n2,fbcnn_dpir_nominal,all,original_measurement_residual,fbcnn_dpir_nominal__score__original_measurement_residual,operational,0.9,40,0.00017922276448774444,0.00012859963644949968,0.00023910545399109353,1.5545371448649143e-05,1.0583323984411151e-05,2.155047476161357e-05,0.0,0.0,0.0,0.0,0.0,0.0,0.0,0.0,0.0
j75_b20_n2,fbcnn_dpir_nominal,all,original_measurement_residual,fbcnn_dpir_nominal__score__original_measurement_residual,operational,1.0,40,0.0002172638726063919,0.00016141675713990186,0.0002834672474281139,1.8252661089131958e-05,1.2790724008904015e-05,2.4776339671214896e-05,4.8828125e-05,0.0,0.0001220703125,0.0,0.0,0.0,0.0,0.0,0.0
j75_b20_n2,fbcnn_dpir_nominal,all,reconstruction_gradient,fbcnn_dpir_nominal__score__reconstruction_gradient,operational,0.5,40,8.392049388555728e-05,5.399713603540665e-05,0.00012329978573663572,8.776534359176247e-06,5.358315581893178e-06,1.3549499990697259e-05,0.0,0.0,0.0,0.0,0.0,0.0,0.0,0.0,0.0
j75_b20_n2,fbcnn_dpir_nominal,all,reconstruction_gradient,fbcnn_dpir_nominal__score__reconstruction_gradient,operational,0.75,40,0.0001272394378325497,8.753396235765021e-05,0.00017546992751459953,1.2703990355779137e-05,8.347267532935296e-06,1.824108920289495e-05,3.25520833333325e-05,0.0,9.765624999999751e-05,0.0,0.0,0.0,0.0,0.0,0.0
j75_b20_n2,fbcnn_dpir_nominal,all,reconstruction_gradient,fbcnn_dpir_nominal__score__reconstruction_gradient,operational,0.9,40,0.00016971536907778398,0.00011944423043111053,0.00022938827561714978,1.5568275222162037e-05,1.0431742539845248e-05,2.1770140757462743e-05,2.7114967462037503e-05,0.0,8.13449023861125e-05,0.0,0.0,0.0,0.0,0.0,0.0
j75_b20_n2,fbcnn_dpir_nominal,all,reconstruction_gradient,fbcnn_dpir_nominal__score__reconstruction_gradient,operational,1.0,40,0.0002172638726063919,0.00016141675713990186,0.0002834672474281139,1.8252661089131958e-05,1.2790724008904015e-05,2.4776339671214896e-05,4.8828125e-05,0.0,0.0001220703125,0.0,0.0,0.0,0.0,0.0,0.0
j75_b20_n2,fbcnn_dpir_nominal,all,trained_image_only_patcherrornet_ensemble,fbcnn_dpir_nominal__trained_image_only_patcherrornet_ensemble,operational,0.5,40,0.00010483609648509156,7.188482371749016e-05,0.000148224467959296,1.0551480902118486e-05,6.703277460757e-06,1.5905000933916892e-05,0.0,0.0,0.0,0.0,0.0,0.0,0.0,0.0,0.0
j75_b20_n2,fbcnn_dpir_nominal,all,trained_image_only_patcherrornet_ensemble,fbcnn_dpir_nominal__trained_image_only_patcherrornet_ensemble,operational,0.75,40,0.00013367041392319714,9.494477266647012e-05,0.00018136162502522822,1.2925526796742573e-05,8.672820499551906e-06,1.8372015059768624e-05,0.0,0.0,0.0,0.0,0.0,0.0,0.0,0.0,0.0
j75_b20_n2,fbcnn_dpir_nominal,all,trained_image_only_patcherrornet_ensemble,fbcnn_dpir_nominal__trained_image_only_patcherrornet_ensemble,operational,0.9,40,0.0001692279287563929,0.00012223210454120672,0.00022505796534393236,1.5485157321127952e-05,1.0564313643512826e-05,2.1465947943852248e-05,2.7114967462037503e-05,0.0,8.13449023861125e-05,0.0,0.0,0.0,0.0,0.0,0.0
j75_b20_n2,fbcnn_dpir_nominal,all,trained_image_only_patcherrornet_ensemble,fbcnn_dpir_nominal__trained_image_only_patcherrornet_ensemble,operational,1.0,40,0.0002172638726063919,0.00016141675713990186,0.0002834672474281139,1.8252661089131958e-05,1.2790724008904015e-05,2.4776339671214896e-05,4.8828125e-05,0.0,0.0001220703125,0.0,0.0,0.0,0.0,0.0,0.0
j75_b20_n2,fbcnn_dpir_nominal,textured_quartile,expected_random,fbcnn_dpir_nominal__expected_random,evaluation_only,0.5,40,0.0005204215920834351,0.000385531635380589,0.0006793119258035976,3.961256312730729e-05,2.7826594181129033e-05,5.344759987297449e-05,0.0001953125,0.0,0.00048828125,0.0,0.0,0.0,0.0,0.0,0.0
j75_b20_n2,fbcnn_dpir_nominal,textured_quartile,expected_random,fbcnn_dpir_nominal__expected_random,evaluation_only,0.75,40,0.0005204215920834351,0.000385531635380589,0.0006793119258035976,3.961256312730729e-05,2.7826594181129033e-05,5.344759987297449e-05,0.0001953125,0.0,0.00048828125,0.0,0.0,0.0,0.0,0.0,0.0
j75_b20_n2,fbcnn_dpir_nominal,textured_quartile,expected_random,fbcnn_dpir_nominal__expected_random,evaluation_only,0.9,40,0.0005204215920834351,0.000385531635380589,0.0006793119258035976,3.961256312730729e-05,2.7826594181129033e-05,5.344759987297449e-05,0.0001953125,0.0,0.00048828125,0.0,0.0,0.0,0.0,0.0,0.0
j75_b20_n2,fbcnn_dpir_nominal,textured_quartile,expected_random,fbcnn_dpir_nominal__expected_random,evaluation_only,1.0,40,0.0005204215920834351,0.000385531635380589,0.0006793119258035976,3.961256312730729e-05,2.7826594181129033e-05,5.344759987297449e-05,0.0001953125,0.0,0.00048828125,0.0,0.0,0.0,0.0,0.0,0.0
j75_b20_n2,fbcnn_dpir_nominal,textured_quartile,image_transform_spread_detail,fbcnn_dpir_nominal__score__image_transform_spread_detail,operational,0.5,40,0.0003713189298911754,0.0002586577384459375,0.0005081615431436742,3.0455965285880168e-05,2.0102881538271476e-05,4.292682535324143e-05,0.0,0.0,0.0,0.0,0.0,0.0,0.0,0.0,0.0
j75_b20_n2,fbcnn_dpir_nominal,textured_quartile,image_transform_spread_detail,fbcnn_dpir_nominal__score__image_transform_spread_detail,operational,0.75,40,0.00043114121644571266,0.00030702718232696996,0.0005789247565788691,3.40102205438406e-05,2.306661301802012e-05,4.694878057353064e-05,0.0,0.0,0.0,0.0,0.0,0.0,0.0,0.0,0.0
j75_b20_n2,fbcnn_dpir_nominal,textured_quartile,image_transform_spread_detail,fbcnn_dpir_nominal__score__image_transform_spread_detail,operational,0.9,40,0.0004826181632712568,0.00035059280746430033,0.0006379903866263127,3.720057789705969e-05,2.5729473748123596e-05,5.069155192997134e-05,0.0001082251082251075,0.0,0.0003246753246753225,0.0,0.0,0.0,0.0,0.0,0.0
j75_b20_n2,fbcnn_dpir_nominal,textured_quartile,image_transform_spread_detail,fbcnn_dpir_nominal__score__image_transform_spread_detail,operational,1.0,40,0.0005204215920834351,0.000385531635380589,0.0006793119258035976,3.961256312730729e-05,2.7826594181129033e-05,5.344759987297449e-05,0.0001953125,0.0,0.00048828125,0.0,0.0,0.0,0.0,0.0,0.0
j75_b20_n2,fbcnn_dpir_nominal,textured_quartile,operator_spread_detail,fbcnn_dpir_nominal__score__operator_spread_detail,operational,0.5,40,0.00033422759164716034,0.00023450678083918204,0.0004527782256329503,2.608777801223038e-05,1.7351827401028846e-05,3.6478526325687276e-05,0.0,0.0,0.0,0.0,0.0,0.0,0.0,0.0,0.0
j75_b20_n2,fbcnn_dpir_nominal,textured_quartile,operator_spread_detail,fbcnn_dpir_nominal__score__operator_spread_detail,operational,0.75,40,0.00040179841399451047,0.0002875361910196343,0.0005369215138388522,3.1336379401595955e-05,2.1259623840208937e-05,4.335976573002716e-05,0.0,0.0,0.0,0.0,0.0,0.0,0.0,0.0,0.0
j75_b20_n2,fbcnn_dpir_nominal,textured_quartile,operator_spread_detail,fbcnn_dpir_nominal__score__operator_spread_detail,operational,0.9,40,0.00046075589538919495,0.000334671830997103,0.0006086515250544704,3.53990204733255e-05,2.4428848014341745e-05,4.8346622618183865e-05,0.0,0.0,0.0,0.0,0.0,0.0,0.0,0.0,0.0
j75_b20_n2,fbcnn_dpir_nominal,textured_quartile,operator_spread_detail,fbcnn_dpir_nominal__score__operator_spread_detail,operational,1.0,40,0.0005204215920834351,0.000385531635380589,0.0006793119258035976,3.961256312730729e-05,2.7826594181129033e-05,5.344759987297449e-05,0.0001953125,0.0,0.00048828125,0.0,0.0,0.0,0.0,0.0,0.0
j75_b20_n2,fbcnn_dpir_nominal,textured_quartile,operator_spread_rgb,fbcnn_dpir_nominal__score__operator_spread_rgb,operational,0.5,40,0.00033535586422913754,0.00023360141412041895,0.00045729640272964216,2.932544788529012e-05,1.9162584115919455e-05,4.1620295766202495e-05,0.0,0.0,0.0,0.0,0.0,0.0,0.0,0.0,0.0
j75_b20_n2,fbcnn_dpir_nominal,textured_quartile,operator_spread_rgb,fbcnn_dpir_nominal__score__operator_spread_rgb,operational,0.75,40,0.00039589490830191766,0.0002825453976776628,0.0005306479481831163,3.258545163801618e-05,2.1923152648606967e-05,4.5350840403693784e-05,0.0,0.0,0.0,0.0,0.0,0.0,0.0,0.0,0.0
j75_b20_n2,fbcnn_dpir_nominal,textured_quartile,operator_spread_rgb,fbcnn_dpir_nominal__score__operator_spread_rgb,operational,0.9,40,0.0004566771036290357,0.00033120758043182286,0.0006038718480945283,3.613828472476255e-05,2.4752252735773112e-05,4.9617883656383895e-05,0.0001082251082251075,0.0,0.0003246753246753225,0.0,0.0,0.0,0.0,0.0,0.0
j75_b20_n2,fbcnn_dpir_nominal,textured_quartile,operator_spread_rgb,fbcnn_dpir_nominal__score__operator_spread_rgb,operational,1.0,40,0.0005204215920834351,0.000385531635380589,0.0006793119258035976,3.961256312730729e-05,2.7826594181129033e-05,5.34475998729745e-05,0.0001953125,0.0,0.00048828125,0.0,0.0,0.0,0.0,0.0,0.0
j75_b20_n2,fbcnn_dpir_nominal,textured_quartile,oracle_detail_error,fbcnn_dpir_nominal__oracle_detail_error,evaluation_only,0.5,40,0.00033263673009317345,0.0002321510682562681,0.00045237131427616143,2.2043482941631278e-05,1.4586090209628798e-05,3.1064520127781034e-05,0.0,0.0,0.0,0.0,0.0,0.0,0.0,0.0,0.0
j75_b20_n2,fbcnn_dpir_nominal,textured_quartile,oracle_detail_error,fbcnn_dpir_nominal__oracle_detail_error,evaluation_only,0.75,40,0.0004019282889118301,0.00028635097954581495,0.0005390446782099815,2.8577679650803862e-05,1.9263015824728712e-05,3.977421328969519e-05,0.0,0.0,0.0,0.0,0.0,0.0,0.0,0.0,0.0
j75_b20_n2,fbcnn_dpir_nominal,textured_quartile,oracle_detail_error,fbcnn_dpir_nominal__oracle_detail_error,evaluation_only,0.9,40,0.0004617091744230678,0.00033475415204006856,0.0006108236906597686,3.3946965183179524e-05,2.329492949658636e-05,4.656805349257707e-05,0.0,0.0,0.0,0.0,0.0,0.0,0.0,0.0,0.0
j75_b20_n2,fbcnn_dpir_nominal,textured_quartile,oracle_detail_error,fbcnn_dpir_nominal__oracle_detail_error,evaluation_only,1.0,40,0.0005204215920834351,0.000385531635380589,0.0006793119258035976,3.961256312730729e-05,2.7826594181129033e-05,5.344759987297449e-05,0.0001953125,0.0,0.00048828125,0.0,0.0,0.0,0.0,0.0,0.0
j75_b20_n2,fbcnn_dpir_nominal,textured_quartile,original_measurement_residual,fbcnn_dpir_nominal__score__original_measurement_residual,operational,0.5,40,0.0004252717871017596,0.0003049471017407269,0.0005692696983422312,3.39684713945322e-05,2.2824918587971364e-05,4.727236728452315e-05,0.0,0.0,0.0,0.0,0.0,0.0,0.0,0.0,0.0
j75_b20_n2,fbcnn_dpir_nominal,textured_quartile,original_measurement_residual,fbcnn_dpir_nominal__score__original_measurement_residual,operational,0.75,40,0.00046590819171796573,0.0003383484154201482,0.0006170259689252656,3.58492654455731e-05,2.480910893765142e-05,4.882899845633512e-05,0.0,0.0,0.0,0.0,0.0,0.0,0.0,0.0,0.0
j75_b20_n2,fbcnn_dpir_nominal,textured_quartile,original_measurement_residual,fbcnn_dpir_nominal__score__original_measurement_residual,operational,0.9,40,0.0004955731832050498,0.00036188704594011236,0.0006527588561075602,3.789617682722027e-05,2.6337934419551066e-05,5.146871190213697e-05,0.0001082251082251075,0.0,0.0003246753246753225,0.0,0.0,0.0,0.0,0.0,0.0
j75_b20_n2,fbcnn_dpir_nominal,textured_quartile,original_measurement_residual,fbcnn_dpir_nominal__score__original_measurement_residual,operational,1.0,40,0.0005204215920834351,0.000385531635380589,0.0006793119258035976,3.961256312730729e-05,2.7826594181129033e-05,5.344759987297449e-05,0.0001953125,0.0,0.00048828125,0.0,0.0,0.0,0.0,0.0,0.0
j75_b20_n2,fbcnn_dpir_nominal,textured_quartile,reconstruction_gradient,fbcnn_dpir_nominal__score__reconstruction_gradient,operational,0.5,40,0.000424727803353939,0.0002841406398387508,0.0005953109551843105,3.771610695197983e-05,2.3794033107906573e-05,5.492845493042415e-05,0.0001953125,0.0,0.0005859375,0.0,0.0,0.0,0.0,0.0,0.0
j75_b20_n2,fbcnn_dpir_nominal,textured_quartile,reconstruction_gradient,fbcnn_dpir_nominal__score__reconstruction_gradient,operational,0.75,40,0.00044808819371858194,0.00031318917030370475,0.0006083104426332792,3.7024495799074197e-05,2.4379155630425435e-05,5.2394795736351736e-05,0.0001302083333333325,0.0,0.0003906249999999975,0.0,0.0,0.0,0.0,0.0,0.0
j75_b20_n2,fbcnn_dpir_nominal,textured_quartile,reconstruction_gradient,fbcnn_dpir_nominal__score__reconstruction_gradient,operational,0.9,40,0.00047846216933987993,0.0003447100603480635,0.000636144517377307,3.7805922519402104e-05,2.5788317369992124e-05,5.212790110024217e-05,0.0001082251082251075,0.0,0.0003246753246753225,0.0,0.0,0.0,0.0,0.0,0.0
j75_b20_n2,fbcnn_dpir_nominal,textured_quartile,reconstruction_gradient,fbcnn_dpir_nominal__score__reconstruction_gradient,operational,1.0,40,0.0005204215920834351,0.000385531635380589,0.0006793119258035976,3.961256312730729e-05,2.7826594181129033e-05,5.344759987297449e-05,0.0001953125,0.0,0.00048828125,0.0,0.0,0.0,0.0,0.0,0.0
j75_b20_n2,fbcnn_dpir_nominal,textured_quartile,trained_image_only_patcherrornet_ensemble,fbcnn_dpir_nominal__trained_image_only_patcherrornet_ensemble,operational,0.5,40,0.00040376057934708704,0.0002878880525638905,0.0005403483420504754,3.566124521048133e-05,2.363468499300995e-05,5.028852542230551e-05,0.0001953125,0.0,0.0005859375,0.0,0.0,0.0,0.0,0.0,0.0
j75_b20_n2,fbcnn_dpir_nominal,textured_quartile,trained_image_only_patcherrornet_ensemble,fbcnn_dpir_nominal__trained_image_only_patcherrornet_ensemble,operational,0.75,40,0.0004417070238108103,0.00031817616788279933,0.0005867412171424997,3.6633457770421694e-05,2.4776256589145345e-05,5.0839642911565286e-05,0.0001302083333333325,0.0,0.0003906249999999975,0.0,0.0,0.0,0.0,0.0,0.0
j75_b20_n2,fbcnn_dpir_nominal,textured_quartile,trained_image_only_patcherrornet_ensemble,fbcnn_dpir_nominal__trained_image_only_patcherrornet_ensemble,operational,0.9,40,0.00047594414579326457,0.0003473403562004388,0.0006275888122800095,3.7835546394525083e-05,2.6058403161450984e-05,5.184906799603573e-05,0.0001082251082251075,0.0,0.0003246753246753225,0.0,0.0,0.0,0.0,0.0,0.0
j75_b20_n2,fbcnn_dpir_nominal,textured_quartile,trained_image_only_patcherrornet_ensemble,fbcnn_dpir_nominal__trained_image_only_patcherrornet_ensemble,operational,1.0,40,0.0005204215920834351,0.000385531635380589,0.0006793119258035976,3.961256312730729e-05,2.7826594181129033e-05,5.344759987297449e-05,0.0001953125,0.0,0.00048828125,0.0,0.0,0.0,0.0,0.0,0.0
j90_b16_n2,dpir_nominal,all,expected_random,dpir_nominal__expected_random,evaluation_only,0.5,40,9.47443270138282e-05,7.17361197035547e-05,0.00012188013936512548,1.4229421484831504e-05,1.0713655325433828e-05,1.827253538281543e-05,0.0002197265625,2.44140625e-05,0.00048828125,0.0,0.0,0.0,0.0,0.0,0.0
j90_b16_n2,dpir_nominal,all,expected_random,dpir_nominal__expected_random,evaluation_only,0.75,40,9.47443270138282e-05,7.17361197035547e-05,0.00012188013936512548,1.4229421484831504e-05,1.0713655325433828e-05,1.827253538281543e-05,0.0002197265625,2.44140625e-05,0.00048828125,0.0,0.0,0.0,0.0,0.0,0.0
j90_b16_n2,dpir_nominal,all,expected_random,dpir_nominal__expected_random,evaluation_only,0.9,40,9.47443270138282e-05,7.17361197035547e-05,0.00012188013936512548,1.4229421484831504e-05,1.0713655325433828e-05,1.827253538281543e-05,0.0002197265625,2.44140625e-05,0.00048828125,0.0,0.0,0.0,0.0,0.0,0.0
j90_b16_n2,dpir_nominal,all,expected_random,dpir_nominal__expected_random,evaluation_only,1.0,40,9.47443270138282e-05,7.17361197035547e-05,0.00012188013936512548,1.4229421484831504e-05,1.0713655325433828e-05,1.827253538281543e-05,0.0002197265625,2.44140625e-05,0.00048828125,0.0,0.0,0.0,0.0,0.0,0.0
j90_b16_n2,dpir_nominal,all,image_transform_spread_detail,dpir_nominal__score__image_transform_spread_detail,operational,0.5,40,3.81442487671108e-05,2.6434768559959338e-05,5.358008977630973e-05,5.999144707781979e-06,4.224101387576406e-06,8.395859471323741e-06,0.0,0.0,0.0,0.0,0.0,0.0,0.0,0.0,0.0
j90_b16_n2,dpir_nominal,all,image_transform_spread_detail,dpir_nominal__score__image_transform_spread_detail,operational,0.75,40,5.6395686527413977e-05,4.070882074720118e-05,7.541021442209112e-05,8.452408842527361e-06,6.128940618790806e-06,1.1360862831140625e-05,0.0,0.0,0.0,0.0,0.0,0.0,0.0,0.0,0.0
j90_b16_n2,dpir_nominal,all,image_transform_spread_detail,dpir_nominal__score__image_transform_spread_detail,operational,0.9,40,7.416130924294603e-05,5.410246600749035e-05,9.769018653705981e-05,1.0739113128119484e-05,7.820841600043375e-06,1.4193564065905842e-05,0.0,0.0,0.0,0.0,0.0,0.0,0.0,0.0,0.0
j90_b16_n2,dpir_nominal,all,image_transform_spread_detail,dpir_nominal__score__image_transform_spread_detail,operational,1.0,40,9.47443270138282e-05,7.17361197035547e-05,0.00012188013936512548,1.4229421484831504e-05,1.0713655325433828e-05,1.827253538281543e-05,0.0002197265625,2.44140625e-05,0.00048828125,0.0,0.0,0.0,0.0,0.0,0.0
j90_b16_n2,dpir_nominal,all,operator_spread_detail,dpir_nominal__score__operator_spread_detail,operational,0.5,40,3.6965838387088095e-05,2.54376087348197e-05,5.222285517047065e-05,5.717286777356925e-06,3.997459722329363e-06,8.075855075992112e-06,0.0,0.0,0.0,0.0,0.0,0.0,0.0,0.0,0.0
j90_b16_n2,dpir_nominal,all,operator_spread_detail,dpir_nominal__score__operator_spread_detail,operational,0.75,40,5.4443059703183797e-05,3.9123720680746184e-05,7.320682231939544e-05,8.043613282657923e-06,5.7888454024585655e-06,1.0897940235502875e-05,0.0,0.0,0.0,0.0,0.0,0.0,0.0,0.0,0.0
j90_b16_n2,dpir_nominal,all,operator_spread_detail,dpir_nominal__score__operator_spread_detail,operational,0.9,40,7.204666557366283e-05,5.2562475056745876e-05,9.48057250937058e-05,1.0419913162865946e-05,7.561532243020323e-06,1.3809719564550852e-05,0.0,0.0,0.0,0.0,0.0,0.0,0.0,0.0,0.0
j90_b16_n2,dpir_nominal,all,operator_spread_detail,dpir_nominal__score__operator_spread_detail,operational,1.0,40,9.47443270138282e-05,7.17361197035547e-05,0.00012188013936512548,1.4229421484831505e-05,1.0713655325433828e-05,1.827253538281543e-05,0.0002197265625,2.44140625e-05,0.00048828125,0.0,0.0,0.0,0.0,0.0,0.0
j90_b16_n2,dpir_nominal,all,operator_spread_rgb,dpir_nominal__score__operator_spread_rgb,operational,0.5,40,3.4469684972863265e-05,2.3620734294379777e-05,4.886323656680028e-05,5.685601881164351e-06,3.986556682502535e-06,8.016690280051639e-06,0.0,0.0,0.0,0.0,0.0,0.0,0.0,0.0,0.0
j90_b16_n2,dpir_nominal,all,operator_spread_rgb,dpir_nominal__score__operator_spread_rgb,operational,0.75,40,5.1385355313567e-05,3.6725201895054174e-05,6.94541724922563e-05,8.071295297406368e-06,5.803635608391222e-06,1.093444030067941e-05,0.0,0.0,0.0,0.0,0.0,0.0,0.0,0.0,0.0
j90_b16_n2,dpir_nominal,all,operator_spread_rgb,dpir_nominal__score__operator_spread_rgb,operational,0.9,40,6.92063523828185e-05,5.0368795560193043e-05,9.14098598717602e-05,1.0410660428000977e-05,7.562051625381741e-06,1.3787097998128308e-05,0.0,0.0,0.0,0.0,0.0,0.0,0.0,0.0,0.0
j90_b16_n2,dpir_nominal,all,operator_spread_rgb,dpir_nominal__score__operator_spread_rgb,operational,1.0,40,9.47443270138282e-05,7.17361197035547e-05,0.00012188013936512548,1.4229421484831504e-05,1.0713655325433828e-05,1.827253538281543e-05,0.0002197265625,2.44140625e-05,0.00048828125,0.0,0.0,0.0,0.0,0.0,0.0
j90_b16_n2,dpir_nominal,all,oracle_detail_error,dpir_nominal__oracle_detail_error,evaluation_only,0.5,40,3.432361331558507e-05,2.3523297966201885e-05,4.850967544929604e-05,5.252372233798519e-06,3.6787328700154533e-06,7.4059217683473825e-06,0.0,0.0,0.0,0.0,0.0,0.0,0.0,0.0,0.0
j90_b16_n2,dpir_nominal,all,oracle_detail_error,dpir_nominal__oracle_detail_error,evaluation_only,0.75,40,5.177632228978346e-05,3.7085255179160295e-05,6.980708468303121e-05,7.55550725893935e-06,5.438569376971508e-06,1.0254986690819688e-05,0.0,0.0,0.0,0.0,0.0,0.0,0.0,0.0,0.0
j90_b16_n2,dpir_nominal,all,oracle_detail_error,dpir_nominal__oracle_detail_error,evaluation_only,0.9,40,6.993792326614358e-05,5.0880032665757666e-05,9.227278303576326e-05,9.981356114695017e-06,7.24851390347897e-06,1.3239776404788822e-05,0.0,0.0,0.0,0.0,0.0,0.0,0.0,0.0,0.0
j90_b16_n2,dpir_nominal,all,oracle_detail_error,dpir_nominal__oracle_detail_error,evaluation_only,1.0,40,9.47443270138282e-05,7.17361197035547e-05,0.00012188013936512548,1.4229421484831504e-05,1.0713655325433828e-05,1.827253538281543e-05,0.0002197265625,2.44140625e-05,0.00048828125,0.0,0.0,0.0,0.0,0.0,0.0
j90_b16_n2,dpir_nominal,all,original_measurement_residual,dpir_nominal__score__original_measurement_residual,operational,0.5,40,5.9638407110069364e-05,4.4066437679213525e-05,7.862252817966566e-05,9.544368948778993e-06,6.989265564786516e-06,1.2722304392877011e-05,4.8828125e-05,0.0,0.000146484375,0.0,0.0,0.0,0.0,0.0,0.0
j90_b16_n2,dpir_nominal,all,original_measurement_residual,dpir_nominal__score__original_measurement_residual,operational,0.75,40,7.286358320823835e-05,5.428446176000387e-05,9.487879318842195e-05,1.1207105183232625e-05,8.30313243438809e-06,1.46718139631375e-05,6.5104166666665e-05,0.0,0.00019531249999999502,0.0,0.0,0.0,0.0,0.0,0.0
j90_b16_n2,dpir_nominal,all,original_measurement_residual,dpir_nominal__score__original_measurement_residual,operational,0.9,40,8.369157438834012e-05,6.25947907797836e-05,0.00010831484634954029,1.2700327163048326e-05,9.522707104635424e-06,1.6451566513212605e-05,0.00021691973969630748,0.0,0.0005151843817787325,0.0,0.0,0.0,0.0,0.0,0.0
j90_b16_n2,dpir_nominal,all,original_measurement_residual,dpir_nominal__score__original_measurement_residual,operational,1.0,40,9.47443270138282e-05,7.17361197035547e-05,0.00012188013936512548,1.4229421484831504e-05,1.0713655325433828e-05,1.827253538281543e-05,0.0002197265625,2.44140625e-05,0.00048828125,0.0,0.0,0.0,0.0,0.0,0.0
j90_b16_n2,dpir_nominal,all,reconstruction_gradient,dpir_nominal__score__reconstruction_gradient,operational,0.5,40,3.8075408440674366e-05,2.6097015189338154e-05,5.378811133745241e-05,6.40917753141179e-06,4.462579634648011e-06,9.026066626440896e-06,0.0,0.0,0.0,0.0,0.0,0.0,0.0,0.0,0.0
j90_b16_n2,dpir_nominal,all,reconstruction_gradient,dpir_nominal__score__reconstruction_gradient,operational,0.75,40,5.650713025523305e-05,4.058175070334117e-05,7.57954329424745e-05,9.296133985677585e-06,6.7268881144700785e-06,1.2454576834096508e-05,6.5104166666665e-05,0.0,0.00019531249999999502,0.0,0.0,0.0,0.0,0.0,0.0
j90_b16_n2,dpir_nominal,all,reconstruction_gradient,dpir_nominal__score__reconstruction_gradient,operational,0.9,40,7.415859803598996e-05,5.375048101062035e-05,9.792090129847578e-05,1.1672437132044242e-05,8.442627052575955e-06,1.5483418607088463e-05,0.00016268980477223248,0.0,0.00043383947939262,0.0,0.0,0.0,0.0,0.0,0.0
j90_b16_n2,dpir_nominal,all,reconstruction_gradient,dpir_nominal__score__reconstruction_gradient,operational,1.0,40,9.47443270138282e-05,7.17361197035547e-05,0.00012188013936512548,1.4229421484831504e-05,1.0713655325433828e-05,1.827253538281543e-05,0.0002197265625,2.44140625e-05,0.00048828125,0.0,0.0,0.0,0.0,0.0,0.0
j90_b16_n2,dpir_nominal,textured_quartile,expected_random,dpir_nominal__expected_random,evaluation_only,0.5,40,0.00021733825445768227,0.00016269600671107683,0.000281190267037448,3.065672589958254e-05,2.287505807476199e-05,3.9656096514766964e-05,0.00078125,9.765625e-05,0.00166015625,0.0,0.0,0.0,0.0,0.0,0.0
j90_b16_n2,dpir_nominal,textured_quartile,expected_random,dpir_nominal__expected_random,evaluation_only,0.75,40,0.00021733825445768227,0.00016269600671107683,0.000281190267037448,3.065672589958254e-05,2.287505807476199e-05,3.9656096514766964e-05,0.00078125,9.765625e-05,0.00166015625,0.0,0.0,0.0,0.0,0.0,0.0
j90_b16_n2,dpir_nominal,textured_quartile,expected_random,dpir_nominal__expected_random,evaluation_only,0.9,40,0.00021733825445768227,0.00016269600671107683,0.000281190267037448,3.065672589958254e-05,2.287505807476199e-05,3.9656096514766964e-05,0.00078125,9.765625e-05,0.00166015625,0.0,0.0,0.0,0.0,0.0,0.0
j90_b16_n2,dpir_nominal,textured_quartile,expected_random,dpir_nominal__expected_random,evaluation_only,1.0,40,0.00021733825445768227,0.00016269600671107683,0.000281190267037448,3.065672589958254e-05,2.287505807476199e-05,3.9656096514766964e-05,0.00078125,9.765625e-05,0.00166015625,0.0,0.0,0.0,0.0,0.0,0.0
j90_b16_n2,dpir_nominal,textured_quartile,image_transform_spread_detail,dpir_nominal__score__image_transform_spread_detail,operational,0.5,40,0.00015473632285175118,0.00011024557817135647,0.00020771260839833188,1.934672306235932e-05,1.3666096169917283e-05,2.623547035283286e-05,0.0,0.0,0.0,0.0,0.0,0.0,0.0,0.0,0.0
j90_b16_n2,dpir_nominal,textured_quartile,image_transform_spread_detail,dpir_nominal__score__image_transform_spread_detail,operational,0.75,40,0.000179911392696348,0.0001306315521017095,0.00023866412706448196,2.2695654659153468e-05,1.6265024717099824e-05,3.0245866558735497e-05,0.0,0.0,0.0,0.0,0.0,0.0,0.0,0.0,0.0
j90_b16_n2,dpir_nominal,textured_quartile,image_transform_spread_detail,dpir_nominal__score__image_transform_spread_detail,operational,0.9,40,0.00019966286500438493,0.00014667142678145603,0.00026198790596030855,2.572519371048385e-05,1.8617311754431093e-05,3.400669979596363e-05,0.0,0.0,0.0,0.0,0.0,0.0,0.0,0.0,0.0
j90_b16_n2,dpir_nominal,textured_quartile,image_transform_spread_detail,dpir_nominal__score__image_transform_spread_detail,operational,1.0,40,0.00021733825445768227,0.00016269600671107686,0.000281190267037448,3.065672589958254e-05,2.2875058074761987e-05,3.9656096514766964e-05,0.00078125,9.765625e-05,0.00166015625,0.0,0.0,0.0,0.0,0.0,0.0
j90_b16_n2,dpir_nominal,textured_quartile,operator_spread_detail,dpir_nominal__score__operator_spread_detail,operational,0.5,40,0.00014374248915707328,0.00010237232925996387,0.00019328521605904434,1.7487087628740073e-05,1.2322451190862088e-05,2.3616511274660574e-05,0.0,0.0,0.0,0.0,0.0,0.0,0.0,0.0,0.0
j90_b16_n2,dpir_nominal,textured_quartile,operator_spread_detail,dpir_nominal__score__operator_spread_detail,operational,0.75,40,0.000173390645231777,0.00012556894821739664,0.00023019836046019035,2.1745353233731784e-05,1.5438630517702672e-05,2.9188400531277808e-05,0.0,0.0,0.0,0.0,0.0,0.0,0.0,0.0,0.0
j90_b16_n2,dpir_nominal,textured_quartile,operator_spread_detail,dpir_nominal__score__operator_spread_detail,operational,0.9,40,0.00019667703767981616,0.00014427500760409438,0.00025835740511030594,2.519100920463786e-05,1.8108280452766282e-05,3.344342338447333e-05,0.0,0.0,0.0,0.0,0.0,0.0,0.0,0.0,0.0
j90_b16_n2,dpir_nominal,textured_quartile,operator_spread_detail,dpir_nominal__score__operator_spread_detail,operational,1.0,40,0.00021733825445768227,0.00016269600671107683,0.000281190267037448,3.065672589958254e-05,2.2875058074761987e-05,3.9656096514766964e-05,0.00078125,9.765625e-05,0.00166015625,0.0,0.0,0.0,0.0,0.0,0.0
j90_b16_n2,dpir_nominal,textured_quartile,operator_spread_rgb,dpir_nominal__score__operator_spread_rgb,operational,0.5,40,0.00013470508188593964,9.551389936390105e-05,0.00018143068273922814,1.7950608191879084e-05,1.2667718178207899e-05,2.4240437027620573e-05,0.0,0.0,0.0,0.0,0.0,0.0,0.0,0.0,0.0
j90_b16_n2,dpir_nominal,textured_quartile,operator_spread_rgb,dpir_nominal__score__operator_spread_rgb,operational,0.75,40,0.0001641812996885233,0.00011843127148683859,0.0002186156910590778,2.198438666922628e-05,1.5649978770182167e-05,2.941052803657066e-05,0.0,0.0,0.0,0.0,0.0,0.0,0.0,0.0,0.0
j90_b16_n2,dpir_nominal,textured_quartile,operator_spread_rgb,dpir_nominal__score__operator_spread_rgb,operational,0.9,40,0.0001897402828421327,0.0001391347769161572,0.000249491372201432,2.5045072072232756e-05,1.797531489634992e-05,3.32927696933006e-05,0.0,0.0,0.0,0.0,0.0,0.0,0.0,0.0,0.0
j90_b16_n2,dpir_nominal,textured_quartile,operator_spread_rgb,dpir_nominal__score__operator_spread_rgb,operational,1.0,40,0.00021733825445768227,0.00016269600671107683,0.000281190267037448,3.065672589958254e-05,2.2875058074761987e-05,3.9656096514766964e-05,0.00078125,9.765625e-05,0.00166015625,0.0,0.0,0.0,0.0,0.0,0.0
j90_b16_n2,dpir_nominal,textured_quartile,oracle_detail_error,dpir_nominal__oracle_detail_error,evaluation_only,0.5,40,0.00013652117014831795,9.68312140409243e-05,0.00018422025032327239,1.5792324834188723e-05,1.110441562121927e-05,2.1436036851388592e-05,0.0,0.0,0.0,0.0,0.0,0.0,0.0,0.0,0.0
j90_b16_n2,dpir_nominal,textured_quartile,oracle_detail_error,dpir_nominal__oracle_detail_error,evaluation_only,0.75,40,0.00016611972895407877,0.00011950212466879331,0.0002215810275515187,2.0148611231326608e-05,1.431306580496725e-05,2.704996839436823e-05,0.0,0.0,0.0,0.0,0.0,0.0,0.0,0.0,0.0
j90_b16_n2,dpir_nominal,textured_quartile,oracle_detail_error,dpir_nominal__oracle_detail_error,evaluation_only,0.9,40,0.00019177656608783568,0.00014017094114064486,0.0002528831497599797,2.399337606391199e-05,1.7235929313195533e-05,3.187840506608791e-05,0.0,0.0,0.0,0.0,0.0,0.0,0.0,0.0,0.0
j90_b16_n2,dpir_nominal,textured_quartile,oracle_detail_error,dpir_nominal__oracle_detail_error,evaluation_only,1.0,40,0.00021733825445768227,0.00016269600671107683,0.000281190267037448,3.065672589958254e-05,2.2875058074761987e-05,3.965609651476696e-05,0.00078125,9.765625e-05,0.00166015625,0.0,0.0,0.0,0.0,0.0,0.0
j90_b16_n2,dpir_nominal,textured_quartile,original_measurement_residual,dpir_nominal__score__original_measurement_residual,operational,0.5,40,0.0001905608431116172,0.0001402515097348584,0.0002494183716404934,2.6579349324330205e-05,1.9478681378247382e-05,3.467756287935149e-05,0.000390625,0.0,0.0009765625,0.0,0.0,0.0,0.0,0.0,0.0
j90_b16_n2,dpir_nominal,textured_quartile,original_measurement_residual,dpir_nominal__score__original_measurement_residual,operational,0.75,40,0.0002013494444379524,0.00014894357806661718,0.0002624546177024452,2.8294760847262123e-05,2.0830883859102463e-05,3.689450420629726e-05,0.0009114583333333325,0.0,0.0020833333333333324,0.0,0.0,0.0,0.0,0.0,0.0
j90_b16_n2,dpir_nominal,textured_quartile,original_measurement_residual,dpir_nominal__score__original_measurement_residual,operational,0.9,40,0.00020957796610269092,0.00015614653216589508,0.0002717153735129554,2.9518391592272522e-05,2.190537489942337e-05,3.8352399358122955e-05,0.0007575757575757526,0.0,0.0017316017316017199,0.0,0.0,0.0,0.0,0.0,0.0
j90_b16_n2,dpir_nominal,textured_quartile,original_measurement_residual,dpir_nominal__score__original_measurement_residual,operational,1.0,40,0.00021733825445768227,0.00016269600671107683,0.000281190267037448,3.065672589958254e-05,2.2875058074761987e-05,3.965609651476696e-05,0.00078125,9.765625e-05,0.00166015625,0.0,0.0,0.0,0.0,0.0,0.0
j90_b16_n2,dpir_nominal,textured_quartile,reconstruction_gradient,dpir_nominal__score__reconstruction_gradient,operational,0.5,40,0.00017014300279922118,0.0001179360799310032,0.00023290707674971037,2.611584564405434e-05,1.7475554629266414e-05,3.655885148057168e-05,0.0009765625,0.0,0.0025390625,0.0,0.0,0.0,0.0,0.0,0.0
j90_b16_n2,dpir_nominal,textured_quartile,reconstruction_gradient,dpir_nominal__score__reconstruction_gradient,operational,0.75,40,0.0001837748869435124,0.00013073174965241404,0.00024675822954668057,2.6732890399425185e-05,1.8685887123494146e-05,3.63667783578346e-05,0.000651041666666665,0.0,0.0016927083333333301,0.0,0.0,0.0,0.0,0.0,0.0
j90_b16_n2,dpir_nominal,textured_quartile,reconstruction_gradient,dpir_nominal__score__reconstruction_gradient,operational,0.9,40,0.00019901790705640073,0.0001453949259475239,0.0002617795224884648,2.8628212756442734e-05,2.081376818406822e-05,3.79286299983198e-05,0.0007575757575757526,0.0,0.0017316017316017199,0.0,0.0,0.0,0.0,0.0,0.0
j90_b16_n2,dpir_nominal,textured_quartile,reconstruction_gradient,dpir_nominal__score__reconstruction_gradient,operational,1.0,40,0.00021733825445768227,0.00016269600671107683,0.000281190267037448,3.065672589958254e-05,2.2875058074761987e-05,3.9656096514766964e-05,0.00078125,9.765625e-05,0.00166015625,0.0,0.0,0.0,0.0,0.0,0.0
j90_b16_n2,fbcnn_dpir_nominal,all,expected_random,fbcnn_dpir_nominal__expected_random,evaluation_only,0.5,40,9.138075197171947e-05,6.822340382897754e-05,0.00011875434879105739,1.169544825045177e-05,8.452044303582278e-06,1.5478385059515587e-05,0.0,0.0,0.0,0.0,0.0,0.0,0.0,0.0,0.0
j90_b16_n2,fbcnn_dpir_nominal,all,expected_random,fbcnn_dpir_nominal__expected_random,evaluation_only,0.75,40,9.138075197171947e-05,6.822340382897754e-05,0.00011875434879105739,1.169544825045177e-05,8.452044303582278e-06,1.5478385059515587e-05,0.0,0.0,0.0,0.0,0.0,0.0,0.0,0.0,0.0
j90_b16_n2,fbcnn_dpir_nominal,all,expected_random,fbcnn_dpir_nominal__expected_random,evaluation_only,0.9,40,9.138075197171947e-05,6.822340382897754e-05,0.00011875434879105739,1.169544825045177e-05,8.452044303582278e-06,1.5478385059515587e-05,0.0,0.0,0.0,0.0,0.0,0.0,0.0,0.0,0.0
j90_b16_n2,fbcnn_dpir_nominal,all,expected_random,fbcnn_dpir_nominal__expected_random,evaluation_only,1.0,40,9.138075197171947e-05,6.822340382897754e-05,0.00011875434879105739,1.169544825045177e-05,8.452044303582278e-06,1.5478385059515587e-05,0.0,0.0,0.0,0.0,0.0,0.0,0.0,0.0,0.0
j90_b16_n2,fbcnn_dpir_nominal,all,image_transform_spread_detail,fbcnn_dpir_nominal__score__image_transform_spread_detail,operational,0.5,40,3.582798133300455e-05,2.399222378913907e-05,5.14593597840754e-05,5.1204955731724655e-06,3.458502097547604e-06,7.399462159331716e-06,0.0,0.0,0.0,0.0,0.0,0.0,0.0,0.0,0.0
j90_b16_n2,fbcnn_dpir_nominal,all,image_transform_spread_detail,fbcnn_dpir_nominal__score__image_transform_spread_detail,operational,0.75,40,5.453711238749481e-05,3.870519132055118e-05,7.382034777221715e-05,7.41426637497542e-06,5.203770945313803e-06,1.0163902854598457e-05,0.0,0.0,0.0,0.0,0.0,0.0,0.0,0.0,0.0
j90_b16_n2,fbcnn_dpir_nominal,all,image_transform_spread_detail,fbcnn_dpir_nominal__score__image_transform_spread_detail,operational,0.9,40,7.186960219489654e-05,5.199716580838621e-05,9.535326149516303e-05,9.398194402319734e-06,6.657484660980184e-06,1.2636533451021202e-05,0.0,0.0,0.0,0.0,0.0,0.0,0.0,0.0,0.0
j90_b16_n2,fbcnn_dpir_nominal,all,image_transform_spread_detail,fbcnn_dpir_nominal__score__image_transform_spread_detail,operational,1.0,40,9.138075197171947e-05,6.822340382897754e-05,0.00011875434879105739,1.1695448250451772e-05,8.452044303582278e-06,1.5478385059515587e-05,0.0,0.0,0.0,0.0,0.0,0.0,0.0,0.0,0.0
j90_b16_n2,fbcnn_dpir_nominal,all,operator_spread_detail,fbcnn_dpir_nominal__score__operator_spread_detail,operational,0.5,40,3.49574074855429e-05,2.332552959643656e-05,5.016145769351965e-05,4.935601564028241e-06,3.3186901514527807e-06,7.174737748067138e-06,0.0,0.0,0.0,0.0,0.0,0.0,0.0,0.0,0.0
j90_b16_n2,fbcnn_dpir_nominal,all,operator_spread_detail,fbcnn_dpir_nominal__score__operator_spread_detail,operational,0.75,40,5.179327939569809e-05,3.651820909604523e-05,7.057491176105985e-05,6.941958461229446e-06,4.827528298427402e-06,9.621896769952653e-06,0.0,0.0,0.0,0.0,0.0,0.0,0.0,0.0,0.0
j90_b16_n2,fbcnn_dpir_nominal,all,operator_spread_detail,fbcnn_dpir_nominal__score__operator_spread_detail,operational,0.9,40,6.889813086127471e-05,4.9755806527948614e-05,9.164577146914214e-05,9.068928326041828e-06,6.392935335934602e-06,1.2271788368250971e-05,0.0,0.0,0.0,0.0,0.0,0.0,0.0,0.0,0.0
j90_b16_n2,fbcnn_dpir_nominal,all,operator_spread_detail,fbcnn_dpir_nominal__score__operator_spread_detail,operational,1.0,40,9.138075197171947e-05,6.822340382897754e-05,0.00011875434879105739,1.1695448250451772e-05,8.452044303582278e-06,1.5478385059515587e-05,0.0,0.0,0.0,0.0,0.0,0.0,0.0,0.0,0.0
j90_b16_n2,fbcnn_dpir_nominal,all,operator_spread_rgb,fbcnn_dpir_nominal__score__operator_spread_rgb,operational,0.5,40,3.3971506588861846e-05,2.2836793766962993e-05,4.862299625595499e-05,5.026940196489648e-06,3.3873523823803807e-06,7.2695670776555075e-06,0.0,0.0,0.0,0.0,0.0,0.0,0.0,0.0,0.0
j90_b16_n2,fbcnn_dpir_nominal,all,operator_spread_rgb,fbcnn_dpir_nominal__score__operator_spread_rgb,operational,0.75,40,5.0670755044785464e-05,3.5859974092374955e-05,6.887455642427398e-05,7.174405899348816e-06,5.019431681078687e-06,9.884000696495339e-06,0.0,0.0,0.0,0.0,0.0,0.0,0.0,0.0,0.0
j90_b16_n2,fbcnn_dpir_nominal,all,operator_spread_rgb,fbcnn_dpir_nominal__score__operator_spread_rgb,operational,0.9,40,6.771885880239246e-05,4.887041272089682e-05,9.025288412743461e-05,9.17155927602277e-06,6.477168506045841e-06,1.2382989835371943e-05,0.0,0.0,0.0,0.0,0.0,0.0,0.0,0.0,0.0
j90_b16_n2,fbcnn_dpir_nominal,all,operator_spread_rgb,fbcnn_dpir_nominal__score__operator_spread_rgb,operational,1.0,40,9.138075197171947e-05,6.822340382897754e-05,0.00011875434879105738,1.1695448250451772e-05,8.452044303582278e-06,1.5478385059515587e-05,0.0,0.0,0.0,0.0,0.0,0.0,0.0,0.0,0.0
j90_b16_n2,fbcnn_dpir_nominal,all,oracle_detail_error,fbcnn_dpir_nominal__oracle_detail_error,evaluation_only,0.5,40,3.335170436716239e-05,2.223864668623235e-05,4.786049817312717e-05,4.476974097892024e-06,3.00348365391207e-06,6.523692451262952e-06,0.0,0.0,0.0,0.0,0.0,0.0,0.0,0.0,0.0
j90_b16_n2,fbcnn_dpir_nominal,all,oracle_detail_error,fbcnn_dpir_nominal__oracle_detail_error,evaluation_only,0.75,40,5.0431184410336785e-05,3.557963881483379e-05,6.870049158657725e-05,6.5015737167829885e-06,4.511519349392127e-06,9.068122234839687e-06,0.0,0.0,0.0,0.0,0.0,0.0,0.0,0.0,0.0
j90_b16_n2,fbcnn_dpir_nominal,all,oracle_detail_error,fbcnn_dpir_nominal__oracle_detail_error,evaluation_only,0.9,40,6.826446035492182e-05,4.9216806296776346e-05,9.068144552665636e-05,8.671507007265234e-06,6.111820841784552e-06,1.176469633282339e-05,0.0,0.0,0.0,0.0,0.0,0.0,0.0,0.0,0.0
j90_b16_n2,fbcnn_dpir_nominal,all,oracle_detail_error,fbcnn_dpir_nominal__oracle_detail_error,evaluation_only,1.0,40,9.138075197171947e-05,6.822340382897754e-05,0.00011875434879105738,1.1695448250451772e-05,8.452044303582278e-06,1.5478385059515587e-05,0.0,0.0,0.0,0.0,0.0,0.0,0.0,0.0,0.0
j90_b16_n2,fbcnn_dpir_nominal,all,original_measurement_residual,fbcnn_dpir_nominal__score__original_measurement_residual,operational,0.5,40,5.143652584513804e-05,3.6936525593730044e-05,6.95442585564337e-05,7.269448897720454e-06,5.040839214582517e-06,1.011880063960904e-05,0.0,0.0,0.0,0.0,0.0,0.0,0.0,0.0,0.0
j90_b16_n2,fbcnn_dpir_nominal,all,original_measurement_residual,fbcnn_dpir_nominal__score__original_measurement_residual,operational,0.75,40,6.563974332430728e-05,4.79312686986387e-05,8.664018195103177e-05,8.771843888780849e-06,6.211232259133537e-06,1.1947378648035036e-05,0.0,0.0,0.0,0.0,0.0,0.0,0.0,0.0,0.0
j90_b16_n2,fbcnn_dpir_nominal,all,original_measurement_residual,fbcnn_dpir_nominal__score__original_measurement_residual,operational,0.9,40,7.822865929207998e-05,5.73517828577636e-05,0.00010287747946843503,1.007791786530105e-05,7.187421244433632e-06,1.3535229878156634e-05,0.0,0.0,0.0,0.0,0.0,0.0,0.0,0.0,0.0
j90_b16_n2,fbcnn_dpir_nominal,all,original_measurement_residual,fbcnn_dpir_nominal__score__original_measurement_residual,operational,1.0,40,9.138075197171947e-05,6.822340382897754e-05,0.00011875434879105739,1.1695448250451772e-05,8.452044303582278e-06,1.5478385059515587e-05,0.0,0.0,0.0,0.0,0.0,0.0,0.0,0.0,0.0
j90_b16_n2,fbcnn_dpir_nominal,all,reconstruction_gradient,fbcnn_dpir_nominal__score__reconstruction_gradient,operational,0.5,40,3.768794367674241e-05,2.5583028430071674e-05,5.377209685148772e-05,5.7193576014764955e-06,3.813235247808386e-06,8.305133133689465e-06,0.0,0.0,0.0,0.0,0.0,0.0,0.0,0.0,0.0
j90_b16_n2,fbcnn_dpir_nominal,all,reconstruction_gradient,fbcnn_dpir_nominal__score__reconstruction_gradient,operational,0.75,40,5.532454116861779e-05,3.935682393089396e-05,7.471515464076132e-05,8.087585077909334e-06,5.656714887985451e-06,1.1107838368444913e-05,0.0,0.0,0.0,0.0,0.0,0.0,0.0,0.0,0.0
j90_b16_n2,fbcnn_dpir_nominal,all,reconstruction_gradient,fbcnn_dpir_nominal__score__reconstruction_gradient,operational,0.9,40,7.229056612990832e-05,5.1853872140009564e-05,9.629637542504618e-05,9.951175503132796e-06,6.973292550295383e-06,1.350750540707373e-05,0.0,0.0,0.0,0.0,0.0,0.0,0.0,0.0,0.0
j90_b16_n2,fbcnn_dpir_nominal,all,reconstruction_gradient,fbcnn_dpir_nominal__score__reconstruction_gradient,operational,1.0,40,9.138075197171947e-05,6.822340382897754e-05,0.00011875434879105739,1.1695448250451772e-05,8.452044303582278e-06,1.5478385059515587e-05,0.0,0.0,0.0,0.0,0.0,0.0,0.0,0.0,0.0
j90_b16_n2,fbcnn_dpir_nominal,all,trained_image_only_patcherrornet_ensemble,fbcnn_dpir_nominal__trained_image_only_patcherrornet_ensemble,operational,0.5,40,4.50634029572385e-05,3.137236405553712e-05,6.347429739503737e-05,6.76379502479498e-06,4.520051974804664e-06,9.734885647366393e-06,0.0,0.0,0.0,0.0,0.0,0.0,0.0,0.0,0.0
j90_b16_n2,fbcnn_dpir_nominal,all,trained_image_only_patcherrornet_ensemble,fbcnn_dpir_nominal__trained_image_only_patcherrornet_ensemble,operational,0.75,40,5.7430627501229964e-05,4.1373520511684276e-05,7.743803281261219e-05,8.230624892585145e-06,5.796375169572555e-06,1.1279622596057373e-05,0.0,0.0,0.0,0.0,0.0,0.0,0.0,0.0,0.0
j90_b16_n2,fbcnn_dpir_nominal,all,trained_image_only_patcherrornet_ensemble,fbcnn_dpir_nominal__trained_image_only_patcherrornet_ensemble,operational,0.9,40,7.172728617730166e-05,5.214504077143473e-05,9.508581069164615e-05,9.881183000620592e-06,6.993625702804959e-06,1.3324406709496347e-05,0.0,0.0,0.0,0.0,0.0,0.0,0.0,0.0,0.0
j90_b16_n2,fbcnn_dpir_nominal,all,trained_image_only_patcherrornet_ensemble,fbcnn_dpir_nominal__trained_image_only_patcherrornet_ensemble,operational,1.0,40,9.138075197171947e-05,6.822340382897754e-05,0.00011875434879105739,1.1695448250451772e-05,8.452044303582278e-06,1.5478385059515587e-05,0.0,0.0,0.0,0.0,0.0,0.0,0.0,0.0,0.0
j90_b16_n2,fbcnn_dpir_nominal,textured_quartile,expected_random,fbcnn_dpir_nominal__expected_random,evaluation_only,0.5,40,0.0002086839272578259,0.00015374122630031217,0.0002727946229711317,2.4305144366038874e-05,1.7231287000407108e-05,3.251828536195072e-05,0.0,0.0,0.0,0.0,0.0,0.0,0.0,0.0,0.0
j90_b16_n2,fbcnn_dpir_nominal,textured_quartile,expected_random,fbcnn_dpir_nominal__expected_random,evaluation_only,0.75,40,0.0002086839272578259,0.00015374122630031217,0.0002727946229711317,2.4305144366038874e-05,1.7231287000407108e-05,3.251828536195072e-05,0.0,0.0,0.0,0.0,0.0,0.0,0.0,0.0,0.0
j90_b16_n2,fbcnn_dpir_nominal,textured_quartile,expected_random,fbcnn_dpir_nominal__expected_random,evaluation_only,0.9,40,0.0002086839272578259,0.00015374122630031217,0.0002727946229711317,2.4305144366038874e-05,1.7231287000407108e-05,3.251828536195072e-05,0.0,0.0,0.0,0.0,0.0,0.0,0.0,0.0,0.0
j90_b16_n2,fbcnn_dpir_nominal,textured_quartile,expected_random,fbcnn_dpir_nominal__expected_random,evaluation_only,1.0,40,0.0002086839272578259,0.00015374122630031217,0.0002727946229711317,2.4305144366038874e-05,1.7231287000407108e-05,3.251828536195072e-05,0.0,0.0,0.0,0.0,0.0,0.0,0.0,0.0,0.0
j90_b16_n2,fbcnn_dpir_nominal,textured_quartile,image_transform_spread_detail,fbcnn_dpir_nominal__score__image_transform_spread_detail,operational,0.5,40,0.00014689296978429286,0.00010415949239581504,0.00019772011948822094,1.699213695753997e-05,1.170908445227525e-05,2.3211899808868646e-05,0.0,0.0,0.0,0.0,0.0,0.0,0.0,0.0,0.0
j90_b16_n2,fbcnn_dpir_nominal,textured_quartile,image_transform_spread_detail,fbcnn_dpir_nominal__score__image_transform_spread_detail,operational,0.75,40,0.00017310101037318256,0.00012415052732302556,0.00023101875617730314,2.007000414117689e-05,1.399152550167443e-05,2.728199278265282e-05,0.0,0.0,0.0,0.0,0.0,0.0,0.0,0.0,0.0
j90_b16_n2,fbcnn_dpir_nominal,textured_quartile,image_transform_spread_detail,fbcnn_dpir_nominal__score__image_transform_spread_detail,operational,0.9,40,0.00019284115900417972,0.00014024192180599524,0.00025484413277394836,2.2348988647198813e-05,1.568353817029362e-05,3.013621472156259e-05,0.0,0.0,0.0,0.0,0.0,0.0,0.0,0.0,0.0
j90_b16_n2,fbcnn_dpir_nominal,textured_quartile,image_transform_spread_detail,fbcnn_dpir_nominal__score__image_transform_spread_detail,operational,1.0,40,0.00020868392725782842,0.00015374122630031463,0.0002727946229711317,2.4305144366038874e-05,1.7231287000407108e-05,3.251828536195072e-05,0.0,0.0,0.0,0.0,0.0,0.0,0.0,0.0,0.0
j90_b16_n2,fbcnn_dpir_nominal,textured_quartile,operator_spread_detail,fbcnn_dpir_nominal__score__operator_spread_detail,operational,0.5,40,0.00013606712904903998,9.611003522261306e-05,0.00018409526492503198,1.5209901429704997e-05,1.0406439490951896e-05,2.094545875814261e-05,0.0,0.0,0.0,0.0,0.0,0.0,0.0,0.0,0.0
j90_b16_n2,fbcnn_dpir_nominal,textured_quartile,operator_spread_detail,fbcnn_dpir_nominal__score__operator_spread_detail,operational,0.75,40,0.00016378946503172882,0.00011733796666088298,0.0002188960183649134,1.8904407751953476e-05,1.3006500546958132e-05,2.5964781695288022e-05,0.0,0.0,0.0,0.0,0.0,0.0,0.0,0.0,0.0
j90_b16_n2,fbcnn_dpir_nominal,textured_quartile,operator_spread_detail,fbcnn_dpir_nominal__score__operator_spread_detail,operational,0.9,40,0.0001869443449562986,0.00013566736745453773,0.0002472827496795071,2.1604294482095368e-05,1.502026733505977e-05,2.9316861525751423e-05,0.0,0.0,0.0,0.0,0.0,0.0,0.0,0.0,0.0
j90_b16_n2,fbcnn_dpir_nominal,textured_quartile,operator_spread_detail,fbcnn_dpir_nominal__score__operator_spread_detail,operational,1.0,40,0.0002086839272578259,0.00015374122630031214,0.0002727946229711317,2.4305144366038874e-05,1.7231287000407108e-05,3.251828536195072e-05,0.0,0.0,0.0,0.0,0.0,0.0,0.0,0.0,0.0
j90_b16_n2,fbcnn_dpir_nominal,textured_quartile,operator_spread_rgb,fbcnn_dpir_nominal__score__operator_spread_rgb,operational,0.5,40,0.0001338624887569315,9.431028534037622e-05,0.00018108383835799884,1.6407697718981366e-05,1.1179178792549175e-05,2.2553652189190548e-05,0.0,0.0,0.0,0.0,0.0,0.0,0.0,0.0,0.0
j90_b16_n2,fbcnn_dpir_nominal,textured_quartile,operator_spread_rgb,fbcnn_dpir_nominal__score__operator_spread_rgb,operational,0.75,40,0.0001602895069607688,0.00011452056573529488,0.0002145218185561146,1.9556021698849135e-05,1.3493249758146405e-05,2.672682003289118e-05,0.0,0.0,0.0,0.0,0.0,0.0,0.0,0.0,0.0
j90_b16_n2,fbcnn_dpir_nominal,textured_quartile,operator_spread_rgb,fbcnn_dpir_nominal__score__operator_spread_rgb,operational,0.9,40,0.0001837447166445124,0.00013317008231885952,0.00024356245786958595,2.1821367634678254e-05,1.5222551255499763e-05,2.9503469627098987e-05,0.0,0.0,0.0,0.0,0.0,0.0,0.0,0.0,0.0
j90_b16_n2,fbcnn_dpir_nominal,textured_quartile,operator_spread_rgb,fbcnn_dpir_nominal__score__operator_spread_rgb,operational,1.0,40,0.00020868392725782842,0.00015374122630031466,0.0002727946229711317,2.4305144366038874e-05,1.7231287000407108e-05,3.251828536195072e-05,0.0,0.0,0.0,0.0,0.0,0.0,0.0,0.0,0.0
j90_b16_n2,fbcnn_dpir_nominal,textured_quartile,oracle_detail_error,fbcnn_dpir_nominal__oracle_detail_error,evaluation_only,0.5,40,0.0001331313536089461,9.345469942329187e-05,0.00018037678463523704,1.3563567579014414e-05,9.270505659450638e-06,1.876043528626455e-05,0.0,0.0,0.0,0.0,0.0,0.0,0.0,0.0,0.0
j90_b16_n2,fbcnn_dpir_nominal,textured_quartile,oracle_detail_error,fbcnn_dpir_nominal__oracle_detail_error,evaluation_only,0.75,40,0.00016211994792451063,0.0001152879029241437,0.00021726221173075367,1.7466686329841296e-05,1.2058254336181422e-05,2.3952162401880383e-05,0.0,0.0,0.0,0.0,0.0,0.0,0.0,0.0,0.0
j90_b16_n2,fbcnn_dpir_nominal,textured_quartile,oracle_detail_error,fbcnn_dpir_nominal__oracle_detail_error,evaluation_only,0.9,40,0.0001859502362381733,0.00013448456806638235,0.0002466400205305654,2.064894980500011e-05,1.441387065133888e-05,2.7948558281219754e-05,0.0,0.0,0.0,0.0,0.0,0.0,0.0,0.0,0.0
j90_b16_n2,fbcnn_dpir_nominal,textured_quartile,oracle_detail_error,fbcnn_dpir_nominal__oracle_detail_error,evaluation_only,1.0,40,0.00020868392725782842,0.00015374122630031463,0.0002727946229711317,2.4305144366038874e-05,1.7231287000407108e-05,3.251828536195072e-05,0.0,0.0,0.0,0.0,0.0,0.0,0.0,0.0,0.0
j90_b16_n2,fbcnn_dpir_nominal,textured_quartile,original_measurement_residual,fbcnn_dpir_nominal__score__original_measurement_residual,operational,0.5,40,0.00017205009906870165,0.00012479626646131416,0.00022759769191636124,2.016716002755084e-05,1.4027380085471571e-05,2.7401837630652706e-05,0.0,0.0,0.0,0.0,0.0,0.0,0.0,0.0,0.0
j90_b16_n2,fbcnn_dpir_nominal,textured_quartile,original_measurement_residual,fbcnn_dpir_nominal__score__original_measurement_residual,operational,0.75,40,0.0001868727140233726,0.00013639354447178264,0.00024657795493952274,2.1526577937096255e-05,1.5173041670344233e-05,2.896790585521944e-05,0.0,0.0,0.0,0.0,0.0,0.0,0.0,0.0,0.0
j90_b16_n2,fbcnn_dpir_nominal,textured_quartile,original_measurement_residual,fbcnn_dpir_nominal__score__original_measurement_residual,operational,0.9,40,0.000199898715668492,0.0001462688476229774,0.00026292583042170846,2.2938390444936215e-05,1.6301884792415355e-05,3.07382865111312e-05,0.0,0.0,0.0,0.0,0.0,0.0,0.0,0.0,0.0
j90_b16_n2,fbcnn_dpir_nominal,textured_quartile,original_measurement_residual,fbcnn_dpir_nominal__score__original_measurement_residual,operational,1.0,40,0.00020868392725782842,0.00015374122630031463,0.0002727946229711317,2.4305144366038874e-05,1.7231287000407108e-05,3.251828536195072e-05,0.0,0.0,0.0,0.0,0.0,0.0,0.0,0.0,0.0
j90_b16_n2,fbcnn_dpir_nominal,textured_quartile,reconstruction_gradient,fbcnn_dpir_nominal__score__reconstruction_gradient,operational,0.5,40,0.00016753326404397856,0.00011468687069463768,0.00023149477708717036,2.227820363423673e-05,1.4436358715360962e-05,3.201989750673041e-05,0.0,0.0,0.0,0.0,0.0,0.0,0.0,0.0,0.0
j90_b16_n2,fbcnn_dpir_nominal,textured_quartile,reconstruction_gradient,fbcnn_dpir_nominal__score__reconstruction_gradient,operational,0.75,40,0.00017935079414412134,0.0001253666532603957,0.00024348473542866708,2.231816708108436e-05,1.5013624749480493e-05,3.1150108518463575e-05,0.0,0.0,0.0,0.0,0.0,0.0,0.0,0.0,0.0
j90_b16_n2,fbcnn_dpir_nominal,textured_quartile,reconstruction_gradient,fbcnn_dpir_nominal__score__reconstruction_gradient,operational,0.9,40,0.00019212485595909031,0.00013808698495612918,0.0002555593824121242,2.3020629274303807e-05,1.5945813358513452e-05,3.140255910078881e-05,0.0,0.0,0.0,0.0,0.0,0.0,0.0,0.0,0.0
j90_b16_n2,fbcnn_dpir_nominal,textured_quartile,reconstruction_gradient,fbcnn_dpir_nominal__score__reconstruction_gradient,operational,1.0,40,0.00020868392725782842,0.00015374122630031463,0.0002727946229711317,2.4305144366038874e-05,1.7231287000407108e-05,3.251828536195072e-05,0.0,0.0,0.0,0.0,0.0,0.0,0.0,0.0,0.0
j90_b16_n2,fbcnn_dpir_nominal,textured_quartile,trained_image_only_patcherrornet_ensemble,fbcnn_dpir_nominal__trained_image_only_patcherrornet_ensemble,operational,0.5,40,0.0001592660824116208,0.00011325721870820365,0.0002145267388454802,2.0913997726665444e-05,1.4191982641749493e-05,2.903461901694089e-05,0.0,0.0,0.0,0.0,0.0,0.0,0.0,0.0,0.0
j90_b16_n2,fbcnn_dpir_nominal,textured_quartile,trained_image_only_patcherrornet_ensemble,fbcnn_dpir_nominal__trained_image_only_patcherrornet_ensemble,operational,0.75,40,0.00017352772906003566,0.00012472480510532629,0.00023187318913212978,2.1792266162611056e-05,1.5039807601525733e-05,2.988028966537603e-05,0.0,0.0,0.0,0.0,0.0,0.0,0.0,0.0,0.0
j90_b16_n2,fbcnn_dpir_nominal,textured_quartile,trained_image_only_patcherrornet_ensemble,fbcnn_dpir_nominal__trained_image_only_patcherrornet_ensemble,operational,0.9,40,0.000189741390371745,0.00013792167314378415,0.0002509686144229549,2.2906095355861256e-05,1.5962039843712125e-05,3.103242365245349e-05,0.0,0.0,0.0,0.0,0.0,0.0,0.0,0.0,0.0
j90_b16_n2,fbcnn_dpir_nominal,textured_quartile,trained_image_only_patcherrornet_ensemble,fbcnn_dpir_nominal__trained_image_only_patcherrornet_ensemble,operational,1.0,40,0.0002086839272578259,0.00015374122630031217,0.0002727946229711317,2.4305144366038874e-05,1.7231287000407108e-05,3.251828536195072e-05,0.0,0.0,0.0,0.0,0.0,0.0,0.0,0.0,0.0
q8_b16_n2,dpir_nominal,all,expected_random,dpir_nominal__expected_random,evaluation_only,0.5,40,8.580707922638676e-05,6.35464285950895e-05,0.00011202870067026091,1.107117040149789e-05,7.9833390919608e-06,1.4693097748594858e-05,0.0,0.0,0.0,0.0,0.0,0.0,0.0,0.0,0.0
q8_b16_n2,dpir_nominal,all,expected_random,dpir_nominal__expected_random,evaluation_only,0.75,40,8.580707922638676e-05,6.35464285950895e-05,0.00011202870067026091,1.107117040149789e-05,7.9833390919608e-06,1.4693097748594858e-05,0.0,0.0,0.0,0.0,0.0,0.0,0.0,0.0,0.0
q8_b16_n2,dpir_nominal,all,expected_random,dpir_nominal__expected_random,evaluation_only,0.9,40,8.580707922638676e-05,6.35464285950895e-05,0.00011202870067026091,1.107117040149789e-05,7.9833390919608e-06,1.4693097748594858e-05,0.0,0.0,0.0,0.0,0.0,0.0,0.0,0.0,0.0
q8_b16_n2,dpir_nominal,all,expected_random,dpir_nominal__expected_random,evaluation_only,1.0,40,8.580707922638676e-05,6.35464285950895e-05,0.00011202870067026091,1.107117040149789e-05,7.9833390919608e-06,1.4693097748594858e-05,0.0,0.0,0.0,0.0,0.0,0.0,0.0,0.0,0.0
q8_b16_n2,dpir_nominal,all,image_transform_spread_detail,dpir_nominal__score__image_transform_spread_detail,operational,0.5,40,3.0476184633360576e-05,1.969026885179984e-05,4.474219872746019e-05,4.72143098997821e-06,3.201847133990813e-06,6.818082298468289e-06,0.0,0.0,0.0,0.0,0.0,0.0,0.0,0.0,0.0
q8_b16_n2,dpir_nominal,all,image_transform_spread_detail,dpir_nominal__score__image_transform_spread_detail,operational,0.75,40,4.757189033789804e-05,3.303887445934889e-05,6.541089955611663e-05,6.6979291958133735e-06,4.694681242822876e-06,9.230587214436727e-06,0.0,0.0,0.0,0.0,0.0,0.0,0.0,0.0,0.0
q8_b16_n2,dpir_nominal,all,image_transform_spread_detail,dpir_nominal__score__image_transform_spread_detail,operational,0.9,40,6.433380980290839e-05,4.578312497487144e-05,8.620881664610439e-05,8.613333813671296e-06,6.094274657046056e-06,1.1630709968054292e-05,0.0,0.0,0.0,0.0,0.0,0.0,0.0,0.0,0.0
q8_b16_n2,dpir_nominal,all,image_transform_spread_detail,dpir_nominal__score__image_transform_spread_detail,operational,1.0,40,8.580707922638676e-05,6.35464285950895e-05,0.00011202870067026091,1.107117040149789e-05,7.983339091960802e-06,1.4693097748594858e-05,0.0,0.0,0.0,0.0,0.0,0.0,0.0,0.0,0.0
q8_b16_n2,dpir_nominal,all,operator_spread_detail,dpir_nominal__score__operator_spread_detail,operational,0.5,40,2.9628228096728993e-05,1.9054585236568914e-05,4.3647592644925455e-05,4.532918240316935e-06,3.0633378970647808e-06,6.579235670413218e-06,0.0,0.0,0.0,0.0,0.0,0.0,0.0,0.0,0.0
q8_b16_n2,dpir_nominal,all,operator_spread_detail,dpir_nominal__score__operator_spread_detail,operational,0.75,40,4.565692797643759e-05,3.145973921348968e-05,6.312605337187482e-05,6.401916397520197e-06,4.445505756201474e-06,8.909686275410693e-06,0.0,0.0,0.0,0.0,0.0,0.0,0.0,0.0,0.0
q8_b16_n2,dpir_nominal,all,operator_spread_detail,dpir_nominal__score__operator_spread_detail,operational,0.9,40,6.273485586783918e-05,4.441155140582197e-05,8.439158304556122e-05,8.465280061305621e-06,5.939427433504376e-06,1.1474774280409538e-05,0.0,0.0,0.0,0.0,0.0,0.0,0.0,0.0,0.0
q8_b16_n2,dpir_nominal,all,operator_spread_detail,dpir_nominal__score__operator_spread_detail,operational,1.0,40,8.580707922638676e-05,6.35464285950895e-05,0.00011202870067026091,1.107117040149789e-05,7.983339091960802e-06,1.469309774859486e-05,0.0,0.0,0.0,0.0,0.0,0.0,0.0,0.0,0.0
q8_b16_n2,dpir_nominal,all,operator_spread_rgb,dpir_nominal__score__operator_spread_rgb,operational,0.5,40,2.886861516018008e-05,1.8691195623154968e-05,4.227279705444339e-05,4.636796139294865e-06,3.1309034961137247e-06,6.701802822024539e-06,0.0,0.0,0.0,0.0,0.0,0.0,0.0,0.0,0.0
q8_b16_n2,dpir_nominal,all,operator_spread_rgb,dpir_nominal__score__operator_spread_rgb,operational,0.75,40,4.484147028397327e-05,3.092282662825758e-05,6.208981420002968e-05,6.631785922690388e-06,4.618804766744535e-06,9.165835492165445e-06,0.0,0.0,0.0,0.0,0.0,0.0,0.0,0.0,0.0
q8_b16_n2,dpir_nominal,all,operator_spread_rgb,dpir_nominal__score__operator_spread_rgb,operational,0.9,40,6.165574724462576e-05,4.3649196874929575e-05,8.28927169506193e-05,8.571640574452971e-06,6.0452403002026495e-06,1.1579964024976922e-05,0.0,0.0,0.0,0.0,0.0,0.0,0.0,0.0,0.0
q8_b16_n2,dpir_nominal,all,operator_spread_rgb,dpir_nominal__score__operator_spread_rgb,operational,1.0,40,8.580707922638676e-05,6.35464285950895e-05,0.00011202870067026091,1.1071170401497889e-05,7.9833390919608e-06,1.4693097748594858e-05,0.0,0.0,0.0,0.0,0.0,0.0,0.0,0.0,0.0
q8_b16_n2,dpir_nominal,all,oracle_detail_error,dpir_nominal__oracle_detail_error,evaluation_only,0.5,40,2.9130317071168072e-05,1.881367145385947e-05,4.2595295908992135e-05,4.214700094526884e-06,2.84282136660112e-06,6.130334096009249e-06,0.0,0.0,0.0,0.0,0.0,0.0,0.0,0.0,0.0
q8_b16_n2,dpir_nominal,all,oracle_detail_error,dpir_nominal__oracle_detail_error,evaluation_only,0.75,40,4.557557396258244e-05,3.146820606410461e-05,6.283695231538427e-05,6.116758393220222e-06,4.243524380650837e-06,8.532733437608448e-06,0.0,0.0,0.0,0.0,0.0,0.0,0.0,0.0,0.0
q8_b16_n2,dpir_nominal,all,oracle_detail_error,dpir_nominal__oracle_detail_error,evaluation_only,0.9,40,6.271392396843924e-05,4.444946877289021e-05,8.413459086638969e-05,8.160213799997449e-06,5.745845517266686e-06,1.1086451481816185e-05,0.0,0.0,0.0,0.0,0.0,0.0,0.0,0.0,0.0
q8_b16_n2,dpir_nominal,all,oracle_detail_error,dpir_nominal__oracle_detail_error,evaluation_only,1.0,40,8.580707922638676e-05,6.35464285950895e-05,0.00011202870067026091,1.107117040149789e-05,7.983339091960802e-06,1.469309774859486e-05,0.0,0.0,0.0,0.0,0.0,0.0,0.0,0.0,0.0
q8_b16_n2,dpir_nominal,all,original_measurement_residual,dpir_nominal__score__original_measurement_residual,operational,0.5,40,0.00010603497859147091,7.70991589086067e-05,0.00014010623864113293,1.3500903157143807e-05,9.551351259317721e-06,1.814209375121872e-05,0.0,0.0,0.0,0.0,0.0,0.0,0.0,0.0,0.0
q8_b16_n2,dpir_nominal,all,original_measurement_residual,dpir_nominal__score__original_measurement_residual,operational,0.75,40,9.62106241368849e-05,7.041869811791743e-05,0.00012631142567080537,1.2320731419265382e-05,8.798651387159067e-06,1.6514662847522453e-05,0.0,0.0,0.0,0.0,0.0,0.0,0.0,0.0,0.0
q8_b16_n2,dpir_nominal,all,original_measurement_residual,dpir_nominal__score__original_measurement_residual,operational,0.9,40,9.003566309117503e-05,6.635806908309424e-05,0.00011790145616419094,1.1574718606108217e-05,8.324970453320927e-06,1.5411944337852685e-05,0.0,0.0,0.0,0.0,0.0,0.0,0.0,0.0,0.0
q8_b16_n2,dpir_nominal,all,original_measurement_residual,dpir_nominal__score__original_measurement_residual,operational,1.0,40,8.580707922638676e-05,6.354642859508949e-05,0.00011202870067026091,1.107117040149789e-05,7.9833390919608e-06,1.4693097748594858e-05,0.0,0.0,0.0,0.0,0.0,0.0,0.0,0.0,0.0
q8_b16_n2,dpir_nominal,all,reconstruction_gradient,dpir_nominal__score__reconstruction_gradient,operational,0.5,40,3.2568086965804076e-05,2.129340767262461e-05,4.7431851272580605e-05,5.2759942008846794e-06,3.5320189665411145e-06,7.654057037622324e-06,0.0,0.0,0.0,0.0,0.0,0.0,0.0,0.0,0.0
q8_b16_n2,dpir_nominal,all,reconstruction_gradient,dpir_nominal__score__reconstruction_gradient,operational,0.75,40,4.980376232616849e-05,3.458601411175283e-05,6.828113905550399e-05,7.556595863162556e-06,5.268607235538177e-06,1.039426896616453e-05,0.0,0.0,0.0,0.0,0.0,0.0,0.0,0.0,0.0
q8_b16_n2,dpir_nominal,all,reconstruction_gradient,dpir_nominal__score__reconstruction_gradient,operational,0.9,40,6.638884665653794e-05,4.689982761539397e-05,8.915103326291658e-05,9.330687721334623e-06,6.5103689215588475e-06,1.2669834370872419e-05,0.0,0.0,0.0,0.0,0.0,0.0,0.0,0.0,0.0
q8_b16_n2,dpir_nominal,all,reconstruction_gradient,dpir_nominal__score__reconstruction_gradient,operational,1.0,40,8.580707922638676e-05,6.354642859508949e-05,0.00011202870067026091,1.1071170401497889e-05,7.9833390919608e-06,1.469309774859486e-05,0.0,0.0,0.0,0.0,0.0,0.0,0.0,0.0,0.0
q8_b16_n2,dpir_nominal,textured_quartile,expected_random,dpir_nominal__expected_random,evaluation_only,0.5,40,0.00020194665139139576,0.00014904158128120756,0.0002643239545299119,2.3224260394053826e-05,1.643540457788827e-05,3.114674319929714e-05,0.0,0.0,0.0,0.0,0.0,0.0,0.0,0.0,0.0
q8_b16_n2,dpir_nominal,textured_quartile,expected_random,dpir_nominal__expected_random,evaluation_only,0.75,40,0.00020194665139139576,0.00014904158128120756,0.0002643239545299119,2.3224260394053826e-05,1.643540457788827e-05,3.114674319929714e-05,0.0,0.0,0.0,0.0,0.0,0.0,0.0,0.0,0.0
q8_b16_n2,dpir_nominal,textured_quartile,expected_random,dpir_nominal__expected_random,evaluation_only,0.9,40,0.00020194665139139576,0.00014904158128120756,0.0002643239545299119,2.3224260394053826e-05,1.643540457788827e-05,3.114674319929714e-05,0.0,0.0,0.0,0.0,0.0,0.0,0.0,0.0,0.0
q8_b16_n2,dpir_nominal,textured_quartile,expected_random,dpir_nominal__expected_random,evaluation_only,1.0,40,0.00020194665139139576,0.00014904158128120756,0.0002643239545299119,2.3224260394053826e-05,1.643540457788827e-05,3.114674319929714e-05,0.0,0.0,0.0,0.0,0.0,0.0,0.0,0.0,0.0
q8_b16_n2,dpir_nominal,textured_quartile,image_transform_spread_detail,dpir_nominal__score__image_transform_spread_detail,operational,0.5,40,0.00013496160023592903,9.480828355657396e-05,0.00018273059536449632,1.5245731199097976e-05,1.0520027335354674e-05,2.0851508274469677e-05,0.0,0.0,0.0,0.0,0.0,0.0,0.0,0.0,0.0
q8_b16_n2,dpir_nominal,textured_quartile,image_transform_spread_detail,dpir_nominal__score__image_transform_spread_detail,operational,0.75,40,0.00016053928855199107,0.00011464687522039601,0.00021480046643575866,1.823559931447315e-05,1.2724567454741106e-05,2.4796934578777392e-05,0.0,0.0,0.0,0.0,0.0,0.0,0.0,0.0,0.0
q8_b16_n2,dpir_nominal,textured_quartile,image_transform_spread_detail,dpir_nominal__score__image_transform_spread_detail,operational,0.9,40,0.00018206656601669964,0.00013206670263946632,0.00024068549415655975,2.0856803766937957e-05,1.4592818701000613e-05,2.8159562444997937e-05,0.0,0.0,0.0,0.0,0.0,0.0,0.0,0.0,0.0
q8_b16_n2,dpir_nominal,textured_quartile,image_transform_spread_detail,dpir_nominal__score__image_transform_spread_detail,operational,1.0,40,0.00020194665139139576,0.00014904158128120756,0.0002643239545299119,2.3224260394053826e-05,1.643540457788827e-05,3.114674319929714e-05,0.0,0.0,0.0,0.0,0.0,0.0,0.0,0.0,0.0
q8_b16_n2,dpir_nominal,textured_quartile,operator_spread_detail,dpir_nominal__score__operator_spread_detail,operational,0.5,40,0.0001270311127058003,8.805777176164889e-05,0.00017355862988469446,1.4043169338073616e-05,9.548818368714674e-06,1.9517619840194033e-05,0.0,0.0,0.0,0.0,0.0,0.0,0.0,0.0,0.0
q8_b16_n2,dpir_nominal,textured_quartile,operator_spread_detail,dpir_nominal__score__operator_spread_detail,operational,0.75,40,0.00015532210042332704,0.00011010433246478784,0.00020875265724681533,1.7790809648022713e-05,1.2120141181957761e-05,2.4637444354536935e-05,0.0,0.0,0.0,0.0,0.0,0.0,0.0,0.0,0.0
q8_b16_n2,dpir_nominal,textured_quartile,operator_spread_detail,dpir_nominal__score__operator_spread_detail,operational,0.9,40,0.00017902291692521925,0.000129333650361874,0.00023707993727204525,2.0457211170219024e-05,1.4180538816860288e-05,2.7925190783263876e-05,0.0,0.0,0.0,0.0,0.0,0.0,0.0,0.0,0.0
q8_b16_n2,dpir_nominal,textured_quartile,operator_spread_detail,dpir_nominal__score__operator_spread_detail,operational,1.0,40,0.00020194665139139576,0.00014904158128120756,0.0002643239545299119,2.3224260394053826e-05,1.643540457788827e-05,3.114674319929713e-05,0.0,0.0,0.0,0.0,0.0,0.0,0.0,0.0,0.0
q8_b16_n2,dpir_nominal,textured_quartile,operator_spread_rgb,dpir_nominal__score__operator_spread_rgb,operational,0.5,40,0.00012410237250771793,8.657936384314519e-05,0.00016892333121078668,1.5067852497398703e-05,1.031700650155735e-05,2.0712121854111238e-05,0.0,0.0,0.0,0.0,0.0,0.0,0.0,0.0,0.0
q8_b16_n2,dpir_nominal,textured_quartile,operator_spread_rgb,dpir_nominal__score__operator_spread_rgb,operational,0.75,40,0.00015152528197360775,0.00010756716706588712,0.00020347922478657359,1.8415213964630433e-05,1.2693580358867133e-05,2.5206992882647663e-05,0.0,0.0,0.0,0.0,0.0,0.0,0.0,0.0,0.0
q8_b16_n2,dpir_nominal,textured_quartile,operator_spread_rgb,dpir_nominal__score__operator_spread_rgb,operational,0.9,40,0.0001758581088872461,0.00012716165428696547,0.00023313708646550561,2.0742340749289386e-05,1.446336028040052e-05,2.8118210573123114e-05,0.0,0.0,0.0,0.0,0.0,0.0,0.0,0.0,0.0
q8_b16_n2,dpir_nominal,textured_quartile,operator_spread_rgb,dpir_nominal__score__operator_spread_rgb,operational,1.0,40,0.00020194665139139576,0.00014904158128120756,0.0002643239545299119,2.3224260394053826e-05,1.643540457788827e-05,3.114674319929713e-05,0.0,0.0,0.0,0.0,0.0,0.0,0.0,0.0,0.0
q8_b16_n2,dpir_nominal,textured_quartile,oracle_detail_error,dpir_nominal__oracle_detail_error,evaluation_only,0.5,40,0.00012650695396321357,8.849928123075382e-05,0.00017178521549601124,1.2943511638734761e-05,8.83352388455107e-06,1.7921260445119105e-05,0.0,0.0,0.0,0.0,0.0,0.0,0.0,0.0,0.0
q8_b16_n2,dpir_nominal,textured_quartile,oracle_detail_error,dpir_nominal__oracle_detail_error,evaluation_only,0.75,40,0.0001549128927636969,0.00011019615007342656,0.00020789197186601372,1.6642285690984813e-05,1.1457263788727748e-05,2.284884457533198e-05,0.0,0.0,0.0,0.0,0.0,0.0,0.0,0.0,0.0
q8_b16_n2,dpir_nominal,textured_quartile,oracle_detail_error,dpir_nominal__oracle_detail_error,evaluation_only,0.9,40,0.00017887485753075431,0.00012929301375736536,0.00023733722070132308,1.9677398334145394e-05,1.3708413181832977e-05,2.6663362754051768e-05,0.0,0.0,0.0,0.0,0.0,0.0,0.0,0.0,0.0
q8_b16_n2,dpir_nominal,textured_quartile,oracle_detail_error,dpir_nominal__oracle_detail_error,evaluation_only,1.0,40,0.00020194665139139576,0.00014904158128120756,0.0002643239545299119,2.3224260394053826e-05,1.643540457788827e-05,3.114674319929713e-05,0.0,0.0,0.0,0.0,0.0,0.0,0.0,0.0,0.0
q8_b16_n2,dpir_nominal,textured_quartile,original_measurement_residual,dpir_nominal__score__original_measurement_residual,operational,0.5,40,0.0002159055619729968,0.00016023377934536558,0.0002800655072849118,2.5128725719080185e-05,1.7840676850545604e-05,3.360190524591323e-05,0.0,0.0,0.0,0.0,0.0,0.0,0.0,0.0,0.0
q8_b16_n2,dpir_nominal,textured_quartile,original_measurement_residual,dpir_nominal__score__original_measurement_residual,operational,0.75,40,0.00020864487765164278,0.00015414500301293182,0.0002720773108573875,2.4141899949763994e-05,1.7108215519458894e-05,3.2369315821658926e-05,0.0,0.0,0.0,0.0,0.0,0.0,0.0,0.0,0.0
q8_b16_n2,dpir_nominal,textured_quartile,original_measurement_residual,dpir_nominal__score__original_measurement_residual,operational,0.9,40,0.0002050639143881717,0.00015129594427825397,0.00026834552015470085,2.362885896067851e-05,1.6731913971190935e-05,3.1699732053997976e-05,0.0,0.0,0.0,0.0,0.0,0.0,0.0,0.0,0.0
q8_b16_n2,dpir_nominal,textured_quartile,original_measurement_residual,dpir_nominal__score__original_measurement_residual,operational,1.0,40,0.00020194665139139576,0.00014904158128120756,0.0002643239545299119,2.3224260394053826e-05,1.643540457788827e-05,3.114674319929713e-05,0.0,0.0,0.0,0.0,0.0,0.0,0.0,0.0,0.0
q8_b16_n2,dpir_nominal,textured_quartile,reconstruction_gradient,dpir_nominal__score__reconstruction_gradient,operational,0.5,40,0.00015791808883188646,0.00010787528768298442,0.00021851154225735358,2.0912659208776517e-05,1.3493146298317649e-05,3.0167294711192893e-05,0.0,0.0,0.0,0.0,0.0,0.0,0.0,0.0,0.0
q8_b16_n2,dpir_nominal,textured_quartile,reconstruction_gradient,dpir_nominal__score__reconstruction_gradient,operational,0.75,40,0.000170653396827283,0.00011947476944383959,0.0002318219600544803,2.1084175550076144e-05,1.4162601096142866e-05,2.9562089864807144e-05,0.0,0.0,0.0,0.0,0.0,0.0,0.0,0.0,0.0
q8_b16_n2,dpir_nominal,textured_quartile,reconstruction_gradient,dpir_nominal__score__reconstruction_gradient,operational,0.9,40,0.00018457150489822167,0.00013292078177070047,0.00024563933915160206,2.189842867686238e-05,1.5131788438678528e-05,3.003552115639693e-05,0.0,0.0,0.0,0.0,0.0,0.0,0.0,0.0,0.0
q8_b16_n2,dpir_nominal,textured_quartile,reconstruction_gradient,dpir_nominal__score__reconstruction_gradient,operational,1.0,40,0.00020194665139139576,0.00014904158128120756,0.0002643239545299119,2.3224260394053826e-05,1.643540457788827e-05,3.114674319929713e-05,0.0,0.0,0.0,0.0,0.0,0.0,0.0,0.0,0.0
q8_b16_n2,fbcnn_dpir_nominal,all,expected_random,fbcnn_dpir_nominal__expected_random,evaluation_only,0.5,40,8.850612689375398e-05,6.55667391096407e-05,0.00011572437465082445,1.1350774945691737e-05,8.18961766603163e-06,1.5056200444755423e-05,0.0,0.0,0.0,0.0,0.0,0.0,0.0,0.0,0.0
q8_b16_n2,fbcnn_dpir_nominal,all,expected_random,fbcnn_dpir_nominal__expected_random,evaluation_only,0.75,40,8.850612689375398e-05,6.55667391096407e-05,0.00011572437465082445,1.1350774945691737e-05,8.18961766603163e-06,1.5056200444755423e-05,0.0,0.0,0.0,0.0,0.0,0.0,0.0,0.0,0.0
q8_b16_n2,fbcnn_dpir_nominal,all,expected_random,fbcnn_dpir_nominal__expected_random,evaluation_only,0.9,40,8.850612689375398e-05,6.55667391096407e-05,0.00011572437465082445,1.1350774945691737e-05,8.18961766603163e-06,1.5056200444755423e-05,0.0,0.0,0.0,0.0,0.0,0.0,0.0,0.0,0.0
q8_b16_n2,fbcnn_dpir_nominal,all,expected_random,fbcnn_dpir_nominal__expected_random,evaluation_only,1.0,40,8.850612689375398e-05,6.55667391096407e-05,0.00011572437465082445,1.1350774945691737e-05,8.18961766603163e-06,1.5056200444755423e-05,0.0,0.0,0.0,0.0,0.0,0.0,0.0,0.0,0.0
q8_b16_n2,fbcnn_dpir_nominal,all,image_transform_spread_detail,fbcnn_dpir_nominal__score__image_transform_spread_detail,operational,0.5,40,3.4106722492706004e-05,2.2449115957274173e-05,4.949040859136221e-05,4.978770374074552e-06,3.3655915918687213e-06,7.206369809731142e-06,0.0,0.0,0.0,0.0,0.0,0.0,0.0,0.0,0.0
q8_b16_n2,fbcnn_dpir_nominal,all,image_transform_spread_detail,fbcnn_dpir_nominal__score__image_transform_spread_detail,operational,0.75,40,5.234402199517981e-05,3.681297397150655e-05,7.139874814587671e-05,7.147961830509069e-06,5.033447517231586e-06,9.801824527413552e-06,0.0,0.0,0.0,0.0,0.0,0.0,0.0,0.0,0.0
q8_b16_n2,fbcnn_dpir_nominal,all,image_transform_spread_detail,fbcnn_dpir_nominal__score__image_transform_spread_detail,operational,0.9,40,7.007100240810797e-05,5.0122716658956346e-05,9.345008658874866e-05,9.140200923449542e-06,6.480490583439935e-06,1.2283167191266929e-05,0.0,0.0,0.0,0.0,0.0,0.0,0.0,0.0,0.0
q8_b16_n2,fbcnn_dpir_nominal,all,image_transform_spread_detail,fbcnn_dpir_nominal__score__image_transform_spread_detail,operational,1.0,40,8.850612689375398e-05,6.55667391096407e-05,0.00011572437465082445,1.1350774945691737e-05,8.18961766603163e-06,1.5056200444755423e-05,0.0,0.0,0.0,0.0,0.0,0.0,0.0,0.0,0.0
q8_b16_n2,fbcnn_dpir_nominal,all,operator_spread_detail,fbcnn_dpir_nominal__score__operator_spread_detail,operational,0.5,40,3.2617813372114307e-05,2.1447600442741412e-05,4.7358518249832144e-05,4.763356209137938e-06,3.2131795472402004e-06,6.911680937231055e-06,0.0,0.0,0.0,0.0,0.0,0.0,0.0,0.0,0.0
q8_b16_n2,fbcnn_dpir_nominal,all,operator_spread_detail,fbcnn_dpir_nominal__score__operator_spread_detail,operational,0.75,40,4.911848382294479e-05,3.427808190512645e-05,6.73954552411752e-05,6.6922505489395205e-06,4.660150471991439e-06,9.277142181895016e-06,0.0,0.0,0.0,0.0,0.0,0.0,0.0,0.0,0.0
q8_b16_n2,fbcnn_dpir_nominal,all,operator_spread_detail,fbcnn_dpir_nominal__score__operator_spread_detail,operational,0.9,40,6.620889868280766e-05,4.7255164654526295e-05,8.850136130605926e-05,8.7607477413153e-06,6.1733227781389635e-06,1.1854965033652495e-05,0.0,0.0,0.0,0.0,0.0,0.0,0.0,0.0,0.0
q8_b16_n2,fbcnn_dpir_nominal,all,operator_spread_detail,fbcnn_dpir_nominal__score__operator_spread_detail,operational,1.0,40,8.850612689375398e-05,6.55667391096407e-05,0.00011572437465082445,1.1350774945691737e-05,8.18961766603163e-06,1.5056200444755423e-05,0.0,0.0,0.0,0.0,0.0,0.0,0.0,0.0,0.0
q8_b16_n2,fbcnn_dpir_nominal,all,operator_spread_rgb,fbcnn_dpir_nominal__score__operator_spread_rgb,operational,0.5,40,3.186884792546252e-05,2.110545762006778e-05,4.594855747114235e-05,4.8653631181148715e-06,3.286729854400739e-06,7.010983418689237e-06,0.0,0.0,0.0,0.0,0.0,0.0,0.0,0.0,0.0
q8_b16_n2,fbcnn_dpir_nominal,all,operator_spread_rgb,fbcnn_dpir_nominal__score__operator_spread_rgb,operational,0.75,40,4.822198747609789e-05,3.36921500150694e-05,6.607128169325482e-05,6.9436021780568266e-06,4.8561296904136205e-06,9.582843704095523e-06,0.0,0.0,0.0,0.0,0.0,0.0,0.0,0.0,0.0
q8_b16_n2,fbcnn_dpir_nominal,all,operator_spread_rgb,fbcnn_dpir_nominal__score__operator_spread_rgb,operational,0.9,40,6.496544052016546e-05,4.632458870438167e-05,8.71022558004294e-05,8.873246225810496e-06,6.25549283648175e-06,1.1980441591220424e-05,0.0,0.0,0.0,0.0,0.0,0.0,0.0,0.0,0.0
q8_b16_n2,fbcnn_dpir_nominal,all,operator_spread_rgb,fbcnn_dpir_nominal__score__operator_spread_rgb,operational,1.0,40,8.850612689375398e-05,6.55667391096407e-05,0.00011572437465082445,1.1350774945691737e-05,8.18961766603163e-06,1.5056200444755423e-05,0.0,0.0,0.0,0.0,0.0,0.0,0.0,0.0,0.0
q8_b16_n2,fbcnn_dpir_nominal,all,oracle_detail_error,fbcnn_dpir_nominal__oracle_detail_error,evaluation_only,0.5,40,3.1537672138069065e-05,2.0743940592552407e-05,4.5623924665635896e-05,4.351186750140301e-06,2.9235812853258553e-06,6.338791553563712e-06,0.0,0.0,0.0,0.0,0.0,0.0,0.0,0.0,0.0
q8_b16_n2,fbcnn_dpir_nominal,all,oracle_detail_error,fbcnn_dpir_nominal__oracle_detail_error,evaluation_only,0.75,40,4.828311705858319e-05,3.370053502989495e-05,6.621654640893149e-05,6.305559490137796e-06,4.371419382525474e-06,8.800710719101112e-06,0.0,0.0,0.0,0.0,0.0,0.0,0.0,0.0,0.0
q8_b16_n2,fbcnn_dpir_nominal,all,oracle_detail_error,fbcnn_dpir_nominal__oracle_detail_error,evaluation_only,0.9,40,6.567858080015064e-05,4.682744038968579e-05,8.780514705949562e-05,8.403855548985997e-06,5.921347979340016e-06,1.1418905682394524e-05,0.0,0.0,0.0,0.0,0.0,0.0,0.0,0.0,0.0
q8_b16_n2,fbcnn_dpir_nominal,all,oracle_detail_error,fbcnn_dpir_nominal__oracle_detail_error,evaluation_only,1.0,40,8.850612689375398e-05,6.55667391096407e-05,0.00011572437465082445,1.1350774945691737e-05,8.18961766603163e-06,1.5056200444755423e-05,0.0,0.0,0.0,0.0,0.0,0.0,0.0,0.0,0.0
q8_b16_n2,fbcnn_dpir_nominal,all,original_measurement_residual,fbcnn_dpir_nominal__score__original_measurement_residual,operational,0.5,40,8.40374037247433e-05,6.225936118017611e-05,0.00010947511432765434,1.068167478852289e-05,7.676761855717331e-06,1.4312849225481463e-05,0.0,0.0,0.0,0.0,0.0,0.0,0.0,0.0,0.0
q8_b16_n2,fbcnn_dpir_nominal,all,original_measurement_residual,fbcnn_dpir_nominal__score__original_measurement_residual,operational,0.75,40,8.423182008444668e-05,6.241118040217246e-05,0.00011002135474891397,1.0637603465466798e-05,7.663645906126116e-06,1.4211111085392322e-05,0.0,0.0,0.0,0.0,0.0,0.0,0.0,0.0,0.0
q8_b16_n2,fbcnn_dpir_nominal,all,original_measurement_residual,fbcnn_dpir_nominal__score__original_measurement_residual,operational,0.9,40,8.49197997844534e-05,6.30116539819595e-05,0.00011068528737396839,1.074340417058712e-05,7.772095241255884e-06,1.431727116440091e-05,0.0,0.0,0.0,0.0,0.0,0.0,0.0,0.0,0.0
q8_b16_n2,fbcnn_dpir_nominal,all,original_measurement_residual,fbcnn_dpir_nominal__score__original_measurement_residual,operational,1.0,40,8.850612689375398e-05,6.55667391096407e-05,0.00011572437465082445,1.1350774945691737e-05,8.18961766603163e-06,1.5056200444755423e-05,0.0,0.0,0.0,0.0,0.0,0.0,0.0,0.0,0.0
q8_b16_n2,fbcnn_dpir_nominal,all,reconstruction_gradient,fbcnn_dpir_nominal__score__reconstruction_gradient,operational,0.5,40,3.551638941267896e-05,2.3751742442154736e-05,5.104569151756772e-05,5.546471473383868e-06,3.7072031868501976e-06,8.03585948926402e-06,0.0,0.0,0.0,0.0,0.0,0.0,0.0,0.0,0.0
q8_b16_n2,fbcnn_dpir_nominal,all,reconstruction_gradient,fbcnn_dpir_nominal__score__reconstruction_gradient,operational,0.75,40,5.27733138710446e-05,3.703006067808164e-05,7.177448247667223e-05,7.84891100298364e-06,5.498280619376687e-06,1.0756790073086883e-05,0.0,0.0,0.0,0.0,0.0,0.0,0.0,0.0,0.0
q8_b16_n2,fbcnn_dpir_nominal,all,reconstruction_gradient,fbcnn_dpir_nominal__score__reconstruction_gradient,operational,0.9,40,6.939996557064706e-05,4.9178497720436015e-05,9.317102565480604e-05,9.639363382824121e-06,6.731339810178165e-06,1.308165529568945e-05,0.0,0.0,0.0,0.0,0.0,0.0,0.0,0.0,0.0
q8_b16_n2,fbcnn_dpir_nominal,all,reconstruction_gradient,fbcnn_dpir_nominal__score__reconstruction_gradient,operational,1.0,40,8.850612689375398e-05,6.55667391096407e-05,0.00011572437465082445,1.1350774945691737e-05,8.18961766603163e-06,1.5056200444755423e-05,0.0,0.0,0.0,0.0,0.0,0.0,0.0,0.0,0.0
q8_b16_n2,fbcnn_dpir_nominal,all,trained_image_only_patcherrornet_ensemble,fbcnn_dpir_nominal__trained_image_only_patcherrornet_ensemble,operational,0.5,40,4.2661203794533065e-05,2.94023410166527e-05,6.064448749955162e-05,6.543170295477589e-06,4.36878813137269e-06,9.424476540932857e-06,0.0,0.0,0.0,0.0,0.0,0.0,0.0,0.0,0.0
q8_b16_n2,fbcnn_dpir_nominal,all,trained_image_only_patcherrornet_ensemble,fbcnn_dpir_nominal__trained_image_only_patcherrornet_ensemble,operational,0.75,40,5.482963692537467e-05,3.900182045312792e-05,7.437000167112288e-05,7.979095967878127e-06,5.614699498622976e-06,1.0909920443578691e-05,0.0,0.0,0.0,0.0,0.0,0.0,0.0,0.0,0.0
q8_b16_n2,fbcnn_dpir_nominal,all,trained_image_only_patcherrornet_ensemble,fbcnn_dpir_nominal__trained_image_only_patcherrornet_ensemble,operational,0.9,40,6.893497030360228e-05,4.9538221656262496e-05,9.201546732167577e-05,9.579746149984309e-06,6.762124598695706e-06,1.293353417971034e-05,0.0,0.0,0.0,0.0,0.0,0.0,0.0,0.0,0.0
q8_b16_n2,fbcnn_dpir_nominal,all,trained_image_only_patcherrornet_ensemble,fbcnn_dpir_nominal__trained_image_only_patcherrornet_ensemble,operational,1.0,40,8.850612689375398e-05,6.55667391096407e-05,0.00011572437465082445,1.1350774945691737e-05,8.18961766603163e-06,1.5056200444755423e-05,0.0,0.0,0.0,0.0,0.0,0.0,0.0,0.0,0.0
q8_b16_n2,fbcnn_dpir_nominal,textured_quartile,expected_random,fbcnn_dpir_nominal__expected_random,evaluation_only,0.5,40,0.00020461591462022868,0.00014985179123645298,0.0002689363805066182,2.3614545695685414e-05,1.66630692244595e-05,3.17090489998308e-05,0.0,0.0,0.0,0.0,0.0,0.0,0.0,0.0,0.0
q8_b16_n2,fbcnn_dpir_nominal,textured_quartile,expected_random,fbcnn_dpir_nominal__expected_random,evaluation_only,0.75,40,0.00020461591462022868,0.00014985179123645298,0.0002689363805066182,2.3614545695685414e-05,1.66630692244595e-05,3.17090489998308e-05,0.0,0.0,0.0,0.0,0.0,0.0,0.0,0.0,0.0
q8_b16_n2,fbcnn_dpir_nominal,textured_quartile,expected_random,fbcnn_dpir_nominal__expected_random,evaluation_only,0.9,40,0.00020461591462022868,0.00014985179123645298,0.0002689363805066182,2.3614545695685414e-05,1.66630692244595e-05,3.17090489998308e-05,0.0,0.0,0.0,0.0,0.0,0.0,0.0,0.0,0.0
q8_b16_n2,fbcnn_dpir_nominal,textured_quartile,expected_random,fbcnn_dpir_nominal__expected_random,evaluation_only,1.0,40,0.00020461591462022868,0.00014985179123645298,0.0002689363805066182,2.3614545695685414e-05,1.66630692244595e-05,3.17090489998308e-05,0.0,0.0,0.0,0.0,0.0,0.0,0.0,0.0,0.0
q8_b16_n2,fbcnn_dpir_nominal,textured_quartile,image_transform_spread_detail,fbcnn_dpir_nominal__score__image_transform_spread_detail,operational,0.5,40,0.0001437098785586971,0.00010133400879932066,0.0001942501855969321,1.647882504670989e-05,1.1345413021926534e-05,2.255952974197156e-05,0.0,0.0,0.0,0.0,0.0,0.0,0.0,0.0,0.0
q8_b16_n2,fbcnn_dpir_nominal,textured_quartile,image_transform_spread_detail,fbcnn_dpir_nominal__score__image_transform_spread_detail,operational,0.75,40,0.00016986471663368898,0.00012076953436701392,0.00022804796466084973,1.9342066046711813e-05,1.341563923419723e-05,2.638848788164568e-05,0.0,0.0,0.0,0.0,0.0,0.0,0.0,0.0,0.0
q8_b16_n2,fbcnn_dpir_nominal,textured_quartile,image_transform_spread_detail,fbcnn_dpir_nominal__score__image_transform_spread_detail,operational,0.9,40,0.0001900160842388873,0.0001370803889828417,0.0002520774454633582,2.176290702592382e-05,1.520954195594539e-05,2.9477432245513856e-05,0.0,0.0,0.0,0.0,0.0,0.0,0.0,0.0,0.0
q8_b16_n2,fbcnn_dpir_nominal,textured_quartile,image_transform_spread_detail,fbcnn_dpir_nominal__score__image_transform_spread_detail,operational,1.0,40,0.00020461591462022868,0.00014985179123645298,0.0002689363805066182,2.3614545695685414e-05,1.6663069224459508e-05,3.1709048999830795e-05,0.0,0.0,0.0,0.0,0.0,0.0,0.0,0.0,0.0
q8_b16_n2,fbcnn_dpir_nominal,textured_quartile,operator_spread_detail,fbcnn_dpir_nominal__score__operator_spread_detail,operational,0.5,40,0.00013133310225575933,9.198775664532178e-05,0.0001785199580985334,1.4482521233479261e-05,9.929579932839367e-06,1.9902511034058864e-05,0.0,0.0,0.0,0.0,0.0,0.0,0.0,0.0,0.0
q8_b16_n2,fbcnn_dpir_nominal,textured_quartile,operator_spread_detail,fbcnn_dpir_nominal__score__operator_spread_detail,operational,0.75,40,0.00015976645228879186,0.00011349750475712488,0.00021424084687654717,1.8235871886314412e-05,1.2482917322768195e-05,2.511960860241354e-05,0.0,0.0,0.0,0.0,0.0,0.0,0.0,0.0,0.0
q8_b16_n2,fbcnn_dpir_nominal,textured_quartile,operator_spread_detail,fbcnn_dpir_nominal__score__operator_spread_detail,operational,0.9,40,0.00018318652190638628,0.00013199365913667784,0.00024332579584359872,2.0920665609420783e-05,1.4493877114387948e-05,2.8435049178058203e-05,0.0,0.0,0.0,0.0,0.0,0.0,0.0,0.0,0.0
q8_b16_n2,fbcnn_dpir_nominal,textured_quartile,operator_spread_detail,fbcnn_dpir_nominal__score__operator_spread_detail,operational,1.0,40,0.00020461591462022868,0.00014985179123645298,0.0002689363805066182,2.3614545695685414e-05,1.6663069224459508e-05,3.1709048999830795e-05,0.0,0.0,0.0,0.0,0.0,0.0,0.0,0.0,0.0
q8_b16_n2,fbcnn_dpir_nominal,textured_quartile,operator_spread_rgb,fbcnn_dpir_nominal__score__operator_spread_rgb,operational,0.5,40,0.0001302125135878163,9.09389481877031e-05,0.00017721718011074334,1.5823587503045163e-05,1.0764314089186231e-05,2.1773510679628928e-05,0.0,0.0,0.0,0.0,0.0,0.0,0.0,0.0,0.0
q8_b16_n2,fbcnn_dpir_nominal,textured_quartile,operator_spread_rgb,fbcnn_dpir_nominal__score__operator_spread_rgb,operational,0.75,40,0.00015602437276728405,0.00011049373715592116,0.0002100164226812903,1.891284015117525e-05,1.2983165371106895e-05,2.5914009978840775e-05,0.0,0.0,0.0,0.0,0.0,0.0,0.0,0.0,0.0
q8_b16_n2,fbcnn_dpir_nominal,textured_quartile,operator_spread_rgb,fbcnn_dpir_nominal__score__operator_spread_rgb,operational,0.9,40,0.00017938538172740094,0.0001290836867500417,0.00023873876648645745,2.11714642860861e-05,1.4674768127000667e-05,2.8710214794361992e-05,0.0,0.0,0.0,0.0,0.0,0.0,0.0,0.0,0.0
q8_b16_n2,fbcnn_dpir_nominal,textured_quartile,operator_spread_rgb,fbcnn_dpir_nominal__score__operator_spread_rgb,operational,1.0,40,0.00020461591462022868,0.00014985179123645298,0.0002689363805066182,2.3614545695685414e-05,1.6663069224459508e-05,3.1709048999830795e-05,0.0,0.0,0.0,0.0,0.0,0.0,0.0,0.0,0.0
q8_b16_n2,fbcnn_dpir_nominal,textured_quartile,oracle_detail_error,fbcnn_dpir_nominal__oracle_detail_error,evaluation_only,0.5,40,0.0001298155938924945,9.050131811092354e-05,0.0001766400888676209,1.3150475099601937e-05,8.946575498869832e-06,1.8252052561248144e-05,0.0,0.0,0.0,0.0,0.0,0.0,0.0,0.0,0.0
q8_b16_n2,fbcnn_dpir_nominal,textured_quartile,oracle_detail_error,fbcnn_dpir_nominal__oracle_detail_error,evaluation_only,0.75,40,0.0001585118112209895,0.00011188501653656058,0.00021337821127168045,1.6949289141443833e-05,1.1649523459359654e-05,2.3314976803311255e-05,0.0,0.0,0.0,0.0,0.0,0.0,0.0,0.0,0.0
q8_b16_n2,fbcnn_dpir_nominal,textured_quartile,oracle_detail_error,fbcnn_dpir_nominal__oracle_detail_error,evaluation_only,0.9,40,0.00018211431653842978,0.0001307309894287737,0.00024273524471308497,2.0043524241405614e-05,1.3925409521430755e-05,2.7190289703883105e-05,0.0,0.0,0.0,0.0,0.0,0.0,0.0,0.0,0.0
q8_b16_n2,fbcnn_dpir_nominal,textured_quartile,oracle_detail_error,fbcnn_dpir_nominal__oracle_detail_error,evaluation_only,1.0,40,0.00020461591462022868,0.00014985179123645298,0.0002689363805066182,2.3614545695685414e-05,1.6663069224459508e-05,3.1709048999830795e-05,0.0,0.0,0.0,0.0,0.0,0.0,0.0,0.0,0.0
q8_b16_n2,fbcnn_dpir_nominal,textured_quartile,original_measurement_residual,fbcnn_dpir_nominal__score__original_measurement_residual,operational,0.5,40,0.00019654445722372976,0.00014538099297779335,0.0002563061865042559,2.221855253699511e-05,1.597970906634387e-05,2.9477200921422633e-05,0.0,0.0,0.0,0.0,0.0,0.0,0.0,0.0,0.0
q8_b16_n2,fbcnn_dpir_nominal,textured_quartile,original_measurement_residual,fbcnn_dpir_nominal__score__original_measurement_residual,operational,0.75,40,0.00019861859187003246,0.00014604190097167644,0.0002601927764974634,2.2375241624037505e-05,1.605041891291658e-05,2.971140472015581e-05,0.0,0.0,0.0,0.0,0.0,0.0,0.0,0.0,0.0
q8_b16_n2,fbcnn_dpir_nominal,textured_quartile,original_measurement_residual,fbcnn_dpir_nominal__score__original_measurement_residual,operational,0.9,40,0.0002019212640088897,0.00014810732159003265,0.00026471689442149023,2.2911045907899018e-05,1.633853869507587e-05,3.055688716928505e-05,0.0,0.0,0.0,0.0,0.0,0.0,0.0,0.0,0.0
q8_b16_n2,fbcnn_dpir_nominal,textured_quartile,original_measurement_residual,fbcnn_dpir_nominal__score__original_measurement_residual,operational,1.0,40,0.00020461591462022868,0.00014985179123645298,0.0002689363805066182,2.3614545695685414e-05,1.6663069224459504e-05,3.1709048999830795e-05,0.0,0.0,0.0,0.0,0.0,0.0,0.0,0.0,0.0
q8_b16_n2,fbcnn_dpir_nominal,textured_quartile,reconstruction_gradient,fbcnn_dpir_nominal__score__reconstruction_gradient,operational,0.5,40,0.00016275628403617822,0.00011029197756582667,0.00022631093815034633,2.15901427492071e-05,1.387541416769608e-05,3.1147885062660054e-05,0.0,0.0,0.0,0.0,0.0,0.0,0.0,0.0,0.0
q8_b16_n2,fbcnn_dpir_nominal,textured_quartile,reconstruction_gradient,fbcnn_dpir_nominal__score__reconstruction_gradient,operational,0.75,40,0.00017446731968430698,0.00012108636075577927,0.0002383207678431298,2.1611463717402524e-05,1.4457516185766396e-05,3.0280415084541057e-05,0.0,0.0,0.0,0.0,0.0,0.0,0.0,0.0,0.0
q8_b16_n2,fbcnn_dpir_nominal,textured_quartile,reconstruction_gradient,fbcnn_dpir_nominal__score__reconstruction_gradient,operational,0.9,40,0.00018765581631809112,0.00013402513509251754,0.00025096131073043185,2.23168613874897e-05,1.5399436459115106e-05,3.056323352386641e-05,0.0,0.0,0.0,0.0,0.0,0.0,0.0,0.0,0.0
q8_b16_n2,fbcnn_dpir_nominal,textured_quartile,reconstruction_gradient,fbcnn_dpir_nominal__score__reconstruction_gradient,operational,1.0,40,0.00020461591462022868,0.00014985179123645298,0.0002689363805066182,2.3614545695685414e-05,1.6663069224459508e-05,3.1709048999830795e-05,0.0,0.0,0.0,0.0,0.0,0.0,0.0,0.0,0.0
q8_b16_n2,fbcnn_dpir_nominal,textured_quartile,trained_image_only_patcherrornet_ensemble,fbcnn_dpir_nominal__trained_image_only_patcherrornet_ensemble,operational,0.5,40,0.0001552209480242878,0.00010929003623524745,0.00021067010081234528,2.032174083421603e-05,1.3652746378809532e-05,2.8439630482245652e-05,0.0,0.0,0.0,0.0,0.0,0.0,0.0,0.0,0.0
q8_b16_n2,fbcnn_dpir_nominal,textured_quartile,trained_image_only_patcherrornet_ensemble,fbcnn_dpir_nominal__trained_image_only_patcherrornet_ensemble,operational,0.75,40,0.00016919455774234762,0.00012063913900185977,0.0002272715434673479,2.112791300451457e-05,1.4488488628130862e-05,2.912214112119959e-05,0.0,0.0,0.0,0.0,0.0,0.0,0.0,0.0,0.0
q8_b16_n2,fbcnn_dpir_nominal,textured_quartile,trained_image_only_patcherrornet_ensemble,fbcnn_dpir_nominal__trained_image_only_patcherrornet_ensemble,operational,0.9,40,0.0001857012067936576,0.00013382039087679842,0.0002466197737979044,2.225147776249069e-05,1.543894545445276e-05,3.0267371064596733e-05,0.0,0.0,0.0,0.0,0.0,0.0,0.0,0.0,0.0
q8_b16_n2,fbcnn_dpir_nominal,textured_quartile,trained_image_only_patcherrornet_ensemble,fbcnn_dpir_nominal__trained_image_only_patcherrornet_ensemble,operational,1.0,40,0.00020461591462022868,0.00014985179123645298,0.0002689363805066182,2.3614545695685414e-05,1.6663069224459504e-05,3.1709048999830795e-05,0.0,0.0,0.0,0.0,0.0,0.0,0.0,0.0,0.0
