source_id,stage,pipeline,region,score,coverage,available_patches,retained_patches,rgb_mse,detail_mse,bad_detail_rate_0.025,bad_detail_rate_0.05,bad_detail_rate_0.1
0801,quantized_8bit,dpir_nominal,all,operator_spread_detail,0.5,1024,512,7.69211476000497e-05,3.0190997692432244e-05,0.0,0.0,0.0
0801,quantized_8bit,dpir_nominal,all,operator_spread_detail,0.75,1024,768,0.0001219355275310579,4.805231937602667e-05,0.0,0.0,0.0
0801,quantized_8bit,dpir_nominal,all,operator_spread_detail,0.9,1024,922,0.00019364721162469923,7.520228162566389e-05,0.0010845986984815619,0.0,0.0
0801,quantized_8bit,dpir_nominal,all,operator_spread_detail,1.0,1024,1024,0.00034820392834740134,0.0001352639535078701,0.0498046875,0.0,0.0
0801,quantized_8bit,dpir_nominal,all,image_transform_spread_detail,0.5,1024,512,8.332033892329928e-05,3.505555133480648e-05,0.0,0.0,0.0
0801,quantized_8bit,dpir_nominal,all,image_transform_spread_detail,0.75,1024,768,0.00013297403344308728,5.4367794842813465e-05,0.0,0.0,0.0
0801,quantized_8bit,dpir_nominal,all,image_transform_spread_detail,0.9,1024,922,0.0002028689707489652,8.091381951473067e-05,0.005422993492407809,0.0,0.0
0801,quantized_8bit,dpir_nominal,all,image_transform_spread_detail,1.0,1024,1024,0.00034820392834740134,0.0001352639535078701,0.0498046875,0.0,0.0
0801,quantized_8bit,dpir_nominal,all,operator_spread_rgb,0.5,1024,512,8.678347686748978e-05,3.827586080787524e-05,0.0,0.0,0.0
0801,quantized_8bit,dpir_nominal,all,operator_spread_rgb,0.75,1024,768,0.00013646132439742973,5.861060591313537e-05,0.0013020833333333333,0.0,0.0
0801,quantized_8bit,dpir_nominal,all,operator_spread_rgb,0.9,1024,922,0.00020123991434498954,8.077396616816817e-05,0.004338394793926247,0.0,0.0
0801,quantized_8bit,dpir_nominal,all,operator_spread_rgb,1.0,1024,1024,0.0003482039283474014,0.0001352639535078701,0.0498046875,0.0,0.0
0801,quantized_8bit,dpir_nominal,all,measurement_residual,0.5,1024,512,0.00041132137375177137,0.00015672463095422296,0.0625,0.0,0.0
0801,quantized_8bit,dpir_nominal,all,measurement_residual,0.75,1024,768,0.0003758480619588396,0.0001459099205225632,0.0546875,0.0,0.0
0801,quantized_8bit,dpir_nominal,all,measurement_residual,0.9,1024,922,0.0003588069704941123,0.00013856086733719583,0.0509761388286334,0.0,0.0
0801,quantized_8bit,dpir_nominal,all,measurement_residual,1.0,1024,1024,0.0003482039283474014,0.0001352639535078701,0.0498046875,0.0,0.0
0801,quantized_8bit,dpir_nominal,all,image_gradient,0.5,1024,512,0.0001163627229334488,5.5733251250313066e-05,0.0,0.0,0.0
0801,quantized_8bit,dpir_nominal,all,image_gradient,0.75,1024,768,0.0001510871334809005,6.496399162707603e-05,0.0026041666666666665,0.0,0.0
0801,quantized_8bit,dpir_nominal,all,image_gradient,0.9,1024,922,0.00020640865209206578,8.271052195031055e-05,0.006507592190889371,0.0,0.0
0801,quantized_8bit,dpir_nominal,all,image_gradient,1.0,1024,1024,0.0003482039283474014,0.00013526395350787012,0.0498046875,0.0,0.0
0801,quantized_8bit,dpir_nominal,all,random_expected,0.5,1024,512,0.0003482039283474014,0.0001352639535078701,0.0498046875,0.0,0.0
0801,quantized_8bit,dpir_nominal,all,random_expected,0.75,1024,768,0.0003482039283474014,0.0001352639535078701,0.0498046875,0.0,0.0
0801,quantized_8bit,dpir_nominal,all,random_expected,0.9,1024,922,0.0003482039283474014,0.0001352639535078701,0.0498046875,0.0,0.0
0801,quantized_8bit,dpir_nominal,all,random_expected,1.0,1024,1024,0.0003482039283474014,0.0001352639535078701,0.0498046875,0.0,0.0
0801,quantized_8bit,dpir_nominal,all,oracle_detail_error,0.5,1024,512,6.770280163486333e-05,2.1040191746018723e-05,0.0,0.0,0.0
0801,quantized_8bit,dpir_nominal,all,oracle_detail_error,0.75,1024,768,0.000118877430015263,3.55963102563378e-05,0.0,0.0,0.0
0801,quantized_8bit,dpir_nominal,all,oracle_detail_error,0.9,1024,922,0.00018986009966875367,6.909725139131195e-05,0.0,0.0,0.0
0801,quantized_8bit,dpir_nominal,all,oracle_detail_error,1.0,1024,1024,0.0003482039283474014,0.0001352639535078701,0.0498046875,0.0,0.0
0801,quantized_8bit,dpir_nominal,textured_quartile,operator_spread_detail,0.5,256,128,0.0004733942635030665,0.00017749003253197032,0.0078125,0.0,0.0
0801,quantized_8bit,dpir_nominal,textured_quartile,operator_spread_detail,0.75,256,192,0.0006428158725364858,0.0002512198777268288,0.041666666666666664,0.0,0.0
0801,quantized_8bit,dpir_nominal,textured_quartile,operator_spread_detail,0.9,256,231,0.0008214839121951593,0.0003252650878716037,0.1341991341991342,0.0,0.0
0801,quantized_8bit,dpir_nominal,textured_quartile,operator_spread_detail,1.0,256,256,0.0010175928189274043,0.0003918680223272922,0.19921875,0.0,0.0
0801,quantized_8bit,dpir_nominal,textured_quartile,image_transform_spread_detail,0.5,256,128,0.0005582861486325991,0.00022568379572857655,0.0234375,0.0,0.0
0801,quantized_8bit,dpir_nominal,textured_quartile,image_transform_spread_detail,0.75,256,192,0.0006658030278546031,0.00026505661484079677,0.0625,0.0,0.0
0801,quantized_8bit,dpir_nominal,textured_quartile,image_transform_spread_detail,0.9,256,231,0.0008581311877159912,0.00034082984886948757,0.1471861471861472,0.0,0.0
0801,quantized_8bit,dpir_nominal,textured_quartile,image_transform_spread_detail,1.0,256,256,0.0010175928189274045,0.0003918680223272921,0.19921875,0.0,0.0
0801,quantized_8bit,dpir_nominal,textured_quartile,operator_spread_rgb,0.5,256,128,0.0005438822991086433,0.00022708701003041856,0.015625,0.0,0.0
0801,quantized_8bit,dpir_nominal,textured_quartile,operator_spread_rgb,0.75,256,192,0.0006853693810981175,0.00027966185124139313,0.07291666666666667,0.0,0.0
0801,quantized_8bit,dpir_nominal,textured_quartile,operator_spread_rgb,0.9,256,231,0.0008346375314853904,0.0003380828645795759,0.14285714285714285,0.0,0.0
0801,quantized_8bit,dpir_nominal,textured_quartile,operator_spread_rgb,1.0,256,256,0.0010175928189274045,0.0003918680223272922,0.19921875,0.0,0.0
0801,quantized_8bit,dpir_nominal,textured_quartile,measurement_residual,0.5,256,128,0.0009448441226886303,0.00034935946024232487,0.171875,0.0,0.0
0801,quantized_8bit,dpir_nominal,textured_quartile,measurement_residual,0.75,256,192,0.0009725942852661174,0.00037522937969768885,0.1875,0.0,0.0
0801,quantized_8bit,dpir_nominal,textured_quartile,measurement_residual,0.9,256,231,0.0009875495415785896,0.0003795136533123041,0.19047619047619047,0.0,0.0
0801,quantized_8bit,dpir_nominal,textured_quartile,measurement_residual,1.0,256,256,0.0010175928189274043,0.0003918680223272922,0.19921875,0.0,0.0
0801,quantized_8bit,dpir_nominal,textured_quartile,image_gradient,0.5,256,128,0.0005877158979097082,0.00023963668506181746,0.03125,0.0,0.0
0801,quantized_8bit,dpir_nominal,textured_quartile,image_gradient,0.75,256,192,0.0006996149125128989,0.00027752961581149565,0.07291666666666667,0.0,0.0
0801,quantized_8bit,dpir_nominal,textured_quartile,image_gradient,0.9,256,231,0.0008711140040297687,0.00034265022516267546,0.1471861471861472,0.0,0.0
0801,quantized_8bit,dpir_nominal,textured_quartile,image_gradient,1.0,256,256,0.0010175928189274045,0.0003918680223272922,0.19921875,0.0,0.0
0801,quantized_8bit,dpir_nominal,textured_quartile,random_expected,0.5,256,128,0.0010175928189274045,0.0003918680223272922,0.19921875,0.0,0.0
0801,quantized_8bit,dpir_nominal,textured_quartile,random_expected,0.75,256,192,0.0010175928189274045,0.0003918680223272922,0.19921875,0.0,0.0
0801,quantized_8bit,dpir_nominal,textured_quartile,random_expected,0.9,256,231,0.0010175928189274045,0.0003918680223272922,0.19921875,0.0,0.0
0801,quantized_8bit,dpir_nominal,textured_quartile,random_expected,1.0,256,256,0.0010175928189274045,0.0003918680223272922,0.19921875,0.0,0.0
0801,quantized_8bit,dpir_nominal,textured_quartile,oracle_detail_error,0.5,256,128,0.0004475280317225955,0.00012640023435318398,0.0,0.0,0.0
0801,quantized_8bit,dpir_nominal,textured_quartile,oracle_detail_error,0.75,256,192,0.0006448488958341862,0.00022669336740886088,0.0,0.0,0.0
0801,quantized_8bit,dpir_nominal,textured_quartile,oracle_detail_error,0.9,256,231,0.0008252047675120706,0.0003039946273045791,0.11255411255411256,0.0,0.0
0801,quantized_8bit,dpir_nominal,textured_quartile,oracle_detail_error,1.0,256,256,0.0010175928189274045,0.0003918680223272921,0.19921875,0.0,0.0
0801,quantized_8bit,fbcnn_dpir,all,operator_spread_detail,0.5,1024,512,8.444768198235207e-05,3.232507607386365e-05,0.0,0.0,0.0
0801,quantized_8bit,fbcnn_dpir,all,operator_spread_detail,0.75,1024,768,0.0001336485444438458,5.133740990446208e-05,0.0,0.0,0.0
0801,quantized_8bit,fbcnn_dpir,all,operator_spread_detail,0.9,1024,922,0.00020386127183992463,7.66538626905471e-05,0.0010845986984815619,0.0,0.0
0801,quantized_8bit,fbcnn_dpir,all,operator_spread_detail,1.0,1024,1024,0.00036209634044379106,0.00013712293154409698,0.05078125,0.0,0.0
0801,quantized_8bit,fbcnn_dpir,all,image_transform_spread_detail,0.5,1024,512,9.815312562935011e-05,4.070795248484874e-05,0.0,0.0,0.0
0801,quantized_8bit,fbcnn_dpir,all,image_transform_spread_detail,0.75,1024,768,0.00014770302917435638,5.9737278835987334e-05,0.0,0.0,0.0
0801,quantized_8bit,fbcnn_dpir,all,image_transform_spread_detail,0.9,1024,922,0.00022035627507511037,8.533754630759443e-05,0.008676789587852495,0.0,0.0
0801,quantized_8bit,fbcnn_dpir,all,image_transform_spread_detail,1.0,1024,1024,0.00036209634044379106,0.00013712293154409695,0.05078125,0.0,0.0
0801,quantized_8bit,fbcnn_dpir,all,operator_spread_rgb,0.5,1024,512,9.768422367362442e-05,4.1332738471958216e-05,0.0,0.0,0.0
0801,quantized_8bit,fbcnn_dpir,all,operator_spread_rgb,0.75,1024,768,0.00014710073943288693,6.075329997053264e-05,0.0013020833333333333,0.0,0.0
0801,quantized_8bit,fbcnn_dpir,all,operator_spread_rgb,0.9,1024,922,0.00021356301459013764,8.298160118502734e-05,0.005422993492407809,0.0,0.0
0801,quantized_8bit,fbcnn_dpir,all,operator_spread_rgb,1.0,1024,1024,0.00036209634044379106,0.00013712293154409695,0.05078125,0.0,0.0
0801,quantized_8bit,fbcnn_dpir,all,measurement_residual,0.5,1024,512,0.0003493096886538836,0.00013563498607750083,0.052734375,0.0,0.0
0801,quantized_8bit,fbcnn_dpir,all,measurement_residual,0.75,1024,768,0.00036286629802461095,0.00013918573092762035,0.055989583333333336,0.0,0.0
0801,quantized_8bit,fbcnn_dpir,all,measurement_residual,0.9,1024,922,0.0003582196198940208,0.00013641763501288148,0.0509761388286334,0.0,0.0
0801,quantized_8bit,fbcnn_dpir,all,measurement_residual,1.0,1024,1024,0.00036209634044379106,0.00013712293154409698,0.05078125,0.0,0.0
0801,quantized_8bit,fbcnn_dpir,all,image_gradient,0.5,1024,512,0.00012645616280167096,5.790312619309627e-05,0.0,0.0,0.0
0801,quantized_8bit,fbcnn_dpir,all,image_gradient,0.75,1024,768,0.0001608683876096078,6.612212094844526e-05,0.0026041666666666665,0.0,0.0
0801,quantized_8bit,fbcnn_dpir,all,image_gradient,0.9,1024,922,0.00021787502435633184,8.415043413847197e-05,0.006507592190889371,0.0,0.0
0801,quantized_8bit,fbcnn_dpir,all,image_gradient,1.0,1024,1024,0.00036209634044379106,0.00013712293154409698,0.05078125,0.0,0.0
0801,quantized_8bit,fbcnn_dpir,all,random_expected,0.5,1024,512,0.000362096340443791,0.00013712293154409698,0.05078125,0.0,0.0
0801,quantized_8bit,fbcnn_dpir,all,random_expected,0.75,1024,768,0.000362096340443791,0.00013712293154409698,0.05078125,0.0,0.0
0801,quantized_8bit,fbcnn_dpir,all,random_expected,0.9,1024,922,0.000362096340443791,0.00013712293154409698,0.05078125,0.0,0.0
0801,quantized_8bit,fbcnn_dpir,all,random_expected,1.0,1024,1024,0.000362096340443791,0.00013712293154409698,0.05078125,0.0,0.0
0801,quantized_8bit,fbcnn_dpir,all,oracle_detail_error,0.5,1024,512,7.482826351034491e-05,2.1681079176249885e-05,0.0,0.0,0.0
0801,quantized_8bit,fbcnn_dpir,all,oracle_detail_error,0.75,1024,768,0.00012858527810568005,3.658800114192679e-05,0.0,0.0,0.0
0801,quantized_8bit,fbcnn_dpir,all,oracle_detail_error,0.9,1024,922,0.0002016482826778771,7.043473142630045e-05,0.0,0.0,0.0
0801,quantized_8bit,fbcnn_dpir,all,oracle_detail_error,1.0,1024,1024,0.000362096340443791,0.00013712293154409695,0.05078125,0.0,0.0
0801,quantized_8bit,fbcnn_dpir,textured_quartile,operator_spread_detail,0.5,256,128,0.0004970903540041627,0.00018156878774739548,0.0078125,0.0,0.0
0801,quantized_8bit,fbcnn_dpir,textured_quartile,operator_spread_detail,0.75,256,192,0.0006639983884322971,0.00025359276095617066,0.036458333333333336,0.0,0.0
0801,quantized_8bit,fbcnn_dpir,textured_quartile,operator_spread_detail,0.9,256,231,0.0008450715723562804,0.0003261111526521835,0.13852813852813853,0.0,0.0
0801,quantized_8bit,fbcnn_dpir,textured_quartile,operator_spread_detail,1.0,256,256,0.0010455669366745968,0.00039599721507186595,0.203125,0.0,0.0
0801,quantized_8bit,fbcnn_dpir,textured_quartile,image_transform_spread_detail,0.5,256,128,0.0006144279099734629,0.00024962752590612793,0.0390625,0.0,0.0
0801,quantized_8bit,fbcnn_dpir,textured_quartile,image_transform_spread_detail,0.75,256,192,0.0007233537475197604,0.0002835214148673288,0.08333333333333333,0.0,0.0
0801,quantized_8bit,fbcnn_dpir,textured_quartile,image_transform_spread_detail,0.9,256,231,0.0008688872474372487,0.000338809637170893,0.14285714285714285,0.0,0.0
0801,quantized_8bit,fbcnn_dpir,textured_quartile,image_transform_spread_detail,1.0,256,256,0.0010455669366745966,0.00039599721507186595,0.203125,0.0,0.0
0801,quantized_8bit,fbcnn_dpir,textured_quartile,operator_spread_rgb,0.5,256,128,0.00056167522345036,0.00022889250216842698,0.015625,0.0,0.0
0801,quantized_8bit,fbcnn_dpir,textured_quartile,operator_spread_rgb,0.75,256,192,0.0007100430419799767,0.0002834082000137102,0.07291666666666667,0.0,0.0
0801,quantized_8bit,fbcnn_dpir,textured_quartile,operator_spread_rgb,0.9,256,231,0.000855629975067851,0.00033928746801900275,0.14285714285714285,0.0,0.0
0801,quantized_8bit,fbcnn_dpir,textured_quartile,operator_spread_rgb,1.0,256,256,0.0010455669366745968,0.00039599721507186595,0.203125,0.0,0.0
0801,quantized_8bit,fbcnn_dpir,textured_quartile,measurement_residual,0.5,256,128,0.0010026763036688061,0.00039011909146790885,0.21875,0.0,0.0
0801,quantized_8bit,fbcnn_dpir,textured_quartile,measurement_residual,0.75,256,192,0.0010549851480886132,0.00040742550955633186,0.22395833333333334,0.0,0.0
0801,quantized_8bit,fbcnn_dpir,textured_quartile,measurement_residual,0.9,256,231,0.0010431006014525845,0.0003986932714801357,0.2077922077922078,0.0,0.0
0801,quantized_8bit,fbcnn_dpir,textured_quartile,measurement_residual,1.0,256,256,0.0010455669366745968,0.00039599721507186595,0.203125,0.0,0.0
0801,quantized_8bit,fbcnn_dpir,textured_quartile,image_gradient,0.5,256,128,0.0006095556307105624,0.00024264911859888194,0.03125,0.0,0.0
0801,quantized_8bit,fbcnn_dpir,textured_quartile,image_gradient,0.75,256,192,0.0007232998357974736,0.00028072220979259515,0.078125,0.0,0.0
0801,quantized_8bit,fbcnn_dpir,textured_quartile,image_gradient,0.9,256,231,0.0008963481157709432,0.0003462374256408205,0.15151515151515152,0.0,0.0
0801,quantized_8bit,fbcnn_dpir,textured_quartile,image_gradient,1.0,256,256,0.0010455669366745966,0.000395997215071866,0.203125,0.0,0.0
0801,quantized_8bit,fbcnn_dpir,textured_quartile,random_expected,0.5,256,128,0.0010455669366745968,0.00039599721507186595,0.203125,0.0,0.0
0801,quantized_8bit,fbcnn_dpir,textured_quartile,random_expected,0.75,256,192,0.0010455669366745968,0.00039599721507186595,0.203125,0.0,0.0
0801,quantized_8bit,fbcnn_dpir,textured_quartile,random_expected,0.9,256,231,0.0010455669366745968,0.00039599721507186595,0.203125,0.0,0.0
0801,quantized_8bit,fbcnn_dpir,textured_quartile,random_expected,1.0,256,256,0.0010455669366745968,0.00039599721507186595,0.203125,0.0,0.0
0801,quantized_8bit,fbcnn_dpir,textured_quartile,oracle_detail_error,0.5,256,128,0.00046869000954399777,0.0001287136418453828,0.0,0.0,0.0
0801,quantized_8bit,fbcnn_dpir,textured_quartile,oracle_detail_error,0.75,256,192,0.0006625781922164762,0.000230027892139003,0.0,0.0,0.0
0801,quantized_8bit,fbcnn_dpir,textured_quartile,oracle_detail_error,0.9,256,231,0.0008514190666310737,0.00030765007371727894,0.11688311688311688,0.0,0.0
0801,quantized_8bit,fbcnn_dpir,textured_quartile,oracle_detail_error,1.0,256,256,0.0010455669366745968,0.00039599721507186595,0.203125,0.0,0.0
0801,jpeg_q75,dpir_nominal,all,operator_spread_detail,0.5,1024,512,0.00011008992829220921,4.0771943092036567e-05,0.0,0.0,0.0
0801,jpeg_q75,dpir_nominal,all,operator_spread_detail,0.75,1024,768,0.00017507609859302394,6.38802178456616e-05,0.0,0.0,0.0
0801,jpeg_q75,dpir_nominal,all,operator_spread_detail,0.9,1024,922,0.0002607170946026265,9.609551203381024e-05,0.015184381778741865,0.0,0.0
0801,jpeg_q75,dpir_nominal,all,operator_spread_detail,1.0,1024,1024,0.0005587138570715256,0.0003010350581549552,0.0908203125,0.0263671875,0.0009765625
0801,jpeg_q75,dpir_nominal,all,image_transform_spread_detail,0.5,1024,512,0.00011863662276991827,4.6084939166635596e-05,0.0,0.0,0.0
0801,jpeg_q75,dpir_nominal,all,image_transform_spread_detail,0.75,1024,768,0.00018849102326782543,7.154088567003153e-05,0.0026041666666666665,0.0,0.0
0801,jpeg_q75,dpir_nominal,all,image_transform_spread_detail,0.9,1024,922,0.0002612029993264652,9.686620343101726e-05,0.015184381778741865,0.0,0.0
0801,jpeg_q75,dpir_nominal,all,image_transform_spread_detail,1.0,1024,1024,0.0005587138570715255,0.0003010350581549552,0.0908203125,0.0263671875,0.0009765625
0801,jpeg_q75,dpir_nominal,all,operator_spread_rgb,0.5,1024,512,0.00011366303651812117,4.4132830982513476e-05,0.0,0.0,0.0
0801,jpeg_q75,dpir_nominal,all,operator_spread_rgb,0.75,1024,768,0.0001700511865030277,6.359371020931548e-05,0.0,0.0,0.0
0801,jpeg_q75,dpir_nominal,all,operator_spread_rgb,0.9,1024,922,0.000251398820590355,9.317863269445734e-05,0.009761388286334056,0.0,0.0
0801,jpeg_q75,dpir_nominal,all,operator_spread_rgb,1.0,1024,1024,0.0005587138570715256,0.0003010350581549552,0.0908203125,0.0263671875,0.0009765625
0801,jpeg_q75,dpir_nominal,all,measurement_residual,0.5,1024,512,0.0001794013600477989,8.658193089940242e-05,0.01171875,0.001953125,0.0
0801,jpeg_q75,dpir_nominal,all,measurement_residual,0.75,1024,768,0.00031282110203479296,0.00016379847888502806,0.041666666666666664,0.009114583333333334,0.0
0801,jpeg_q75,dpir_nominal,all,measurement_residual,0.9,1024,922,0.000427910555375653,0.0002187034598086445,0.07049891540130152,0.015184381778741865,0.0
0801,jpeg_q75,dpir_nominal,all,measurement_residual,1.0,1024,1024,0.0005587138570715257,0.00030103505815495514,0.0908203125,0.0263671875,0.0009765625
0801,jpeg_q75,dpir_nominal,all,image_gradient,0.5,1024,512,0.00014162781181611484,6.163534894043219e-05,0.001953125,0.0,0.0
0801,jpeg_q75,dpir_nominal,all,image_gradient,0.75,1024,768,0.0001934276743686934,8.28004411483188e-05,0.01171875,0.0,0.0
0801,jpeg_q75,dpir_nominal,all,image_gradient,0.9,1024,922,0.0002795870096394084,0.00012573628978887466,0.028199566160520606,0.0032537960954446853,0.0
0801,jpeg_q75,dpir_nominal,all,image_gradient,1.0,1024,1024,0.0005587138570715256,0.0003010350581549552,0.0908203125,0.0263671875,0.0009765625
0801,jpeg_q75,dpir_nominal,all,random_expected,0.5,1024,512,0.0005587138570715256,0.00030103505815495514,0.0908203125,0.0263671875,0.0009765625
0801,jpeg_q75,dpir_nominal,all,random_expected,0.75,1024,768,0.0005587138570715256,0.00030103505815495514,0.0908203125,0.0263671875,0.0009765625
0801,jpeg_q75,dpir_nominal,all,random_expected,0.9,1024,922,0.0005587138570715256,0.00030103505815495514,0.0908203125,0.0263671875,0.0009765625
0801,jpeg_q75,dpir_nominal,all,random_expected,1.0,1024,1024,0.0005587138570715256,0.00030103505815495514,0.0908203125,0.0263671875,0.0009765625
0801,jpeg_q75,dpir_nominal,all,oracle_detail_error,0.5,1024,512,8.992536068245656e-05,2.5299764720502874e-05,0.0,0.0,0.0
0801,jpeg_q75,dpir_nominal,all,oracle_detail_error,0.75,1024,768,0.00015292196472062525,4.427700403302766e-05,0.0,0.0,0.0
0801,jpeg_q75,dpir_nominal,all,oracle_detail_error,0.9,1024,922,0.0002441691381843099,8.757875525024745e-05,0.0,0.0,0.0
0801,jpeg_q75,dpir_nominal,all,oracle_detail_error,1.0,1024,1024,0.0005587138570715256,0.00030103505815495514,0.0908203125,0.0263671875,0.0009765625
0801,jpeg_q75,dpir_nominal,textured_quartile,operator_spread_detail,0.5,256,128,0.0006529283568561721,0.0002448093561177402,0.0390625,0.0,0.0
0801,jpeg_q75,dpir_nominal,textured_quartile,operator_spread_detail,0.75,256,192,0.0008332317556342652,0.00032271876159126466,0.109375,0.0,0.0
0801,jpeg_q75,dpir_nominal,textured_quartile,operator_spread_detail,0.9,256,231,0.0011747808487559035,0.0005498321056325163,0.2554112554112554,0.012987012987012988,0.0
0801,jpeg_q75,dpir_nominal,textured_quartile,operator_spread_detail,1.0,256,256,0.0017097216287333314,0.0009791968947335955,0.328125,0.1015625,0.00390625
0801,jpeg_q75,dpir_nominal,textured_quartile,image_transform_spread_detail,0.5,256,128,0.0006559201302196842,0.00024302994894188887,0.03125,0.0,0.0
0801,jpeg_q75,dpir_nominal,textured_quartile,image_transform_spread_detail,0.75,256,192,0.0008974563847688158,0.00036877810511660596,0.14583333333333334,0.005208333333333333,0.0
0801,jpeg_q75,dpir_nominal,textured_quartile,image_transform_spread_detail,0.9,256,231,0.0013273952329846252,0.0006933941640834316,0.26406926406926406,0.06060606060606061,0.0
0801,jpeg_q75,dpir_nominal,textured_quartile,image_transform_spread_detail,1.0,256,256,0.0017097216287333314,0.0009791968947335955,0.328125,0.1015625,0.00390625
0801,jpeg_q75,dpir_nominal,textured_quartile,operator_spread_rgb,0.5,256,128,0.00062414769347694,0.00024000212598435387,0.03125,0.0,0.0
0801,jpeg_q75,dpir_nominal,textured_quartile,operator_spread_rgb,0.75,256,192,0.0008299852545710437,0.00032361386971951526,0.109375,0.0,0.0
0801,jpeg_q75,dpir_nominal,textured_quartile,operator_spread_rgb,0.9,256,231,0.0011752341576364452,0.0005555545578581263,0.2554112554112554,0.017316017316017316,0.0
0801,jpeg_q75,dpir_nominal,textured_quartile,operator_spread_rgb,1.0,256,256,0.0017097216287333314,0.0009791968947335955,0.328125,0.1015625,0.00390625
0801,jpeg_q75,dpir_nominal,textured_quartile,measurement_residual,0.5,256,128,0.001494718310398257,0.000839381597598686,0.2890625,0.078125,0.0
0801,jpeg_q75,dpir_nominal,textured_quartile,measurement_residual,0.75,256,192,0.001557038432015482,0.0008688241105934349,0.3177083333333333,0.078125,0.005208333333333333
0801,jpeg_q75,dpir_nominal,textured_quartile,measurement_residual,0.9,256,231,0.0016466466337214008,0.0009334183029173812,0.3246753246753247,0.09523809523809523,0.004329004329004329
0801,jpeg_q75,dpir_nominal,textured_quartile,measurement_residual,1.0,256,256,0.0017097216287333317,0.0009791968947335955,0.328125,0.1015625,0.00390625
0801,jpeg_q75,dpir_nominal,textured_quartile,image_gradient,0.5,256,128,0.0007614274586790284,0.00035763892692639883,0.1015625,0.0078125,0.0
0801,jpeg_q75,dpir_nominal,textured_quartile,image_gradient,0.75,256,192,0.0009903587293298487,0.000498162318277786,0.17708333333333334,0.026041666666666668,0.0
0801,jpeg_q75,dpir_nominal,textured_quartile,image_gradient,0.9,256,231,0.001285897452403158,0.0006711164122940626,0.2554112554112554,0.05627705627705628,0.0
0801,jpeg_q75,dpir_nominal,textured_quartile,image_gradient,1.0,256,256,0.0017097216287333314,0.0009791968947335955,0.328125,0.1015625,0.00390625
0801,jpeg_q75,dpir_nominal,textured_quartile,random_expected,0.5,256,128,0.0017097216287333314,0.0009791968947335953,0.328125,0.1015625,0.00390625
0801,jpeg_q75,dpir_nominal,textured_quartile,random_expected,0.75,256,192,0.0017097216287333314,0.0009791968947335953,0.328125,0.1015625,0.00390625
0801,jpeg_q75,dpir_nominal,textured_quartile,random_expected,0.9,256,231,0.0017097216287333314,0.0009791968947335953,0.328125,0.1015625,0.00390625
0801,jpeg_q75,dpir_nominal,textured_quartile,random_expected,1.0,256,256,0.0017097216287333314,0.0009791968947335953,0.328125,0.1015625,0.00390625
0801,jpeg_q75,dpir_nominal,textured_quartile,oracle_detail_error,0.5,256,128,0.0005428346306379688,0.00016623235881647392,0.0,0.0,0.0
0801,jpeg_q75,dpir_nominal,textured_quartile,oracle_detail_error,0.75,256,192,0.0008183529513708714,0.00031404277200711286,0.10416666666666667,0.0,0.0
0801,jpeg_q75,dpir_nominal,textured_quartile,oracle_detail_error,0.9,256,231,0.0011645729799215812,0.0005409657765834794,0.2554112554112554,0.004329004329004329,0.0
0801,jpeg_q75,dpir_nominal,textured_quartile,oracle_detail_error,1.0,256,256,0.0017097216287333317,0.0009791968947335955,0.328125,0.1015625,0.00390625
0801,jpeg_q75,fbcnn_dpir,all,operator_spread_detail,0.5,1024,512,0.00010587852563129864,3.8101768377806145e-05,0.0,0.0,0.0
0801,jpeg_q75,fbcnn_dpir,all,operator_spread_detail,0.75,1024,768,0.0001584438678979706,5.6897629111702824e-05,0.0,0.0,0.0
0801,jpeg_q75,fbcnn_dpir,all,operator_spread_detail,0.9,1024,922,0.00023218873678877683,8.145554798581475e-05,0.0010845986984815619,0.0,0.0
0801,jpeg_q75,fbcnn_dpir,all,operator_spread_detail,1.0,1024,1024,0.0003930360047459271,0.00014280213685197304,0.052734375,0.0,0.0
0801,jpeg_q75,fbcnn_dpir,all,image_transform_spread_detail,0.5,1024,512,0.00011851376854722588,4.6465226072598856e-05,0.0,0.0,0.0
0801,jpeg_q75,fbcnn_dpir,all,image_transform_spread_detail,0.75,1024,768,0.00017213308299048727,6.432587881410271e-05,0.0,0.0,0.0
0801,jpeg_q75,fbcnn_dpir,all,image_transform_spread_detail,0.9,1024,922,0.0002437170031441035,8.68068281371007e-05,0.006507592190889371,0.0,0.0
0801,jpeg_q75,fbcnn_dpir,all,image_transform_spread_detail,1.0,1024,1024,0.0003930360047459271,0.00014280213685197304,0.052734375,0.0,0.0
0801,jpeg_q75,fbcnn_dpir,all,operator_spread_rgb,0.5,1024,512,0.00011648120517045816,4.523008222559906e-05,0.0,0.0,0.0
0801,jpeg_q75,fbcnn_dpir,all,operator_spread_rgb,0.75,1024,768,0.00017030839195401404,6.463848425633063e-05,0.0013020833333333333,0.0,0.0
0801,jpeg_q75,fbcnn_dpir,all,operator_spread_rgb,0.9,1024,922,0.00024051458839204886,8.697147237529622e-05,0.005422993492407809,0.0,0.0
0801,jpeg_q75,fbcnn_dpir,all,operator_spread_rgb,1.0,1024,1024,0.0003930360047459271,0.00014280213685197304,0.052734375,0.0,0.0
0801,jpeg_q75,fbcnn_dpir,all,measurement_residual,0.5,1024,512,0.00015643115730613758,6.37616246396496e-05,0.0,0.0,0.0
0801,jpeg_q75,fbcnn_dpir,all,measurement_residual,0.75,1024,768,0.00022389527876308575,8.666703936666066e-05,0.006510416666666667,0.0,0.0
0801,jpeg_q75,fbcnn_dpir,all,measurement_residual,0.9,1024,922,0.0003220822814723669,0.00012070847908848854,0.03796095444685466,0.0,0.0
0801,jpeg_q75,fbcnn_dpir,all,measurement_residual,1.0,1024,1024,0.00039303600474592716,0.00014280213685197304,0.052734375,0.0,0.0
0801,jpeg_q75,fbcnn_dpir,all,image_gradient,0.5,1024,512,0.0001437921490710418,6.0706514828839985e-05,0.0,0.0,0.0
0801,jpeg_q75,fbcnn_dpir,all,image_gradient,0.75,1024,768,0.0001849437576888272,6.996156702432127e-05,0.0026041666666666665,0.0,0.0
0801,jpeg_q75,fbcnn_dpir,all,image_gradient,0.9,1024,922,0.0002444139039231668,8.789967491242188e-05,0.006507592190889371,0.0,0.0
0801,jpeg_q75,fbcnn_dpir,all,image_gradient,1.0,1024,1024,0.0003930360047459271,0.00014280213685197304,0.052734375,0.0,0.0
0801,jpeg_q75,fbcnn_dpir,all,random_expected,0.5,1024,512,0.0003930360047459271,0.00014280213685197304,0.052734375,0.0,0.0
0801,jpeg_q75,fbcnn_dpir,all,random_expected,0.75,1024,768,0.0003930360047459271,0.00014280213685197304,0.052734375,0.0,0.0
0801,jpeg_q75,fbcnn_dpir,all,random_expected,0.9,1024,922,0.0003930360047459271,0.00014280213685197304,0.052734375,0.0,0.0
0801,jpeg_q75,fbcnn_dpir,all,random_expected,1.0,1024,1024,0.0003930360047459271,0.00014280213685197304,0.052734375,0.0,0.0
0801,jpeg_q75,fbcnn_dpir,all,oracle_detail_error,0.5,1024,512,8.947687554050295e-05,2.302505480445103e-05,0.0,0.0,0.0
0801,jpeg_q75,fbcnn_dpir,all,oracle_detail_error,0.75,1024,768,0.00014908127042523444,3.901271413614836e-05,0.0,0.0,0.0
0801,jpeg_q75,fbcnn_dpir,all,oracle_detail_error,0.9,1024,922,0.000227710651693026,7.407350717369031e-05,0.0,0.0,0.0
0801,jpeg_q75,fbcnn_dpir,all,oracle_detail_error,1.0,1024,1024,0.0003930360047459271,0.00014280213685197306,0.052734375,0.0,0.0
0801,jpeg_q75,fbcnn_dpir,textured_quartile,operator_spread_detail,0.5,256,128,0.000578988434139749,0.00020581638797181228,0.0078125,0.0,0.0
0801,jpeg_q75,fbcnn_dpir,textured_quartile,operator_spread_detail,0.75,256,192,0.0007288791651490198,0.00026668482356634945,0.052083333333333336,0.0,0.0
0801,jpeg_q75,fbcnn_dpir,textured_quartile,operator_spread_detail,0.9,256,231,0.000909115217850346,0.0003438009620196995,0.13852813852813853,0.0,0.0
0801,jpeg_q75,fbcnn_dpir,textured_quartile,operator_spread_detail,1.0,256,256,0.0011081605006327943,0.00041090440276808117,0.2109375,0.0,0.0
0801,jpeg_q75,fbcnn_dpir,textured_quartile,image_transform_spread_detail,0.5,256,128,0.0006566546385546321,0.00024736604385840834,0.015625,0.0,0.0
0801,jpeg_q75,fbcnn_dpir,textured_quartile,image_transform_spread_detail,0.75,256,192,0.0007695946228792513,0.0002873810480410655,0.078125,0.0,0.0
0801,jpeg_q75,fbcnn_dpir,textured_quartile,image_transform_spread_detail,0.9,256,231,0.0009385100005915327,0.00034863650319991515,0.1471861471861472,0.0,0.0
0801,jpeg_q75,fbcnn_dpir,textured_quartile,image_transform_spread_detail,1.0,256,256,0.001108160500632794,0.00041090440276808117,0.2109375,0.0,0.0
0801,jpeg_q75,fbcnn_dpir,textured_quartile,operator_spread_rgb,0.5,256,128,0.0006262244442298481,0.00024152527061675497,0.0078125,0.0,0.0
0801,jpeg_q75,fbcnn_dpir,textured_quartile,operator_spread_rgb,0.75,256,192,0.0007652942798374837,0.00029123364087145785,0.07291666666666667,0.0,0.0
0801,jpeg_q75,fbcnn_dpir,textured_quartile,operator_spread_rgb,0.9,256,231,0.000916751726646399,0.00035295801958911397,0.14285714285714285,0.0,0.0
0801,jpeg_q75,fbcnn_dpir,textured_quartile,operator_spread_rgb,1.0,256,256,0.001108160500632794,0.00041090440276808117,0.2109375,0.0,0.0
0801,jpeg_q75,fbcnn_dpir,textured_quartile,measurement_residual,0.5,256,128,0.001035617228710659,0.00042482700956950374,0.1796875,0.0,0.0
0801,jpeg_q75,fbcnn_dpir,textured_quartile,measurement_residual,0.75,256,192,0.0010649014912969058,0.00041071621381009066,0.203125,0.0,0.0
0801,jpeg_q75,fbcnn_dpir,textured_quartile,measurement_residual,0.9,256,231,0.0010526629459744299,0.00040068528614971847,0.2077922077922078,0.0,0.0
0801,jpeg_q75,fbcnn_dpir,textured_quartile,measurement_residual,1.0,256,256,0.0011081605006327943,0.00041090440276808117,0.2109375,0.0,0.0
0801,jpeg_q75,fbcnn_dpir,textured_quartile,image_gradient,0.5,256,128,0.0006681724481800979,0.00025354480425293,0.03125,0.0,0.0
0801,jpeg_q75,fbcnn_dpir,textured_quartile,image_gradient,0.75,256,192,0.0007926352037748159,0.00029741737085369125,0.08333333333333333,0.0,0.0
0801,jpeg_q75,fbcnn_dpir,textured_quartile,image_gradient,0.9,256,231,0.00096402257623008,0.00036059583864890576,0.15584415584415584,0.0,0.0
0801,jpeg_q75,fbcnn_dpir,textured_quartile,image_gradient,1.0,256,256,0.0011081605006327943,0.00041090440276808117,0.2109375,0.0,0.0
0801,jpeg_q75,fbcnn_dpir,textured_quartile,random_expected,0.5,256,128,0.001108160500632794,0.00041090440276808117,0.2109375,0.0,0.0
0801,jpeg_q75,fbcnn_dpir,textured_quartile,random_expected,0.75,256,192,0.001108160500632794,0.00041090440276808117,0.2109375,0.0,0.0
0801,jpeg_q75,fbcnn_dpir,textured_quartile,random_expected,0.9,256,231,0.001108160500632794,0.00041090440276808117,0.2109375,0.0,0.0
0801,jpeg_q75,fbcnn_dpir,textured_quartile,random_expected,1.0,256,256,0.001108160500632794,0.00041090440276808117,0.2109375,0.0,0.0
0801,jpeg_q75,fbcnn_dpir,textured_quartile,oracle_detail_error,0.5,256,128,0.0005224516512581215,0.0001372024072212723,0.0,0.0,0.0
0801,jpeg_q75,fbcnn_dpir,textured_quartile,oracle_detail_error,0.75,256,192,0.0007221385980653657,0.000240296277291073,0.0,0.0,0.0
0801,jpeg_q75,fbcnn_dpir,textured_quartile,oracle_detail_error,0.9,256,231,0.000910841661144123,0.0003199036707793512,0.12554112554112554,0.0,0.0
0801,jpeg_q75,fbcnn_dpir,textured_quartile,oracle_detail_error,1.0,256,256,0.001108160500632794,0.0004109044027680812,0.2109375,0.0,0.0
0802,quantized_8bit,dpir_nominal,all,operator_spread_detail,0.5,1024,512,0.0001590541969306714,7.250699188304472e-05,0.0,0.0,0.0
0802,quantized_8bit,dpir_nominal,all,operator_spread_detail,0.75,1024,768,0.00024239012056656583,0.00010704761452207042,0.0013020833333333333,0.0,0.0
0802,quantized_8bit,dpir_nominal,all,operator_spread_detail,0.9,1024,922,0.0003474980993215677,0.00015284613622338695,0.01735357917570499,0.0,0.0
0802,quantized_8bit,dpir_nominal,all,operator_spread_detail,1.0,1024,1024,0.00048314849148466463,0.00021416213789374953,0.068359375,0.0009765625,0.0
0802,quantized_8bit,dpir_nominal,all,image_transform_spread_detail,0.5,1024,512,0.00016022304096834794,7.178309731345516e-05,0.0,0.0,0.0
0802,quantized_8bit,dpir_nominal,all,image_transform_spread_detail,0.75,1024,768,0.0002501860919407498,0.00011053958179961733,0.0026041666666666665,0.0,0.0
0802,quantized_8bit,dpir_nominal,all,image_transform_spread_detail,0.9,1024,922,0.00035850794203267706,0.00015842448598590001,0.024945770065075923,0.0,0.0
0802,quantized_8bit,dpir_nominal,all,image_transform_spread_detail,1.0,1024,1024,0.0004831484914846647,0.00021416213789374953,0.068359375,0.0009765625,0.0
0802,quantized_8bit,dpir_nominal,all,operator_spread_rgb,0.5,1024,512,0.00016121195437721628,7.4870447612752e-05,0.0,0.0,0.0
0802,quantized_8bit,dpir_nominal,all,operator_spread_rgb,0.75,1024,768,0.00024384804851714184,0.00010950720355833415,0.0013020833333333333,0.0,0.0
0802,quantized_8bit,dpir_nominal,all,operator_spread_rgb,0.9,1024,922,0.0003535131711427331,0.00015739216635063613,0.0227765726681128,0.0,0.0
0802,quantized_8bit,dpir_nominal,all,operator_spread_rgb,1.0,1024,1024,0.0004831484914846647,0.00021416213789374953,0.068359375,0.0009765625,0.0
0802,quantized_8bit,dpir_nominal,all,measurement_residual,0.5,1024,512,0.0006075830252632045,0.0002689922341857911,0.1015625,0.001953125,0.0
0802,quantized_8bit,dpir_nominal,all,measurement_residual,0.75,1024,768,0.0005343745026088075,0.00023660344241035214,0.078125,0.0013020833333333333,0.0
0802,quantized_8bit,dpir_nominal,all,measurement_residual,0.9,1024,922,0.0005075239456904524,0.00022500744132724276,0.07266811279826464,0.0010845986984815619,0.0
0802,quantized_8bit,dpir_nominal,all,measurement_residual,1.0,1024,1024,0.0004831484914846647,0.00021416213789374953,0.068359375,0.0009765625,0.0
0802,quantized_8bit,dpir_nominal,all,image_gradient,0.5,1024,512,0.00022450849887878832,0.00010419755061860645,0.001953125,0.0,0.0
0802,quantized_8bit,dpir_nominal,all,image_gradient,0.75,1024,768,0.0003267509634641086,0.00015108645706760188,0.02734375,0.0,0.0
0802,quantized_8bit,dpir_nominal,all,image_gradient,0.9,1024,922,0.00040021427299888074,0.00018076689124394346,0.04880694143167028,0.0,0.0
0802,quantized_8bit,dpir_nominal,all,image_gradient,1.0,1024,1024,0.0004831484914846647,0.00021416213789374953,0.068359375,0.0009765625,0.0
0802,quantized_8bit,dpir_nominal,all,random_expected,0.5,1024,512,0.0004831484914846647,0.00021416213789374953,0.068359375,0.0009765625,0.0
0802,quantized_8bit,dpir_nominal,all,random_expected,0.75,1024,768,0.0004831484914846647,0.00021416213789374953,0.068359375,0.0009765625,0.0
0802,quantized_8bit,dpir_nominal,all,random_expected,0.9,1024,922,0.0004831484914846647,0.00021416213789374953,0.068359375,0.0009765625,0.0
0802,quantized_8bit,dpir_nominal,all,random_expected,1.0,1024,1024,0.0004831484914846647,0.00021416213789374953,0.068359375,0.0009765625,0.0
0802,quantized_8bit,dpir_nominal,all,oracle_detail_error,0.5,1024,512,0.00014652101874057898,6.229004318096017e-05,0.0,0.0,0.0
0802,quantized_8bit,dpir_nominal,all,oracle_detail_error,0.75,1024,768,0.00023565915214718202,9.939767154537539e-05,0.0,0.0,0.0
0802,quantized_8bit,dpir_nominal,all,oracle_detail_error,0.9,1024,922,0.00034267913135838525,0.00014566765425933677,0.0,0.0,0.0
0802,quantized_8bit,dpir_nominal,all,oracle_detail_error,1.0,1024,1024,0.0004831484914846647,0.0002141621378937495,0.068359375,0.0009765625,0.0
0802,quantized_8bit,dpir_nominal,textured_quartile,operator_spread_detail,0.5,256,128,0.0007932492657530995,0.0003457747018067393,0.078125,0.0,0.0
0802,quantized_8bit,dpir_nominal,textured_quartile,operator_spread_detail,0.75,256,192,0.0009499503766150124,0.0004179902158070625,0.15625,0.0,0.0
0802,quantized_8bit,dpir_nominal,textured_quartile,operator_spread_detail,0.9,256,231,0.0010724206052955194,0.0004732050313125495,0.22510822510822512,0.0,0.0
0802,quantized_8bit,dpir_nominal,textured_quartile,operator_spread_detail,1.0,256,256,0.0011885106221237113,0.0005280506120832358,0.2734375,0.00390625,0.0
0802,quantized_8bit,dpir_nominal,textured_quartile,image_transform_spread_detail,0.5,256,128,0.0008300013169465889,0.0003631799197073703,0.1171875,0.0,0.0
0802,quantized_8bit,dpir_nominal,textured_quartile,image_transform_spread_detail,0.75,256,192,0.0009826780856981323,0.0004324512016123253,0.16666666666666666,0.0,0.0
0802,quantized_8bit,dpir_nominal,textured_quartile,image_transform_spread_detail,0.9,256,231,0.0010888417287320676,0.0004759540876858027,0.21645021645021645,0.0,0.0
0802,quantized_8bit,dpir_nominal,textured_quartile,image_transform_spread_detail,1.0,256,256,0.0011885106221237113,0.0005280506120832358,0.2734375,0.00390625,0.0
0802,quantized_8bit,dpir_nominal,textured_quartile,operator_spread_rgb,0.5,256,128,0.0008182279015868988,0.0003685205543347669,0.1015625,0.0,0.0
0802,quantized_8bit,dpir_nominal,textured_quartile,operator_spread_rgb,0.75,256,192,0.0009614959323297591,0.0004304143800681775,0.1875,0.0,0.0
0802,quantized_8bit,dpir_nominal,textured_quartile,operator_spread_rgb,0.9,256,231,0.0010772304937051338,0.00047990870001455855,0.24242424242424243,0.0,0.0
0802,quantized_8bit,dpir_nominal,textured_quartile,operator_spread_rgb,1.0,256,256,0.0011885106221237113,0.0005280506120832357,0.2734375,0.00390625,0.0
0802,quantized_8bit,dpir_nominal,textured_quartile,measurement_residual,0.5,256,128,0.0012913435638493603,0.0005749678530307582,0.328125,0.0078125,0.0
0802,quantized_8bit,dpir_nominal,textured_quartile,measurement_residual,0.75,256,192,0.0012137861708213862,0.0005395889750653152,0.2864583333333333,0.005208333333333333,0.0
0802,quantized_8bit,dpir_nominal,textured_quartile,measurement_residual,0.9,256,231,0.001197534841191737,0.0005306919286554031,0.2727272727272727,0.004329004329004329,0.0
0802,quantized_8bit,dpir_nominal,textured_quartile,measurement_residual,1.0,256,256,0.0011885106221237115,0.0005280506120832358,0.2734375,0.00390625,0.0
0802,quantized_8bit,dpir_nominal,textured_quartile,image_gradient,0.5,256,128,0.0011054963443515738,0.00051577030664209,0.2578125,0.0,0.0
0802,quantized_8bit,dpir_nominal,textured_quartile,image_gradient,0.75,256,192,0.0011534489405414052,0.0005291145821996785,0.2864583333333333,0.005208333333333333,0.0
0802,quantized_8bit,dpir_nominal,textured_quartile,image_gradient,0.9,256,231,0.001153250227358584,0.0005175188531357362,0.2727272727272727,0.004329004329004329,0.0
0802,quantized_8bit,dpir_nominal,textured_quartile,image_gradient,1.0,256,256,0.0011885106221237113,0.0005280506120832357,0.2734375,0.00390625,0.0
0802,quantized_8bit,dpir_nominal,textured_quartile,random_expected,0.5,256,128,0.0011885106221237115,0.0005280506120832358,0.2734375,0.00390625,0.0
0802,quantized_8bit,dpir_nominal,textured_quartile,random_expected,0.75,256,192,0.0011885106221237115,0.0005280506120832358,0.2734375,0.00390625,0.0
0802,quantized_8bit,dpir_nominal,textured_quartile,random_expected,0.9,256,231,0.0011885106221237115,0.0005280506120832358,0.2734375,0.00390625,0.0
0802,quantized_8bit,dpir_nominal,textured_quartile,random_expected,1.0,256,256,0.0011885106221237115,0.0005280506120832358,0.2734375,0.00390625,0.0
0802,quantized_8bit,dpir_nominal,textured_quartile,oracle_detail_error,0.5,256,128,0.0007399752451963958,0.00028873506251089835,0.0,0.0,0.0
0802,quantized_8bit,dpir_nominal,textured_quartile,oracle_detail_error,0.75,256,192,0.0009233305014325601,0.0003778829673691248,0.03125,0.0,0.0
0802,quantized_8bit,dpir_nominal,textured_quartile,oracle_detail_error,0.9,256,231,0.0010388424402626964,0.0004452806184110821,0.19480519480519481,0.0,0.0
0802,quantized_8bit,dpir_nominal,textured_quartile,oracle_detail_error,1.0,256,256,0.0011885106221237113,0.0005280506120832358,0.2734375,0.00390625,0.0
0802,quantized_8bit,fbcnn_dpir,all,operator_spread_detail,0.5,1024,512,0.00016702866829220578,7.452431124828345e-05,0.0,0.0,0.0
0802,quantized_8bit,fbcnn_dpir,all,operator_spread_detail,0.75,1024,768,0.00025435367298248557,0.00011088645404360024,0.0026041666666666665,0.0,0.0
0802,quantized_8bit,fbcnn_dpir,all,operator_spread_detail,0.9,1024,922,0.000359530465906017,0.00015745867801971724,0.019522776572668113,0.0,0.0
0802,quantized_8bit,fbcnn_dpir,all,operator_spread_detail,1.0,1024,1024,0.00048673746138997814,0.00021465514921112686,0.0673828125,0.0009765625,0.0
0802,quantized_8bit,fbcnn_dpir,all,image_transform_spread_detail,0.5,1024,512,0.00017748908264461033,7.83625164486622e-05,0.0,0.0,0.0
0802,quantized_8bit,fbcnn_dpir,all,image_transform_spread_detail,0.75,1024,768,0.00026454624627708466,0.0001150427216416895,0.005208333333333333,0.0,0.0
0802,quantized_8bit,fbcnn_dpir,all,image_transform_spread_detail,0.9,1024,922,0.00037238128196802014,0.00016256565822910912,0.0227765726681128,0.0,0.0
0802,quantized_8bit,fbcnn_dpir,all,image_transform_spread_detail,1.0,1024,1024,0.00048673746138997814,0.00021465514921112684,0.0673828125,0.0009765625,0.0
0802,quantized_8bit,fbcnn_dpir,all,operator_spread_rgb,0.5,1024,512,0.00017116814320934347,7.735401395241304e-05,0.0,0.0,0.0
0802,quantized_8bit,fbcnn_dpir,all,operator_spread_rgb,0.75,1024,768,0.00025470498268847407,0.00011204564563706465,0.0013020833333333333,0.0,0.0
0802,quantized_8bit,fbcnn_dpir,all,operator_spread_rgb,0.9,1024,922,0.0003614146653928686,0.00015897736129183437,0.020607375271149676,0.0,0.0
0802,quantized_8bit,fbcnn_dpir,all,operator_spread_rgb,1.0,1024,1024,0.00048673746138997814,0.00021465514921112684,0.0673828125,0.0009765625,0.0
0802,quantized_8bit,fbcnn_dpir,all,measurement_residual,0.5,1024,512,0.0004090671576235103,0.0001810140381380981,0.052734375,0.001953125,0.0
0802,quantized_8bit,fbcnn_dpir,all,measurement_residual,0.75,1024,768,0.00040965753944149035,0.00018083582645873195,0.049479166666666664,0.0013020833333333333,0.0
0802,quantized_8bit,fbcnn_dpir,all,measurement_residual,0.9,1024,922,0.0004303651285749042,0.00018972319944516008,0.05314533622559653,0.0010845986984815619,0.0
0802,quantized_8bit,fbcnn_dpir,all,measurement_residual,1.0,1024,1024,0.0004867374613899781,0.00021465514921112686,0.0673828125,0.0009765625,0.0
0802,quantized_8bit,fbcnn_dpir,all,image_gradient,0.5,1024,512,0.00023526098963991737,0.0001061275529311739,0.001953125,0.0,0.0
0802,quantized_8bit,fbcnn_dpir,all,image_gradient,0.75,1024,768,0.00033492014845417235,0.0001520246612621519,0.02734375,0.0,0.0
0802,quantized_8bit,fbcnn_dpir,all,image_gradient,0.9,1024,922,0.0004063496352293846,0.0001816712869877412,0.04880694143167028,0.0,0.0
0802,quantized_8bit,fbcnn_dpir,all,image_gradient,1.0,1024,1024,0.00048673746138997814,0.00021465514921112684,0.0673828125,0.0009765625,0.0
0802,quantized_8bit,fbcnn_dpir,all,random_expected,0.5,1024,512,0.00048673746138997814,0.00021465514921112684,0.0673828125,0.0009765625,0.0
0802,quantized_8bit,fbcnn_dpir,all,random_expected,0.75,1024,768,0.00048673746138997814,0.00021465514921112684,0.0673828125,0.0009765625,0.0
0802,quantized_8bit,fbcnn_dpir,all,random_expected,0.9,1024,922,0.00048673746138997814,0.00021465514921112684,0.0673828125,0.0009765625,0.0
0802,quantized_8bit,fbcnn_dpir,all,random_expected,1.0,1024,1024,0.00048673746138997814,0.00021465514921112684,0.0673828125,0.0009765625,0.0
0802,quantized_8bit,fbcnn_dpir,all,oracle_detail_error,0.5,1024,512,0.00015233023998259966,6.293332046844966e-05,0.0,0.0,0.0
0802,quantized_8bit,fbcnn_dpir,all,oracle_detail_error,0.75,1024,768,0.00024081663213689074,0.00010003861962575879,0.0,0.0,0.0
0802,quantized_8bit,fbcnn_dpir,all,oracle_detail_error,0.9,1024,922,0.000347254953686631,0.00014612119779856616,0.0,0.0,0.0
0802,quantized_8bit,fbcnn_dpir,all,oracle_detail_error,1.0,1024,1024,0.00048673746138997814,0.00021465514921112686,0.0673828125,0.0009765625,0.0
0802,quantized_8bit,fbcnn_dpir,textured_quartile,operator_spread_detail,0.5,256,128,0.0007865144942104011,0.0003427381740185108,0.0703125,0.0,0.0
0802,quantized_8bit,fbcnn_dpir,textured_quartile,operator_spread_detail,0.75,256,192,0.0009592567225483444,0.00042219238623814325,0.15625,0.0,0.0
0802,quantized_8bit,fbcnn_dpir,textured_quartile,operator_spread_detail,0.9,256,231,0.0010749670038757344,0.000477199536888727,0.22510822510822512,0.0,0.0
0802,quantized_8bit,fbcnn_dpir,textured_quartile,operator_spread_detail,1.0,256,256,0.0011820534348896,0.0005272470521783621,0.26953125,0.00390625,0.0
0802,quantized_8bit,fbcnn_dpir,textured_quartile,image_transform_spread_detail,0.5,256,128,0.0008509791449102818,0.00037111250928625086,0.0859375,0.0,0.0
0802,quantized_8bit,fbcnn_dpir,textured_quartile,image_transform_spread_detail,0.75,256,192,0.0010147560164130282,0.00045201733396416435,0.17708333333333334,0.005208333333333333,0.0
0802,quantized_8bit,fbcnn_dpir,textured_quartile,image_transform_spread_detail,0.9,256,231,0.0011291931759457791,0.0005019444965014598,0.2510822510822511,0.004329004329004329,0.0
0802,quantized_8bit,fbcnn_dpir,textured_quartile,image_transform_spread_detail,1.0,256,256,0.0011820534348896,0.000527247052178362,0.26953125,0.00390625,0.0
0802,quantized_8bit,fbcnn_dpir,textured_quartile,operator_spread_rgb,0.5,256,128,0.0008507264093383011,0.0003833351269681439,0.1015625,0.0,0.0
0802,quantized_8bit,fbcnn_dpir,textured_quartile,operator_spread_rgb,0.75,256,192,0.0009710636387760072,0.00043338247521704384,0.17708333333333334,0.0,0.0
0802,quantized_8bit,fbcnn_dpir,textured_quartile,operator_spread_rgb,0.9,256,231,0.001076389122145385,0.0004812566943606657,0.23809523809523808,0.0,0.0
0802,quantized_8bit,fbcnn_dpir,textured_quartile,operator_spread_rgb,1.0,256,256,0.0011820534348896,0.0005272470521783621,0.26953125,0.00390625,0.0
0802,quantized_8bit,fbcnn_dpir,textured_quartile,measurement_residual,0.5,256,128,0.0011345381601475814,0.0005065032815498252,0.2578125,0.0078125,0.0
0802,quantized_8bit,fbcnn_dpir,textured_quartile,measurement_residual,0.75,256,192,0.0011317921280899234,0.0005052123846554044,0.2552083333333333,0.005208333333333333,0.0
0802,quantized_8bit,fbcnn_dpir,textured_quartile,measurement_residual,0.9,256,231,0.0011634041743275514,0.0005214422980796244,0.2683982683982684,0.004329004329004329,0.0
0802,quantized_8bit,fbcnn_dpir,textured_quartile,measurement_residual,1.0,256,256,0.0011820534348895998,0.0005272470521783621,0.26953125,0.00390625,0.0
0802,quantized_8bit,fbcnn_dpir,textured_quartile,image_gradient,0.5,256,128,0.001106302941202105,0.0005128937326160635,0.2421875,0.0,0.0
0802,quantized_8bit,fbcnn_dpir,textured_quartile,image_gradient,0.75,256,192,0.001142243643565863,0.0005237302176516524,0.2708333333333333,0.005208333333333333,0.0
0802,quantized_8bit,fbcnn_dpir,textured_quartile,image_gradient,0.9,256,231,0.0011443871528909028,0.0005156619508093449,0.2683982683982684,0.004329004329004329,0.0
0802,quantized_8bit,fbcnn_dpir,textured_quartile,image_gradient,1.0,256,256,0.0011820534348896,0.0005272470521783621,0.26953125,0.00390625,0.0
0802,quantized_8bit,fbcnn_dpir,textured_quartile,random_expected,0.5,256,128,0.0011820534348896,0.0005272470521783621,0.26953125,0.00390625,0.0
0802,quantized_8bit,fbcnn_dpir,textured_quartile,random_expected,0.75,256,192,0.0011820534348896,0.0005272470521783621,0.26953125,0.00390625,0.0
0802,quantized_8bit,fbcnn_dpir,textured_quartile,random_expected,0.9,256,231,0.0011820534348896,0.0005272470521783621,0.26953125,0.00390625,0.0
0802,quantized_8bit,fbcnn_dpir,textured_quartile,random_expected,1.0,256,256,0.0011820534348896,0.0005272470521783621,0.26953125,0.00390625,0.0
0802,quantized_8bit,fbcnn_dpir,textured_quartile,oracle_detail_error,0.5,256,128,0.000734416725744992,0.0002867747957767024,0.0,0.0,0.0
0802,quantized_8bit,fbcnn_dpir,textured_quartile,oracle_detail_error,0.75,256,192,0.0009136176103583735,0.0003761089694267344,0.026041666666666668,0.0,0.0
0802,quantized_8bit,fbcnn_dpir,textured_quartile,oracle_detail_error,0.9,256,231,0.001032211209457919,0.00044448358093184806,0.19047619047619047,0.0,0.0
0802,quantized_8bit,fbcnn_dpir,textured_quartile,oracle_detail_error,1.0,256,256,0.0011820534348895998,0.000527247052178362,0.26953125,0.00390625,0.0
0802,jpeg_q75,dpir_nominal,all,operator_spread_detail,0.5,1024,512,0.000240970565242337,9.346409557716725e-05,0.0,0.0,0.0
0802,jpeg_q75,dpir_nominal,all,operator_spread_detail,0.75,1024,768,0.0003663467869531372,0.00014589090528130353,0.015625,0.0,0.0
0802,jpeg_q75,dpir_nominal,all,operator_spread_detail,0.9,1024,922,0.0004785781834975484,0.00019378465668445534,0.049891540130151846,0.0,0.0
0802,jpeg_q75,dpir_nominal,all,operator_spread_detail,1.0,1024,1024,0.0006022606107324954,0.00025932551139104483,0.0986328125,0.00390625,0.0
0802,jpeg_q75,dpir_nominal,all,image_transform_spread_detail,0.5,1024,512,0.00027197800502360266,0.00010594026972076805,0.0,0.0,0.0
0802,jpeg_q75,dpir_nominal,all,image_transform_spread_detail,0.75,1024,768,0.0003925614121562135,0.00015760510494241357,0.020833333333333332,0.0,0.0
0802,jpeg_q75,dpir_nominal,all,image_transform_spread_detail,0.9,1024,922,0.0005107077715789706,0.00020957893739504912,0.0650759219088937,0.0010845986984815619,0.0
0802,jpeg_q75,dpir_nominal,all,image_transform_spread_detail,1.0,1024,1024,0.0006022606107324953,0.0002593255113910449,0.0986328125,0.00390625,0.0
0802,jpeg_q75,dpir_nominal,all,operator_spread_rgb,0.5,1024,512,0.00023141665382483287,8.995532924924182e-05,0.0,0.0,0.0
0802,jpeg_q75,dpir_nominal,all,operator_spread_rgb,0.75,1024,768,0.0003353591457170913,0.0001339075632660873,0.005208333333333333,0.0,0.0
0802,jpeg_q75,dpir_nominal,all,operator_spread_rgb,0.9,1024,922,0.00045991068549912394,0.00018669221979562367,0.04338394793926247,0.0,0.0
0802,jpeg_q75,dpir_nominal,all,operator_spread_rgb,1.0,1024,1024,0.0006022606107324954,0.0002593255113910449,0.0986328125,0.00390625,0.0
0802,jpeg_q75,dpir_nominal,all,measurement_residual,0.5,1024,512,0.0003214134253913539,0.00013159290868999812,0.017578125,0.0,0.0
0802,jpeg_q75,dpir_nominal,all,measurement_residual,0.75,1024,768,0.0004121391682762642,0.00017113236784998783,0.037760416666666664,0.0,0.0
0802,jpeg_q75,dpir_nominal,all,measurement_residual,0.9,1024,922,0.0005173896295174525,0.00021839292964547888,0.06399132321041215,0.0021691973969631237,0.0
0802,jpeg_q75,dpir_nominal,all,measurement_residual,1.0,1024,1024,0.0006022606107324954,0.0002593255113910449,0.0986328125,0.00390625,0.0
0802,jpeg_q75,dpir_nominal,all,image_gradient,0.5,1024,512,0.0002817047727046141,0.00011517795060894147,0.001953125,0.0,0.0
0802,jpeg_q75,dpir_nominal,all,image_gradient,0.75,1024,768,0.0003954743212950072,0.0001657195096333277,0.03515625,0.0,0.0
0802,jpeg_q75,dpir_nominal,all,image_gradient,0.9,1024,922,0.0004897589490843221,0.00020531713006434252,0.0596529284164859,0.0,0.0
0802,jpeg_q75,dpir_nominal,all,image_gradient,1.0,1024,1024,0.0006022606107324954,0.00025932551139104483,0.0986328125,0.00390625,0.0
0802,jpeg_q75,dpir_nominal,all,random_expected,0.5,1024,512,0.0006022606107324954,0.0002593255113910448,0.0986328125,0.00390625,0.0
0802,jpeg_q75,dpir_nominal,all,random_expected,0.75,1024,768,0.0006022606107324954,0.0002593255113910448,0.0986328125,0.00390625,0.0
0802,jpeg_q75,dpir_nominal,all,random_expected,0.9,1024,922,0.0006022606107324954,0.0002593255113910448,0.0986328125,0.00390625,0.0
0802,jpeg_q75,dpir_nominal,all,random_expected,1.0,1024,1024,0.0006022606107324954,0.0002593255113910448,0.0986328125,0.00390625,0.0
0802,jpeg_q75,dpir_nominal,all,oracle_detail_error,0.5,1024,512,0.0001987687151061382,7.325670369514881e-05,0.0,0.0,0.0
0802,jpeg_q75,dpir_nominal,all,oracle_detail_error,0.75,1024,768,0.0003072070042755061,0.00011645687649575351,0.0,0.0,0.0
0802,jpeg_q75,dpir_nominal,all,oracle_detail_error,0.9,1024,922,0.00043107663530418504,0.0001700627993430756,0.0,0.0,0.0
0802,jpeg_q75,dpir_nominal,all,oracle_detail_error,1.0,1024,1024,0.0006022606107324953,0.00025932551139104483,0.0986328125,0.00390625,0.0
0802,jpeg_q75,dpir_nominal,textured_quartile,operator_spread_detail,0.5,256,128,0.0010852165707686762,0.0004461400254925545,0.203125,0.0,0.0
0802,jpeg_q75,dpir_nominal,textured_quartile,operator_spread_detail,0.75,256,192,0.0012327673626920386,0.0005171720796169193,0.28125,0.0,0.0
0802,jpeg_q75,dpir_nominal,textured_quartile,operator_spread_detail,0.9,256,231,0.0013322122581387046,0.000567230213801827,0.341991341991342,0.004329004329004329,0.0
0802,jpeg_q75,dpir_nominal,textured_quartile,operator_spread_detail,1.0,256,256,0.0014458840354762382,0.0006493450169342738,0.3828125,0.015625,0.0
0802,jpeg_q75,dpir_nominal,textured_quartile,image_transform_spread_detail,0.5,256,128,0.0011202757248462967,0.00046293783754255063,0.203125,0.0,0.0
0802,jpeg_q75,dpir_nominal,textured_quartile,image_transform_spread_detail,0.75,256,192,0.00132152594077313,0.0005590945043371106,0.3177083333333333,0.005208333333333333,0.0
0802,jpeg_q75,dpir_nominal,textured_quartile,image_transform_spread_detail,0.9,256,231,0.0013505539803395767,0.0005741580523137006,0.341991341991342,0.004329004329004329,0.0
0802,jpeg_q75,dpir_nominal,textured_quartile,image_transform_spread_detail,1.0,256,256,0.0014458840354762384,0.0006493450169342738,0.3828125,0.015625,0.0
0802,jpeg_q75,dpir_nominal,textured_quartile,operator_spread_rgb,0.5,256,128,0.0010727572217412295,0.0004507722791489388,0.203125,0.0,0.0
0802,jpeg_q75,dpir_nominal,textured_quartile,operator_spread_rgb,0.75,256,192,0.0011950351731654211,0.0005001058318348006,0.2708333333333333,0.0,0.0
0802,jpeg_q75,dpir_nominal,textured_quartile,operator_spread_rgb,0.9,256,231,0.0013295493003879734,0.0005669610884873078,0.33766233766233766,0.004329004329004329,0.0
0802,jpeg_q75,dpir_nominal,textured_quartile,operator_spread_rgb,1.0,256,256,0.0014458840354762382,0.0006493450169342738,0.3828125,0.015625,0.0
0802,jpeg_q75,dpir_nominal,textured_quartile,measurement_residual,0.5,256,128,0.0012527451172881679,0.0005518488772912938,0.28125,0.0078125,0.0
0802,jpeg_q75,dpir_nominal,textured_quartile,measurement_residual,0.75,256,192,0.0013484049865392321,0.0005960069597011932,0.3125,0.015625,0.0
0802,jpeg_q75,dpir_nominal,textured_quartile,measurement_residual,0.9,256,231,0.0014181351668304605,0.0006278232013926763,0.36796536796536794,0.012987012987012988,0.0
0802,jpeg_q75,dpir_nominal,textured_quartile,measurement_residual,1.0,256,256,0.0014458840354762382,0.0006493450169342738,0.3828125,0.015625,0.0
0802,jpeg_q75,dpir_nominal,textured_quartile,image_gradient,0.5,256,128,0.0012883306447048475,0.0005701982859127749,0.3125,0.0,0.0
0802,jpeg_q75,dpir_nominal,textured_quartile,image_gradient,0.75,256,192,0.0013054177564798197,0.0005668443221624499,0.3385416666666667,0.0,0.0
0802,jpeg_q75,dpir_nominal,textured_quartile,image_gradient,0.9,256,231,0.0013383078277521359,0.0005776800451762232,0.3463203463203463,0.004329004329004329,0.0
0802,jpeg_q75,dpir_nominal,textured_quartile,image_gradient,1.0,256,256,0.0014458840354762382,0.0006493450169342738,0.3828125,0.015625,0.0
0802,jpeg_q75,dpir_nominal,textured_quartile,random_expected,0.5,256,128,0.0014458840354762382,0.0006493450169342738,0.3828125,0.015625,0.0
0802,jpeg_q75,dpir_nominal,textured_quartile,random_expected,0.75,256,192,0.0014458840354762382,0.0006493450169342738,0.3828125,0.015625,0.0
0802,jpeg_q75,dpir_nominal,textured_quartile,random_expected,0.9,256,231,0.0014458840354762382,0.0006493450169342738,0.3828125,0.015625,0.0
0802,jpeg_q75,dpir_nominal,textured_quartile,random_expected,1.0,256,256,0.0014458840354762382,0.0006493450169342738,0.3828125,0.015625,0.0
0802,jpeg_q75,dpir_nominal,textured_quartile,oracle_detail_error,0.5,256,128,0.0009027714275204675,0.00034063863223757326,0.0,0.0,0.0
0802,jpeg_q75,dpir_nominal,textured_quartile,oracle_detail_error,0.75,256,192,0.0010984442032145835,0.00043864279035053815,0.17708333333333334,0.0,0.0
0802,jpeg_q75,dpir_nominal,textured_quartile,oracle_detail_error,0.9,256,231,0.0012427955888072743,0.0005166572535814887,0.31601731601731603,0.0,0.0
0802,jpeg_q75,dpir_nominal,textured_quartile,oracle_detail_error,1.0,256,256,0.0014458840354762382,0.0006493450169342738,0.3828125,0.015625,0.0
0802,jpeg_q75,fbcnn_dpir,all,operator_spread_detail,0.5,1024,512,0.00020680339228605074,8.158187231764371e-05,0.0,0.0,0.0
0802,jpeg_q75,fbcnn_dpir,all,operator_spread_detail,0.75,1024,768,0.0003018297307477639,0.0001187401617063899,0.0026041666666666665,0.0,0.0
0802,jpeg_q75,fbcnn_dpir,all,operator_spread_detail,0.9,1024,922,0.00042393684370250773,0.00017065558226872255,0.03470715835140998,0.0,0.0
0802,jpeg_q75,fbcnn_dpir,all,operator_spread_detail,1.0,1024,1024,0.0005552969845150197,0.00022677709853544093,0.0791015625,0.0009765625,0.0
0802,jpeg_q75,fbcnn_dpir,all,image_transform_spread_detail,0.5,1024,512,0.00021312235384324685,8.475380872341996e-05,0.0,0.0,0.0
0802,jpeg_q75,fbcnn_dpir,all,image_transform_spread_detail,0.75,1024,768,0.0003173394011522662,0.0001259013911667009,0.009114583333333334,0.0,0.0
0802,jpeg_q75,fbcnn_dpir,all,image_transform_spread_detail,0.9,1024,922,0.0004295280167479826,0.000171871101408035,0.0368763557483731,0.0,0.0
0802,jpeg_q75,fbcnn_dpir,all,image_transform_spread_detail,1.0,1024,1024,0.0005552969845150196,0.00022677709853544096,0.0791015625,0.0009765625,0.0
0802,jpeg_q75,fbcnn_dpir,all,operator_spread_rgb,0.5,1024,512,0.00021097000017907927,8.364129044839143e-05,0.0,0.0,0.0
0802,jpeg_q75,fbcnn_dpir,all,operator_spread_rgb,0.75,1024,768,0.0003117199042493447,0.00012406102956450378,0.0078125,0.0,0.0
0802,jpeg_q75,fbcnn_dpir,all,operator_spread_rgb,0.9,1024,922,0.0004246449956267703,0.0001713273229894664,0.033622559652928416,0.0,0.0
0802,jpeg_q75,fbcnn_dpir,all,operator_spread_rgb,1.0,1024,1024,0.0005552969845150196,0.00022677709853544096,0.0791015625,0.0009765625,0.0
0802,jpeg_q75,fbcnn_dpir,all,measurement_residual,0.5,1024,512,0.0002897198100735458,0.00011360520044572612,0.009765625,0.0,0.0
0802,jpeg_q75,fbcnn_dpir,all,measurement_residual,0.75,1024,768,0.00037523123928101505,0.000150570245463927,0.026041666666666668,0.0,0.0
0802,jpeg_q75,fbcnn_dpir,all,measurement_residual,0.9,1024,922,0.0004624309260821574,0.00018732271240146182,0.052060737527114966,0.0,0.0
0802,jpeg_q75,fbcnn_dpir,all,measurement_residual,1.0,1024,1024,0.0005552969845150197,0.00022677709853544096,0.0791015625,0.0009765625,0.0
0802,jpeg_q75,fbcnn_dpir,all,image_gradient,0.5,1024,512,0.000295563950443201,0.00011922970522192271,0.0078125,0.0,0.0
0802,jpeg_q75,fbcnn_dpir,all,image_gradient,0.75,1024,768,0.0003956266132653427,0.00016316346631463374,0.037760416666666664,0.0,0.0
0802,jpeg_q75,fbcnn_dpir,all,image_gradient,0.9,1024,922,0.00047420712252179705,0.00019452551278980877,0.06073752711496746,0.0,0.0
0802,jpeg_q75,fbcnn_dpir,all,image_gradient,1.0,1024,1024,0.0005552969845150197,0.00022677709853544098,0.0791015625,0.0009765625,0.0
0802,jpeg_q75,fbcnn_dpir,all,random_expected,0.5,1024,512,0.0005552969845150197,0.00022677709853544096,0.0791015625,0.0009765625,0.0
0802,jpeg_q75,fbcnn_dpir,all,random_expected,0.75,1024,768,0.0005552969845150197,0.00022677709853544096,0.0791015625,0.0009765625,0.0
0802,jpeg_q75,fbcnn_dpir,all,random_expected,0.9,1024,922,0.0005552969845150197,0.00022677709853544096,0.0791015625,0.0009765625,0.0
0802,jpeg_q75,fbcnn_dpir,all,random_expected,1.0,1024,1024,0.0005552969845150197,0.00022677709853544096,0.0791015625,0.0009765625,0.0
0802,jpeg_q75,fbcnn_dpir,all,oracle_detail_error,0.5,1024,512,0.0001804638833476929,6.577802538013053e-05,0.0,0.0,0.0
0802,jpeg_q75,fbcnn_dpir,all,oracle_detail_error,0.75,1024,768,0.00028228340555266836,0.0001054424664998298,0.0,0.0,0.0
0802,jpeg_q75,fbcnn_dpir,all,oracle_detail_error,0.9,1024,922,0.00040133764624722043,0.0001542847837994511,0.0,0.0,0.0
0802,jpeg_q75,fbcnn_dpir,all,oracle_detail_error,1.0,1024,1024,0.0005552969845150197,0.00022677709853544093,0.0791015625,0.0009765625,0.0
0802,jpeg_q75,fbcnn_dpir,textured_quartile,operator_spread_detail,0.5,256,128,0.0009615964259323962,0.00040146660353116006,0.1484375,0.0,0.0
0802,jpeg_q75,fbcnn_dpir,textured_quartile,operator_spread_detail,0.75,256,192,0.001124174625242253,0.00046975635889416373,0.24479166666666666,0.0,0.0
0802,jpeg_q75,fbcnn_dpir,textured_quartile,operator_spread_detail,0.9,256,231,0.0012344015306974547,0.0005162052503872672,0.2943722943722944,0.0,0.0
0802,jpeg_q75,fbcnn_dpir,textured_quartile,operator_spread_detail,1.0,256,256,0.0013274416771589946,0.0005586490537400601,0.31640625,0.00390625,0.0
0802,jpeg_q75,fbcnn_dpir,textured_quartile,image_transform_spread_detail,0.5,256,128,0.0009793946109331922,0.0003995415733422554,0.140625,0.0,0.0
0802,jpeg_q75,fbcnn_dpir,textured_quartile,image_transform_spread_detail,0.75,256,192,0.0011303092169553401,0.0004723964613887873,0.25,0.0,0.0
0802,jpeg_q75,fbcnn_dpir,textured_quartile,image_transform_spread_detail,0.9,256,231,0.0012598697958329922,0.0005301337168742795,0.30303030303030304,0.004329004329004329,0.0
0802,jpeg_q75,fbcnn_dpir,textured_quartile,image_transform_spread_detail,1.0,256,256,0.0013274416771589946,0.0005586490537400602,0.31640625,0.00390625,0.0
0802,jpeg_q75,fbcnn_dpir,textured_quartile,operator_spread_rgb,0.5,256,128,0.0010432233709366636,0.0004445664889918304,0.2109375,0.0,0.0
0802,jpeg_q75,fbcnn_dpir,textured_quartile,operator_spread_rgb,0.75,256,192,0.0011381264304531756,0.0004815151963589018,0.2604166666666667,0.0,0.0
0802,jpeg_q75,fbcnn_dpir,textured_quartile,operator_spread_rgb,0.9,256,231,0.0012512132055322938,0.0005280635130477996,0.30735930735930733,0.0,0.0
0802,jpeg_q75,fbcnn_dpir,textured_quartile,operator_spread_rgb,1.0,256,256,0.0013274416771589946,0.0005586490537400602,0.31640625,0.00390625,0.0
0802,jpeg_q75,fbcnn_dpir,textured_quartile,measurement_residual,0.5,256,128,0.0011880867783045546,0.0005039265668393038,0.2890625,0.0,0.0
0802,jpeg_q75,fbcnn_dpir,textured_quartile,measurement_residual,0.75,256,192,0.0012531436086739799,0.0005269065638525247,0.2916666666666667,0.005208333333333333,0.0
0802,jpeg_q75,fbcnn_dpir,textured_quartile,measurement_residual,0.9,256,231,0.0013052328909710252,0.0005527332700736644,0.3203463203463203,0.004329004329004329,0.0
0802,jpeg_q75,fbcnn_dpir,textured_quartile,measurement_residual,1.0,256,256,0.0013274416771589944,0.0005586490537400601,0.31640625,0.00390625,0.0
0802,jpeg_q75,fbcnn_dpir,textured_quartile,image_gradient,0.5,256,128,0.001292565246432834,0.0005625542014584899,0.328125,0.0,0.0
0802,jpeg_q75,fbcnn_dpir,textured_quartile,image_gradient,0.75,256,192,0.001314725737084757,0.0005640302748164102,0.3385416666666667,0.005208333333333333,0.0
0802,jpeg_q75,fbcnn_dpir,textured_quartile,image_gradient,0.9,256,231,0.0013033546005886585,0.0005523620899598233,0.3246753246753247,0.004329004329004329,0.0
0802,jpeg_q75,fbcnn_dpir,textured_quartile,image_gradient,1.0,256,256,0.0013274416771589946,0.0005586490537400602,0.31640625,0.00390625,0.0
0802,jpeg_q75,fbcnn_dpir,textured_quartile,random_expected,0.5,256,128,0.0013274416771589946,0.0005586490537400602,0.31640625,0.00390625,0.0
0802,jpeg_q75,fbcnn_dpir,textured_quartile,random_expected,0.75,256,192,0.0013274416771589946,0.0005586490537400602,0.31640625,0.00390625,0.0
0802,jpeg_q75,fbcnn_dpir,textured_quartile,random_expected,0.9,256,231,0.0013274416771589946,0.0005586490537400602,0.31640625,0.00390625,0.0
0802,jpeg_q75,fbcnn_dpir,textured_quartile,random_expected,1.0,256,256,0.0013274416771589946,0.0005586490537400602,0.31640625,0.00390625,0.0
0802,jpeg_q75,fbcnn_dpir,textured_quartile,oracle_detail_error,0.5,256,128,0.0008298306864247696,0.00030541112399212723,0.0,0.0,0.0
0802,jpeg_q75,fbcnn_dpir,textured_quartile,oracle_detail_error,0.75,256,192,0.0010290479848127497,0.00039889278085528086,0.08854166666666667,0.0,0.0
0802,jpeg_q75,fbcnn_dpir,textured_quartile,oracle_detail_error,0.9,256,231,0.0011656846261838612,0.000472159343796173,0.24242424242424243,0.0,0.0
0802,jpeg_q75,fbcnn_dpir,textured_quartile,oracle_detail_error,1.0,256,256,0.0013274416771589946,0.0005586490537400602,0.31640625,0.00390625,0.0
0803,quantized_8bit,dpir_nominal,all,operator_spread_detail,0.5,1024,512,0.00010964458410196495,3.48365249443732e-05,0.0,0.0,0.0
0803,quantized_8bit,dpir_nominal,all,operator_spread_detail,0.75,1024,768,0.0001954257108014902,6.29790370880414e-05,0.0,0.0,0.0
0803,quantized_8bit,dpir_nominal,all,operator_spread_detail,0.9,1024,922,0.0002906747352685839,9.360949170150126e-05,0.0010845986984815619,0.0,0.0
0803,quantized_8bit,dpir_nominal,all,operator_spread_detail,1.0,1024,1024,0.0004727137594246026,0.00015508919846013775,0.0517578125,0.0009765625,0.0
0803,quantized_8bit,dpir_nominal,all,image_transform_spread_detail,0.5,1024,512,0.00013696854999013772,4.718064903388155e-05,0.0,0.0,0.0
0803,quantized_8bit,dpir_nominal,all,image_transform_spread_detail,0.75,1024,768,0.00023275998629406275,7.90607374177964e-05,0.0078125,0.0,0.0
0803,quantized_8bit,dpir_nominal,all,image_transform_spread_detail,0.9,1024,922,0.00033200410259424446,0.00010953523098085657,0.020607375271149676,0.0,0.0
0803,quantized_8bit,dpir_nominal,all,image_transform_spread_detail,1.0,1024,1024,0.00047271375942460267,0.00015508919846013777,0.0517578125,0.0009765625,0.0
0803,quantized_8bit,dpir_nominal,all,operator_spread_rgb,0.5,1024,512,0.00011337522723299341,3.939396081454189e-05,0.0,0.0,0.0
0803,quantized_8bit,dpir_nominal,all,operator_spread_rgb,0.75,1024,768,0.00020681986475578956,6.978646177530983e-05,0.0,0.0,0.0
0803,quantized_8bit,dpir_nominal,all,operator_spread_rgb,0.9,1024,922,0.00029883751125955963,9.823810443449645e-05,0.008676789587852495,0.0,0.0
0803,quantized_8bit,dpir_nominal,all,operator_spread_rgb,1.0,1024,1024,0.00047271375942460267,0.00015508919846013775,0.0517578125,0.0009765625,0.0
0803,quantized_8bit,dpir_nominal,all,measurement_residual,0.5,1024,512,0.0005458943638470689,0.00017966183053902271,0.068359375,0.001953125,0.0
0803,quantized_8bit,dpir_nominal,all,measurement_residual,0.75,1024,768,0.0005059959774012063,0.00016490727021453263,0.05859375,0.0013020833333333333,0.0
0803,quantized_8bit,dpir_nominal,all,measurement_residual,0.9,1024,922,0.0004901985413701181,0.00016101055710131295,0.055314533622559656,0.0010845986984815619,0.0
0803,quantized_8bit,dpir_nominal,all,measurement_residual,1.0,1024,1024,0.0004727137594246026,0.00015508919846013777,0.0517578125,0.0009765625,0.0
0803,quantized_8bit,dpir_nominal,all,image_gradient,0.5,1024,512,0.00012883526839294957,4.531710927917532e-05,0.0,0.0,0.0
0803,quantized_8bit,dpir_nominal,all,image_gradient,0.75,1024,768,0.00022875166810732033,7.826503682872408e-05,0.00390625,0.0,0.0
0803,quantized_8bit,dpir_nominal,all,image_gradient,0.9,1024,922,0.0003253768381190692,0.0001084440092017374,0.01843817787418655,0.0,0.0
0803,quantized_8bit,dpir_nominal,all,image_gradient,1.0,1024,1024,0.00047271375942460267,0.00015508919846013777,0.0517578125,0.0009765625,0.0
0803,quantized_8bit,dpir_nominal,all,random_expected,0.5,1024,512,0.0004727137594246027,0.00015508919846013777,0.0517578125,0.0009765625,0.0
0803,quantized_8bit,dpir_nominal,all,random_expected,0.75,1024,768,0.0004727137594246027,0.00015508919846013777,0.0517578125,0.0009765625,0.0
0803,quantized_8bit,dpir_nominal,all,random_expected,0.9,1024,922,0.0004727137594246027,0.00015508919846013777,0.0517578125,0.0009765625,0.0
0803,quantized_8bit,dpir_nominal,all,random_expected,1.0,1024,1024,0.0004727137594246027,0.00015508919846013777,0.0517578125,0.0009765625,0.0
0803,quantized_8bit,dpir_nominal,all,oracle_detail_error,0.5,1024,512,0.00010445219697816685,2.928442422346307e-05,0.0,0.0,0.0
0803,quantized_8bit,dpir_nominal,all,oracle_detail_error,0.75,1024,768,0.00019095285264139183,5.602244628370956e-05,0.0,0.0,0.0
0803,quantized_8bit,dpir_nominal,all,oracle_detail_error,0.9,1024,922,0.0002913328757619171,8.979362709719131e-05,0.0,0.0,0.0
0803,quantized_8bit,dpir_nominal,all,oracle_detail_error,1.0,1024,1024,0.00047271375942460267,0.00015508919846013777,0.0517578125,0.0009765625,0.0
0803,quantized_8bit,dpir_nominal,textured_quartile,operator_spread_detail,0.5,256,128,0.0006398742347480599,0.00019589127053921658,0.0,0.0,0.0
0803,quantized_8bit,dpir_nominal,textured_quartile,operator_spread_detail,0.75,256,192,0.000879536187008487,0.0002821339964653172,0.07291666666666667,0.0,0.0
0803,quantized_8bit,dpir_nominal,textured_quartile,operator_spread_detail,0.9,256,231,0.0010659815463723299,0.00034747191483978983,0.14285714285714285,0.0,0.0
0803,quantized_8bit,dpir_nominal,textured_quartile,operator_spread_detail,1.0,256,256,0.0012744199339117315,0.0004173223071079425,0.20703125,0.00390625,0.0
0803,quantized_8bit,dpir_nominal,textured_quartile,image_transform_spread_detail,0.5,256,128,0.0008917699858539772,0.0002968445491148803,0.1015625,0.0,0.0
0803,quantized_8bit,dpir_nominal,textured_quartile,image_transform_spread_detail,0.75,256,192,0.0010072666769284143,0.0003334347935775297,0.14583333333333334,0.0,0.0
0803,quantized_8bit,dpir_nominal,textured_quartile,image_transform_spread_detail,0.9,256,231,0.0011431405808956247,0.00037776264394662906,0.18181818181818182,0.0,0.0
0803,quantized_8bit,dpir_nominal,textured_quartile,image_transform_spread_detail,1.0,256,256,0.0012744199339117315,0.00041732230710794257,0.20703125,0.00390625,0.0
0803,quantized_8bit,dpir_nominal,textured_quartile,operator_spread_rgb,0.5,256,128,0.000694330792803858,0.00022615296775471545,0.0234375,0.0,0.0
0803,quantized_8bit,dpir_nominal,textured_quartile,operator_spread_rgb,0.75,256,192,0.0009175903301322126,0.00030295947415111117,0.109375,0.0,0.0
0803,quantized_8bit,dpir_nominal,textured_quartile,operator_spread_rgb,0.9,256,231,0.001082634871768776,0.0003547928600176347,0.15584415584415584,0.0,0.0
0803,quantized_8bit,dpir_nominal,textured_quartile,operator_spread_rgb,1.0,256,256,0.0012744199339117313,0.0004173223071079425,0.20703125,0.00390625,0.0
0803,quantized_8bit,dpir_nominal,textured_quartile,measurement_residual,0.5,256,128,0.0013070351823697146,0.00043281724912008713,0.21875,0.0078125,0.0
0803,quantized_8bit,dpir_nominal,textured_quartile,measurement_residual,0.75,256,192,0.0012622899140067318,0.0004135669140793619,0.21354166666666666,0.005208333333333333,0.0
0803,quantized_8bit,dpir_nominal,textured_quartile,measurement_residual,0.9,256,231,0.0012747631462742633,0.00041852265710841407,0.21212121212121213,0.004329004329004329,0.0
0803,quantized_8bit,dpir_nominal,textured_quartile,measurement_residual,1.0,256,256,0.0012744199339117315,0.0004173223071079425,0.20703125,0.00390625,0.0
0803,quantized_8bit,dpir_nominal,textured_quartile,image_gradient,0.5,256,128,0.0008801453295028479,0.00030079889209834676,0.09375,0.0,0.0
0803,quantized_8bit,dpir_nominal,textured_quartile,image_gradient,0.75,256,192,0.000985468222182064,0.0003276170039958045,0.13020833333333334,0.0,0.0
0803,quantized_8bit,dpir_nominal,textured_quartile,image_gradient,0.9,256,231,0.0011424898923975198,0.00037567301297412826,0.17316017316017315,0.0,0.0
0803,quantized_8bit,dpir_nominal,textured_quartile,image_gradient,1.0,256,256,0.0012744199339117315,0.0004173223071079425,0.20703125,0.00390625,0.0
0803,quantized_8bit,dpir_nominal,textured_quartile,random_expected,0.5,256,128,0.0012744199339117315,0.00041732230710794257,0.20703125,0.00390625,0.0
0803,quantized_8bit,dpir_nominal,textured_quartile,random_expected,0.75,256,192,0.0012744199339117315,0.00041732230710794257,0.20703125,0.00390625,0.0
0803,quantized_8bit,dpir_nominal,textured_quartile,random_expected,0.9,256,231,0.0012744199339117315,0.00041732230710794257,0.20703125,0.00390625,0.0
0803,quantized_8bit,dpir_nominal,textured_quartile,random_expected,1.0,256,256,0.0012744199339117315,0.00041732230710794257,0.20703125,0.00390625,0.0
0803,quantized_8bit,dpir_nominal,textured_quartile,oracle_detail_error,0.5,256,128,0.000628038931410706,0.00017429253816604216,0.0,0.0,0.0
0803,quantized_8bit,dpir_nominal,textured_quartile,oracle_detail_error,0.75,256,192,0.0008503713941467504,0.0002516529349321706,0.0,0.0,0.0
0803,quantized_8bit,dpir_nominal,textured_quartile,oracle_detail_error,0.9,256,231,0.0010539229128979724,0.00032912055059106267,0.12121212121212122,0.0,0.0
0803,quantized_8bit,dpir_nominal,textured_quartile,oracle_detail_error,1.0,256,256,0.0012744199339117315,0.00041732230710794257,0.20703125,0.00390625,0.0
0803,quantized_8bit,fbcnn_dpir,all,operator_spread_detail,0.5,1024,512,0.00012047046908377125,3.8881874432757244e-05,0.0,0.0,0.0
0803,quantized_8bit,fbcnn_dpir,all,operator_spread_detail,0.75,1024,768,0.00021726729314223614,7.113660797144534e-05,0.0,0.0,0.0
0803,quantized_8bit,fbcnn_dpir,all,operator_spread_detail,0.9,1024,922,0.000318427632897446,0.0001041522458018278,0.010845986984815618,0.0,0.0
0803,quantized_8bit,fbcnn_dpir,all,operator_spread_detail,1.0,1024,1024,0.00048741809800155293,0.00015979567642985233,0.0537109375,0.0009765625,0.0
0803,quantized_8bit,fbcnn_dpir,all,image_transform_spread_detail,0.5,1024,512,0.00016511773335464535,5.5752517824176175e-05,0.0,0.0,0.0
0803,quantized_8bit,fbcnn_dpir,all,image_transform_spread_detail,0.75,1024,768,0.0002693315835749774,9.025125843109513e-05,0.009114583333333334,0.0,0.0
0803,quantized_8bit,fbcnn_dpir,all,image_transform_spread_detail,0.9,1024,922,0.0003869566709189457,0.00012804837467498474,0.03036876355748373,0.0,0.0
0803,quantized_8bit,fbcnn_dpir,all,image_transform_spread_detail,1.0,1024,1024,0.000487418098001553,0.00015979567642985233,0.0537109375,0.0009765625,0.0
0803,quantized_8bit,fbcnn_dpir,all,operator_spread_rgb,0.5,1024,512,0.00012672926725379238,4.2943562368630456e-05,0.0,0.0,0.0
0803,quantized_8bit,fbcnn_dpir,all,operator_spread_rgb,0.75,1024,768,0.0002204414530747534,7.372684097580641e-05,0.0,0.0,0.0
0803,quantized_8bit,fbcnn_dpir,all,operator_spread_rgb,0.9,1024,922,0.0003162358539873457,0.00010405707269210002,0.010845986984815618,0.0,0.0
0803,quantized_8bit,fbcnn_dpir,all,operator_spread_rgb,1.0,1024,1024,0.00048741809800155293,0.0001597956764298523,0.0537109375,0.0009765625,0.0
0803,quantized_8bit,fbcnn_dpir,all,measurement_residual,0.5,1024,512,0.00023528755277099238,7.99473451284562e-05,0.009765625,0.0,0.0
0803,quantized_8bit,fbcnn_dpir,all,measurement_residual,0.75,1024,768,0.0003080506359337815,0.00010251218997434692,0.020833333333333332,0.0,0.0
0803,quantized_8bit,fbcnn_dpir,all,measurement_residual,0.9,1024,922,0.00039971593315905033,0.00013289607808735597,0.03796095444685466,0.0,0.0
0803,quantized_8bit,fbcnn_dpir,all,measurement_residual,1.0,1024,1024,0.00048741809800155293,0.0001597956764298523,0.0537109375,0.0009765625,0.0
0803,quantized_8bit,fbcnn_dpir,all,image_gradient,0.5,1024,512,0.00013881290992913555,4.7313649201055204e-05,0.0,0.0,0.0
0803,quantized_8bit,fbcnn_dpir,all,image_gradient,0.75,1024,768,0.00023966612671143367,8.097644670562538e-05,0.00390625,0.0,0.0
0803,quantized_8bit,fbcnn_dpir,all,image_gradient,0.9,1024,922,0.0003344315031161042,0.00011138914160463314,0.01735357917570499,0.0,0.0
0803,quantized_8bit,fbcnn_dpir,all,image_gradient,1.0,1024,1024,0.00048741809800155293,0.0001597956764298523,0.0537109375,0.0009765625,0.0
0803,quantized_8bit,fbcnn_dpir,all,random_expected,0.5,1024,512,0.000487418098001553,0.00015979567642985233,0.0537109375,0.0009765625,0.0
0803,quantized_8bit,fbcnn_dpir,all,random_expected,0.75,1024,768,0.000487418098001553,0.00015979567642985233,0.0537109375,0.0009765625,0.0
0803,quantized_8bit,fbcnn_dpir,all,random_expected,0.9,1024,922,0.000487418098001553,0.00015979567642985233,0.0537109375,0.0009765625,0.0
0803,quantized_8bit,fbcnn_dpir,all,random_expected,1.0,1024,1024,0.000487418098001553,0.00015979567642985233,0.0537109375,0.0009765625,0.0
0803,quantized_8bit,fbcnn_dpir,all,oracle_detail_error,0.5,1024,512,0.00010482101592530484,2.94031661307759e-05,0.0,0.0,0.0
0803,quantized_8bit,fbcnn_dpir,all,oracle_detail_error,0.75,1024,768,0.00019149700878355762,5.675746246250511e-05,0.0,0.0,0.0
0803,quantized_8bit,fbcnn_dpir,all,oracle_detail_error,0.9,1024,922,0.0002953073103697805,9.151252067024386e-05,0.0,0.0,0.0
0803,quantized_8bit,fbcnn_dpir,all,oracle_detail_error,1.0,1024,1024,0.00048741809800155293,0.00015979567642985233,0.0537109375,0.0009765625,0.0
0803,quantized_8bit,fbcnn_dpir,textured_quartile,operator_spread_detail,0.5,256,128,0.0007343584415250173,0.0002309989435367997,0.015625,0.0,0.0
0803,quantized_8bit,fbcnn_dpir,textured_quartile,operator_spread_detail,0.75,256,192,0.0009654289047871553,0.00031948842460078464,0.11458333333333333,0.0,0.0
0803,quantized_8bit,fbcnn_dpir,textured_quartile,operator_spread_detail,0.9,256,231,0.0011110397099564377,0.00036411838964032,0.15584415584415584,0.0,0.0
0803,quantized_8bit,fbcnn_dpir,textured_quartile,operator_spread_detail,1.0,256,256,0.001312625473298551,0.00043049259799841704,0.21484375,0.00390625,0.0
0803,quantized_8bit,fbcnn_dpir,textured_quartile,image_transform_spread_detail,0.5,256,128,0.0010450524308272093,0.0003580994439887803,0.140625,0.0,0.0
0803,quantized_8bit,fbcnn_dpir,textured_quartile,image_transform_spread_detail,0.75,256,192,0.001141832281695114,0.00038003205856729157,0.16145833333333334,0.0,0.0
0803,quantized_8bit,fbcnn_dpir,textured_quartile,image_transform_spread_detail,0.9,256,231,0.0012894786034701473,0.00042606155340065016,0.21212121212121213,0.0,0.0
0803,quantized_8bit,fbcnn_dpir,textured_quartile,image_transform_spread_detail,1.0,256,256,0.0013126254732985512,0.00043049259799841715,0.21484375,0.00390625,0.0
0803,quantized_8bit,fbcnn_dpir,textured_quartile,operator_spread_rgb,0.5,256,128,0.0007809707510776446,0.0002599644917238591,0.046875,0.0,0.0
0803,quantized_8bit,fbcnn_dpir,textured_quartile,operator_spread_rgb,0.75,256,192,0.0009669381967472617,0.00032267423695160716,0.11979166666666667,0.0,0.0
0803,quantized_8bit,fbcnn_dpir,textured_quartile,operator_spread_rgb,0.9,256,231,0.0011340610076437036,0.0003749139045323704,0.16883116883116883,0.0,0.0
0803,quantized_8bit,fbcnn_dpir,textured_quartile,operator_spread_rgb,1.0,256,256,0.001312625473298551,0.0004304925979984171,0.21484375,0.00390625,0.0
0803,quantized_8bit,fbcnn_dpir,textured_quartile,measurement_residual,0.5,256,128,0.0010659798403731228,0.00035738093059531676,0.1640625,0.0,0.0
0803,quantized_8bit,fbcnn_dpir,textured_quartile,measurement_residual,0.75,256,192,0.0011553658917749243,0.00038607887519932527,0.18229166666666666,0.0,0.0
0803,quantized_8bit,fbcnn_dpir,textured_quartile,measurement_residual,0.9,256,231,0.0012725508108836774,0.00042018595250548177,0.21212121212121213,0.0,0.0
0803,quantized_8bit,fbcnn_dpir,textured_quartile,measurement_residual,1.0,256,256,0.001312625473298551,0.00043049259799841704,0.21484375,0.00390625,0.0
0803,quantized_8bit,fbcnn_dpir,textured_quartile,image_gradient,0.5,256,128,0.0009306279741424864,0.0003203257350031587,0.09375,0.0,0.0
0803,quantized_8bit,fbcnn_dpir,textured_quartile,image_gradient,0.75,256,192,0.001028356914635962,0.0003429395817729673,0.13020833333333334,0.0,0.0
0803,quantized_8bit,fbcnn_dpir,textured_quartile,image_gradient,0.9,256,231,0.0011811335280596214,0.00038917837636381675,0.18614718614718614,0.0,0.0
0803,quantized_8bit,fbcnn_dpir,textured_quartile,image_gradient,1.0,256,256,0.001312625473298551,0.000430492597998417,0.21484375,0.00390625,0.0
0803,quantized_8bit,fbcnn_dpir,textured_quartile,random_expected,0.5,256,128,0.001312625473298551,0.00043049259799841704,0.21484375,0.00390625,0.0
0803,quantized_8bit,fbcnn_dpir,textured_quartile,random_expected,0.75,256,192,0.001312625473298551,0.00043049259799841704,0.21484375,0.00390625,0.0
0803,quantized_8bit,fbcnn_dpir,textured_quartile,random_expected,0.9,256,231,0.001312625473298551,0.00043049259799841704,0.21484375,0.00390625,0.0
0803,quantized_8bit,fbcnn_dpir,textured_quartile,random_expected,1.0,256,256,0.001312625473298551,0.00043049259799841704,0.21484375,0.00390625,0.0
0803,quantized_8bit,fbcnn_dpir,textured_quartile,oracle_detail_error,0.5,256,128,0.0006134566026790348,0.00017473028843963215,0.0,0.0,0.0
0803,quantized_8bit,fbcnn_dpir,textured_quartile,oracle_detail_error,0.75,256,192,0.0008489169294026965,0.00025519935177991326,0.0,0.0,0.0
0803,quantized_8bit,fbcnn_dpir,textured_quartile,oracle_detail_error,0.9,256,231,0.0010691316632678069,0.0003363802797893822,0.12987012987012986,0.0,0.0
0803,quantized_8bit,fbcnn_dpir,textured_quartile,oracle_detail_error,1.0,256,256,0.0013126254732985512,0.00043049259799841704,0.21484375,0.00390625,0.0
0803,jpeg_q75,dpir_nominal,all,operator_spread_detail,0.5,1024,512,0.00019480927248262934,5.9429201373258e-05,0.0,0.0,0.0
0803,jpeg_q75,dpir_nominal,all,operator_spread_detail,0.75,1024,768,0.0003196969334640888,0.00010178958621741925,0.00390625,0.0,0.0
0803,jpeg_q75,dpir_nominal,all,operator_spread_detail,0.9,1024,922,0.0004774333963479947,0.00015916390074145105,0.03579175704989154,0.0,0.0
0803,jpeg_q75,dpir_nominal,all,operator_spread_detail,1.0,1024,1024,0.0007145918585761844,0.0003195226655208012,0.10546875,0.0185546875,0.0009765625
0803,jpeg_q75,dpir_nominal,all,image_transform_spread_detail,0.5,1024,512,0.0002019243332158583,6.304166028856803e-05,0.0,0.0,0.0
0803,jpeg_q75,dpir_nominal,all,image_transform_spread_detail,0.75,1024,768,0.0003530927258463695,0.00011510257231678584,0.015625,0.0,0.0
0803,jpeg_q75,dpir_nominal,all,image_transform_spread_detail,0.9,1024,922,0.0005109250372545557,0.00016987138822650738,0.0509761388286334,0.0,0.0
0803,jpeg_q75,dpir_nominal,all,image_transform_spread_detail,1.0,1024,1024,0.0007145918585761844,0.00031952266552080126,0.10546875,0.0185546875,0.0009765625
0803,jpeg_q75,dpir_nominal,all,operator_spread_rgb,0.5,1024,512,0.00017714318894951906,5.5215058280065045e-05,0.0,0.0,0.0
0803,jpeg_q75,dpir_nominal,all,operator_spread_rgb,0.75,1024,768,0.00030448222078605894,9.854957510172516e-05,0.0013020833333333333,0.0,0.0
0803,jpeg_q75,dpir_nominal,all,operator_spread_rgb,0.9,1024,922,0.0004534382516939646,0.00015386744370149503,0.03036876355748373,0.0,0.0
0803,jpeg_q75,dpir_nominal,all,operator_spread_rgb,1.0,1024,1024,0.0007145918585761844,0.00031952266552080126,0.10546875,0.0185546875,0.0009765625
0803,jpeg_q75,dpir_nominal,all,measurement_residual,0.5,1024,512,0.00026322731952390635,0.00011124118140374767,0.02734375,0.001953125,0.0
0803,jpeg_q75,dpir_nominal,all,measurement_residual,0.75,1024,768,0.00044609582498471696,0.00020764171996428456,0.05078125,0.010416666666666666,0.0
0803,jpeg_q75,dpir_nominal,all,measurement_residual,0.9,1024,922,0.0005769416519420522,0.00026720424847026834,0.07266811279826464,0.016268980477223426,0.0010845986984815619
0803,jpeg_q75,dpir_nominal,all,measurement_residual,1.0,1024,1024,0.0007145918585761844,0.00031952266552080126,0.10546875,0.0185546875,0.0009765625
0803,jpeg_q75,dpir_nominal,all,image_gradient,0.5,1024,512,0.00019219949946628929,6.923570816374955e-05,0.005859375,0.0,0.0
0803,jpeg_q75,dpir_nominal,all,image_gradient,0.75,1024,768,0.0003225529265421433,0.00012118923973214716,0.018229166666666668,0.0,0.0
0803,jpeg_q75,dpir_nominal,all,image_gradient,0.9,1024,922,0.00048258990001571106,0.0001974332140303293,0.05314533622559653,0.005422993492407809,0.0
0803,jpeg_q75,dpir_nominal,all,image_gradient,1.0,1024,1024,0.0007145918585761844,0.00031952266552080126,0.10546875,0.0185546875,0.0009765625
0803,jpeg_q75,dpir_nominal,all,random_expected,0.5,1024,512,0.0007145918585761844,0.00031952266552080126,0.10546875,0.0185546875,0.0009765625
0803,jpeg_q75,dpir_nominal,all,random_expected,0.75,1024,768,0.0007145918585761844,0.00031952266552080126,0.10546875,0.0185546875,0.0009765625
0803,jpeg_q75,dpir_nominal,all,random_expected,0.9,1024,922,0.0007145918585761844,0.00031952266552080126,0.10546875,0.0185546875,0.0009765625
0803,jpeg_q75,dpir_nominal,all,random_expected,1.0,1024,1024,0.0007145918585761844,0.00031952266552080126,0.10546875,0.0185546875,0.0009765625
0803,jpeg_q75,dpir_nominal,all,oracle_detail_error,0.5,1024,512,0.0001559713096624728,4.282130477864834e-05,0.0,0.0,0.0
0803,jpeg_q75,dpir_nominal,all,oracle_detail_error,0.75,1024,768,0.00028248404685803064,8.692916473853367e-05,0.0,0.0,0.0
0803,jpeg_q75,dpir_nominal,all,oracle_detail_error,0.9,1024,922,0.0004327342606837338,0.0001429770747178064,0.006507592190889371,0.0,0.0
0803,jpeg_q75,dpir_nominal,all,oracle_detail_error,1.0,1024,1024,0.0007145918585761843,0.0003195226655208013,0.10546875,0.0185546875,0.0009765625
0803,jpeg_q75,dpir_nominal,textured_quartile,operator_spread_detail,0.5,256,128,0.0010713130959863532,0.0003547819633419885,0.109375,0.0,0.0
0803,jpeg_q75,dpir_nominal,textured_quartile,operator_spread_detail,0.75,256,192,0.0012635603366196776,0.00042737940797379583,0.171875,0.0,0.0
0803,jpeg_q75,dpir_nominal,textured_quartile,operator_spread_detail,0.9,256,231,0.0014686815683886921,0.0005113982667744446,0.26406926406926406,0.0,0.0
0803,jpeg_q75,dpir_nominal,textured_quartile,operator_spread_detail,1.0,256,256,0.0018061377217140516,0.0008106958297001432,0.3359375,0.05859375,0.0
0803,jpeg_q75,dpir_nominal,textured_quartile,image_transform_spread_detail,0.5,256,128,0.00113928723144606,0.00038933206669123114,0.140625,0.0,0.0
0803,jpeg_q75,dpir_nominal,textured_quartile,image_transform_spread_detail,0.75,256,192,0.0013309275722919664,0.0004505032203501007,0.21354166666666666,0.0,0.0
0803,jpeg_q75,dpir_nominal,textured_quartile,image_transform_spread_detail,0.9,256,231,0.0015260428593305536,0.0005625745226654887,0.2727272727272727,0.008658008658008658,0.0
0803,jpeg_q75,dpir_nominal,textured_quartile,image_transform_spread_detail,1.0,256,256,0.0018061377217140516,0.0008106958297001432,0.3359375,0.05859375,0.0
0803,jpeg_q75,dpir_nominal,textured_quartile,operator_spread_rgb,0.5,256,128,0.0009578212277671234,0.0003160750164115881,0.0625,0.0,0.0
0803,jpeg_q75,dpir_nominal,textured_quartile,operator_spread_rgb,0.75,256,192,0.0012385391419655965,0.0004230601496208938,0.17708333333333334,0.0,0.0
0803,jpeg_q75,dpir_nominal,textured_quartile,operator_spread_rgb,0.9,256,231,0.0014594947751343389,0.0005097065607686039,0.26406926406926406,0.0,0.0
0803,jpeg_q75,dpir_nominal,textured_quartile,operator_spread_rgb,1.0,256,256,0.0018061377217140518,0.0008106958297001433,0.3359375,0.05859375,0.0
0803,jpeg_q75,dpir_nominal,textured_quartile,measurement_residual,0.5,256,128,0.0016054441234975598,0.0007933380418400284,0.2890625,0.0703125,0.0
0803,jpeg_q75,dpir_nominal,textured_quartile,measurement_residual,0.75,256,192,0.001652664235823946,0.0007672759570728557,0.28125,0.0625,0.0
0803,jpeg_q75,dpir_nominal,textured_quartile,measurement_residual,0.9,256,231,0.001713471514165886,0.0007589990023920435,0.31601731601731603,0.05194805194805195,0.0
0803,jpeg_q75,dpir_nominal,textured_quartile,measurement_residual,1.0,256,256,0.0018061377217140516,0.0008106958297001434,0.3359375,0.05859375,0.0
0803,jpeg_q75,dpir_nominal,textured_quartile,image_gradient,0.5,256,128,0.0011298037127434719,0.0004359239168717204,0.1484375,0.0078125,0.0
0803,jpeg_q75,dpir_nominal,textured_quartile,image_gradient,0.75,256,192,0.0014687346954249123,0.0006936447980157443,0.22916666666666666,0.057291666666666664,0.0
0803,jpeg_q75,dpir_nominal,textured_quartile,image_gradient,0.9,256,231,0.0016550725361253495,0.0007607743430690671,0.30735930735930733,0.05627705627705628,0.0
0803,jpeg_q75,dpir_nominal,textured_quartile,image_gradient,1.0,256,256,0.0018061377217140518,0.0008106958297001433,0.3359375,0.05859375,0.0
0803,jpeg_q75,dpir_nominal,textured_quartile,random_expected,0.5,256,128,0.0018061377217140516,0.0008106958297001433,0.3359375,0.05859375,0.0
0803,jpeg_q75,dpir_nominal,textured_quartile,random_expected,0.75,256,192,0.0018061377217140516,0.0008106958297001433,0.3359375,0.05859375,0.0
0803,jpeg_q75,dpir_nominal,textured_quartile,random_expected,0.9,256,231,0.0018061377217140516,0.0008106958297001433,0.3359375,0.05859375,0.0
0803,jpeg_q75,dpir_nominal,textured_quartile,random_expected,1.0,256,256,0.0018061377217140516,0.0008106958297001433,0.3359375,0.05859375,0.0
0803,jpeg_q75,dpir_nominal,textured_quartile,oracle_detail_error,0.5,256,128,0.0008769124924236874,0.0002692092766248117,0.0,0.0,0.0
0803,jpeg_q75,dpir_nominal,textured_quartile,oracle_detail_error,0.75,256,192,0.0011554793858056809,0.0003787520485974588,0.11458333333333333,0.0,0.0
0803,jpeg_q75,dpir_nominal,textured_quartile,oracle_detail_error,0.9,256,231,0.001439295685342765,0.0005007982558336607,0.26406926406926406,0.0,0.0
0803,jpeg_q75,dpir_nominal,textured_quartile,oracle_detail_error,1.0,256,256,0.0018061377217140516,0.0008106958297001433,0.3359375,0.05859375,0.0
0803,jpeg_q75,fbcnn_dpir,all,operator_spread_detail,0.5,1024,512,0.00014621099614980882,4.23456294351399e-05,0.0,0.0,0.0
0803,jpeg_q75,fbcnn_dpir,all,operator_spread_detail,0.75,1024,768,0.00024472886892821534,7.399314520978015e-05,0.0013020833333333333,0.0,0.0
0803,jpeg_q75,fbcnn_dpir,all,operator_spread_detail,0.9,1024,922,0.0003437851465569268,0.00010573566219073133,0.008676789587852495,0.0,0.0
0803,jpeg_q75,fbcnn_dpir,all,operator_spread_detail,1.0,1024,1024,0.0005176135176782721,0.000161961120108957,0.0537109375,0.0009765625,0.0
0803,jpeg_q75,fbcnn_dpir,all,image_transform_spread_detail,0.5,1024,512,0.00016810735260156743,5.0596784310939296e-05,0.0,0.0,0.0
0803,jpeg_q75,fbcnn_dpir,all,image_transform_spread_detail,0.75,1024,768,0.00028964149969322103,9.068922058803063e-05,0.006510416666666667,0.0,0.0
0803,jpeg_q75,fbcnn_dpir,all,image_transform_spread_detail,0.9,1024,922,0.0004177389572084876,0.00013183173888913088,0.03253796095444685,0.0,0.0
0803,jpeg_q75,fbcnn_dpir,all,image_transform_spread_detail,1.0,1024,1024,0.0005176135176782721,0.000161961120108957,0.0537109375,0.0009765625,0.0
0803,jpeg_q75,fbcnn_dpir,all,operator_spread_rgb,0.5,1024,512,0.00015149932298582508,4.575173808894702e-05,0.0,0.0,0.0
0803,jpeg_q75,fbcnn_dpir,all,operator_spread_rgb,0.75,1024,768,0.00024988453159276435,7.741668950571879e-05,0.0026041666666666665,0.0,0.0
0803,jpeg_q75,fbcnn_dpir,all,operator_spread_rgb,0.9,1024,922,0.0003459089386064421,0.00010706978080972342,0.010845986984815618,0.0,0.0
0803,jpeg_q75,fbcnn_dpir,all,operator_spread_rgb,1.0,1024,1024,0.0005176135176782721,0.00016196112010895698,0.0537109375,0.0009765625,0.0
0803,jpeg_q75,fbcnn_dpir,all,measurement_residual,0.5,1024,512,0.00018310691158119908,5.75225353608306e-05,0.001953125,0.0,0.0
0803,jpeg_q75,fbcnn_dpir,all,measurement_residual,0.75,1024,768,0.00030537811464407286,9.590633889068431e-05,0.015625,0.0,0.0
0803,jpeg_q75,fbcnn_dpir,all,measurement_residual,0.9,1024,922,0.00039352542552342296,0.00012311072566211528,0.026030368763557483,0.0,0.0
0803,jpeg_q75,fbcnn_dpir,all,measurement_residual,1.0,1024,1024,0.0005176135176782721,0.000161961120108957,0.0537109375,0.0009765625,0.0
0803,jpeg_q75,fbcnn_dpir,all,image_gradient,0.5,1024,512,0.00016415955485605648,5.0102994139785266e-05,0.0,0.0,0.0
0803,jpeg_q75,fbcnn_dpir,all,image_gradient,0.75,1024,768,0.00026538879602525334,8.316921240779538e-05,0.005208333333333333,0.0,0.0
0803,jpeg_q75,fbcnn_dpir,all,image_gradient,0.9,1024,922,0.00036533210047425723,0.00011502329226223076,0.020607375271149676,0.0,0.0
0803,jpeg_q75,fbcnn_dpir,all,image_gradient,1.0,1024,1024,0.0005176135176782721,0.00016196112010895698,0.0537109375,0.0009765625,0.0
0803,jpeg_q75,fbcnn_dpir,all,random_expected,0.5,1024,512,0.0005176135176782721,0.000161961120108957,0.0537109375,0.0009765625,0.0
0803,jpeg_q75,fbcnn_dpir,all,random_expected,0.75,1024,768,0.0005176135176782721,0.000161961120108957,0.0537109375,0.0009765625,0.0
0803,jpeg_q75,fbcnn_dpir,all,random_expected,0.9,1024,922,0.0005176135176782721,0.000161961120108957,0.0537109375,0.0009765625,0.0
0803,jpeg_q75,fbcnn_dpir,all,random_expected,1.0,1024,1024,0.0005176135176782721,0.000161961120108957,0.0537109375,0.0009765625,0.0
0803,jpeg_q75,fbcnn_dpir,all,oracle_detail_error,0.5,1024,512,0.00012730031125789744,3.103187300196917e-05,0.0,0.0,0.0
0803,jpeg_q75,fbcnn_dpir,all,oracle_detail_error,0.75,1024,768,0.00021911168043113626,5.917334936383561e-05,0.0,0.0,0.0
0803,jpeg_q75,fbcnn_dpir,all,oracle_detail_error,0.9,1024,922,0.0003224465518062365,9.437009311126224e-05,0.0,0.0,0.0
0803,jpeg_q75,fbcnn_dpir,all,oracle_detail_error,1.0,1024,1024,0.0005176135176782721,0.00016196112010895698,0.0537109375,0.0009765625,0.0
0803,jpeg_q75,fbcnn_dpir,textured_quartile,operator_spread_detail,0.5,256,128,0.0008085610191201054,0.00024999199657024356,0.03125,0.0,0.0
0803,jpeg_q75,fbcnn_dpir,textured_quartile,operator_spread_detail,0.75,256,192,0.0009982063706022782,0.00031987309429781075,0.11979166666666667,0.0,0.0
0803,jpeg_q75,fbcnn_dpir,textured_quartile,operator_spread_detail,0.9,256,231,0.0011912979667063448,0.00038256022064833017,0.17316017316017315,0.0,0.0
0803,jpeg_q75,fbcnn_dpir,textured_quartile,operator_spread_detail,1.0,256,256,0.0013554875647043343,0.0004322490359432935,0.21484375,0.00390625,0.0
0803,jpeg_q75,fbcnn_dpir,textured_quartile,image_transform_spread_detail,0.5,256,128,0.0010490048364607894,0.0003415993687181338,0.109375,0.0,0.0
0803,jpeg_q75,fbcnn_dpir,textured_quartile,image_transform_spread_detail,0.75,256,192,0.0011965817969220361,0.00038985894458470313,0.17708333333333334,0.0,0.0
0803,jpeg_q75,fbcnn_dpir,textured_quartile,image_transform_spread_detail,0.9,256,231,0.0013269923837653846,0.00042883520531314574,0.21645021645021645,0.0,0.0
0803,jpeg_q75,fbcnn_dpir,textured_quartile,image_transform_spread_detail,1.0,256,256,0.0013554875647043343,0.0004322490359432935,0.21484375,0.00390625,0.0
0803,jpeg_q75,fbcnn_dpir,textured_quartile,operator_spread_rgb,0.5,256,128,0.0008410186199909086,0.0002708664125118984,0.0546875,0.0,0.0
0803,jpeg_q75,fbcnn_dpir,textured_quartile,operator_spread_rgb,0.75,256,192,0.0010246538282133075,0.0003321711690738016,0.13020833333333334,0.0,0.0
0803,jpeg_q75,fbcnn_dpir,textured_quartile,operator_spread_rgb,0.9,256,231,0.0011903029758440254,0.0003823549379434598,0.1774891774891775,0.0,0.0
0803,jpeg_q75,fbcnn_dpir,textured_quartile,operator_spread_rgb,1.0,256,256,0.0013554875647043343,0.0004322490359432935,0.21484375,0.00390625,0.0
0803,jpeg_q75,fbcnn_dpir,textured_quartile,measurement_residual,0.5,256,128,0.0010609726186987872,0.0003424937789408561,0.1328125,0.0,0.0
0803,jpeg_q75,fbcnn_dpir,textured_quartile,measurement_residual,0.75,256,192,0.0011378406194825603,0.00036506661025499106,0.14583333333333334,0.0,0.0
0803,jpeg_q75,fbcnn_dpir,textured_quartile,measurement_residual,0.9,256,231,0.001283032797979184,0.0004097143925565985,0.19480519480519481,0.0,0.0
0803,jpeg_q75,fbcnn_dpir,textured_quartile,measurement_residual,1.0,256,256,0.0013554875647043343,0.00043224903594329343,0.21484375,0.00390625,0.0
0803,jpeg_q75,fbcnn_dpir,textured_quartile,image_gradient,0.5,256,128,0.000989579030469189,0.0003322605099968255,0.1171875,0.0,0.0
0803,jpeg_q75,fbcnn_dpir,textured_quartile,image_gradient,0.75,256,192,0.0010790409370885726,0.0003504535870204444,0.140625,0.0,0.0
0803,jpeg_q75,fbcnn_dpir,textured_quartile,image_gradient,0.9,256,231,0.0012278811738660228,0.0003946337819903189,0.19047619047619047,0.0,0.0
0803,jpeg_q75,fbcnn_dpir,textured_quartile,image_gradient,1.0,256,256,0.0013554875647043343,0.00043224903594329343,0.21484375,0.00390625,0.0
0803,jpeg_q75,fbcnn_dpir,textured_quartile,random_expected,0.5,256,128,0.0013554875647043343,0.0004322490359432935,0.21484375,0.00390625,0.0
0803,jpeg_q75,fbcnn_dpir,textured_quartile,random_expected,0.75,256,192,0.0013554875647043343,0.0004322490359432935,0.21484375,0.00390625,0.0
0803,jpeg_q75,fbcnn_dpir,textured_quartile,random_expected,0.9,256,231,0.0013554875647043343,0.0004322490359432935,0.21484375,0.00390625,0.0
0803,jpeg_q75,fbcnn_dpir,textured_quartile,random_expected,1.0,256,256,0.0013554875647043343,0.0004322490359432935,0.21484375,0.00390625,0.0
0803,jpeg_q75,fbcnn_dpir,textured_quartile,oracle_detail_error,0.5,256,128,0.0006551869650514564,0.00017959039563898724,0.0,0.0,0.0
0803,jpeg_q75,fbcnn_dpir,textured_quartile,oracle_detail_error,0.75,256,192,0.0008941451272940756,0.0002600869450246354,0.0,0.0,0.0
0803,jpeg_q75,fbcnn_dpir,textured_quartile,oracle_detail_error,0.9,256,231,0.0011152945330238809,0.000339283878777016,0.12987012987012986,0.0,0.0
0803,jpeg_q75,fbcnn_dpir,textured_quartile,oracle_detail_error,1.0,256,256,0.0013554875647043343,0.00043224903594329343,0.21484375,0.00390625,0.0
0804,quantized_8bit,dpir_nominal,all,operator_spread_detail,0.5,1024,512,0.00041585621526920224,0.00022953722747612968,0.03515625,0.0,0.0
0804,quantized_8bit,dpir_nominal,all,operator_spread_detail,0.75,1024,768,0.0008436873208409983,0.00044120442586773127,0.2526041666666667,0.0013020833333333333,0.0
0804,quantized_8bit,dpir_nominal,all,operator_spread_detail,0.9,1024,922,0.0012288111664787002,0.0006410159185051965,0.37635574837310193,0.01843817787418655,0.0
0804,quantized_8bit,dpir_nominal,all,operator_spread_detail,1.0,1024,1024,0.0016503725769401885,0.0008440925077939988,0.4384765625,0.068359375,0.0
0804,quantized_8bit,dpir_nominal,all,image_transform_spread_detail,0.5,1024,512,0.0004756942571885071,0.00025536131998667145,0.07421875,0.0,0.0
0804,quantized_8bit,dpir_nominal,all,image_transform_spread_detail,0.75,1024,768,0.0009037655039939073,0.00046987280577609453,0.26171875,0.0013020833333333333,0.0
0804,quantized_8bit,dpir_nominal,all,image_transform_spread_detail,0.9,1024,922,0.0012528496865628173,0.000644403218717908,0.37635574837310193,0.015184381778741865,0.0
0804,quantized_8bit,dpir_nominal,all,image_transform_spread_detail,1.0,1024,1024,0.0016503725769401885,0.0008440925077939988,0.4384765625,0.068359375,0.0
0804,quantized_8bit,dpir_nominal,all,operator_spread_rgb,0.5,1024,512,0.00045208914518112746,0.0002551077534067675,0.060546875,0.0,0.0
0804,quantized_8bit,dpir_nominal,all,operator_spread_rgb,0.75,1024,768,0.0008769812833700459,0.0004681487357503414,0.2552083333333333,0.00390625,0.0
0804,quantized_8bit,dpir_nominal,all,operator_spread_rgb,0.9,1024,922,0.0012472813971550992,0.0006536907510728525,0.37635574837310193,0.0227765726681128,0.0
0804,quantized_8bit,dpir_nominal,all,operator_spread_rgb,1.0,1024,1024,0.0016503725769401885,0.0008440925077939988,0.4384765625,0.068359375,0.0
0804,quantized_8bit,dpir_nominal,all,measurement_residual,0.5,1024,512,0.002110151836508682,0.0010817708615761142,0.5625,0.111328125,0.0
0804,quantized_8bit,dpir_nominal,all,measurement_residual,0.75,1024,768,0.0018401422340757606,0.0009421358363427415,0.4934895833333333,0.08463541666666667,0.0
0804,quantized_8bit,dpir_nominal,all,measurement_residual,0.9,1024,922,0.0017310009514873476,0.0008869567159507675,0.4609544468546638,0.07483731019522777,0.0
0804,quantized_8bit,dpir_nominal,all,measurement_residual,1.0,1024,1024,0.0016503725769401885,0.0008440925077939988,0.4384765625,0.068359375,0.0
0804,quantized_8bit,dpir_nominal,all,image_gradient,0.5,1024,512,0.0005869841333868571,0.00033821583427221067,0.130859375,0.0078125,0.0
0804,quantized_8bit,dpir_nominal,all,image_gradient,0.75,1024,768,0.0010778521637348486,0.0005873645124111359,0.2955729166666667,0.026041666666666668,0.0
0804,quantized_8bit,dpir_nominal,all,image_gradient,0.9,1024,922,0.0013588120389117395,0.0007145126219005859,0.3806941431670282,0.039045553145336226,0.0
0804,quantized_8bit,dpir_nominal,all,image_gradient,1.0,1024,1024,0.0016503725769401883,0.0008440925077939988,0.4384765625,0.068359375,0.0
0804,quantized_8bit,dpir_nominal,all,random_expected,0.5,1024,512,0.0016503725769401885,0.0008440925077939988,0.4384765625,0.068359375,0.0
0804,quantized_8bit,dpir_nominal,all,random_expected,0.75,1024,768,0.0016503725769401885,0.0008440925077939988,0.4384765625,0.068359375,0.0
0804,quantized_8bit,dpir_nominal,all,random_expected,0.9,1024,922,0.0016503725769401885,0.0008440925077939988,0.4384765625,0.068359375,0.0
0804,quantized_8bit,dpir_nominal,all,random_expected,1.0,1024,1024,0.0016503725769401885,0.0008440925077939988,0.4384765625,0.068359375,0.0
0804,quantized_8bit,dpir_nominal,all,oracle_detail_error,0.5,1024,512,0.00039873133158926314,0.00020915223756299233,0.0,0.0,0.0
0804,quantized_8bit,dpir_nominal,all,oracle_detail_error,0.75,1024,768,0.0008270443716065735,0.0004110626788803886,0.2513020833333333,0.0,0.0
0804,quantized_8bit,dpir_nominal,all,oracle_detail_error,0.9,1024,922,0.0012126943518714593,0.000611290498597869,0.37635574837310193,0.0,0.0
0804,quantized_8bit,dpir_nominal,all,oracle_detail_error,1.0,1024,1024,0.0016503725769401885,0.0008440925077939986,0.4384765625,0.068359375,0.0
0804,quantized_8bit,dpir_nominal,textured_quartile,operator_spread_detail,0.5,256,128,0.0030189655044302968,0.0015981454527208624,0.96875,0.125,0.0
0804,quantized_8bit,dpir_nominal,textured_quartile,operator_spread_detail,0.75,256,192,0.0033604858321485908,0.0017645928673090474,0.9791666666666666,0.15104166666666666,0.0
0804,quantized_8bit,dpir_nominal,textured_quartile,operator_spread_detail,0.9,256,231,0.0036302251644016255,0.0018682921475708875,0.9826839826839827,0.19913419913419914,0.0
0804,quantized_8bit,dpir_nominal,textured_quartile,operator_spread_detail,1.0,256,256,0.00403642384218691,0.0020473792835314555,0.984375,0.2734375,0.0
0804,quantized_8bit,dpir_nominal,textured_quartile,image_transform_spread_detail,0.5,256,128,0.0031116936013754017,0.0015841928289697558,0.96875,0.078125,0.0
0804,quantized_8bit,dpir_nominal,textured_quartile,image_transform_spread_detail,0.75,256,192,0.0034067372136448344,0.0017438367457278047,0.9791666666666666,0.13541666666666666,0.0
0804,quantized_8bit,dpir_nominal,textured_quartile,image_transform_spread_detail,0.9,256,231,0.003707809864524464,0.0019012975724287437,0.9826839826839827,0.21645021645021645,0.0
0804,quantized_8bit,dpir_nominal,textured_quartile,image_transform_spread_detail,1.0,256,256,0.00403642384218691,0.0020473792835314555,0.984375,0.2734375,0.0
0804,quantized_8bit,dpir_nominal,textured_quartile,operator_spread_rgb,0.5,256,128,0.0031376480998850107,0.0016964658014843933,0.96875,0.140625,0.0
0804,quantized_8bit,dpir_nominal,textured_quartile,operator_spread_rgb,0.75,256,192,0.0033485185890440427,0.0017521647011190208,0.9791666666666666,0.140625,0.0
0804,quantized_8bit,dpir_nominal,textured_quartile,operator_spread_rgb,0.9,256,231,0.003705054182870176,0.001922924585529152,0.9826839826839827,0.21645021645021645,0.0
0804,quantized_8bit,dpir_nominal,textured_quartile,operator_spread_rgb,1.0,256,256,0.004036423842186911,0.0020473792835314555,0.984375,0.2734375,0.0
0804,quantized_8bit,dpir_nominal,textured_quartile,measurement_residual,0.5,256,128,0.004244397173533726,0.0021555237158094372,0.9765625,0.3515625,0.0
0804,quantized_8bit,dpir_nominal,textured_quartile,measurement_residual,0.75,256,192,0.004124372766591594,0.0020933370548206053,0.9791666666666666,0.3020833333333333,0.0
0804,quantized_8bit,dpir_nominal,textured_quartile,measurement_residual,0.9,256,231,0.004065942697662247,0.002054674345359122,0.9826839826839827,0.2857142857142857,0.0
0804,quantized_8bit,dpir_nominal,textured_quartile,measurement_residual,1.0,256,256,0.00403642384218691,0.0020473792835314555,0.984375,0.2734375,0.0
0804,quantized_8bit,dpir_nominal,textured_quartile,image_gradient,0.5,256,128,0.0037722270960008847,0.002045647313667614,0.9921875,0.2265625,0.0
0804,quantized_8bit,dpir_nominal,textured_quartile,image_gradient,0.75,256,192,0.003846227743421133,0.0020185396633585653,0.984375,0.234375,0.0
0804,quantized_8bit,dpir_nominal,textured_quartile,image_gradient,0.9,256,231,0.003940076925082025,0.0020254228416023176,0.9826839826839827,0.24675324675324675,0.0
0804,quantized_8bit,dpir_nominal,textured_quartile,image_gradient,1.0,256,256,0.004036423842186911,0.0020473792835314555,0.984375,0.2734375,0.0
0804,quantized_8bit,dpir_nominal,textured_quartile,random_expected,0.5,256,128,0.00403642384218691,0.0020473792835314555,0.984375,0.2734375,0.0
0804,quantized_8bit,dpir_nominal,textured_quartile,random_expected,0.75,256,192,0.00403642384218691,0.0020473792835314555,0.984375,0.2734375,0.0
0804,quantized_8bit,dpir_nominal,textured_quartile,random_expected,0.9,256,231,0.00403642384218691,0.0020473792835314555,0.984375,0.2734375,0.0
0804,quantized_8bit,dpir_nominal,textured_quartile,random_expected,1.0,256,256,0.00403642384218691,0.0020473792835314555,0.984375,0.2734375,0.0
0804,quantized_8bit,dpir_nominal,textured_quartile,oracle_detail_error,0.5,256,128,0.0028201262638590996,0.001339174805666854,0.96875,0.0,0.0
0804,quantized_8bit,dpir_nominal,textured_quartile,oracle_detail_error,0.75,256,192,0.003291599213255497,0.0016259999966456364,0.9791666666666666,0.03125,0.0
0804,quantized_8bit,dpir_nominal,textured_quartile,oracle_detail_error,0.9,256,231,0.0036400902643618583,0.0018284386081195822,0.9826839826839827,0.19480519480519481,0.0
0804,quantized_8bit,dpir_nominal,textured_quartile,oracle_detail_error,1.0,256,256,0.004036423842186911,0.0020473792835314555,0.984375,0.2734375,0.0
0804,quantized_8bit,fbcnn_dpir,all,operator_spread_detail,0.5,1024,512,0.0004358604702307078,0.00023795074400873435,0.044921875,0.0,0.0
0804,quantized_8bit,fbcnn_dpir,all,operator_spread_detail,0.75,1024,768,0.0008642593059088969,0.0004459101948864073,0.2591145833333333,0.0013020833333333333,0.0
0804,quantized_8bit,fbcnn_dpir,all,operator_spread_detail,0.9,1024,922,0.0012554321507180365,0.0006469925153027075,0.38177874186550975,0.01843817787418655,0.0
0804,quantized_8bit,fbcnn_dpir,all,operator_spread_detail,1.0,1024,1024,0.0016762018977642692,0.0008486697377195227,0.443359375,0.0673828125,0.0
0804,quantized_8bit,fbcnn_dpir,all,image_transform_spread_detail,0.5,1024,512,0.0005229910414211623,0.0002793211168660389,0.091796875,0.0,0.0
0804,quantized_8bit,fbcnn_dpir,all,image_transform_spread_detail,0.75,1024,768,0.0009719977846841446,0.0004991897790001279,0.28515625,0.005208333333333333,0.0
0804,quantized_8bit,fbcnn_dpir,all,image_transform_spread_detail,0.9,1024,922,0.0013171699664039807,0.0006746103090433807,0.38611713665943603,0.0227765726681128,0.0
0804,quantized_8bit,fbcnn_dpir,all,image_transform_spread_detail,1.0,1024,1024,0.0016762018977642692,0.0008486697377195227,0.443359375,0.0673828125,0.0
0804,quantized_8bit,fbcnn_dpir,all,operator_spread_rgb,0.5,1024,512,0.00047246308124573747,0.0002617885485693419,0.06640625,0.0,0.0
0804,quantized_8bit,fbcnn_dpir,all,operator_spread_rgb,0.75,1024,768,0.0008996225777053722,0.0004728077566797683,0.2630208333333333,0.00390625,0.0
0804,quantized_8bit,fbcnn_dpir,all,operator_spread_rgb,0.9,1024,922,0.0012708443086326055,0.0006580990488904332,0.38177874186550975,0.020607375271149676,0.0
0804,quantized_8bit,fbcnn_dpir,all,operator_spread_rgb,1.0,1024,1024,0.0016762018977642694,0.0008486697377195225,0.443359375,0.0673828125,0.0
0804,quantized_8bit,fbcnn_dpir,all,measurement_residual,0.5,1024,512,0.001349322017849125,0.0006919597086151709,0.369140625,0.048828125,0.0
0804,quantized_8bit,fbcnn_dpir,all,measurement_residual,0.75,1024,768,0.0014223353161749851,0.0007262968173361173,0.3932291666666667,0.05078125,0.0
0804,quantized_8bit,fbcnn_dpir,all,measurement_residual,0.9,1024,922,0.0015403727754702188,0.0007855310326368158,0.4121475054229935,0.05856832971800434,0.0
0804,quantized_8bit,fbcnn_dpir,all,measurement_residual,1.0,1024,1024,0.0016762018977642694,0.0008486697377195227,0.443359375,0.0673828125,0.0
0804,quantized_8bit,fbcnn_dpir,all,image_gradient,0.5,1024,512,0.0006063802196810278,0.0003430525753721195,0.134765625,0.0078125,0.0
0804,quantized_8bit,fbcnn_dpir,all,image_gradient,0.75,1024,768,0.0011093160352328333,0.000597400815958591,0.3020833333333333,0.02734375,0.0
0804,quantized_8bit,fbcnn_dpir,all,image_gradient,0.9,1024,922,0.001390654398743614,0.0007221125087353328,0.38611713665943603,0.039045553145336226,0.0
0804,quantized_8bit,fbcnn_dpir,all,image_gradient,1.0,1024,1024,0.0016762018977642694,0.0008486697377195227,0.443359375,0.0673828125,0.0
0804,quantized_8bit,fbcnn_dpir,all,random_expected,0.5,1024,512,0.0016762018977642694,0.0008486697377195227,0.443359375,0.0673828125,0.0
0804,quantized_8bit,fbcnn_dpir,all,random_expected,0.75,1024,768,0.0016762018977642694,0.0008486697377195227,0.443359375,0.0673828125,0.0
0804,quantized_8bit,fbcnn_dpir,all,random_expected,0.9,1024,922,0.0016762018977642694,0.0008486697377195227,0.443359375,0.0673828125,0.0
0804,quantized_8bit,fbcnn_dpir,all,random_expected,1.0,1024,1024,0.0016762018977642694,0.0008486697377195227,0.443359375,0.0673828125,0.0
0804,quantized_8bit,fbcnn_dpir,all,oracle_detail_error,0.5,1024,512,0.00041182408873030634,0.00021031214438888782,0.0,0.0,0.0
0804,quantized_8bit,fbcnn_dpir,all,oracle_detail_error,0.75,1024,768,0.0008427596696551176,0.0004128687843587425,0.2578125,0.0,0.0
0804,quantized_8bit,fbcnn_dpir,all,oracle_detail_error,0.9,1024,922,0.0012337556146058623,0.0006143301432491372,0.38177874186550975,0.0,0.0
0804,quantized_8bit,fbcnn_dpir,all,oracle_detail_error,1.0,1024,1024,0.0016762018977642694,0.0008486697377195227,0.443359375,0.0673828125,0.0
0804,quantized_8bit,fbcnn_dpir,textured_quartile,operator_spread_detail,0.5,256,128,0.0030913309451695353,0.0016167255695931438,0.96875,0.1015625,0.0
0804,quantized_8bit,fbcnn_dpir,textured_quartile,operator_spread_detail,0.75,256,192,0.0034102513652103372,0.001766013104795729,0.9791666666666666,0.140625,0.0
0804,quantized_8bit,fbcnn_dpir,textured_quartile,operator_spread_detail,0.9,256,231,0.003707842277774788,0.0018924859457573099,0.9826839826839827,0.19913419913419914,0.0
0804,quantized_8bit,fbcnn_dpir,textured_quartile,operator_spread_detail,1.0,256,256,0.004089609083904294,0.0020597882698837095,0.984375,0.26953125,0.0
0804,quantized_8bit,fbcnn_dpir,textured_quartile,image_transform_spread_detail,0.5,256,128,0.0031697567994880826,0.001628683186778186,0.96875,0.078125,0.0
0804,quantized_8bit,fbcnn_dpir,textured_quartile,image_transform_spread_detail,0.75,256,192,0.0036337083610418846,0.001854908567612469,0.9791666666666666,0.17708333333333334,0.0
0804,quantized_8bit,fbcnn_dpir,textured_quartile,image_transform_spread_detail,0.9,256,231,0.003933801444322011,0.0019924866248217155,0.9826839826839827,0.24242424242424243,0.0
0804,quantized_8bit,fbcnn_dpir,textured_quartile,image_transform_spread_detail,1.0,256,256,0.004089609083904294,0.002059788269883709,0.984375,0.26953125,0.0
0804,quantized_8bit,fbcnn_dpir,textured_quartile,operator_spread_rgb,0.5,256,128,0.0032132480679139927,0.0017248189378592591,0.9765625,0.140625,0.0
0804,quantized_8bit,fbcnn_dpir,textured_quartile,operator_spread_rgb,0.75,256,192,0.0034203867160010532,0.0017804144477786901,0.9791666666666666,0.14583333333333334,0.0
0804,quantized_8bit,fbcnn_dpir,textured_quartile,operator_spread_rgb,0.9,256,231,0.0037440602610588933,0.0019249453738902976,0.9826839826839827,0.21645021645021645,0.0
0804,quantized_8bit,fbcnn_dpir,textured_quartile,operator_spread_rgb,1.0,256,256,0.004089609083904295,0.0020597882698837095,0.984375,0.26953125,0.0
0804,quantized_8bit,fbcnn_dpir,textured_quartile,measurement_residual,0.5,256,128,0.003966546488434798,0.002005898088189884,0.984375,0.265625,0.0
0804,quantized_8bit,fbcnn_dpir,textured_quartile,measurement_residual,0.75,256,192,0.003987913016541457,0.0020279579636496474,0.9791666666666666,0.265625,0.0
0804,quantized_8bit,fbcnn_dpir,textured_quartile,measurement_residual,0.9,256,231,0.004058935829418459,0.00206464872517083,0.9826839826839827,0.27705627705627706,0.0
0804,quantized_8bit,fbcnn_dpir,textured_quartile,measurement_residual,1.0,256,256,0.004089609083904294,0.0020597882698837095,0.984375,0.26953125,0.0
0804,quantized_8bit,fbcnn_dpir,textured_quartile,image_gradient,0.5,256,128,0.003828153118540094,0.0020604265047820974,0.9921875,0.2265625,0.0
0804,quantized_8bit,fbcnn_dpir,textured_quartile,image_gradient,0.75,256,192,0.0038752460588351023,0.0020201894322428456,0.984375,0.22916666666666666,0.0
0804,quantized_8bit,fbcnn_dpir,textured_quartile,image_gradient,0.9,256,231,0.003993327566666764,0.002037826708465633,0.9826839826839827,0.24675324675324675,0.0
0804,quantized_8bit,fbcnn_dpir,textured_quartile,image_gradient,1.0,256,256,0.004089609083904294,0.002059788269883709,0.984375,0.26953125,0.0
0804,quantized_8bit,fbcnn_dpir,textured_quartile,random_expected,0.5,256,128,0.004089609083904295,0.002059788269883709,0.984375,0.26953125,0.0
0804,quantized_8bit,fbcnn_dpir,textured_quartile,random_expected,0.75,256,192,0.004089609083904295,0.002059788269883709,0.984375,0.26953125,0.0
0804,quantized_8bit,fbcnn_dpir,textured_quartile,random_expected,0.9,256,231,0.004089609083904295,0.002059788269883709,0.984375,0.26953125,0.0
0804,quantized_8bit,fbcnn_dpir,textured_quartile,random_expected,1.0,256,256,0.004089609083904295,0.002059788269883709,0.984375,0.26953125,0.0
0804,quantized_8bit,fbcnn_dpir,textured_quartile,oracle_detail_error,0.5,256,128,0.0028535779712067664,0.0013460298054531609,0.96875,0.0,0.0
0804,quantized_8bit,fbcnn_dpir,textured_quartile,oracle_detail_error,0.75,256,192,0.003328714564225408,0.001634842020938924,0.9791666666666666,0.026041666666666668,0.0
0804,quantized_8bit,fbcnn_dpir,textured_quartile,oracle_detail_error,0.9,256,231,0.0036875042799609883,0.001838129070458335,0.9826839826839827,0.19047619047619047,0.0
0804,quantized_8bit,fbcnn_dpir,textured_quartile,oracle_detail_error,1.0,256,256,0.004089609083904294,0.0020597882698837095,0.984375,0.26953125,0.0
0804,jpeg_q75,dpir_nominal,all,operator_spread_detail,0.5,1024,512,0.000629881516505721,0.00033612510380629396,0.142578125,0.005859375,0.0
0804,jpeg_q75,dpir_nominal,all,operator_spread_detail,0.75,1024,768,0.0012752061715563124,0.0006707597690655205,0.3580729166666667,0.032552083333333336,0.0
0804,jpeg_q75,dpir_nominal,all,operator_spread_detail,0.9,1024,922,0.001642583007596912,0.0008718368317030717,0.45770065075921906,0.07266811279826464,0.0
0804,jpeg_q75,dpir_nominal,all,operator_spread_detail,1.0,1024,1024,0.00207192206913647,0.0011707146860625438,0.5087890625,0.138671875,0.001953125
0804,jpeg_q75,dpir_nominal,all,image_transform_spread_detail,0.5,1024,512,0.0006570223429566243,0.0003516623227387819,0.15234375,0.00390625,0.0
0804,jpeg_q75,dpir_nominal,all,image_transform_spread_detail,0.75,1024,768,0.0013464653240204897,0.0007155157770905867,0.37109375,0.046875,0.0
0804,jpeg_q75,dpir_nominal,all,image_transform_spread_detail,0.9,1024,922,0.0017304316205332044,0.0009432784969439726,0.4544468546637744,0.09327548806941431,0.0010845986984815619
0804,jpeg_q75,dpir_nominal,all,image_transform_spread_detail,1.0,1024,1024,0.0020719220691364703,0.0011707146860625438,0.5087890625,0.138671875,0.001953125
0804,jpeg_q75,dpir_nominal,all,operator_spread_rgb,0.5,1024,512,0.0005989383925441107,0.0003241523338769998,0.12109375,0.005859375,0.0
0804,jpeg_q75,dpir_nominal,all,operator_spread_rgb,0.75,1024,768,0.0012158610067541538,0.0006433033219090853,0.3541666666666667,0.024739583333333332,0.0
0804,jpeg_q75,dpir_nominal,all,operator_spread_rgb,0.9,1024,922,0.001612310476854946,0.0008662834850075663,0.4566160520607375,0.07049891540130152,0.0
0804,jpeg_q75,dpir_nominal,all,operator_spread_rgb,1.0,1024,1024,0.00207192206913647,0.0011707146860625436,0.5087890625,0.138671875,0.001953125
0804,jpeg_q75,dpir_nominal,all,measurement_residual,0.5,1024,512,0.0008464618539074329,0.0004861956362537795,0.21875,0.029296875,0.0
0804,jpeg_q75,dpir_nominal,all,measurement_residual,0.75,1024,768,0.0014574171457980359,0.0008328244828002939,0.3854166666666667,0.078125,0.0
0804,jpeg_q75,dpir_nominal,all,measurement_residual,0.9,1024,922,0.0018046922673681672,0.0010294207972016095,0.46637744034707157,0.10629067245119306,0.0010845986984815619
0804,jpeg_q75,dpir_nominal,all,measurement_residual,1.0,1024,1024,0.0020719220691364703,0.0011707146860625438,0.5087890625,0.138671875,0.001953125
0804,jpeg_q75,dpir_nominal,all,image_gradient,0.5,1024,512,0.0007146608839950175,0.00041133633849191375,0.171875,0.017578125,0.0
0804,jpeg_q75,dpir_nominal,all,image_gradient,0.75,1024,768,0.001282145141644429,0.0007224905910960803,0.3658854166666667,0.052083333333333336,0.0
0804,jpeg_q75,dpir_nominal,all,image_gradient,0.9,1024,922,0.0016289462725566147,0.0009069440316650417,0.455531453362256,0.08134490238611713,0.0
0804,jpeg_q75,dpir_nominal,all,image_gradient,1.0,1024,1024,0.0020719220691364703,0.0011707146860625438,0.5087890625,0.138671875,0.001953125
0804,jpeg_q75,dpir_nominal,all,random_expected,0.5,1024,512,0.0020719220691364703,0.0011707146860625438,0.5087890625,0.138671875,0.001953125
0804,jpeg_q75,dpir_nominal,all,random_expected,0.75,1024,768,0.0020719220691364703,0.0011707146860625438,0.5087890625,0.138671875,0.001953125
0804,jpeg_q75,dpir_nominal,all,random_expected,0.9,1024,922,0.0020719220691364703,0.0011707146860625438,0.5087890625,0.138671875,0.001953125
0804,jpeg_q75,dpir_nominal,all,random_expected,1.0,1024,1024,0.0020719220691364703,0.0011707146860625438,0.5087890625,0.138671875,0.001953125
0804,jpeg_q75,dpir_nominal,all,oracle_detail_error,0.5,1024,512,0.0004883739889983997,0.0002478600727736102,0.017578125,0.0,0.0
0804,jpeg_q75,dpir_nominal,all,oracle_detail_error,0.75,1024,768,0.0010185900073474757,0.0005295326867457063,0.3450520833333333,0.0,0.0
0804,jpeg_q75,dpir_nominal,all,oracle_detail_error,0.9,1024,922,0.0015123506156164382,0.0008090706362050427,0.4544468546637744,0.04338394793926247,0.0
0804,jpeg_q75,dpir_nominal,all,oracle_detail_error,1.0,1024,1024,0.0020719220691364703,0.0011707146860625438,0.5087890625,0.138671875,0.001953125
0804,jpeg_q75,dpir_nominal,textured_quartile,operator_spread_detail,0.5,256,128,0.0038837369148384997,0.0020711770169802696,0.96875,0.2578125,0.0
0804,jpeg_q75,dpir_nominal,textured_quartile,operator_spread_detail,0.75,256,192,0.004123663801881459,0.0021791574411821417,0.9791666666666666,0.3125,0.0
0804,jpeg_q75,dpir_nominal,textured_quartile,operator_spread_detail,0.9,256,231,0.004459229654186794,0.0023771033592122227,0.9826839826839827,0.38961038961038963,0.0
0804,jpeg_q75,dpir_nominal,textured_quartile,operator_spread_detail,1.0,256,256,0.004869772468863452,0.002699742127278511,0.984375,0.44921875,0.00390625
0804,jpeg_q75,dpir_nominal,textured_quartile,image_transform_spread_detail,0.5,256,128,0.00394516940604842,0.00210795707387722,0.9765625,0.2734375,0.0
0804,jpeg_q75,dpir_nominal,textured_quartile,image_transform_spread_detail,0.75,256,192,0.004405166462682776,0.0023567994786028094,0.9791666666666666,0.3645833333333333,0.0
0804,jpeg_q75,dpir_nominal,textured_quartile,image_transform_spread_detail,0.9,256,231,0.0046294878821942055,0.0025136749722682217,0.9826839826839827,0.4155844155844156,0.0
0804,jpeg_q75,dpir_nominal,textured_quartile,image_transform_spread_detail,1.0,256,256,0.004869772468863453,0.0026997421272785104,0.984375,0.44921875,0.00390625
0804,jpeg_q75,dpir_nominal,textured_quartile,operator_spread_rgb,0.5,256,128,0.0037418528485148365,0.0020004094542975604,0.96875,0.2421875,0.0
0804,jpeg_q75,dpir_nominal,textured_quartile,operator_spread_rgb,0.75,256,192,0.0040708952623424175,0.0021671563490089593,0.9791666666666666,0.3072916666666667,0.0
0804,jpeg_q75,dpir_nominal,textured_quartile,operator_spread_rgb,0.9,256,231,0.004465023142502992,0.002382202180171773,0.9826839826839827,0.38961038961038963,0.0
0804,jpeg_q75,dpir_nominal,textured_quartile,operator_spread_rgb,1.0,256,256,0.004869772468863452,0.002699742127278511,0.984375,0.44921875,0.00390625
0804,jpeg_q75,dpir_nominal,textured_quartile,measurement_residual,0.5,256,128,0.004657106475640693,0.0026354660911701603,0.984375,0.421875,0.0
0804,jpeg_q75,dpir_nominal,textured_quartile,measurement_residual,0.75,256,192,0.004701835010701787,0.0026332001234928766,0.984375,0.4114583333333333,0.0
0804,jpeg_q75,dpir_nominal,textured_quartile,measurement_residual,0.9,256,231,0.004735270966673359,0.0026375629914988244,0.9826839826839827,0.42424242424242425,0.0
0804,jpeg_q75,dpir_nominal,textured_quartile,measurement_residual,1.0,256,256,0.004869772468863453,0.002699742127278511,0.984375,0.44921875,0.00390625
0804,jpeg_q75,dpir_nominal,textured_quartile,image_gradient,0.5,256,128,0.004154100002060125,0.0022666058135280545,0.9921875,0.3359375,0.0
0804,jpeg_q75,dpir_nominal,textured_quartile,image_gradient,0.75,256,192,0.004290819351437183,0.0023455700154629325,0.984375,0.3541666666666667,0.0
0804,jpeg_q75,dpir_nominal,textured_quartile,image_gradient,0.9,256,231,0.004638627371873281,0.0025582507108093617,0.9826839826839827,0.4069264069264069,0.0
0804,jpeg_q75,dpir_nominal,textured_quartile,image_gradient,1.0,256,256,0.004869772468863452,0.002699742127278511,0.984375,0.44921875,0.00390625
0804,jpeg_q75,dpir_nominal,textured_quartile,random_expected,0.5,256,128,0.004869772468863452,0.002699742127278511,0.984375,0.44921875,0.00390625
0804,jpeg_q75,dpir_nominal,textured_quartile,random_expected,0.75,256,192,0.004869772468863452,0.002699742127278511,0.984375,0.44921875,0.00390625
0804,jpeg_q75,dpir_nominal,textured_quartile,random_expected,0.9,256,231,0.004869772468863452,0.002699742127278511,0.984375,0.44921875,0.00390625
0804,jpeg_q75,dpir_nominal,textured_quartile,random_expected,1.0,256,256,0.004869772468863452,0.002699742127278511,0.984375,0.44921875,0.00390625
0804,jpeg_q75,dpir_nominal,textured_quartile,oracle_detail_error,0.5,256,128,0.003226761316375391,0.0016519674454587158,0.96875,0.0,0.0
0804,jpeg_q75,dpir_nominal,textured_quartile,oracle_detail_error,0.75,256,192,0.0038673618279795145,0.002023219872406334,0.9791666666666666,0.265625,0.0
0804,jpeg_q75,dpir_nominal,textured_quartile,oracle_detail_error,0.9,256,231,0.004341744905034301,0.002323912585836743,0.9826839826839827,0.38961038961038963,0.0
0804,jpeg_q75,dpir_nominal,textured_quartile,oracle_detail_error,1.0,256,256,0.004869772468863452,0.002699742127278511,0.984375,0.44921875,0.00390625
0804,jpeg_q75,fbcnn_dpir,all,operator_spread_detail,0.5,1024,512,0.0004948749032434479,0.0002578534871467352,0.0625,0.0,0.0
0804,jpeg_q75,fbcnn_dpir,all,operator_spread_detail,0.75,1024,768,0.0009462836454164004,0.0004763890104079471,0.2708333333333333,0.006510416666666667,0.0
0804,jpeg_q75,fbcnn_dpir,all,operator_spread_detail,0.9,1024,922,0.0013366423311706164,0.000674240972033876,0.3915401301518438,0.028199566160520606,0.0
0804,jpeg_q75,fbcnn_dpir,all,operator_spread_detail,1.0,1024,1024,0.0017499677117952962,0.0008667689303178682,0.4521484375,0.072265625,0.0
0804,jpeg_q75,fbcnn_dpir,all,image_transform_spread_detail,0.5,1024,512,0.0005546803319652575,0.000289539790564033,0.09765625,0.0,0.0
0804,jpeg_q75,fbcnn_dpir,all,image_transform_spread_detail,0.75,1024,768,0.0010119100874721627,0.0005099121718719439,0.2903645833333333,0.01171875,0.0
0804,jpeg_q75,fbcnn_dpir,all,image_transform_spread_detail,0.9,1024,922,0.0013824061365454285,0.0006918363571402971,0.39370932754880694,0.03470715835140998,0.0
0804,jpeg_q75,fbcnn_dpir,all,image_transform_spread_detail,1.0,1024,1024,0.0017499677117952962,0.0008667689303178682,0.4521484375,0.072265625,0.0
0804,jpeg_q75,fbcnn_dpir,all,operator_spread_rgb,0.5,1024,512,0.0005120815621836647,0.0002698314257326008,0.0703125,0.0,0.0
0804,jpeg_q75,fbcnn_dpir,all,operator_spread_rgb,0.75,1024,768,0.0009644460708522193,0.000491342485071461,0.2760416666666667,0.009114583333333334,0.0
0804,jpeg_q75,fbcnn_dpir,all,operator_spread_rgb,0.9,1024,922,0.0013432947433093306,0.0006771224135419068,0.3926247288503254,0.028199566160520606,0.0
0804,jpeg_q75,fbcnn_dpir,all,operator_spread_rgb,1.0,1024,1024,0.0017499677117952962,0.0008667689303178682,0.4521484375,0.072265625,0.0
0804,jpeg_q75,fbcnn_dpir,all,measurement_residual,0.5,1024,512,0.0007550105599653493,0.00038611963101691047,0.193359375,0.005859375,0.0
0804,jpeg_q75,fbcnn_dpir,all,measurement_residual,0.75,1024,768,0.0011647630950137296,0.0005874631830196402,0.3203125,0.0234375,0.0
0804,jpeg_q75,fbcnn_dpir,all,measurement_residual,0.9,1024,922,0.0014802655151565064,0.0007418392015194774,0.40455531453362253,0.0455531453362256,0.0
0804,jpeg_q75,fbcnn_dpir,all,measurement_residual,1.0,1024,1024,0.001749967711795296,0.0008667689303178682,0.4521484375,0.072265625,0.0
0804,jpeg_q75,fbcnn_dpir,all,image_gradient,0.5,1024,512,0.0006636755880895395,0.0003595879941520043,0.142578125,0.01171875,0.0
0804,jpeg_q75,fbcnn_dpir,all,image_gradient,0.75,1024,768,0.001181303592203675,0.0006162593194443308,0.30859375,0.033854166666666664,0.0
0804,jpeg_q75,fbcnn_dpir,all,image_gradient,0.9,1024,922,0.001469224248102096,0.0007430360539291486,0.3958785249457701,0.046637744034707156,0.0
0804,jpeg_q75,fbcnn_dpir,all,image_gradient,1.0,1024,1024,0.0017499677117952962,0.0008667689303178681,0.4521484375,0.072265625,0.0
0804,jpeg_q75,fbcnn_dpir,all,random_expected,0.5,1024,512,0.001749967711795296,0.0008667689303178682,0.4521484375,0.072265625,0.0
0804,jpeg_q75,fbcnn_dpir,all,random_expected,0.75,1024,768,0.001749967711795296,0.0008667689303178682,0.4521484375,0.072265625,0.0
0804,jpeg_q75,fbcnn_dpir,all,random_expected,0.9,1024,922,0.001749967711795296,0.0008667689303178682,0.4521484375,0.072265625,0.0
0804,jpeg_q75,fbcnn_dpir,all,random_expected,1.0,1024,1024,0.001749967711795296,0.0008667689303178682,0.4521484375,0.072265625,0.0
0804,jpeg_q75,fbcnn_dpir,all,oracle_detail_error,0.5,1024,512,0.00044700418157884173,0.00021441205167608917,0.0,0.0,0.0
0804,jpeg_q75,fbcnn_dpir,all,oracle_detail_error,0.75,1024,768,0.000888831980694784,0.00042077026129842056,0.26953125,0.0,0.0
0804,jpeg_q75,fbcnn_dpir,all,oracle_detail_error,0.9,1024,922,0.0012926888102161378,0.0006263045260013398,0.3915401301518438,0.0,0.0
0804,jpeg_q75,fbcnn_dpir,all,oracle_detail_error,1.0,1024,1024,0.001749967711795296,0.0008667689303178682,0.4521484375,0.072265625,0.0
0804,jpeg_q75,fbcnn_dpir,textured_quartile,operator_spread_detail,0.5,256,128,0.0033137916686007012,0.0017247910842913391,0.96875,0.15625,0.0
0804,jpeg_q75,fbcnn_dpir,textured_quartile,operator_spread_detail,0.75,256,192,0.003589203461646271,0.001843975391008206,0.9791666666666666,0.1875,0.0
0804,jpeg_q75,fbcnn_dpir,textured_quartile,operator_spread_detail,0.9,256,231,0.0038957923788515425,0.0019711716403878563,0.9826839826839827,0.23376623376623376,0.0
0804,jpeg_q75,fbcnn_dpir,textured_quartile,operator_spread_detail,1.0,256,256,0.0042403544108321235,0.0021062436687375257,0.984375,0.2890625,0.0
0804,jpeg_q75,fbcnn_dpir,textured_quartile,image_transform_spread_detail,0.5,256,128,0.0034345987747421824,0.0017488289443909428,0.9765625,0.15625,0.0
0804,jpeg_q75,fbcnn_dpir,textured_quartile,image_transform_spread_detail,0.75,256,192,0.003744488009744591,0.0018999279860374939,0.9791666666666666,0.21875,0.0
0804,jpeg_q75,fbcnn_dpir,textured_quartile,image_transform_spread_detail,0.9,256,231,0.003971800611339994,0.002001611627061675,0.9826839826839827,0.2554112554112554,0.0
0804,jpeg_q75,fbcnn_dpir,textured_quartile,image_transform_spread_detail,1.0,256,256,0.0042403544108321235,0.0021062436687375257,0.984375,0.2890625,0.0
0804,jpeg_q75,fbcnn_dpir,textured_quartile,operator_spread_rgb,0.5,256,128,0.0034185926530304355,0.0017985144240428212,0.9765625,0.1796875,0.0
0804,jpeg_q75,fbcnn_dpir,textured_quartile,operator_spread_rgb,0.75,256,192,0.003591972335105884,0.0018380916915345224,0.9791666666666666,0.1875,0.0
0804,jpeg_q75,fbcnn_dpir,textured_quartile,operator_spread_rgb,0.9,256,231,0.0039122902207811994,0.00197836657750572,0.9826839826839827,0.24242424242424243,0.0
0804,jpeg_q75,fbcnn_dpir,textured_quartile,operator_spread_rgb,1.0,256,256,0.0042403544108321235,0.0021062436687375257,0.984375,0.2890625,0.0
0804,jpeg_q75,fbcnn_dpir,textured_quartile,measurement_residual,0.5,256,128,0.003672970859743857,0.0018840647374715079,0.984375,0.203125,0.0
0804,jpeg_q75,fbcnn_dpir,textured_quartile,measurement_residual,0.75,256,192,0.003886026237900101,0.001960344814356398,0.984375,0.22916666666666666,0.0
0804,jpeg_q75,fbcnn_dpir,textured_quartile,measurement_residual,0.9,256,231,0.004094322087733244,0.0020605089650656537,0.9826839826839827,0.2683982683982684,0.0
0804,jpeg_q75,fbcnn_dpir,textured_quartile,measurement_residual,1.0,256,256,0.0042403544108321235,0.0021062436687375253,0.984375,0.2890625,0.0
0804,jpeg_q75,fbcnn_dpir,textured_quartile,image_gradient,0.5,256,128,0.00401309635238742,0.0021150156422353942,0.9921875,0.265625,0.0
0804,jpeg_q75,fbcnn_dpir,textured_quartile,image_gradient,0.75,256,192,0.004059878773299771,0.0020726166112043404,0.984375,0.2552083333333333,0.0
0804,jpeg_q75,fbcnn_dpir,textured_quartile,image_gradient,0.9,256,231,0.00415118062281602,0.002082823891490203,0.9826839826839827,0.2683982683982684,0.0
0804,jpeg_q75,fbcnn_dpir,textured_quartile,image_gradient,1.0,256,256,0.0042403544108321235,0.0021062436687375257,0.984375,0.2890625,0.0
0804,jpeg_q75,fbcnn_dpir,textured_quartile,random_expected,0.5,256,128,0.0042403544108321235,0.0021062436687375257,0.984375,0.2890625,0.0
0804,jpeg_q75,fbcnn_dpir,textured_quartile,random_expected,0.75,256,192,0.0042403544108321235,0.0021062436687375257,0.984375,0.2890625,0.0
0804,jpeg_q75,fbcnn_dpir,textured_quartile,random_expected,0.9,256,231,0.0042403544108321235,0.0021062436687375257,0.984375,0.2890625,0.0
0804,jpeg_q75,fbcnn_dpir,textured_quartile,random_expected,1.0,256,256,0.0042403544108321235,0.0021062436687375257,0.984375,0.2890625,0.0
0804,jpeg_q75,fbcnn_dpir,textured_quartile,oracle_detail_error,0.5,256,128,0.002945729474414161,0.0013712761165506938,0.96875,0.0,0.0
0804,jpeg_q75,fbcnn_dpir,textured_quartile,oracle_detail_error,0.75,256,192,0.0034353150949997346,0.0016654392619961135,0.9791666666666666,0.052083333333333336,0.0
0804,jpeg_q75,fbcnn_dpir,textured_quartile,oracle_detail_error,0.9,256,231,0.0038205343705323847,0.0018774941812849592,0.9826839826839827,0.21212121212121213,0.0
0804,jpeg_q75,fbcnn_dpir,textured_quartile,oracle_detail_error,1.0,256,256,0.0042403544108321235,0.0021062436687375257,0.984375,0.2890625,0.0
